net,length_um
_03841_,1121.34
net45,821.875
net46,817.76
_03733_,792.33
clknet_0_i_clk,771.45
_03811_,728.13
_03835_,710.9
_03814_,689.14
net38,685.94
_03832_,680.94
net22,659.91
_04570_,657.24
_04572_,645.22
_03750_,631.32
_03863_,630.81
_06741_,628.75
_04576_,623.96
_03776_,615.34
_04568_,612.56
_08658_,607.87
_03817_,607.63
_06743_,593.14
net44,591.19
net39,588.9
_04566_,588.05
_06731_,585.065
net37,584.57
_06747_,584.42
net12,581.8
_06753_,578.92
net52,577.84
_04580_,574.13
_06745_,572.21
net31,567.98
_04396_,558.68
_06755_,554.34
net43,549.28
_02972_,546.9
net47,546.89
net25,543.66
_06762_,541.31
net14,534.565
_04539_,533.12
_04393_,533.01
net42,532.95
_03796_,531.8
_03753_,530.14
net32,528.055
_02974_,524.9
net64,523.73
net3,521.77
_04562_,517.2
_04558_,517
_09022_,514.48
net18,513.2
clknet_4_7__leaf_i_clk,512.89
_04578_,512.57
_02970_,512.52
net53,511.59
_06751_,510.52
net6,508.66
_03226_,508.39
net19,507.88
_04463_,507.69
_06758_,507.3
_04537_,507.225
_02968_,507.04
net41,506.6
_03833_,506.23
_04583_,505.765
_08948_,505.37
_04360_,504.5
_04556_,501.865
net63,501.76
_06733_,500.07
net26,498.11
_04596_,497.92
_02966_,497.27
_03779_,496.04
_04402_,495.91
_04389_,495.03
_04589_,494.35
_04554_,491.56
_03189_,491.24
_03800_,490.66
_04399_,490.15
_04560_,486.54
_03742_,486.24
_06708_,486.165
_02980_,485.65
_06764_,485.4
_03262_,484.49
net65,481.41
_02964_,481.39
_06729_,480.94
net62,480.53
_03298_,480.33
_08701_,479.58
_04408_,477.32
_03821_,477.19
net54,476.43
_03828_,475.9
_06710_,475.66
net51,475.05
clknet_4_0__leaf_i_clk,474.12
_04587_,473.5
_03839_,471.65
clknet_4_2__leaf_i_clk,471.31
_03820_,471.26
_03785_,470.12
_06714_,469.45
_05769_,468.55
_04405_,468.31
_08699_,467.55
_04478_,465.54
_05658_,464.35
_03805_,464.17
_04379_,463.26
_04533_,462.455
_06735_,462.2
_04585_,460.54
_06760_,459.26
_06712_,458.56
_03782_,457.84
_02961_,457.49
_08802_,457.48
net10,457.4
_08707_,455.6
net23,453.35
_03803_,451.71
_04457_,448
_03007_,446.84
net15,446.37
_06737_,445.67
net34,444.605
_08402_,444.41
net60,441.83
clknet_4_12__leaf_i_clk,441.43
_04535_,437.8
_04460_,435.55
_08705_,434.62
_08764_,434.19
_04524_,433.38
net9,430.12
net61,429.95
net20,428.4
_03778_,427.98
_08839_,426.91
net40,426.28
net50,424.13
net36,423.19
_00991_,419.86
clknet_4_3__leaf_i_clk,419.03
_03781_,418.16
net58,417.745
_05633_,417.17
_03831_,417.03
_03793_,416.78
_02976_,416.14
_08703_,412.66
net59,412.36
net29,412.17
net48,411.92
net33,411.05
_04417_,410.92
_04472_,410.53
_08439_,410.15
_03806_,409.28
_04475_,408.8
_03043_,407.89
clknet_4_13__leaf_i_clk,407.26
_08709_,406.35
_05641_,405.635
_03758_,405.26
net17,405.235
_04440_,405.23
_08732_,404.75
_03804_,403.7
_04529_,402.26
_06720_,402.09
_08513_,399.34
_04469_,398.71
_05361_,398.295
net16,397.84
_04431_,396.01
_03747_,395.17
_08134_,395.15
_02940_,391.54
_06697_,391.525
_03838_,391.09
_04428_,390.87
_03764_,390.76
net49,389.52
_06699_,389.16
net8,388.1
_06702_,387.65
_06704_,387.34
_04466_,386.73
_08986_,386.64
_05842_,385.25
_03942_,384.87
_04104_,383.115
_08115_,382.94
_04437_,382.56
_05736_,382.055
_03795_,381.34
clknet_4_6__leaf_i_clk,380.52
i_clk,380.22
clknet_4_15__leaf_i_clk,379.36
_08694_,379.04
_04522_,378.015
net5,377.41
_03812_,377.4
_04411_,376.45
net28,374.915
_03751_,374.46
blkProj14999_7.blk3995_50.rs2_data_o\[1\],373.27
_03787_,372.3
_04517_,370.99
_06688_,369.23
_02989_,368.74
_04425_,367.61
_03761_,365.95
_04421_,365.5
_05927_,365.15
_03786_,364.95
_03819_,364.92
_02947_,363.93
_02987_,363.21
_04527_,362.44
_06692_,362.38
net55,362.3
_04449_,361.61
_05841_,361.43
_08462_,360.64
_05853_,359.655
_03865_,356.26
net21,356.22
net11,356.2
blkProj14999_7.blk3995_50.rs2_data_o\[2\],354
_03739_,352.3
_04509_,352.08
_08644_,351.31
net56,350.4
net35,349.47
_08911_,347.655
_05838_,347.38
_02890_,347.31
clknet_4_1__leaf_i_clk,346.84
_08696_,344.64
_06682_,344.5
_05831_,342.84
_04481_,342.55
_03799_,342.33
_05627_,342.22
_03807_,341.935
_08549_,341.48
_08736_,341.48
blkProj14999_7.blk3995_50.rs2_data_o\[7\],341.32
_03852_,341.23
_04434_,341.13
_08722_,340.9
_05239_,340.65
_04503_,340.63
net4,340.61
_02985_,340.51
_04446_,339.88
_08720_,338.09
_05549_,337.675
_05826_,337.36
_03152_,337.12
_02991_,337.01
_02903_,336.94
clknet_4_5__leaf_i_clk,336.84
_05577_,336.54
_08536_,336.46
_08572_,336.1
_06684_,336.01
_03784_,335.73
_03001_,335.68
_04414_,335.22
_08734_,334.24
_03748_,334.22
_03769_,333.43
_05788_,333.28
_03822_,332.34
_08728_,331.64
_08476_,331.1
_03789_,330.95
_03744_,330.79
_05797_,330.71
_02982_,330.47
_05928_,329.44
_08745_,329.37
_04358_,329.28
clknet_4_10__leaf_i_clk,329.15
_07684_,328.56
_02951_,328.53
_07689_,327.59
_04513_,326.3
_05810_,325.7
_02949_,325.67
_03818_,324.94
_08726_,324.66
_05825_,323.41
_05688_,323.36
_03834_,323.065
clknet_4_4__leaf_i_clk,323.06
blkProj14999_7.blk3995_50.rs2_data_o\[0\],322.215
_04443_,322.17
_05892_,320.805
_07699_,320.565
_08743_,320.32
_04454_,320.315
_03749_,319.3
_06678_,319.29
_03759_,319.22
_02978_,319.18
_02993_,319.18
_06007_,318.76
_05010_,318.69
_08724_,318.25
_05805_,318.14
_03794_,318.055
_05916_,317.74
_05830_,316.74
_08730_,316.23
_05806_,316.06
_07148_,314.02
_06943_,313.72
_04507_,313.645
_02926_,313.24
_01361_,312.91
_02999_,312.9
_05003_,312.86
_07184_,312.7
_05712_,312.31
_05367_,311.64
_02997_,311.47
_03824_,311.01
_05795_,310.83
_08747_,310.11
_04359_,309.77
_07185_,309.55
_07695_,308.84
clknet_4_9__leaf_i_clk,307.87
_03066_,306.39
_04545_,306.33
_08741_,306.33
_05846_,306.25
_05823_,306.18
_03836_,304.4
net57,303.56
_05845_,303.52
_07183_,303.15
_05364_,302.855
_05604_,302.84
_05765_,302.58
_03783_,302.175
_05822_,301.23
_07678_,300.915
_05012_,300.78
_07178_,300.76
_05005_,300.61
_05811_,300.61
_03815_,300.56
_07686_,300.52
_03816_,299.38
_04498_,298.85
_08787_,298.69
net13,297.93
blkProj14999_7.blk3995_50.rs2_data_o\[5\],297.3
net24,297.26
_03334_,297.08
_07202_,296.965
blkProj14999_7.blk3995_50.rs2_data_o\[3\],295.72
_04453_,295.56
_08862_,295.17
_02953_,295.01
clknet_4_8__leaf_i_clk,294.98
_03775_,294.7
_03115_,294.69
_08621_,293.61
_08755_,293.52
_05515_,293.45
_07182_,293.31
_06722_,292.98
_07176_,292.905
_08934_,292.7
_02995_,292.34
_05403_,290.68
_05009_,290.335
_03772_,289.96
_05006_,289.76
_05011_,289.69
_06718_,288.67
_06724_,287.31
_08715_,285.5
_03808_,285.33
_04543_,285.095
_05357_,284.73
_03801_,284.55
_03810_,284.02
_08825_,283.69
_03044_,283.62
_08713_,282.64
clknet_4_14__leaf_i_clk,282.13
_07179_,281.785
_05004_,281
_02945_,280.18
_09009_,280.13
_04549_,279.96
_05400_,279.22
_04547_,278.68
_08717_,278.62
_03798_,278.22
blkProj14999_7.blk3995_50.rs2_data_o\[8\],276.36
_04994_,276.24
_03760_,275.4
_03774_,275.08
_03299_,274.28
_07177_,273.69
_08106_,273.385
_05420_,272.73
_03813_,272.41
clknet_4_11__leaf_i_clk,272.21
_05031_,269.98
_05411_,268.54
_03829_,268.45
_03740_,267.34
_08111_,266.72
_03826_,266.38
_02955_,265.71
_03766_,264.63
_05349_,264.53
_08739_,264.515
_05819_,264.36
_07204_,263.05
_02943_,262.82
_05910_,262.56
_07685_,262.445
_05444_,261.425
_08751_,261.32
net27,261.08
_06344_,260.88
_08711_,260.8
net2,260.195
_05946_,259.88
_08949_,259.83
_07205_,259.74
_04489_,259.72
_07203_,259.08
_07681_,258.92
_03762_,258.06
_03802_,257.94
_05784_,257.35
_05030_,257.07
blkProj14999_7.blk3995_50.rs2_data_o\[14\],257.005
_07943_,255.87
_08128_,255.83
_06325_,255.66
_08129_,255.43
_03790_,255.26
_07197_,255.24
_04577_,254.5
_05941_,254.275
_00470_,253.9
_08749_,253.84
_05029_,253.74
_03768_,252.51
_08102_,252.2
_05032_,250.19
_03735_,249.97
_03746_,249.29
blkProj14999_7.blk3995_50.rs2_data_o\[20\],249.24
_06150_,249.23
_08753_,249.04
_06304_,248.76
_03837_,248.4
_04485_,247.89
_08585_,247.82
_06756_,247.26
blkProj14999_7.blk3995_50.rs2_data_o\[11\],247.075
_05346_,246.825
_07195_,246.435
_05613_,245.18
_03792_,244.64
_05025_,244.01
_05884_,243.9
net7,243.38
_08403_,243.115
_05388_,242.67
_06754_,241.96
_05887_,241.72
_03079_,240.72
_04581_,239.65
_07688_,238.75
_08898_,238.6
_05781_,238.35
_02983_,238.06
_03446_,237.68
_08160_,237.61
_07784_,237.3
_06020_,237.2
_06080_,236.655
_03827_,236.63
_06364_,236.1
_03604_,236.085
_05374_,236.04
_05392_,236
_08840_,235.46
_05728_,235.27
_08681_,235.18
_07198_,234.92
_08875_,234.82
blkProj14999_7.blk3989_105.MULT\[26\],234.75
_06496_,234.64
blkProj14999_7.blk3995_50.rs2_data_o\[15\],234.505
_05473_,234.47
_05370_,234.43
_05962_,233.12
_03845_,232.335
_06903_,232.24
_07169_,232.15
_04579_,231.88
blkProj14999_7.blk3989_105.MULT\[27\],231.65
_00960_,231.38
_07199_,230.88
blkProj14999_7.blk3994_49.rs1_data_o\[0\],230.85
_08477_,230.82
_05023_,230.47
blkProj14999_7.blk3995_50.rs2_data_o\[4\],229.63
blkProj14999_7.blk3995_50.rs2_data_o\[21\],229
_05383_,228
_06752_,227.95
_08759_,227.64
_08313_,227.62
_06260_,227.02
_02957_,226.755
blkProj14999_7.blk3995_50.rs2_data_o\[13\],225.4
_05396_,225.15
_05022_,225.135
_03030_,224.8
_08586_,223.64
_08971_,222.74
_04918_,222.575
_05026_,222.06
_03738_,221.97
_05334_,221.955
blkProj14999_7.blk3995_50.rs2_data_o\[12\],221.755
_05585_,220.85
_04390_,220.76
_05705_,220.72
_05790_,220.59
_06362_,220.56
_05035_,220.485
_06923_,220.385
_03741_,219.385
_07196_,219.275
_05780_,218.705
_03695_,218.5
_04781_,218.43
_05394_,218.06
blkProj14999_7.blk3989_105.MULT\[30\],217.47
_06417_,217.32
_02959_,217.06
_03878_,216.77
_03877_,216.74
_05024_,216.6
_03190_,216.36
_07149_,216.32
_04487_,216.18
blkProj14999_7.blk3989_105.MULT\[29\],216.01
_06725_,215.435
_05340_,215.39
_08286_,215.36
net30,215.24
_03445_,215.235
_05856_,214.99
blkProj14999_7.blk3995_50.rs2_data_o\[6\],214.76
blkProj14999_7.blk3995_50.rs2_data_o\[19\],214.73
_04546_,213.85
_04956_,213.4
_03694_,213.31
_03780_,213.02
_08876_,212.92
_04025_,212.82
_03370_,212.68
_05378_,212.41
_03864_,211.74
_08137_,211.7
_06721_,211.06
_03918_,211.01
_05448_,210.78
_06379_,210.72
_05275_,210.48
_06605_,210.46
_03797_,210.34
_08757_,210.25
_08550_,209.47
_07677_,209.1
_03765_,208.47
_07090_,208.26
_07168_,208.225
_03008_,208.22
blkProj14999_7.blk3989_105.MULT\[28\],208.11
_05620_,208.09
_07071_,207.95
_08499_,207.85
_07752_,207.48
_05972_,207.355
_05599_,207.04
_02939_,207.01
_08425_,206.79
_06186_,206.7
_04899_,206.27
blkProj14999_7.blk3995_50.rs2_data_o\[23\],205.88
_04975_,205.64
_04544_,205.505
_04996_,204.52
_04937_,203.915
_04584_,203.75
_05047_,203.66
_03846_,203.44
_07210_,203.16
blkProj14999_7.blk3995_50.rs2_data_o\[18\],202.68
_06719_,202.65
_05343_,202.58
_03777_,201.98
_03843_,201.325
_04597_,201.285
_05816_,200.83
_06469_,200.64
_08697_,200.52
_03941_,200.45
_05864_,199.98
_06723_,199.57
_06235_,199.34
_03825_,199.3
_07128_,198.99
_07913_,198.91
_06444_,198.78
_04550_,198.64
_04880_,198.64
_06734_,198.54
_06761_,198.5
_02915_,198.28
_04343_,198.26
_04555_,198.13
blkProj14999_7.blk3995_50.rs2_data_o\[22\],198.11
_03856_,197.89
_04376_,197.88
_03442_,197.58
_05036_,197
_05608_,196.72
_05793_,196.7
_08100_,196.365
_06759_,195.92
_04557_,195.785
_04548_,195.78
_06679_,195.58
_05625_,195.57
_04436_,195.44
_07188_,195.095
_05016_,194.65
_08608_,194.6
_06550_,194.05
_05431_,193.38
_04110_,193.25
_04586_,193.21
_07109_,192.86
_05583_,192.45
_03938_,192.34
_05284_,192.165
_05015_,192.045
_05789_,191.8
_03201_,191.38
_08987_,190.52
_08923_,190.46
_07951_,190.34
_03335_,189.92
_04559_,189.68
_06569_,189.17
_03763_,189.11
_00651_,188.82
net552,188.76
_08633_,188.61
_06436_,187.95
_07719_,187.93
_03227_,187.68
_05484_,187.53
_04118_,187.285
_06730_,187.12
_03003_,186.9
_03754_,186.5
_08271_,186.5
_05269_,186.36
_06398_,186
_07209_,185.325
_05852_,185.22
_05037_,184.97
_03770_,184.94
_04590_,184.415
_05561_,184.29
_03871_,184.22
_03736_,183.99
_07892_,183.04
_03737_,182.78
_07897_,182.66
_05488_,182.51
_04504_,182.37
_06065_,182.31
_07189_,182.26
_05337_,182.18
_04108_,182.165
_06471_,182.04
_05871_,181.83
_04439_,181.66
_05018_,181.615
_03940_,181.31
_08125_,181.24
_04861_,181.22
_05041_,181.04
_06732_,180.98
_05799_,180.77
_04430_,180.18
_03440_,180.075
_08738_,179.06
_03263_,178.6
_04433_,178.34
_06736_,178.14
blkProj14999_7.blk3995_50.rs2_data_o\[25\],178.09
_04141_,177.96
_03249_,177.755
_06587_,177.72
_04823_,177.7
_00501_,176.95
_03285_,176.74
_06399_,176.69
_05863_,176.45
_04780_,176.34
_04355_,176.23
_04563_,176.22
_07208_,176.17
_03745_,176
net77,175.67
net93,175.64
_04561_,175.53
net83,175.495
_04523_,174.855
_08622_,174.835
_07908_,174.8
_06763_,174.61
_05833_,174.46
_06414_,174.26
blkProj14999_7.blk3995_50.rs2_data_o\[24\],174.09
blkProj14999_7.blk3995_50.rs2_data_o\[17\],173.89
_05746_,173.34
_05273_,173.295
_06738_,173.23
_06765_,173.03
_00171_,172.98
_08440_,172
_05380_,171.95
_04422_,171.9
_06534_,171.58
_06081_,171.32
_03767_,171.04
_05768_,170.81
_06954_,170.805
_06515_,170.68
_03212_,170.66
_05017_,170.6
_03080_,170.46
_05745_,170.42
_05321_,170.235
blkProj14999_7.blk3995_50.rs2_data_o\[10\],170.04
_03771_,169.9
_03743_,169.85
_04491_,169.82
_03393_,169.76
_08670_,169.66
_03873_,169.2
_02904_,168.78
_05442_,168.72
_04778_,168.285
_03116_,168.24
_05533_,167.98
_03321_,167.97
_06449_,167.6
_04534_,167.575
_04842_,167.12
_04407_,166.95
_06953_,166.82
blkProj14999_7.blk3989_105.MULT\[19\],166.8
_04022_,166.7
net74,166.62
_08803_,166.26
_07052_,166.25
_05704_,166.1
_04588_,165.96
_05594_,165.88
_04442_,165.53
blkProj14523_5.blk4197_44.state\[4\],165.31
_05475_,165.26
_07870_,164.92
_05289_,164.86
net80,164.74
_04165_,164.51
_06454_,164.2
_04420_,164.08
_04445_,164.02
_04051_,164.01
_05042_,163.88
_08912_,163.58
net70,163.18
_03823_,163.08
_08718_,162.98
_06516_,162.68
_08514_,162.66
_06251_,162.245
_03791_,162.16
_02941_,162.14
_08561_,162.06
net88,161.95
_05324_,161.74
_05687_,161.65
_04026_,161.62
_06503_,161.46
_06052_,161.27
_05567_,161.07
_06951_,161.065
_04038_,160.96
_04779_,160.96
_03464_,160.55
_05040_,160.28
_06014_,160.1
_05938_,159.96
_04528_,159.82
_03757_,159.015
_05717_,158.68
_05371_,158.62
_08851_,158.62
blkProj14999_7.blkProj14963_55.blk1779_46.A\[6\],158.58
blkProj14999_7.blk3995_50.rs2_data_o\[27\],158.31
_07803_,158.2
_04530_,158.19
_03164_,158.16
_06703_,158.12
_05500_,158.04
_05619_,157.74
_06884_,157.5
_05969_,157.495
_05548_,157.38
_05456_,157.14
_03849_,156.97
_05665_,156.95
_06698_,156.92
_03127_,156.88
_05677_,156.82
_06715_,156.7
_06486_,156.65
_03895_,156.64
_07214_,156.63
_03874_,156.62
_05039_,156.535
_07905_,156.29
_07033_,156.28
_08887_,156.2
_04525_,156.13
_07170_,156.125
_07215_,155.86
_05272_,155.7
_07171_,155.63
_08293_,155.36
_04536_,155.34
_06776_,155.14
_03091_,154.94
_03936_,154.64
blkProj14999_7.blk3994_49.rs1_data_o\[9\],154.44
_03809_,154.36
_05950_,154.23
blkProj14999_7.blk3995_50.rs2_data_o\[30\],154.18
_03102_,154.05
blkProj14999_7.blk3994_49.rs1_data_o\[5\],153.82
_04023_,153.78
_08776_,153.625
blkProj14999_7.blk3994_49.rs1_data_o\[6\],153.56
_06742_,153.5
_07213_,153.31
_07748_,152.88
_03310_,152.835
blkProj14999_7.blk3994_49.rs1_data_o\[4\],152.54
_06748_,152.44
blkProj14999_7.blk3994_49.rs1_data_o\[10\],152.42
_06865_,152.36
net82,152.04
_05461_,151.98
_09023_,151.92
_06006_,151.7
_04567_,151.525
blkProj14999_7.blk3995_50.rs2_data_o\[9\],151.325
_08121_,151.18
_03755_,151.115
_06711_,150.92
_05313_,150.88
_05945_,150.88
_04448_,150.86
clknet_leaf_171_i_clk,150.78
blkProj14999_7.blk3994_49.rs1_data_o\[11\],150.68
_00790_,150.55
_04106_,149.58
_04538_,149.52
blkProj14999_7.blk3995_50.rs2_data_o\[26\],149.46
_06518_,149.33
_06683_,149.325
_04345_,149.26
blkProj14999_7.blkProj14991_42.blk3979_4.accum\[42\],149.18
_04103_,149
_06746_,148.65
_03005_,148.46
_08309_,148.44
_07893_,148.22
_06978_,148
_05696_,147.81
_08199_,147.66
_05375_,147.6
_03894_,147.54
_05918_,147.215
_04037_,147.02
_07212_,147.02
_06394_,146.9
_05542_,146.885
_05510_,146.34
_08597_,146.28
blkProj14999_7.blkProj14991_42.blk3979_4.accum\[43\],146.12
_05854_,145.78
_04024_,145.76
_08159_,145.21
blkProj14999_7.blkProj14963_55.blk1779_46.A\[3\],145.21
_06709_,145.1
net71,145.025
_06019_,144.96
_06952_,144.96
blkProj14999_7.blk3995_50.rs2_data_o\[16\],144.8
_04569_,144.76
_08765_,144.76
_06744_,144.58
_06018_,144.24
_06685_,144.21
_07191_,144.15
_05922_,144.09
_00000_,143.86
_06700_,143.59
_04416_,143.4
_05907_,143.34
_06705_,143.24
blkProj14999_7.blkProj14963_55.blk1779_46.A\[2\],143.11
_04382_,142.8
blkProj14999_7.blk3995_50.rs2_data_o\[28\],142.26
_04168_,142.18
clknet_leaf_81_i_clk,141.92
_06904_,141.845
blkProj14999_7.blk3995_50.rs2_data_o\[31\],141.84
_03673_,141.73
_08998_,141.6
_04518_,141.42
_04573_,141.38
_07190_,141.255
_04995_,140.92
_08303_,140.8
_08310_,140.795
_06672_,140.62
_05417_,140.32
_05291_,140.31
_04203_,139.85
_06713_,139.55
_05331_,139.37
blkProj14999_7.blkProj14991_42.blk3979_4.accum\[44\],139.2
blkProj14999_7.blk3995_50.rs2_data_o\[29\],138.97
_04183_,138.94
clknet_leaf_23_i_clk,138.52
_07809_,138.18
_05785_,138.1
_06995_,137.76
_03875_,137.62
_04514_,137.51
_01300_,137.47
_04052_,137.36
_03861_,137.14
_06827_,136.66
_07051_,136.38
_05900_,136.17
_00971_,135.96
clknet_3_4_0_i_clk,135.84
_04540_,135.81
_05881_,135.74
clknet_leaf_158_i_clk,135.42
_04508_,135.405
_04798_,135.3
_06957_,134.935
_07390_,134.92
_04510_,134.78
_06689_,134.66
_04377_,134.53
_03937_,134.47
_03851_,134.24
_08138_,134.24
_07888_,133.82
_03990_,133.76
_04192_,133.7
_00331_,133.51
_05535_,133.5
clknet_3_0_0_i_clk,133.12
_03700_,132.995
_05858_,132.86
_05325_,132.8
_04346_,132.72
blkProj14999_7.blk3994_49.rs1_data_o\[7\],132.62
_03951_,132.46
_06963_,132.44
_08659_,132.38
blkProj14999_7.blk3994_49.rs1_data_o\[3\],132.37
blkProj14999_7.blkProj14991_42.blk3979_4.accum\[38\],132.28
clknet_3_2_0_i_clk,132.05
_03274_,132.02
_04936_,131.96
_06990_,131.68
_03967_,131.59
_03153_,131.54
blkProj14999_7.blk3994_49.rs1_data_o\[12\],131.52
_03866_,131.42
_03138_,131.34
_03019_,131.14
_05985_,131
clknet_leaf_95_i_clk,130.88
clknet_3_6_0_i_clk,130.77
_03371_,130.76
_04459_,130.74
_04879_,130.7
_07622_,130.58
_05482_,130.45
_08136_,130.37
_04816_,130.33
_04997_,130.22
_04013_,130.18
_04094_,130.12
blkProj14999_7.blkProj14991_42.blk3979_4.accum\[39\],130.12
_08200_,129.9
_06054_,129.83
_03840_,129.74
_04571_,129.72
_03976_,129.62
_07014_,129.57
_08185_,129.48
_05487_,129.15
_06958_,129.1
blkProj14999_7.blk3994_49.rs1_data_o\[8\],128.96
_05490_,128.885
_06717_,128.88
_04604_,128.8
blkProj14999_7.blkProj14991_42.blk3979_4.accum\[41\],128.74
clknet_leaf_143_i_clk,128.68
_05568_,128.66
_08133_,128.5
_06795_,128.48
_04085_,128.3
_04159_,128.25
_08318_,128.1
_04773_,127.7
_03844_,127.63
_08525_,127.62
_05737_,127.6
_05414_,127.16
blkProj14999_7.blk3989_105.MULT\[31\],127.12
blkProj14999_7.blk3994_49.rs1_data_o\[2\],127.12
clknet_leaf_183_i_clk,127.08
_05415_,127.07
blkProj14999_7.blkProj14991_42.blk3979_4.accum\[45\],127.07
_06947_,126.96
_04817_,126.9
_03598_,126.86
_08814_,126.625
_04799_,126.52
_04413_,126.26
net85,126.13
_05576_,126.08
_03842_,125.76
_04067_,125.76
_04499_,125.76
_04661_,125.68
_04775_,125.68
_05264_,125.58
_08451_,125.54
clknet_leaf_51_i_clk,125.18
_08126_,125.14
_08306_,124.86
_03055_,124.75
clknet_leaf_33_i_clk,124.695
clknet_leaf_55_i_clk,124.6
clknet_leaf_132_i_clk,124.56
_05270_,124.42
_04805_,124.31
_05328_,124.01
_05238_,123.86
_05872_,123.12
blkProj14999_7.blkProj14963_55.blk1779_46.A\[7\],123.12
_04790_,123.03
blkProj14999_7.blkProj14963_55.blk1779_46.A\[4\],123
_06665_,122.98
_05743_,122.87
_05240_,122.78
_02879_,122.695
_03357_,122.66
clknet_leaf_164_i_clk,122.62
_03862_,122.41
_04623_,122.36
_04731_,122.3
_05878_,122.21
clknet_leaf_49_i_clk,122.16
_06693_,122.155
_05483_,122.01
blkProj14999_7.blk3989_105.MULT\[22\],121.86
_06988_,121.74
_00511_,121.65
_06924_,121.6
_04122_,121.56
_04810_,121.52
_05812_,121.48
clknet_leaf_84_i_clk,121.44
_05783_,121.29
clknet_leaf_69_i_clk,121.2
_05046_,121.14
_05800_,121.12
_04804_,120.97
_08414_,120.95
_06979_,120.94
_04772_,120.925
_08960_,120.72
_06378_,120.61
_03920_,120.49
_06814_,120.4
_04785_,120.24
_04456_,120.2
clknet_leaf_20_i_clk,120.2
_03175_,120.17
_07279_,119.94
_04791_,119.9
_00181_,119.83
_06833_,119.6
_05293_,119.47
_05735_,119.44
_05837_,119.4
_05463_,119.18
_04054_,119.16
_06980_,119.15
blkProj14999_7.blkProj14991_42.blk3979_4.accum\[46\],119.09
_07108_,119.04
net553,118.8
_04642_,118.78
_06250_,118.685
_06971_,118.445
_06808_,118.3
_04784_,118.195
_03830_,118.16
_04542_,118.06
clknet_leaf_68_i_clk,118.02
_06238_,117.98
_04807_,117.92
_05408_,117.74
_08488_,117.66
clknet_leaf_9_i_clk,117.64
blkProj14999_7.blkProj14991_42.blk3979_4.accum\[40\],117.6
_06972_,117.5
clknet_leaf_120_i_clk,117.22
_00341_,117.15
_04774_,117.02
_06946_,116.94
_07528_,116.88
net69,116.88
_03939_,116.87
_04452_,116.67
_08314_,116.6
_06987_,116.56
_04815_,116.51
net78,116.48
_06989_,116.47
clknet_leaf_161_i_clk,116.155
_04998_,116.12
_05905_,115.87
clknet_leaf_149_i_clk,115.8
blkProj14999_7.blkProj14963_55.blk1779_46.A\[1\],115.68
_03977_,115.56
blkProj14999_7.blkProj14991_42.blk3979_4.accum\[36\],115.52
_04898_,115.48
_08761_,115.47
_07409_,115.18
_06964_,115.16
_02962_,115.06
_04806_,115.05
_04146_,115.04
_06974_,115.04
_03898_,114.96
_05820_,114.955
_06347_,114.865
clknet_leaf_184_i_clk,114.7
_05282_,114.52
_08135_,114.44
_04814_,114.41
_04123_,114.33
_05514_,114.3
_03896_,114.19
blkProj14999_7.blkProj14963_55.blk1779_46.A\[25\],114.12
_05624_,114.06
_04053_,114.04
_06977_,113.795
_03934_,113.74
_03853_,113.7
_07013_,113.56
clknet_leaf_74_i_clk,113.555
_07070_,113.44
_04076_,113.38
_07625_,113.16
_04039_,113.1
_04217_,113.075
blkProj14999_7.blk3994_49.rs1_data_o\[20\],112.81
_04800_,112.78
clknet_leaf_155_i_clk,112.7
_05835_,112.61
_06283_,112.57
_03944_,112.52
blkProj14999_7.blkProj14991_42.blk3979_4.multiplicand\[48\],112.48
_06439_,112.42
_03773_,112.22
_05706_,112.1
_05808_,112
_03674_,111.72
_07371_,111.66
_04205_,111.465
_04841_,111.4
_03752_,111.28
_05817_,111.28
net460,111.08
_06945_,110.99
_05268_,110.98
clknet_leaf_160_i_clk,110.96
clknet_leaf_166_i_clk,110.82
_07260_,110.78
clknet_leaf_18_i_clk,110.72
clknet_leaf_126_i_clk,110.7
blkProj14999_7.blk3994_49.rs1_data_o\[13\],110.64
clknet_leaf_136_i_clk,110.54
_05262_,110.44
blkProj14999_7.blkProj14991_42.blk3979_4.accum\[10\],110.4
_05462_,110.355
_04357_,110.22
_06948_,110.2
_07032_,110.18
_06434_,110.16
_04278_,109.94
_03854_,109.69
_03928_,109.64
clknet_leaf_153_i_clk,109.6
_04811_,109.58
_05782_,109.54
_00150_,109.42
clknet_leaf_107_i_clk,109.34
_04860_,109.12
_07276_,109.06
_03382_,108.98
_04917_,108.98
net413,108.92
blkProj14999_7.blkProj14963_55.blk1779_46.A\[0\],108.74
_06944_,108.72
blkProj14999_7.blkProj14991_42.blk3979_4.accum\[37\],108.7
blkProj14999_7.blk3994_49.rs1_data_o\[15\],108.58
blkProj14999_7.blkProj14963_55.blk1779_46.A\[9\],108.5
clknet_leaf_52_i_clk,108.36
_04040_,108.34
_04977_,108.34
clknet_leaf_64_i_clk,108.335
clknet_3_5_0_i_clk,108.27
_03916_,108.24
clknet_leaf_13_i_clk,108.2
_04634_,108
_06846_,108
clknet_leaf_138_i_clk,107.95
clknet_3_1_0_i_clk,107.88
_04999_,107.795
clknet_leaf_39_i_clk,107.715
_06973_,107.575
_05000_,107.49
_00160_,107.36
clknet_leaf_165_i_clk,107.32
blkProj14999_7.blkProj14991_42.blk3979_4.accum\[35\],107.28
clknet_3_7_0_i_clk,106.9
_05069_,106.84
_05802_,106.76
_07089_,106.76
_04344_,106.62
_04812_,106.6
_04465_,106.42
_04654_,106.38
_07129_,106.33
_06983_,106.22
net73,105.95
_04155_,105.87
_07947_,105.86
_06750_,105.84
clknet_leaf_67_i_clk,105.72
blkProj14999_7.blk4000_70.o_Data\[24\],105.7
_05218_,105.44
_05199_,105.4
_04490_,105.37
clknet_leaf_141_i_clk,105.26
_06994_,105.06
_04821_,105
blkProj14999_7.blkProj14991_42.blk3979_4.accum\[47\],104.9
_04424_,104.74
_07219_,104.38
clknet_leaf_0_i_clk,104.36
_03847_,104.24
clknet_leaf_125_i_clk,104.21
clknet_leaf_90_i_clk,104.2
clknet_leaf_73_i_clk,104.1
_05267_,104.04
blkProj14999_7.blk3994_49.rs1_data_o\[14\],104.02
_05926_,103.92
_04769_,103.89
_06806_,103.88
_04117_,103.82
_05778_,103.74
_04958_,103.72
blkProj14999_7.blk4000_70.o_Data\[23\],103.715
clknet_leaf_59_i_clk,103.55
_04822_,103.52
clknet_leaf_168_i_clk,103.32
_03547_,102.96
clknet_leaf_179_i_clk,102.74
clknet_leaf_150_i_clk,102.68
_03505_,102.56
clknet_leaf_86_i_clk,102.54
_05460_,102.32
_04304_,102.245
_06464_,102.16
blkProj14999_7.blkProj14991_42.blk3979_4.accum\[11\],102.16
_03756_,102.1
_03447_,101.87
clknet_leaf_169_i_clk,101.82
_03922_,101.64
blkProj14999_7.blkProj14963_55.blk1779_46.A\[18\],101.59
_05949_,101.55
_04111_,101.305
blkProj14999_7.blkProj14963_55.blk1779_46.A\[24\],101.23
blkProj14999_7.blkProj14963_55.blk1779_46.A\[5\],101.2
_05861_,101.035
_07531_,100.98
_04771_,100.92
_08327_,100.895
_03855_,100.7
_04218_,100.655
clknet_3_3_0_i_clk,100.62
_00981_,100.55
_06984_,100.55
_04594_,100.5
_00950_,100.49
_04797_,100.42
net452,100.34
_04385_,100.02
_04993_,99.98
clknet_leaf_37_i_clk,99.96
_05521_,99.955
_04575_,99.8
_07167_,99.7
net440,99.62
_06437_,99.56
blkProj14999_7.blk3989_105.MULT\[25\],99.54
_06970_,99.415
_07241_,99.17
clknet_leaf_130_i_clk,99.17
blkProj14999_7.blkProj14963_55.blk1779_46.A\[13\],99.025
clknet_leaf_62_i_clk,98.98
_07151_,98.84
clknet_leaf_41_i_clk,98.8
_04410_,98.78
_06966_,98.55
_03947_,98.3
_07314_,98.3
_04398_,98.16
_03848_,98.14
_06236_,98.12
_05908_,98.1
_06985_,97.89
_04164_,97.76
_05776_,97.68
clknet_leaf_157_i_clk,97.68
_06852_,97.6
_05088_,97.47
_06928_,97.46
clknet_leaf_56_i_clk,97.44
_04119_,97.3
_04177_,97.3
_07683_,97.3
_04801_,97.29
blkProj14999_7.blkProj14991_42.blk3979_4.accum\[59\],97.26
_06769_,97.22
clknet_leaf_151_i_clk,97.18
clknet_leaf_40_i_clk,97.16
_05486_,96.94
_03788_,96.87
_07173_,96.81
_07238_,96.78
_07984_,96.78
_05840_,96.45
_05877_,96.42
_04113_,96.3
_08321_,96.22
_03238_,96.21
_05977_,96.1
clknet_leaf_91_i_clk,96.04
_04451_,95.92
_08397_,95.72
_03565_,95.425
_07131_,95.38
_04202_,94.96
clknet_leaf_32_i_clk,94.96
_07127_,94.82
_04621_,94.78
clknet_leaf_60_i_clk,94.76
clknet_leaf_102_i_clk,94.46
_07172_,94.42
_07682_,94.3
clknet_leaf_44_i_clk,94.22
_05358_,94.16
_08229_,94.08
clknet_leaf_154_i_clk,94.08
_04763_,93.92
_04161_,93.855
blkProj14999_7.blk3989_105.MULT\[24\],93.8
_05104_,93.72
blkProj14999_7.blk2116_47.r_Registers\[30\]\[31\],93.72
_04334_,93.68
clknet_leaf_106_i_clk,93.58
clknet_leaf_145_i_clk,93.46
clknet_leaf_57_i_clk,93.4
_06829_,93.26
_05909_,93.215
_05142_,93.2
_07016_,93.07
_06787_,93.05
_03930_,93.04
_04657_,92.86
_06789_,92.68
_04770_,92.66
_04615_,92.56
_07111_,92.5
clknet_leaf_6_i_clk,92.44
_07317_,92.42
_05354_,92.41
blkProj14999_7.blkProj14991_42.blk3979_4.accum\[13\],92.36
_06802_,92.34
_06793_,92.24
clknet_leaf_3_i_clk,92.16
net90,92.06
_05161_,92.04
clknet_leaf_65_i_clk,92.04
_08120_,92
_07257_,91.72
_06917_,91.49
_05145_,91.38
clknet_leaf_34_i_clk,91.38
_05180_,91.32
_06707_,91.3
_06937_,91.26
_06098_,91.2
blkProj14999_7.blk3994_49.rs1_data_o\[16\],91.08
_04786_,90.9
_04496_,90.8
_06662_,90.71
_07336_,90.67
_07359_,90.67
_04754_,90.62
clknet_leaf_85_i_clk,90.6
_05066_,90.36
blkProj14999_7.blkProj14991_42.blk3979_4.accum\[0\],90.235
blkProj14999_7.blkProj14991_42.blk3979_4.multiplier\[1\],90.2
_03346_,90.11
_08300_,90.02
_04792_,89.82
clknet_leaf_75_i_clk,89.82
clknet_leaf_71_i_clk,89.78
_03667_,89.64
clknet_leaf_24_i_clk,89.56
_06960_,89.54
_03926_,89.5
_07333_,89.42
_06177_,89.16
_05851_,88.96
_05502_,88.92
_05107_,88.9
_06484_,88.88
clknet_leaf_170_i_clk,88.82
blkProj14999_7.blkProj14991_42.blk3979_4.accum\[34\],88.75
_04143_,88.72
_03993_,88.66
_07147_,88.46
_04939_,88.44
_04216_,88.4
_05450_,88.36
_07298_,88.32
_04532_,88.28
clknet_leaf_17_i_clk,88.275
clknet_leaf_43_i_clk,88.14
_05421_,88.02
_04793_,87.93
_04974_,87.92
_08243_,87.8
_08226_,87.675
clknet_leaf_146_i_clk,87.58
_03550_,87.515
_04386_,87.4
_06632_,87.4
net87,87.4
_03473_,87.38
blkProj14999_7.blkProj14991_42.blk3979_4.accum\[14\],87.26
blkProj14999_7.blkProj14963_55.blk1779_46.A\[14\],87.23
_04427_,86.84
_06871_,86.8
_05085_,86.78
_04630_,86.72
_04750_,86.68
clknet_leaf_14_i_clk,86.68
_06631_,86.58
_03860_,86.54
_03450_,86.51
_03451_,86.45
_06791_,86.32
_05277_,86.31
_05102_,86.06
_05123_,86.06
clknet_leaf_156_i_clk,85.835
blkProj14999_7.blkProj14991_42.blk3979_4.accum\[9\],85.78
_04172_,85.565
_06783_,85.56
_04636_,85.5
_04680_,85.5
_03850_,85.48
_04401_,85.455
_04825_,85.44
_07274_,85.36
clknet_leaf_5_i_clk,85.36
_06509_,85.18
clknet_leaf_35_i_clk,85.18
blkProj14999_7.blkProj14963_55.blk1779_46.A\[15\],85.12
clknet_leaf_87_i_clk,85.06
_05164_,85.02
blkProj14999_7.blkProj14991_42.blk3979_4.multiplicand\[49\],84.86
clknet_leaf_185_i_clk,84.74
_04787_,84.72
_04863_,84.68
_05390_,84.64
clknet_leaf_137_i_clk,84.64
clknet_leaf_103_i_clk,84.62
_04840_,84.43
blkProj14999_7.blk4000_70.o_Data\[26\],84.36
_07938_,84.355
_05300_,84.32
_06965_,84.3
_05278_,84.275
_04737_,84.24
_04844_,84.2
clknet_leaf_79_i_clk,83.885
_05183_,83.76
_07295_,83.68
_07352_,83.68
_05971_,83.57
blkProj14999_7.blkProj14991_42.blk3979_4.accum\[32\],83.54
_04137_,83.48
net226,83.48
_06337_,83.44
blkProj14999_7.blkProj14991_42.blk3979_4.accum\[22\],83.44
_06959_,83.42
blkProj14999_7.blk2116_47.r_Registers\[10\]\[11\],83.28
_05890_,83.18
_06864_,82.96
clknet_leaf_47_i_clk,82.88
clknet_leaf_4_i_clk,82.83
clknet_leaf_89_i_clk,82.82
clknet_leaf_176_i_clk,82.78
_03599_,82.68
_03460_,82.62
clknet_leaf_83_i_clk,82.6
blkProj14999_7.blkProj14991_42.blk3979_4.accum\[16\],82.56
_04494_,82.53
_05187_,82.46
_05770_,82.435
_04322_,82.34
clknet_leaf_123_i_clk,82.34
_05294_,82.335
_06770_,82.3
_04361_,82.23
clknet_leaf_163_i_clk,82.2
_06848_,82.16
_04483_,82.14
_05352_,81.98
_04744_,81.96
_06249_,81.9
_04619_,81.66
_05126_,81.56
blkProj14999_7.blk2116_47.r_Registers\[21\]\[18\],81.52
clknet_leaf_22_i_clk,81.5
clknet_leaf_11_i_clk,81.48
_03443_,81.31
_07996_,81.26
_06546_,81.24
blkProj14999_7.blkProj14963_55.blk1779_46.A\[12\],81.03
clknet_leaf_167_i_clk,81.025
_03999_,81.02
_06845_,81.02
_05422_,81
_07296_,80.96
_06671_,80.82
_03924_,80.78
_03857_,80.68
_04468_,80.56
blkProj14999_7.blk4000_70.o_Data\[30\],80.46
_04462_,80.28
_06826_,80.18
_04692_,80.12
_03963_,79.94
_04955_,79.92
blkProj14999_7.blk3994_49.rs1_data_o\[18\],79.87
blkProj14999_7.blkProj14963_55.blk1779_46.A\[28\],79.86
blkProj14999_7.blk4000_70.o_Data\[22\],79.675
_04363_,79.64
_04768_,79.6
_08329_,79.58
_07277_,79.44
blkProj14999_7.blkProj14991_42.blk3979_4.accum\[8\],79.42
_05351_,79.175
_06459_,78.95
_07035_,78.9
_05868_,78.72
_03900_,78.62
blkProj14999_7.blkProj14991_42.blk3979_4.accum\[33\],78.61
_08158_,78.54
clknet_leaf_26_i_clk,78.52
_04331_,78.32
_04204_,78.3
blkProj14999_7.blkProj14991_42.blk3979_4.multiplicand\[16\],78.19
_04480_,78.06
_04283_,78.04
blkProj14999_7.blkProj14991_42.blk3979_4.accum\[17\],78.02
clknet_leaf_46_i_clk,78
clknet_leaf_115_i_clk,77.94
_04298_,77.92
_04695_,77.88
clknet_leaf_144_i_clk,77.88
_06890_,77.74
clknet_leaf_175_i_clk,77.72
_05639_,77.56
_04269_,77.44
_05939_,77.31
_08350_,77.12
_08063_,77.06
_07222_,77.04
_03932_,76.94
_03475_,76.92
clknet_leaf_98_i_clk,76.92
_04105_,76.895
clknet_leaf_15_i_clk,76.77
_04676_,76.64
blkProj14999_7.blk3997_110.PC\[10\],76.36
_04699_,76.28
_08017_,76.24
clknet_leaf_80_i_clk,76.005
net313,75.98
_03570_,75.92
blkProj14999_7.blk2116_47.r_Registers\[1\]\[24\],75.92
clknet_leaf_110_i_clk,75.92
_05427_,75.9
_04673_,75.77
_08081_,75.68
_04611_,75.66
_06028_,75.65
blkProj14999_7.blkProj14991_42.blk3979_4.multiplicand\[50\],75.59
_05509_,75.52
_04486_,75.24
blkProj14999_7.blkProj14991_42.blk3979_4.accum\[54\],75.22
clknet_leaf_119_i_clk,75.2
clknet_leaf_45_i_clk,75.19
_05479_,75.14
_04356_,75.035
clknet_leaf_121_i_clk,75
_04395_,74.78
clknet_leaf_63_i_clk,74.68
_08343_,74.6
_06126_,74.54
clknet_leaf_66_i_clk,74.54
_07896_,74.34
_08393_,74.34
blkProj14999_7.blk2116_47.r_Registers\[0\]\[31\],74.3
blkProj14999_7.blkProj14963_55.blk1779_46.A\[19\],74.28
_05578_,74.18
_06638_,74.18
_04749_,74.04
_08294_,74.02
blkProj14999_7.blkProj14991_42.blk3979_4.accum\[55\],73.99
clknet_leaf_21_i_clk,73.97
_06950_,73.96
blkProj14999_7.blkProj14963_55.blk1779_46.A\[26\],73.92
_06687_,73.9
_08387_,73.86
_06531_,73.81
blkProj14999_7.blkProj14991_42.blk3979_4.accum\[60\],73.76
_05469_,73.74
clknet_leaf_177_i_clk,73.7
_08132_,73.66
blkProj14999_7.blkProj14991_42.blk3979_4.accum\[19\],73.44
_03859_,73.4
clknet_leaf_10_i_clk,73.38
blkProj14999_7.blkProj14963_55.blk1779_46.A\[11\],73.36
blkProj14523_5.blk4197_44.mult_done_i,73.3
_05947_,73.2
net309,73.2
_03439_,73.16
net84,72.96
_06997_,72.74
_06532_,72.71
_07012_,72.7
clknet_leaf_159_i_clk,72.54
net282,72.48
_05902_,72.46
_04340_,72.42
_03869_,72.36
_05315_,72.355
_03441_,72.24
_07293_,72.2
blkProj14999_7.blk2116_47.r_Registers\[12\]\[24\],72.18
clknet_leaf_104_i_clk,71.98
clknet_leaf_181_i_clk,71.74
_04602_,71.72
_03858_,71.69
clknet_leaf_172_i_clk,71.66
clknet_leaf_96_i_clk,71.655
_07092_,71.58
_05499_,71.54
blkProj14999_7.blkProj14963_55.blk1779_46.A\[29\],71.52
_06557_,71.48
clknet_leaf_1_i_clk,71.4
_08141_,71.37
_07258_,71.36
_08002_,71.32
clknet_leaf_36_i_clk,71.32
_06119_,71.28
_08346_,71.22
_08124_,71.18
_04616_,71.16
clknet_leaf_127_i_clk,71.05
_06159_,71.03
_05124_,71.02
_05290_,70.9
blkProj14999_7.blk2116_47.r_Registers\[21\]\[17\],70.775
_05614_,70.76
_03472_,70.72
_05742_,70.71
_03574_,70.69
blkProj14999_7.blkProj14991_42.blk3979_4.accum\[12\],70.66
_06902_,70.64
_04404_,70.62
_03564_,70.58
_04112_,70.56
_06910_,70.56
_06193_,70.52
_06691_,70.5
_04501_,70.44
blkProj14999_7.blk2116_47.r_Registers\[0\]\[11\],70.38
_03567_,70.36
blkProj14999_7.blkProj14991_42.blk3979_4.accum\[23\],70.315
clknet_leaf_88_i_clk,70.16
blkProj14999_7.blk2116_47.r_Registers\[1\]\[23\],70.12
_03986_,70.08
_06681_,69.96
_08051_,69.94
blkProj14999_7.blk2116_47.r_Registers\[29\]\[2\],69.86
_06810_,69.83
clknet_leaf_2_i_clk,69.78
_04920_,69.74
_05220_,69.6
clknet_leaf_147_i_clk,69.58
_07978_,69.52
_07990_,69.52
_04374_,69.51
_05318_,69.46
_08297_,69.3
_04367_,69.1
_04296_,69.08
_08015_,69.06
_08324_,69.02
_04506_,68.96
_06878_,68.96
_07366_,68.94
clknet_leaf_50_i_clk,68.9
_06774_,68.88
_04777_,68.86
_05317_,68.855
blkProj14999_7.blkProj14963_55.blk1779_46.A\[16\],68.8
_04388_,68.785
_03919_,68.76
blkProj14999_7.blkProj14991_42.blk3979_4.accum\[61\],68.75
clknet_leaf_70_i_clk,68.7
_05493_,68.68
_03961_,68.62
blkProj14999_7.blkProj14991_42.blk3979_4.accum\[58\],68.6
net256,68.52
_05105_,68.44
_05308_,68.44
_08087_,68.44
blkProj14999_7.blkProj14991_42.blk3979_4.accum\[25\],68.435
_04135_,68.36
_07073_,68.36
_06883_,68.32
_04471_,68.23
_07088_,68.14
_03988_,68.12
_07226_,68.07
net261,68.06
_04484_,68.04
_04712_,68
_05259_,68
_05149_,67.94
_03444_,67.865
_04328_,67.82
_03912_,67.78
blkProj14999_7.blkProj14963_55.blk1779_46.A\[8\],67.74
_08045_,67.7
blkProj14999_7.blkProj14991_42.blk3979_4.accum\[57\],67.68
_07966_,67.64
blkProj14999_7.blkProj14991_42.blk3979_4.multiplicand\[14\],67.64
blkProj14999_7.blk2116_47.r_Registers\[0\]\[1\],67.62
_06579_,67.5
_07283_,67.44
blkProj14999_7.blk2116_47.r_Registers\[23\]\[30\],67.44
_03566_,67.41
_03943_,67.36
_04678_,67.36
clknet_leaf_131_i_clk,67.34
net283,67.28
_08391_,67.16
_03569_,67.14
clknet_leaf_38_i_clk,67.14
_06867_,67.12
_05083_,67.1
blkProj14999_7.blkProj14991_42.blk3979_4.accum\[18\],67.07
_04711_,67.06
clknet_leaf_99_i_clk,67.06
_04474_,67
_04981_,66.98
_04638_,66.92
_03945_,66.9
_04901_,66.9
_06033_,66.88
_08139_,66.88
_04179_,66.81
_08036_,66.6
_01310_,66.55
_08333_,66.53
clknet_leaf_78_i_clk,66.52
clknet_leaf_111_i_clk,66.46
_04516_,66.38
blkProj14999_7.blkProj14991_42.blk3979_4.accum\[31\],66.34
_07239_,66.28
_06788_,66.1
_08057_,66.1
_07236_,66.06
_06176_,66.04
_01051_,66.01
blkProj14999_7.blkProj14991_42.blk3979_4.multiplicand\[52\],65.99
clknet_leaf_93_i_clk,65.98
_08438_,65.945
_04714_,65.94
_08173_,65.92
_04735_,65.8
clknet_leaf_7_i_clk,65.8
_04181_,65.76
_05054_,65.73
_04319_,65.7
_05064_,65.7
clknet_leaf_108_i_clk,65.7
_04419_,65.68
_08069_,65.64
_04882_,65.6
_05821_,65.56
_04378_,65.46
blkProj14999_7.blkProj14991_42.blk3979_4.multiplicand\[10\],65.44
_04992_,65.22
_06523_,65.22
_08075_,65.16
_05880_,65.1
_06133_,65.1
_06821_,65.1
_05194_,65.08
blkProj14999_7.blk4000_70.o_Data\[20\],65.075
_04820_,65.03
blkProj14999_7.blk3994_49.rs1_data_o\[1\],64.82
clknet_leaf_178_i_clk,64.82
_08027_,64.68
_05050_,64.64
blkProj14999_7.blk2116_47.r_Registers\[16\]\[17\],64.64
_04598_,64.58
blkProj14999_7.blkProj14991_42.blk3979_4.accum\[20\],64.58
_05449_,64.56
clknet_leaf_30_i_clk,64.55
_04175_,64.5
_04511_,64.495
_04926_,64.48
clknet_leaf_135_i_clk,64.28
blkProj14999_7.blk2116_47.r_Registers\[1\]\[25\],64.26
_03904_,64.2
blkProj14999_7.blk4000_70.o_Data\[25\],64.18
clknet_leaf_8_i_clk,64.18
blkProj14999_7.blk3989_105.MULT\[12\],64.12
_07107_,64.1
_04325_,64.09
clknet_leaf_187_i_clk,64.02
_08020_,64
_05048_,63.98
_05111_,63.97
_07321_,63.92
_06135_,63.9
_07369_,63.85
blkProj14999_7.blk3994_49.rs1_data_o\[19\],63.82
_08030_,63.8
_08215_,63.74
blkProj14999_7.blkProj14963_55.blk1779_46.A\[22\],63.6
blkProj14999_7.blk2116_47.r_Registers\[1\]\[26\],63.48
_05179_,63.46
_06168_,63.43
_03526_,63.4
_04502_,63.32
_06269_,63.2
_06016_,63.16
clknet_leaf_100_i_clk,63.01
_04371_,62.94
_04668_,62.94
clknet_leaf_31_i_clk,62.94
blkProj14999_7.blkProj14991_42.blk3979_4.multiplicand\[13\],62.92
_05197_,62.84
blkProj14999_7.blk2116_47.r_Registers\[1\]\[22\],62.84
_04649_,62.66
clknet_leaf_25_i_clk,62.65
clknet_leaf_53_i_clk,62.58
_07868_,62.5
_06676_,62.475
_04337_,62.46
_07025_,62.42
blkProj14999_7.blkProj14991_42.blk3979_4.multiplicand\[9\],62.4
clknet_leaf_139_i_clk,62.4
_03612_,62.37
_06908_,62.34
_04859_,62.3
_04718_,62.28
net253,62.28
_06696_,62.275
_08009_,62.24
blkProj14999_7.blkProj14991_42.blk3979_4.multiplicand\[15\],62.16
_03503_,62.12
_07972_,62.06
blkProj14999_7.blk4000_70.o_Data\[27\],62.04
_07060_,61.98
_06922_,61.94
blkProj14999_7.blkProj14991_42.blk3979_4.accum\[53\],61.9
_03955_,61.74
_06630_,61.635
_04730_,61.62
_06013_,61.6
_06840_,61.58
_05726_,61.44
_04184_,61.29
_07155_,61.15
_07054_,61
_06659_,60.98
_04697_,60.88
_07220_,60.8
_08339_,60.74
_04158_,60.63
_06869_,60.62
blkProj14999_7.blk3997_110.PC\[28\],60.62
_06859_,60.48
clknet_leaf_105_i_clk,60.42
_04687_,60.24
_04693_,60.24
_08039_,60.24
_04308_,60.22
_05092_,60.2
_03448_,60.18
_04935_,60.06
_08207_,60.06
_07355_,60.02
_04954_,59.96
_07069_,59.94
_04706_,59.86
_08033_,59.82
_06246_,59.76
clknet_leaf_16_i_clk,59.76
_04831_,59.7
_07087_,59.7
blkProj14999_7.blk3997_110.PC\[4\],59.68
_05314_,59.66
_06686_,59.62
blkProj14999_7.blkProj14991_42.blk3979_4.accum\[56\],59.58
_05260_,59.56
_07331_,59.56
_08211_,59.54
_08219_,59.5
_04973_,59.48
clknet_leaf_124_i_clk,59.48
clknet_leaf_114_i_clk,59.44
_03573_,59.36
_06593_,59.2
_04392_,59.18
_07050_,59.16
blkProj14999_7.blkProj14991_42.blk3979_4.accum\[30\],59.08
_06886_,59.06
_05296_,59
_04477_,58.9
blkProj14999_7.blkProj14991_42.blk3979_4.multiplicand\[11\],58.9
clknet_leaf_142_i_clk,58.82
_05917_,58.78
_04190_,58.67
_06294_,58.66
_07264_,58.58
_06942_,58.56
blkProj14999_7.blk3997_110.PC\[26\],58.48
blkProj14999_7.blkProj14991_42.blk3979_4.accum\[7\],58.47
_03953_,58.46
blkProj14999_7.blkProj14963_55.blk1779_46.A\[31\],58.46
_05472_,58.19
_05519_,58.18
_04520_,58.1
_04521_,58.05
_08203_,58.04
_06807_,57.96
_07255_,57.94
_08048_,57.86
blkProj14999_7.blk2116_47.r_Registers\[15\]\[13\],57.8
_06926_,57.74
_07357_,57.64
_03914_,57.6
_07256_,57.55
blkProj14999_7.blkProj14991_42.blk3979_4.accum\[15\],57.48
_06850_,57.42
_04752_,57.36
_05954_,57.3
_06036_,57.15
_03595_,57.08
_06059_,57.02
_05860_,57.015
_05271_,57
_05698_,57
clknet_leaf_28_i_clk,56.995
_05140_,56.98
_07351_,56.98
_04888_,56.94
_05067_,56.9
_03493_,56.84
_05771_,56.84
_06210_,56.68
_06313_,56.68
_04945_,56.56
_03494_,56.32
blkProj14999_7.blkProj14991_42.blk3979_4.accum\[28\],56.275
_04897_,56.26
_06888_,56.18
_03965_,56.14
_07031_,56.06
_06092_,56.02
blkProj14999_7.blkProj14963_55.blk1779_46.A\[30\],55.98
clknet_leaf_82_i_clk,55.92
_05929_,55.86
_06165_,55.84
_07135_,55.84
_03631_,55.78
_06447_,55.72
clknet_leaf_122_i_clk,55.6
_04294_,55.58
_06930_,55.5
_04512_,55.485
_03949_,55.38
clknet_leaf_162_i_clk,55.32
_04635_,55.26
blkProj14999_7.blkProj14963_55.blk1779_46.A\[21\],55.26
_05327_,55.24
_07117_,55.24
_04266_,55.16
_06105_,55.14
blkProj14999_7.blk4000_70.o_Data\[29\],55.14
blkProj14999_7.blkProj14991_42.blk3979_4.accum\[26\],55.13
_04716_,55.02
_05407_,54.96
blkProj14999_7.blk2116_47.r_Registers\[19\]\[13\],54.96
_05086_,54.78
_05757_,54.78
_07098_,54.68
_07312_,54.68
_08301_,54.6
blkProj14999_7.blk2116_47.r_Registers\[16\]\[14\],54.58
_03538_,54.54
blkProj14999_7.blkProj14991_42.blk3979_4.accum\[52\],54.52
_06352_,54.48
_08012_,54.48
_03593_,54.46
_04640_,54.46
_07429_,54.34
clknet_leaf_12_i_clk,54.3
blkProj14999_7.blk4000_70.o_Data\[19\],54.18
_05316_,54.15
net196,53.92
_05121_,53.84
_05419_,53.82
_06272_,53.82
blkProj14999_7.blk2116_47.r_Registers\[6\]\[17\],53.82
_07146_,53.76
_06825_,53.66
_03559_,53.59
_03632_,53.54
_06695_,53.4
_05159_,53.3
_05185_,53.3
blkProj14999_7.blk4000_70.o_Data\[28\],53.2
blkProj14999_7.blk3994_49.rs1_data_o\[24\],53.14
blkProj14523_5.blk4197_44.state\[1\],53.06
_04878_,53.04
blkProj14999_7.blk2116_47.r_Registers\[19\]\[14\],53
_05453_,52.96
blkProj14999_7.blkProj14991_42.blk3979_4.accum\[50\],52.85
_03615_,52.76
blkProj14999_7.blkProj14991_42.blk3979_4.multiplicand\[12\],52.76
blkProj14999_7.blkProj14991_42.blk3979_4.multiplicand\[23\],52.74
_08197_,52.72
_05524_,52.68
_07003_,52.61
blkProj14999_7.blk2116_47.r_Registers\[19\]\[17\],52.51
_05464_,52.5
_07604_,52.48
blkProj14999_7.blk2116_47.r_Registers\[13\]\[29\],52.46
_05061_,52.44
_05103_,52.38
_06568_,52.38
_08354_,52.38
blkProj14999_7.blk2116_47.r_Registers\[21\]\[15\],52.37
_04209_,52.34
_08292_,52.24
_04916_,52.16
_05130_,52.08
_05685_,52.08
_08005_,52.06
blkProj14999_7.blkProj14991_42.blk3979_4.multiplicand\[21\],52.02
_08016_,52
blkProj14999_7.blk3994_49.rs1_data_o\[28\],51.96
blkProj14999_7.blkProj14963_55.blk1779_46.A\[27\],51.96
_06329_,51.94
clknet_leaf_42_i_clk,51.88
clknet_leaf_140_i_clk,51.82
_06675_,51.8
_03500_,51.72
_04526_,51.66
_04285_,51.64
_06038_,51.56
_07315_,51.5
_06410_,51.48
clknet_leaf_19_i_clk,51.46
_05875_,51.44
_06690_,51.4
_06812_,51.38
_05731_,51.36
blkProj14999_7.blkProj14991_42.blk3979_4.accum\[49\],51.3
_04157_,51.26
_05640_,51.26
blkProj14999_7.blkProj14991_42.blk3979_4.accum\[21\],51.19
_03618_,50.94
_06433_,50.94
_05984_,50.895
_06844_,50.82
_03915_,50.81
_04005_,50.8
blkProj14999_7.blkProj14991_42.blk3979_4.multiplicand\[27\],50.8
_00491_,50.78
_05794_,50.74
_07233_,50.7
_04011_,50.68
_08110_,50.61
_06296_,50.595
blkProj14999_7.blkProj14991_42.blk3979_4.accum\[5\],50.5
_08042_,50.44
net91,50.4
_05084_,50.36
clknet_leaf_180_i_clk,50.36
blkProj14999_7.blk3989_105.MULT\[6\],50.34
_06355_,50.3
_03868_,50.28
_06897_,50.28
_03663_,50.22
blkProj14999_7.blkProj14991_42.blk3979_4.accum\[24\],50.17
_07166_,50.12
blkProj14999_7.blk3994_49.rs1_data_o\[23\],50.04
blkProj14999_7.blk2116_47.r_Registers\[23\]\[27\],49.96
_05740_,49.91
_03582_,49.82
_05628_,49.82
_04207_,49.78
_03480_,49.77
_07508_,49.69
_03470_,49.58
blkProj14999_7.blk2116_47.r_Registers\[15\]\[18\],49.58
_05540_,49.54
_03902_,49.5
_04515_,49.47
_05287_,49.46
_05441_,49.435
_04273_,49.34
_06558_,49.26
blkProj14999_7.blk2116_47.r_Registers\[17\]\[15\],49.225
_03996_,49.22
blkProj14999_7.blkProj14991_42.blk3979_4.accum\[48\],49.1
_03627_,48.94
_04600_,48.94
blkProj14999_7.blk2116_47.r_Registers\[11\]\[16\],48.92
_04187_,48.9
_05168_,48.82
blkProj14999_7.blkProj14991_42.blk3979_4.multiplicand\[0\],48.76
blkProj14999_7.blkProj14991_42.blk3979_4.multiplicand\[17\],48.72
_08140_,48.7
blkProj14999_7.blk2116_47.r_Registers\[6\]\[20\],48.68
blkProj14523_5.blk4197_44.state\[0\],48.66
_05859_,48.62
clknet_leaf_174_i_clk,48.62
_06993_,48.52
blkProj14999_7.blk2116_47.r_Registers\[16\]\[15\],48.48
_04152_,48.46
_08193_,48.46
blkProj14999_7.blk3997_110.PC\[5\],48.46
blkProj14999_7.blkProj14991_42.blk3979_4.accum\[4\],48.44
clknet_leaf_48_i_clk,48.4
_03511_,48.38
blkProj14999_7.blk2116_47.r_Registers\[23\]\[28\],48.38
blkProj14999_7.blkProj14991_42.blk3979_4.accum\[29\],48.38
blkProj14999_7.blkProj14991_42.blk3979_4.multiplicand\[5\],48.375
_08401_,48.365
blkProj14999_7.blk2116_47.r_Registers\[14\]\[22\],48.28
blkProj14999_7.blkProj14991_42.blk3979_4.multiplicand\[7\],48.22
_07946_,48.2
_07999_,48.14
blkProj14999_7.blk2116_47.r_Registers\[12\]\[16\],48.14
blkProj14999_7.blk4000_70.o_Data\[13\],48.12
clknet_leaf_134_i_clk,48.1
_06543_,48.02
_06968_,48.02
_06502_,47.98
blkProj14999_7.blk2116_47.r_Registers\[20\]\[25\],47.96
_04653_,47.9
_06064_,47.9
clknet_leaf_109_i_clk,47.86
blkProj14999_7.blk2116_47.r_Registers\[14\]\[14\],47.83
clknet_leaf_186_i_clk,47.78
_06155_,47.76
blkProj14999_7.blkProj14991_42.blk3979_4.accum\[6\],47.74
_07866_,47.67
_08130_,47.66
_06012_,47.64
_05943_,47.6
_03884_,47.56
_08985_,47.5
_04725_,47.44
blkProj14999_7.blk4000_70.o_Data\[12\],47.41
_04672_,47.32
_03950_,47.3
blkProj14999_7.blk3997_110.PC\[27\],47.28
_04691_,47.24
_06224_,47.24
_07126_,47.22
_03553_,47.12
_05457_,47.1
_07020_,47.1
clknet_leaf_112_i_clk,47.1
_04953_,46.96
_05397_,46.94
_04222_,46.92
blkProj14999_7.blkProj14991_42.blk3979_4.multiplicand\[46\],46.86
blkProj14999_7.blkProj14991_42.blk3979_4.multiplicand\[22\],46.84
_06130_,46.78
net95,46.69
_07410_,46.64
_05044_,46.62
blkProj14999_7.blkProj14991_42.blk3979_4.accum\[62\],46.46
_04002_,46.36
_05445_,46.34
_03544_,46.33
_03477_,46.32
net200,46.185
_07313_,46.06
_04617_,46.02
clknet_leaf_118_i_clk,46.02
net213,46.02
_03453_,46
_05178_,45.98
_04505_,45.97
_03648_,45.89
_06278_,45.82
blkProj14999_7.blk2116_47.r_Registers\[23\]\[25\],45.82
_04288_,45.8
_06205_,45.74
_04907_,45.68
_03892_,45.66
_07041_,45.6
clknet_leaf_116_i_clk,45.5
_06701_,45.48
blkProj14999_7.blk2116_47.r_Registers\[19\]\[29\],45.48
blkProj14999_7.blk2116_47.r_Registers\[24\]\[7\],45.16
_04182_,45.14
blkProj14999_7.blk2116_47.r_Registers\[3\]\[2\],45.14
_06772_,45.06
_05379_,45.015
_04224_,45
blkProj14999_7.blk2116_47.r_Registers\[24\]\[10\],44.98
_04169_,44.91
_05216_,44.84
_08189_,44.84
net202,44.815
_04365_,44.695
blkProj14999_7.blk2116_47.r_Registers\[23\]\[29\],44.64
_08024_,44.58
_06234_,44.55
clknet_leaf_92_i_clk,44.49
_05798_,44.42
_04384_,44.34
blkProj14999_7.blk3994_49.rs1_data_o\[17\],44.28
_07954_,44.26
_04948_,44.22
_05796_,44.22
_07266_,44.14
blkProj14999_7.blk2116_47.r_Registers\[10\]\[7\],44.14
blkProj14999_7.blk2116_47.r_Registers\[25\]\[11\],44.14
blkProj14999_7.blkProj14991_42.blk3979_4.multiplicand\[51\],44.1
_04733_,44.02
_08078_,44
_04848_,43.96
_04153_,43.88
_03562_,43.83
_07275_,43.74
_07120_,43.72
_07332_,43.68
_05869_,43.665
blkProj14999_7.blk2116_47.r_Registers\[19\]\[27\],43.64
_08101_,43.62
_04850_,43.55
_05405_,43.54
_08357_,43.54
blkProj14999_7.blk2116_47.r_Registers\[7\]\[2\],43.54
_05073_,43.5
_05545_,43.46
_06629_,43.42
_07566_,43.38
_06680_,43.34
_03697_,43.32
_04173_,43.26
_05983_,43.26
blkProj14999_7.blk2116_47.r_Registers\[10\]\[25\],43.26
blkProj14999_7.blkProj14991_42.blk3979_4.multiplicand\[20\],43.24
_07294_,43.22
_06906_,43.2
blkProj14999_7.blk3994_49.rs1_data_o\[22\],43.18
blkProj14999_7.blk2116_47.r_Registers\[15\]\[17\],43.17
_04500_,43.16
blkProj14999_7.blk2116_47.r_Registers\[5\]\[17\],43.02
net382,43
_03556_,42.94
blkProj14999_7.blk2116_47.r_Registers\[20\]\[30\],42.94
_07550_,42.9
_05564_,42.88
_05425_,42.86
_03590_,42.855
_04291_,42.82
_05839_,42.8
_05459_,42.78
_03466_,42.76
clknet_leaf_27_i_clk,42.76
_07115_,42.74
blkProj14999_7.blk2116_47.r_Registers\[21\]\[30\],42.7
_03622_,42.68
blkProj14999_7.blk2116_47.r_Registers\[14\]\[20\],42.63
_08512_,42.62
_07224_,42.6
_04659_,42.54
_06106_,42.52
_05141_,42.44
clknet_leaf_117_i_clk,42.34
blkProj14999_7.blk3989_105.MULT\[1\],42.22
_06450_,42.2
_08984_,42.19
_04115_,42.18
_03467_,42.14
_04819_,42.08
clknet_leaf_148_i_clk,42.08
_06180_,42.055
_05555_,41.96
_06181_,41.96
_07101_,41.9
blkProj14999_7.blk2116_47.r_Registers\[20\]\[26\],41.88
_05160_,41.86
_03587_,41.84
blkProj14999_7.blkProj14991_42.blk3979_4.multiplicand\[31\],41.78
_08336_,41.64
blkProj14999_7.blkProj14991_42.blk3979_4.multiplicand\[8\],41.62
net92,41.62
_06831_,41.6
blkProj14999_7.blk2116_47.r_Registers\[12\]\[27\],41.54
blkProj14999_7.blk3997_110.PC\[20\],41.5
blkProj14999_7.blk4000_70.o_Data\[31\],41.46
blkProj14999_7.blk2116_47.r_Registers\[27\]\[29\],41.44
_03490_,41.42
_06430_,41.42
_04756_,41.4
_06085_,41.36
_05709_,41.34
_05551_,41.24
clknet_leaf_61_i_clk,41.24
_03452_,41.2
_04962_,41.2
_05389_,41.2
clknet_leaf_29_i_clk,41.16
blkProj14999_7.blk2116_47.r_Registers\[8\]\[21\],41.04
_06375_,40.98
blkProj14999_7.blk3989_105.MULT\[2\],40.96
_06045_,40.92
blkProj14999_7.blk4000_70.o_Data\[14\],40.9
blkProj14999_7.blk2116_47.r_Registers\[21\]\[16\],40.87
blkProj14999_7.blk3997_110.PC\[29\],40.84
blkProj14999_7.blk2116_47.r_Registers\[6\]\[18\],40.82
_07221_,40.78
_04241_,40.73
_06513_,40.7
_07340_,40.7
_05792_,40.62
blkProj14999_7.blk2116_47.r_Registers\[13\]\[25\],40.62
blkProj14999_7.blk2116_47.r_Registers\[11\]\[30\],40.58
clknet_leaf_58_i_clk,40.56
_08184_,40.54
blkProj14999_7.blk2116_47.r_Registers\[25\]\[25\],40.485
blkProj14999_7.blk2116_47.r_Registers\[21\]\[20\],40.48
_06076_,40.47
blkProj14999_7.blk2116_47.r_Registers\[11\]\[12\],40.46
_03638_,40.455
_05527_,40.44
blkProj14999_7.blk2116_47.r_Registers\[1\]\[29\],40.4
_06233_,40.36
_03514_,40.28
_06482_,40.24
blkProj14999_7.blk2116_47.r_Registers\[10\]\[18\],40.18
_06413_,40.12
_04929_,40.1
_05919_,40.1
_05966_,40.1
blkProj14999_7.blk2116_47.r_Registers\[0\]\[23\],40.08
_05942_,40.02
_07459_,40.02
_04387_,40
_05876_,40
_06211_,40
blkProj14999_7.blk2116_47.r_Registers\[15\]\[14\],39.97
_06677_,39.9
blkProj14999_7.blk3997_110.PC\[15\],39.9
_06768_,39.7
blkProj14999_7.blk2116_47.r_Registers\[14\]\[13\],39.64
_06222_,39.62
blkProj14999_7.blk2116_47.r_Registers\[11\]\[9\],39.615
blkProj14999_7.blkProj14991_42.blk3979_4.accum\[63\],39.6
blkProj14999_7.blk2116_47.r_Registers\[14\]\[15\],39.55
_04299_,39.54
_05052_,39.5
_07464_,39.48
blkProj14999_7.blk2116_47.r_Registers\[18\]\[8\],39.47
_05763_,39.42
_04176_,39.4
blkProj14999_7.blk2116_47.r_Registers\[14\]\[19\],39.38
blkProj14999_7.blk2116_47.r_Registers\[26\]\[25\],39.38
_07302_,39.36
blkProj14999_7.blk2116_47.r_Registers\[13\]\[30\],39.24
blkProj14999_7.blk2116_47.r_Registers\[26\]\[28\],39.24
_03586_,39.22
_04943_,39.19
_07607_,39.1
_03910_,39.08
_07140_,39.08
_03672_,39
_06001_,38.98
_07175_,38.94
_06203_,38.92
_05999_,38.9
blkProj14999_7.blk2116_47.r_Registers\[19\]\[30\],38.9
_05933_,38.875
_05156_,38.82
_07079_,38.82
blkProj14999_7.blkProj14991_42.blk3979_4.multiplicand\[29\],38.74
blkProj14999_7.blkProj14991_42.blk3979_4.multiplicand\[18\],38.7
_05836_,38.66
_07679_,38.58
blkProj14999_7.blk2116_47.r_Registers\[13\]\[26\],38.58
net429,38.58
_05721_,38.53
_03579_,38.48
blkProj14999_7.blk2116_47.r_Registers\[9\]\[2\],38.48
_06310_,38.46
_07350_,38.44
_07388_,38.44
_05266_,38.36
blkProj14999_7.blk2116_47.r_Registers\[21\]\[29\],38.35
_04305_,38.32
_06084_,38.28
_05850_,38.24
_07271_,38.21
_06127_,38.2
_04186_,38.18
blkProj14999_7.blk3997_110.PC\[13\],38.18
blkProj14999_7.blk3997_110.PC\[9\],38.18
_03908_,38.16
_04250_,38.16
_05539_,38.14
blkProj14999_7.blk2116_47.r_Registers\[14\]\[18\],38.125
_05906_,38.08
blkProj14999_7.blk2116_47.r_Registers\[27\]\[14\],38.08
blkProj14999_7.blkProj14991_42.blk3979_4.multiplicand\[26\],38.08
_04655_,38.06
_06259_,38.04
_04867_,38.02
_05137_,38.02
_06562_,37.98
_07512_,37.97
_07082_,37.94
_04795_,37.9
blkProj14999_7.blk2116_47.r_Registers\[2\]\[8\],37.84
_04370_,37.82
blkProj14999_7.blkProj14991_42.blk3979_4.multiplicand\[19\],37.78
blkProj14523_5.blk4197_44.state\[3\],37.74
_06368_,37.7
blkProj14999_7.blk2116_47.r_Registers\[7\]\[26\],37.7
blkProj14999_7.blkProj14963_55.blk1779_46.A\[23\],37.685
blkProj14999_7.blk2116_47.r_Registers\[17\]\[12\],37.65
_07547_,37.56
blkProj14999_7.blk2116_47.r_Registers\[6\]\[16\],37.56
_03560_,37.52
_03576_,37.52
_06311_,37.48
_07217_,37.48
blkProj14999_7.blkProj14991_42.blk3979_4.multiplicand\[35\],37.48
_06620_,37.46
_04915_,37.44
_08801_,37.42
blkProj14999_7.blkProj14991_42.blk3979_4.accum\[51\],37.4
blkProj14999_7.blkProj14991_42.blk3979_4.multiplicand\[2\],37.38
_06187_,37.36
_05915_,37.34
_06501_,37.26
blkProj14999_7.blk2116_47.r_Registers\[11\]\[21\],37.24
_04845_,37.2
_04869_,37.14
blkProj14999_7.blk2116_47.r_Registers\[29\]\[29\],37.13
_05118_,37.1
_06992_,37.1
_07125_,37.1
clknet_leaf_97_i_clk,37.1
_07569_,37.06
_03455_,37.02
_04196_,36.98
_05122_,36.98
blkProj14999_7.blk2116_47.r_Registers\[5\]\[15\],36.98
blkProj14999_7.blk2116_47.r_Registers\[7\]\[21\],36.98
_04891_,36.92
blkProj14999_7.blk2116_47.r_Registers\[18\]\[7\],36.86
_05925_,36.76
_07374_,36.6
blkProj14999_7.blk2116_47.r_Registers\[21\]\[13\],36.57
_07879_,36.53
_08360_,36.44
blkProj14999_7.blk2116_47.r_Registers\[12\]\[13\],36.42
blkProj14999_7.blk2116_47.r_Registers\[12\]\[25\],36.42
blkProj14999_7.blk2116_47.r_Registers\[16\]\[28\],36.42
_05386_,36.38
clknet_leaf_152_i_clk,36.36
blkProj14999_7.blk2116_47.r_Registers\[12\]\[28\],36.26
blkProj14999_7.blk2116_47.r_Registers\[17\]\[16\],36.245
_05749_,36.24
_07246_,36.22
blkProj14999_7.blk2116_47.r_Registers\[16\]\[11\],36.22
blkProj14999_7.blkProj14991_42.blk3979_4.multiplicand\[24\],36.22
_03529_,36.2
blkProj14999_7.blk2116_47.r_Registers\[1\]\[11\],36.14
_06580_,36.13
_05258_,36.12
blkProj14999_7.blk3997_110.PC\[25\],36.09
_05099_,36.06
blkProj14999_7.blk2116_47.r_Registers\[11\]\[14\],36.06
blkProj14999_7.blkProj14991_42.blk3979_4.multiplicand\[41\],36.06
_07395_,36
_05738_,35.98
blkProj14999_7.blk2116_47.r_Registers\[29\]\[30\],35.98
_06359_,35.97
_08475_,35.96
blkProj14999_7.blk2116_47.r_Registers\[23\]\[20\],35.89
blkProj14999_7.blk2116_47.r_Registers\[14\]\[16\],35.83
_03959_,35.8
_06643_,35.78
blkProj14999_7.blk2116_47.r_Registers\[13\]\[19\],35.76
blkProj14999_7.blk2116_47.r_Registers\[19\]\[26\],35.76
blkProj14999_7.blk2116_47.r_Registers\[2\]\[5\],35.73
blkProj14999_7.blk3997_110.PC\[17\],35.72
blkProj14999_7.blk2116_47.r_Registers\[24\]\[2\],35.54
_04832_,35.44
blkProj14999_7.blk2116_47.r_Registers\[19\]\[22\],35.44
_07553_,35.42
blkProj14999_7.blk2116_47.r_Registers\[25\]\[8\],35.415
_05440_,35.35
_04313_,35.3
_08054_,35.3
blkProj14999_7.blk2116_47.r_Registers\[14\]\[21\],35.295
_08066_,35.26
_04114_,35.25
_03897_,35.24
blkProj14999_7.blk2116_47.r_Registers\[23\]\[16\],35.22
_04593_,35.16
_04674_,35.14
_05162_,35.14
blkProj14999_7.blk2116_47.r_Registers\[20\]\[29\],35.12
blkProj14999_7.blk2116_47.r_Registers\[31\]\[10\],35.12
_06032_,35.1
_03625_,35.08
_05423_,35.08
_04213_,35.07
_07432_,35.04
_03704_,35.02
_05485_,34.995
blkProj14999_7.blk2116_47.r_Registers\[9\]\[22\],34.98
_06190_,34.94
_06297_,34.86
_04369_,34.84
blkProj14999_7.blkProj14991_42.blk3979_4.multiplicand\[53\],34.82
_07245_,34.8
_07237_,34.76
_05935_,34.74
blkProj14999_7.blk2116_47.r_Registers\[19\]\[15\],34.74
_06191_,34.72
_07663_,34.625
_07160_,34.52
_08254_,34.52
blkProj14999_7.blk2116_47.r_Registers\[5\]\[0\],34.52
_07022_,34.5
_08059_,34.48
net188,34.47
_07969_,34.46
blkProj14999_7.blk2116_47.r_Registers\[12\]\[14\],34.46
blkProj14999_7.blk2116_47.r_Registers\[5\]\[12\],34.46
_05307_,34.45
_06237_,34.44
_03535_,34.39
_05874_,34.38
blkProj14999_7.blkProj14991_42.blk3979_4.accum\[1\],34.36
blkProj14999_7.blk2116_47.r_Registers\[11\]\[18\],34.32
_06008_,34.3
blkProj14999_7.blk2116_47.r_Registers\[20\]\[27\],34.3
blkProj14999_7.blk3994_49.rs1_data_o\[26\],34.28
blkProj14999_7.blkProj14991_42.blk3979_4.multiplicand\[54\],34.265
_05952_,34.26
blkProj14999_7.blk2116_47.r_Registers\[13\]\[21\],34.26
_05980_,34.2
blkProj14999_7.blk2116_47.r_Registers\[2\]\[6\],34.18
blkProj14999_7.blkProj14991_42.blk3979_4.multiplicand\[43\],34.14
_04853_,34.12
clknet_leaf_101_i_clk,34.08
blkProj14999_7.blkProj14991_42.blk3979_4.multiplicand\[32\],34.075
blkProj14999_7.blk2116_47.r_Registers\[24\]\[24\],33.855
blkProj14999_7.blk2116_47.r_Registers\[17\]\[8\],33.84
blkProj14999_7.blk2116_47.r_Registers\[27\]\[28\],33.84
_05930_,33.82
blkProj14999_7.blk2116_47.r_Registers\[19\]\[28\],33.82
_07981_,33.8
blkProj14999_7.blk2116_47.r_Registers\[10\]\[0\],33.8
_06976_,33.78
blkProj14999_7.blk2116_47.r_Registers\[12\]\[15\],33.68
_04690_,33.66
_06510_,33.66
blkProj14999_7.blk2116_47.r_Registers\[5\]\[19\],33.66
blkProj14999_7.blk3989_105.MULT\[0\],33.64
net124,33.635
blkProj14999_7.blkProj14991_42.blk3979_4.multiplicand\[4\],33.6
_06175_,33.56
blkProj14999_7.blk2116_47.r_Registers\[16\]\[0\],33.56
net406,33.54
blkProj14999_7.blk2116_47.r_Registers\[1\]\[21\],33.5
blkProj14999_7.blk3989_105.MULT\[14\],33.48
_07145_,33.46
_03889_,33.455
_03512_,33.42
blkProj14999_7.blk2116_47.r_Registers\[29\]\[19\],33.42
_03643_,33.38
blkProj14999_7.blk3994_49.rs1_data_o\[21\],33.36
blkProj14999_7.blk2116_47.r_Registers\[5\]\[21\],33.32
_04256_,33.29
_06158_,33.26
blkProj14999_7.blk2116_47.r_Registers\[24\]\[15\],33.26
blkProj14999_7.blkProj14991_42.blk3979_4.multiplicand\[57\],33.26
_04297_,33.22
_06586_,33.22
blkProj14999_7.blkProj14991_42.blk3979_4.multiplicand\[36\],33.22
_06374_,33.2
_06882_,33.16
_06900_,33.14
_06090_,33.12
blkProj14999_7.blk2116_47.r_Registers\[7\]\[13\],33.06
_05857_,33.04
blkProj14999_7.blkProj14991_42.blk3979_4.multiplicand\[25\],33.02
net377,33.015
_05544_,33
blkProj14999_7.blk2116_47.r_Registers\[11\]\[29\],32.995
blkProj14999_7.blk2116_47.r_Registers\[18\]\[9\],32.97
blkProj14999_7.blk2116_47.r_Registers\[7\]\[19\],32.96
_06172_,32.94
blkProj14999_7.blk2116_47.r_Registers\[10\]\[17\],32.94
_05424_,32.88
_06097_,32.86
blkProj14999_7.blkProj14991_42.blk3979_4.accum\[3\],32.86
blkProj14999_7.blk2116_47.r_Registers\[3\]\[30\],32.835
_03610_,32.83
_06862_,32.83
_05975_,32.82
blkProj14999_7.blk2116_47.r_Registers\[8\]\[16\],32.78
_06597_,32.725
blkProj14999_7.blk2116_47.r_Registers\[0\]\[29\],32.72
blkProj14999_7.blk2116_47.r_Registers\[24\]\[21\],32.72
blkProj14999_7.blk2116_47.r_Registers\[5\]\[13\],32.72
blkProj14999_7.blk2116_47.r_Registers\[2\]\[4\],32.71
net89,32.7
_07063_,32.68
_06281_,32.66
blkProj14999_7.blkProj14991_42.blk3979_4.sign_result_r,32.64
_04271_,32.62
_04767_,32.62
_03659_,32.58
_05689_,32.575
_05773_,32.575
blkProj14999_7.blk2116_47.r_Registers\[6\]\[21\],32.56
_03634_,32.54
blkProj14999_7.blk2116_47.r_Registers\[31\]\[25\],32.52
_06042_,32.5
blkProj14999_7.blk2116_47.r_Registers\[2\]\[27\],32.46
blkProj14999_7.blk2116_47.r_Registers\[14\]\[17\],32.45
blkProj14999_7.blkProj14991_42.blk3979_4.multiplicand\[1\],32.38
_03957_,32.36
blkProj14999_7.blk2116_47.r_Registers\[17\]\[13\],32.32
blkProj14999_7.blk2116_47.r_Registers\[15\]\[21\],32.28
blkProj14999_7.blk2116_47.r_Registers\[6\]\[9\],32.28
_06565_,32.26
net198,32.24
blkProj14999_7.blk2116_47.r_Registers\[31\]\[27\],32.22
_07427_,32.18
_07636_,32.18
blkProj14999_7.blk2116_47.r_Registers\[12\]\[9\],32.18
blkProj14999_7.blk2116_47.r_Registers\[24\]\[25\],32.14
_04858_,32.08
blkProj14999_7.blk2116_47.r_Registers\[1\]\[7\],32.08
_06035_,32.02
blkProj14999_7.blk2116_47.r_Registers\[6\]\[6\],31.96
net195,31.96
blkProj14999_7.blk2116_47.r_Registers\[7\]\[9\],31.92
blkProj14999_7.blkProj14991_42.blk3979_4.multiplicand\[45\],31.88
blkProj14999_7.blk2116_47.r_Registers\[16\]\[27\],31.8
blkProj14999_7.blk3989_105.Result\[3\],31.78
blkProj14999_7.blkProj14991_42.blk3979_4.multiplicand\[28\],31.78
blkProj14999_7.blk3989_105.MULT\[20\],31.74
_04710_,31.72
clknet_leaf_173_i_clk,31.66
_06863_,31.62
blkProj14999_7.blk2116_47.r_Registers\[15\]\[11\],31.62
_05228_,31.6
_04120_,31.58
_04872_,31.53
_06141_,31.5
_07040_,31.5
_05373_,31.46
_06161_,31.46
blkProj14999_7.blkProj14991_42.blk3979_4.state\[0\],31.46
_07004_,31.44
_06291_,31.42
_06941_,31.4
blkProj14999_7.blk2116_47.r_Registers\[30\]\[0\],31.37
_03484_,31.36
_05094_,31.36
_05986_,31.34
_08143_,31.32
_07137_,31.26
blkProj14999_7.blkProj14991_42.blk3979_4.multiplicand\[3\],31.26
_03623_,31.24
_05410_,31.24
_08228_,31.22
_04972_,31.2
_08180_,31.2
blkProj14999_7.blk2116_47.r_Registers\[16\]\[25\],31.16
blkProj14999_7.blk2116_47.r_Registers\[11\]\[13\],31.12
blkProj14999_7.blkProj14991_42.blk3979_4.multiplicand\[61\],31.12
_04910_,31.1
_08083_,31.1
blkProj14999_7.blk2116_47.r_Registers\[1\]\[17\],31.08
blkProj14999_7.blk3997_110.PC\[19\],31.08
blkProj14999_7.blk2116_47.r_Registers\[13\]\[28\],31.04
blkProj14999_7.blk2116_47.r_Registers\[6\]\[14\],31
_03906_,30.99
_07412_,30.98
blkProj14999_7.blk2116_47.r_Registers\[6\]\[15\],30.98
blkProj14999_7.blk2116_47.r_Registers\[31\]\[21\],30.96
_06824_,30.92
blkProj14999_7.blk2116_47.r_Registers\[0\]\[21\],30.9
_07001_,30.88
_05257_,30.84
_06270_,30.84
_06357_,30.76
_06079_,30.74
blkProj14999_7.blk2116_47.r_Registers\[22\]\[31\],30.7
_03459_,30.66
_07077_,30.66
blkProj14999_7.blk2116_47.r_Registers\[1\]\[15\],30.62
blkProj14999_7.blkProj14991_42.blk3979_4.multiplicand\[40\],30.6
_07044_,30.56
_06463_,30.54
blkProj14999_7.blk2116_47.r_Registers\[27\]\[12\],30.54
net207,30.52
_06913_,30.5
_07621_,30.435
blkProj14999_7.blk2116_47.r_Registers\[26\]\[24\],30.385
blkProj14999_7.blk2116_47.r_Registers\[31\]\[0\],30.38
_04603_,30.36
_07290_,30.32
_04116_,30.29
_03558_,30.28
_05995_,30.28
_06524_,30.28
blkProj14999_7.blk2116_47.r_Registers\[1\]\[16\],30.22
blkProj14999_7.blk2116_47.r_Registers\[26\]\[27\],30.22
_04934_,30.2
_06073_,30.2
_03522_,30.16
_07049_,30.16
net219,30.145
_04671_,30.1
_05242_,30.1
_03481_,30.04
_06057_,30.04
_07006_,30
blkProj14999_7.blkProj14963_55.blk1779_46.A\[10\],30
net109,30
_03686_,29.98
blkProj14999_7.blk2116_47.r_Registers\[12\]\[12\],29.98
_07297_,29.96
_05080_,29.9
blkProj14999_7.blk2116_47.r_Registers\[3\]\[21\],29.88
blkProj14999_7.blk2116_47.r_Registers\[7\]\[20\],29.88
_04279_,29.86
_04877_,29.86
_06040_,29.86
_08041_,29.86
blkProj14999_7.blk2116_47.r_Registers\[6\]\[19\],29.86
_06068_,29.84
_07328_,29.82
blkProj14999_7.blk2116_47.r_Registers\[8\]\[19\],29.8
blkProj14999_7.blk2116_47.r_Registers\[8\]\[17\],29.795
blkProj14999_7.blk4000_70.o_Data\[17\],29.785
_04868_,29.76
_05202_,29.74
_07157_,29.74
_07284_,29.74
_08233_,29.72
_05437_,29.7
blkProj14999_7.blk2116_47.r_Registers\[16\]\[26\],29.7
blkProj14999_7.blk2116_47.r_Registers\[27\]\[30\],29.7
_06070_,29.685
blkProj14999_7.blk2116_47.r_Registers\[25\]\[10\],29.62
blkProj14999_7.blk2116_47.r_Registers\[8\]\[24\],29.62
_06138_,29.6
blkProj14999_7.blk2116_47.r_Registers\[15\]\[15\],29.6
blkProj14999_7.blk2116_47.r_Registers\[7\]\[16\],29.58
_04663_,29.56
blkProj14999_7.blk2116_47.r_Registers\[14\]\[12\],29.525
_03656_,29.5
blkProj14999_7.blk3997_110.PC\[24\],29.49
_06602_,29.44
blkProj14999_7.blk2116_47.r_Registers\[14\]\[9\],29.44
blkProj14999_7.blkProj14991_42.blk3979_4.accum\[27\],29.44
_07011_,29.42
blkProj14999_7.blk2116_47.r_Registers\[10\]\[26\],29.42
_04008_,29.4
_03530_,29.36
_07493_,29.34
blkProj14999_7.blk2116_47.r_Registers\[30\]\[11\],29.34
blkProj14999_7.blkProj14991_42.blk3979_4.multiplicand\[55\],29.34
net346,29.34
_07882_,29.32
blkProj14999_7.blk2116_47.r_Registers\[15\]\[9\],29.32
_07346_,29.28
clknet_leaf_129_i_clk,29.28
_04601_,29.26
blkProj14999_7.blk2116_47.r_Registers\[9\]\[29\],29.26
blkProj14999_7.blk2116_47.r_Registers\[12\]\[26\],29.24
blkProj14999_7.blk4000_70.o_Data\[21\],29.205
_08065_,29.18
blkProj14999_7.blk2116_47.r_Registers\[6\]\[12\],29.18
_07568_,29.16
blkProj14999_7.blk3989_105.MULT\[13\],29.16
blkProj14999_7.blk3989_105.MULT\[3\],29.16
_07963_,29.08
blkProj14999_7.blk2116_47.r_Registers\[31\]\[24\],29.06
blkProj14999_7.blk2116_47.r_Registers\[16\]\[21\],29.04
blkProj14999_7.blk2116_47.r_Registers\[30\]\[25\],29.005
_04834_,29
blkProj14999_7.blk2116_47.r_Registers\[14\]\[10\],29
blkProj14999_7.blkProj14991_42.blk3979_4.multiplicand\[62\],28.98
blkProj14999_7.blk2116_47.r_Registers\[18\]\[21\],28.965
blkProj14999_7.blk3989_105.Result\[4\],28.965
blkProj14999_7.blk2116_47.r_Registers\[16\]\[8\],28.96
_06495_,28.94
_03509_,28.92
_05883_,28.92
blkProj14999_7.blk2116_47.r_Registers\[0\]\[16\],28.91
blkProj14999_7.blk2116_47.r_Registers\[25\]\[28\],28.895
blkProj14999_7.blk2116_47.r_Registers\[14\]\[11\],28.88
blkProj14999_7.blk2116_47.r_Registers\[12\]\[21\],28.86
_02617_,28.84
_06302_,28.82
blkProj14999_7.blk2116_47.r_Registers\[7\]\[15\],28.82
_08060_,28.72
_04315_,28.7
_06253_,28.69
_07489_,28.68
blkProj14999_7.blk2116_47.r_Registers\[30\]\[27\],28.665
_04652_,28.62
blkProj14999_7.blk2116_47.r_Registers\[17\]\[9\],28.585
_04986_,28.58
_06066_,28.58
blkProj14999_7.blk2116_47.r_Registers\[10\]\[9\],28.56
blkProj14999_7.blk2116_47.r_Registers\[14\]\[2\],28.55
blkProj14999_7.blkProj14991_42.blk3979_4.multiplicand\[30\],28.52
_07058_,28.48
_08077_,28.48
blkProj14999_7.blk2116_47.r_Registers\[18\]\[14\],28.465
blkProj14999_7.blk2116_47.r_Registers\[16\]\[4\],28.46
blkProj14999_7.blk2116_47.r_Registers\[31\]\[4\],28.46
blkProj14999_7.blk2116_47.r_Registers\[19\]\[25\],28.42
blkProj14999_7.blk2116_47.r_Registers\[8\]\[12\],28.42
blkProj14999_7.blk2116_47.r_Registers\[11\]\[17\],28.4
blkProj14999_7.blk2116_47.r_Registers\[6\]\[2\],28.38
_03552_,28.36
_04383_,28.36
_06967_,28.36
_05779_,28.34
blkProj14999_7.blk2116_47.r_Registers\[14\]\[7\],28.325
blkProj14999_7.blk2116_47.r_Registers\[21\]\[21\],28.28
blkProj14999_7.blk3989_105.MULT\[21\],28.28
blkProj14999_7.blk2116_47.r_Registers\[28\]\[7\],28.22
_03486_,28.17
_04983_,28.16
_08094_,28.16
_06618_,28.12
blkProj14999_7.blk2116_47.r_Registers\[18\]\[10\],28.11
blkProj14999_7.blk2116_47.r_Registers\[25\]\[27\],28.1
blkProj14999_7.blk2116_47.r_Registers\[1\]\[14\],28.08
blkProj14999_7.blk2116_47.r_Registers\[30\]\[28\],28.02
_03461_,27.94
_04829_,27.94
_08089_,27.94
blkProj14999_7.blk2116_47.r_Registers\[12\]\[18\],27.94
_06494_,27.92
_07428_,27.92
blkProj14999_7.blk2116_47.r_Registers\[18\]\[13\],27.905
_05002_,27.9
_08375_,27.9
blkProj14999_7.blk2116_47.r_Registers\[25\]\[12\],27.89
net156,27.865
_05508_,27.86
_06331_,27.86
blkProj14999_7.blk2116_47.r_Registers\[17\]\[14\],27.83
_02450_,27.82
blkProj14999_7.blk2116_47.r_Registers\[7\]\[3\],27.82
_04145_,27.76
_05867_,27.76
_04231_,27.745
net333,27.74
blkProj14999_7.blk2116_47.r_Registers\[8\]\[2\],27.73
blkProj14999_7.blkProj14991_42.blk3979_4.multiplicand\[44\],27.7
blkProj14999_7.blk2116_47.r_Registers\[23\]\[19\],27.68
blkProj14999_7.blk2116_47.r_Registers\[17\]\[11\],27.645
blkProj14999_7.blk2116_47.r_Registers\[8\]\[8\],27.64
blkProj14999_7.blkProj14991_42.blk3979_4.multiplicand\[47\],27.635
blkProj14999_7.blk2116_47.r_Registers\[5\]\[8\],27.62
net114,27.62
_06228_,27.6
blkProj14999_7.blk2116_47.r_Registers\[8\]\[10\],27.6
blkProj14999_7.blkProj14991_42.blk3979_4.accum\[2\],27.6
clknet_leaf_54_i_clk,27.56
blkProj14999_7.blk2116_47.r_Registers\[25\]\[21\],27.555
_05990_,27.55
_05498_,27.54
_06110_,27.54
blkProj14999_7.blk2116_47.r_Registers\[2\]\[3\],27.54
blkProj14999_7.blk2116_47.r_Registers\[2\]\[13\],27.53
_06244_,27.5
blkProj14999_7.blk2116_47.r_Registers\[3\]\[26\],27.46
blkProj14999_7.blk2116_47.r_Registers\[17\]\[10\],27.45
_06881_,27.44
_07039_,27.44
blkProj14999_7.blk2116_47.r_Registers\[7\]\[11\],27.4
blkProj14999_7.blk2116_47.r_Registers\[21\]\[19\],27.365
blkProj14999_7.blk2116_47.r_Registers\[28\]\[4\],27.36
_07543_,27.35
_06773_,27.34
_06391_,27.32
blkProj14999_7.blk2116_47.r_Registers\[11\]\[15\],27.3
blkProj14999_7.blk2116_47.r_Registers\[27\]\[17\],27.3
blkProj14999_7.blk2116_47.r_Registers\[5\]\[14\],27.3
_07504_,27.285
blkProj14999_7.blk2116_47.r_Registers\[10\]\[8\],27.28
_05219_,27.24
blkProj14999_7.blk2116_47.r_Registers\[17\]\[27\],27.23
blkProj14999_7.blk2116_47.r_Registers\[25\]\[24\],27.23
blkProj14999_7.blk2116_47.r_Registers\[14\]\[8\],27.225
blkProj14999_7.blk2116_47.r_Registers\[0\]\[13\],27.22
_06315_,27.2
_05065_,27.14
_04232_,27.12
_04789_,27.1
_05112_,27.1
_05428_,27.1
blkProj14999_7.blk2116_47.r_Registers\[1\]\[12\],27.1
net169,27.1
net433,27.1
_06466_,27.06
_06221_,27.04
blkProj14999_7.blk4000_70.o_Data\[1\],27.035
_07309_,27.02
_07165_,26.98
_05506_,26.94
blkProj14999_7.blk2116_47.r_Registers\[5\]\[26\],26.94
_05965_,26.92
_06577_,26.9
_07423_,26.9
_05143_,26.88
_07549_,26.86
blkProj14999_7.blk2116_47.r_Registers\[3\]\[19\],26.86
blkProj14999_7.blk2116_47.r_Registers\[9\]\[28\],26.86
_05128_,26.84
_06529_,26.84
blkProj14999_7.blk4000_70.o_Data\[15\],26.84
blkProj14999_7.blk2116_47.r_Registers\[31\]\[29\],26.82
blkProj14999_7.blk2116_47.r_Registers\[5\]\[25\],26.78
_06656_,26.74
_08241_,26.74
blkProj14999_7.blk2116_47.r_Registers\[16\]\[5\],26.74
blkProj14999_7.blk2116_47.r_Registers\[8\]\[15\],26.74
blkProj14999_7.blk2116_47.r_Registers\[21\]\[2\],26.725
_03624_,26.7
_08153_,26.66
blkProj14999_7.blk2116_47.r_Registers\[29\]\[9\],26.64
blkProj14999_7.blk2116_47.r_Registers\[6\]\[11\],26.64
blkProj14999_7.blk2116_47.r_Registers\[23\]\[23\],26.62
_06034_,26.6
_05756_,26.58
blkProj14999_7.blk2116_47.r_Registers\[21\]\[12\],26.58
blkProj14999_7.blk2116_47.r_Registers\[24\]\[8\],26.58
_08071_,26.56
blkProj14999_7.blk2116_47.r_Registers\[5\]\[18\],26.54
_04311_,26.52
_04991_,26.52
blkProj14999_7.blk2116_47.r_Registers\[16\]\[10\],26.52
_07554_,26.5
blkProj14999_7.blk2116_47.r_Registers\[25\]\[7\],26.485
blkProj14999_7.blk2116_47.r_Registers\[10\]\[15\],26.48
blkProj14999_7.blk2116_47.r_Registers\[28\]\[8\],26.46
blkProj14999_7.blk2116_47.r_Registers\[24\]\[3\],26.44
_04125_,26.4
blkProj14999_7.blk2116_47.r_Registers\[15\]\[8\],26.4
_08093_,26.3
blkProj14999_7.blk2116_47.r_Registers\[16\]\[16\],26.3
_07347_,26.28
blkProj14999_7.blk2116_47.r_Registers\[25\]\[23\],26.275
blkProj14999_7.blk2116_47.r_Registers\[24\]\[6\],26.26
blkProj14999_7.blk2116_47.r_Registers\[24\]\[26\],26.24
blkProj14999_7.blk2116_47.r_Registers\[31\]\[1\],26.24
_04748_,26.22
blkProj14999_7.blk3997_110.PC\[22\],26.22
_05283_,26.14
blkProj14999_7.blk2116_47.r_Registers\[16\]\[9\],26.14
blkProj14999_7.blk2116_47.r_Registers\[22\]\[20\],26.14
_06468_,26.105
blkProj14999_7.blk2116_47.r_Registers\[31\]\[23\],26.1
blkProj14999_7.blk2116_47.r_Registers\[12\]\[6\],26.04
_03669_,26
_04682_,25.99
_04728_,25.98
blkProj14999_7.blk2116_47.r_Registers\[3\]\[25\],25.98
_04967_,25.96
_06288_,25.96
_08107_,25.96
_04275_,25.9
blkProj14999_7.blk2116_47.r_Registers\[17\]\[7\],25.9
_04964_,25.88
_03946_,25.86
_04362_,25.86
_05702_,25.85
blkProj14999_7.blk2116_47.r_Registers\[29\]\[26\],25.84
_06899_,25.82
blkProj14999_7.blk2116_47.r_Registers\[5\]\[16\],25.82
_07278_,25.8
blkProj14999_7.blk2116_47.r_Registers\[18\]\[4\],25.8
blkProj14999_7.blk2116_47.r_Registers\[18\]\[17\],25.785
_03693_,25.76
_08262_,25.76
blkProj14999_7.blk2116_47.r_Registers\[26\]\[3\],25.725
_05994_,25.72
_07334_,25.72
blkProj14999_7.blkProj14991_42.blk3979_4.multiplicand\[6\],25.72
_07470_,25.68
blkProj14999_7.blk2116_47.r_Registers\[11\]\[0\],25.68
blkProj14999_7.blk2116_47.r_Registers\[24\]\[29\],25.68
_07865_,25.66
_05253_,25.64
_06452_,25.64
_05571_,25.56
blkProj14999_7.blkProj14991_42.blk3979_4.multiplicand\[37\],25.54
blkProj14999_7.blk2116_47.r_Registers\[3\]\[1\],25.52
blkProj14999_7.blk2116_47.r_Registers\[5\]\[9\],25.52
_06309_,25.5
blkProj14999_7.blk2116_47.r_Registers\[6\]\[25\],25.5
_04629_,25.46
_08266_,25.44
_07342_,25.36
blkProj14999_7.blk2116_47.r_Registers\[10\]\[16\],25.36
_07242_,25.34
blkProj14999_7.blk2116_47.r_Registers\[29\]\[21\],25.34
_04107_,25.33
_07505_,25.32
blkProj14999_7.blk2116_47.r_Registers\[5\]\[28\],25.32
_05147_,25.3
_06962_,25.3
_07624_,25.3
_07975_,25.28
_07987_,25.28
blkProj14999_7.blk2116_47.r_Registers\[11\]\[6\],25.28
blkProj14999_7.blk2116_47.r_Registers\[27\]\[19\],25.26
blkProj14999_7.blk2116_47.r_Registers\[0\]\[20\],25.24
blkProj14999_7.blk2116_47.r_Registers\[11\]\[25\],25.24
blkProj14999_7.blk2116_47.r_Registers\[3\]\[28\],25.24
blkProj14999_7.blk2116_47.r_Registers\[5\]\[20\],25.24
net211,25.24
blkProj14999_7.blkProj14991_42.blk3979_4.state\[1\],25.22
blkProj14999_7.blk2116_47.r_Registers\[11\]\[7\],25.195
blkProj14999_7.blk2116_47.r_Registers\[27\]\[15\],25.18
_07446_,25.16
blkProj14999_7.blk2116_47.r_Registers\[4\]\[13\],25.16
_03890_,25.14
_04641_,25.14
_05920_,25.14
blkProj14999_7.blk2116_47.r_Registers\[12\]\[17\],25.14
_07475_,25.12
_04732_,25.1
blkProj14999_7.blk2116_47.r_Registers\[8\]\[3\],25.08
blkProj14999_7.blk2116_47.r_Registers\[0\]\[0\],25.06
blkProj14999_7.blk2116_47.r_Registers\[10\]\[10\],25.06
_06644_,25.04
_05809_,25.02
_07474_,25.02
_03454_,24.98
_06109_,24.96
_06152_,24.96
blkProj14999_7.blk2116_47.r_Registers\[27\]\[18\],24.94
blkProj14999_7.blk2116_47.r_Registers\[28\]\[19\],24.94
_04980_,24.935
blkProj14999_7.blk2116_47.r_Registers\[10\]\[30\],24.92
blkProj14999_7.blk3997_110.PC\[18\],24.9
blkProj14999_7.blk2116_47.r_Registers\[2\]\[19\],24.89
_04302_,24.88
_06319_,24.88
_08237_,24.88
blkProj14999_7.blk2116_47.r_Registers\[12\]\[20\],24.88
blkProj14999_7.blk2116_47.r_Registers\[25\]\[2\],24.865
_07774_,24.84
_08223_,24.84
blkProj14999_7.blk2116_47.r_Registers\[16\]\[18\],24.82
_07134_,24.8
blkProj14999_7.blk2116_47.r_Registers\[23\]\[24\],24.8
_07385_,24.78
_04188_,24.76
_07562_,24.76
_04154_,24.74
_06669_,24.74
blkProj14999_7.blk2116_47.r_Registers\[22\]\[27\],24.74
_06660_,24.72
blkProj14999_7.blk2116_47.r_Registers\[23\]\[26\],24.72
blkProj14999_7.blk2116_47.r_Registers\[28\]\[17\],24.72
_04709_,24.7
blkProj14999_7.blk3989_105.Result\[12\],24.665
_07099_,24.65
_06540_,24.64
blkProj14999_7.blk2116_47.r_Registers\[13\]\[20\],24.64
blkProj14999_7.blk2116_47.r_Registers\[6\]\[10\],24.64
_08289_,24.62
net216,24.62
_07770_,24.57
blkProj14999_7.blk2116_47.r_Registers\[9\]\[20\],24.56
_03880_,24.52
_06055_,24.5
blkProj14999_7.blk2116_47.r_Registers\[8\]\[23\],24.5
_06905_,24.48
blkProj14999_7.blkProj14991_42.blk3979_4.multiplicand\[58\],24.48
_04698_,24.46
blkProj14999_7.blk2116_47.r_Registers\[10\]\[28\],24.46
blkProj14999_7.blk3997_110.PC\[1\],24.46
blkProj14999_7.blk2116_47.r_Registers\[24\]\[31\],24.45
_05426_,24.44
blkProj14999_7.blk2116_47.r_Registers\[8\]\[6\],24.44
_07939_,24.4
blkProj14999_7.blk2116_47.r_Registers\[29\]\[11\],24.4
_06395_,24.39
_06360_,24.38
_07078_,24.38
_06628_,24.36
_06775_,24.36
_07993_,24.36
blkProj14999_7.blk2116_47.r_Registers\[12\]\[10\],24.36
_02493_,24.34
blkProj14999_7.blk2116_47.r_Registers\[5\]\[30\],24.3
blkProj14999_7.blkProj14991_42.blk3979_4.multiplicand\[56\],24.3
blkProj14999_7.blk2116_47.r_Registers\[21\]\[22\],24.28
blkProj14999_7.blk2116_47.r_Registers\[30\]\[21\],24.28
_07106_,24.26
_08838_,24.26
blkProj14999_7.blk2116_47.r_Registers\[3\]\[20\],24.26
blkProj14999_7.blk2116_47.r_Registers\[7\]\[6\],24.26
_05967_,24.2
blkProj14999_7.blk2116_47.r_Registers\[0\]\[12\],24.16
blkProj14999_7.blk2116_47.r_Registers\[8\]\[13\],24.16
blkProj14999_7.blk2116_47.r_Registers\[21\]\[8\],24.135
_07802_,24.12
blkProj14999_7.blk2116_47.r_Registers\[7\]\[14\],24.12
_08047_,24.08
blkProj14999_7.blk2116_47.r_Registers\[9\]\[16\],24.02
_06171_,24.005
_05170_,24
blkProj14999_7.blk2116_47.r_Registers\[8\]\[14\],24
_06226_,23.94
blkProj14999_7.blk2116_47.r_Registers\[23\]\[14\],23.94
_04905_,23.93
_04908_,23.925
_05175_,23.92
_07030_,23.92
blkProj14999_7.blk2116_47.r_Registers\[31\]\[8\],23.9
blkProj14999_7.blk2116_47.r_Registers\[13\]\[27\],23.86
_03867_,23.84
_05074_,23.84
_06813_,23.84
blkProj14999_7.blk2116_47.r_Registers\[13\]\[22\],23.84
blkProj14999_7.blk2116_47.r_Registers\[7\]\[10\],23.84
net186,23.84
blkProj14999_7.blk2116_47.r_Registers\[1\]\[9\],23.82
blkProj14999_7.blk2116_47.r_Registers\[30\]\[26\],23.8
_03679_,23.78
blkProj14999_7.blk3989_105.Result\[7\],23.78
_05729_,23.765
_07455_,23.76
_06393_,23.755
_03646_,23.74
blkProj14999_7.blk2116_47.r_Registers\[31\]\[26\],23.74
blkProj14999_7.blk2116_47.r_Registers\[19\]\[18\],23.72
blkProj14999_7.blk2116_47.r_Registers\[6\]\[30\],23.72
blkProj14999_7.blk3989_105.MULT\[7\],23.72
blkProj14999_7.blk2116_47.r_Registers\[14\]\[31\],23.715
_06390_,23.68
blkProj14999_7.blk2116_47.r_Registers\[23\]\[31\],23.675
_06120_,23.66
_08161_,23.66
blkProj14999_7.blk2116_47.r_Registers\[9\]\[13\],23.66
_06843_,23.62
_07304_,23.62
blkProj14999_7.blk2116_47.r_Registers\[24\]\[9\],23.62
blkProj14999_7.blk3989_105.Result\[5\],23.62
blkProj14999_7.blk3997_110.PC\[30\],23.6
blkProj14999_7.blk2116_47.r_Registers\[25\]\[13\],23.59
_03517_,23.58
blkProj14999_7.blk2116_47.r_Registers\[9\]\[3\],23.58
_03989_,23.56
_05652_,23.56
_03616_,23.54
blkProj14999_7.blk2116_47.r_Registers\[1\]\[10\],23.54
blkProj14999_7.blk2116_47.r_Registers\[29\]\[22\],23.54
_05870_,23.51
_04368_,23.5
_07516_,23.5
net96,23.5
blkProj14999_7.blk2116_47.r_Registers\[1\]\[19\],23.48
blkProj14999_7.blk2116_47.r_Registers\[16\]\[24\],23.4
blkProj14999_7.blk3997_110.PC\[8\],23.38
blkProj14999_7.blk2116_47.r_Registers\[0\]\[9\],23.36
blkProj14999_7.blk2116_47.r_Registers\[29\]\[4\],23.36
blkProj14999_7.blk3994_49.rs1_data_o\[30\],23.36
net217,23.36
_07507_,23.35
_06453_,23.32
_07416_,23.32
_06321_,23.28
blkProj14999_7.blk2116_47.r_Registers\[26\]\[26\],23.27
blkProj14999_7.blk2116_47.r_Registers\[0\]\[26\],23.26
blkProj14999_7.blk2116_47.r_Registers\[20\]\[24\],23.245
_03650_,23.22
blkProj14999_7.blk2116_47.r_Registers\[11\]\[26\],23.22
net332,23.2
blkProj14999_7.blk2116_47.r_Registers\[9\]\[19\],23.16
blkProj14999_7.blk2116_47.r_Registers\[1\]\[20\],23.14
_03725_,23.12
_04625_,23.12
_06157_,23.08
clknet_leaf_94_i_clk,23.06
blkProj14999_7.blk3989_105.Result\[28\],23.04
_07650_,23
blkProj14999_7.blk2116_47.r_Registers\[9\]\[21\],23
blkProj14999_7.blkProj14963_55.blk3902_64.r_Mem\[2\]\[12\],23
_07795_,22.98
_04684_,22.96
_07734_,22.96
_03533_,22.92
_05511_,22.89
_04221_,22.86
_06384_,22.84
_06797_,22.82
blkProj14999_7.blk2116_47.r_Registers\[27\]\[13\],22.78
blkProj14999_7.blk2116_47.r_Registers\[5\]\[7\],22.78
blkProj14999_7.blk2116_47.r_Registers\[24\]\[18\],22.76
_05758_,22.74
blkProj14999_7.blk2116_47.r_Registers\[27\]\[27\],22.74
_03478_,22.72
_07611_,22.72
blkProj14999_7.blk2116_47.r_Registers\[22\]\[21\],22.72
blkProj14999_7.blk3997_110.PC\[12\],22.72
_07667_,22.7
blkProj14999_7.blk2116_47.r_Registers\[3\]\[0\],22.7
blkProj14999_7.blk2116_47.r_Registers\[3\]\[24\],22.68
blkProj14999_7.blk2116_47.r_Registers\[4\]\[0\],22.68
_06920_,22.66
blkProj14999_7.blk2116_47.r_Registers\[5\]\[3\],22.66
_08084_,22.64
blkProj14999_7.blk2116_47.r_Registers\[29\]\[1\],22.64
blkProj14999_7.blk2116_47.r_Registers\[31\]\[30\],22.64
_05646_,22.62
blkProj14999_7.blk3994_49.rs1_data_o\[25\],22.62
net220,22.62
blkProj14999_7.blk2116_47.r_Registers\[11\]\[24\],22.6
_03711_,22.58
_06485_,22.58
_07805_,22.58
_05350_,22.56
_06189_,22.56
_06616_,22.56
_03606_,22.54
_05151_,22.54
_02725_,22.52
blkProj14999_7.blk2116_47.r_Registers\[16\]\[12\],22.52
blkProj14999_7.blk2116_47.r_Registers\[6\]\[28\],22.52
_00610_,22.51
_03731_,22.5
_05964_,22.5
blkProj14999_7.blk2116_47.r_Registers\[31\]\[3\],22.5
blkProj14999_7.blk2116_47.r_Registers\[17\]\[20\],22.495
_07844_,22.48
net178,22.48
_04961_,22.46
_06578_,22.46
blkProj14999_7.blk2116_47.r_Registers\[10\]\[29\],22.44
_05606_,22.42
_07510_,22.42
blkProj14999_7.blk2116_47.r_Registers\[18\]\[19\],22.42
blkProj14999_7.blk2116_47.r_Registers\[18\]\[12\],22.405
_04803_,22.4
_08014_,22.4
_08341_,22.4
blkProj14999_7.blk2116_47.r_Registers\[17\]\[29\],22.39
blkProj14999_7.blk2116_47.r_Registers\[26\]\[4\],22.39
_03718_,22.38
_06037_,22.38
_08072_,22.38
_03617_,22.36
blkProj14999_7.blk2116_47.r_Registers\[23\]\[15\],22.34
blkProj14999_7.blk2116_47.r_Registers\[24\]\[17\],22.32
_05182_,22.3
_07643_,22.26
_07873_,22.26
blkProj14999_7.blk2116_47.r_Registers\[24\]\[30\],22.26
blkProj14999_7.blk2116_47.r_Registers\[3\]\[29\],22.26
_04610_,22.24
_05523_,22.24
net187,22.24
blkProj14999_7.blk2116_47.r_Registers\[20\]\[31\],22.19
_06089_,22.16
_06140_,22.16
blkProj14999_7.blk2116_47.r_Registers\[17\]\[28\],22.15
blkProj14999_7.blk2116_47.r_Registers\[24\]\[20\],22.14
net298,22.14
_06178_,22.125
_04886_,22.12
blkProj14999_7.blk2116_47.r_Registers\[21\]\[6\],22.095
blkProj14999_7.blk2116_47.r_Registers\[10\]\[13\],22.08
blkProj14999_7.blk2116_47.r_Registers\[30\]\[13\],22.07
blkProj14999_7.blk2116_47.r_Registers\[1\]\[13\],22.06
_05106_,22.04
blkProj14999_7.blk3994_49.rs1_data_o\[29\],22.04
blkProj14999_7.blk2116_47.r_Registers\[5\]\[11\],22
blkProj14999_7.blk2116_47.r_Registers\[18\]\[20\],21.98
_07797_,21.96
_07061_,21.94
_05760_,21.92
blkProj14999_7.blk2116_47.r_Registers\[25\]\[14\],21.91
blkProj14999_7.blk2116_47.r_Registers\[29\]\[27\],21.91
blkProj14999_7.blk2116_47.r_Registers\[7\]\[1\],21.9
_06128_,21.88
_03456_,21.84
_06544_,21.84
blkProj14999_7.blk3994_49.rs1_data_o\[27\],21.8
blkProj14999_7.blk2116_47.r_Registers\[20\]\[21\],21.78
blkProj14999_7.blk2116_47.r_Registers\[31\]\[31\],21.78
blkProj14999_7.blk2116_47.r_Registers\[29\]\[5\],21.77
_07370_,21.76
blkProj14999_7.blk2116_47.r_Registers\[19\]\[3\],21.74
net223,21.72
_05049_,21.7
blkProj14999_7.blk2116_47.r_Registers\[8\]\[18\],21.7
_04870_,21.685
net117,21.66
blkProj14999_7.blk2116_47.r_Registers\[26\]\[29\],21.655
blkProj14999_7.blk2116_47.r_Registers\[11\]\[2\],21.62
_06342_,21.6
blkProj14999_7.blk2116_47.r_Registers\[25\]\[26\],21.6
_07096_,21.58
_08023_,21.58
blkProj14999_7.blk2116_47.r_Registers\[11\]\[10\],21.58
_06909_,21.56
_07533_,21.56
_04839_,21.54
blkProj14999_7.blk2116_47.r_Registers\[27\]\[16\],21.48
_06801_,21.46
blkProj14999_7.blk2116_47.r_Registers\[1\]\[1\],21.46
_05309_,21.435
_07599_,21.435
_05454_,21.42
blkProj14999_7.blk2116_47.r_Registers\[14\]\[4\],21.42
_08053_,21.4
blkProj14999_7.blk2116_47.r_Registers\[3\]\[7\],21.4
_00372_,21.39
blkProj14999_7.blk2116_47.r_Registers\[17\]\[31\],21.39
_05602_,21.34
_06243_,21.34
blkProj14999_7.blk2116_47.r_Registers\[22\]\[19\],21.34
blkProj14999_7.blk2116_47.r_Registers\[30\]\[18\],21.305
_04719_,21.3
_06940_,21.3
blkProj14999_7.blk2116_47.r_Registers\[8\]\[4\],21.3
_07860_,21.295
blkProj14999_7.blk2116_47.r_Registers\[21\]\[24\],21.27
_05236_,21.26
_07657_,21.26
blkProj14999_7.blk2116_47.r_Registers\[13\]\[13\],21.26
_05167_,21.24
_05553_,21.24
_07002_,21.24
_07641_,21.24
_08258_,21.24
_05552_,21.22
_06574_,21.22
_03714_,21.2
_05727_,21.2
blkProj14999_7.blk2116_47.r_Registers\[2\]\[7\],21.17
_06835_,21.16
blkProj14999_7.blk2116_47.r_Registers\[15\]\[12\],21.16
net171,21.16
_05132_,21.14
_03518_,21.12
_05108_,21.12
net153,21.12
blkProj14999_7.blk2116_47.r_Registers\[24\]\[1\],21.11
_05804_,21.1
blkProj14999_7.blk2116_47.r_Registers\[24\]\[19\],21.1
blkProj14999_7.blk3997_110.PC\[31\],21.1
_07864_,21.08
blkProj14999_7.blk2116_47.r_Registers\[31\]\[5\],21.08
blkProj14999_7.blk2116_47.r_Registers\[23\]\[21\],21.06
blkProj14999_7.blk2116_47.r_Registers\[29\]\[25\],21.06
_06429_,21.04
blkProj14999_7.blkProj14991_42.blk3979_4.multiplier\[9\],21.04
blkProj14999_7.blk2116_47.r_Registers\[1\]\[0\],21.02
_04247_,20.98
_04906_,20.98
blkProj14999_7.blk2116_47.r_Registers\[0\]\[19\],20.97
_05505_,20.96
blkProj14999_7.blk2116_47.r_Registers\[0\]\[25\],20.96
blkProj14999_7.blk2116_47.r_Registers\[8\]\[28\],20.96
blkProj14999_7.blkProj14991_42.blk3979_4.multiplicand\[39\],20.96
blkProj14999_7.blk2116_47.r_Registers\[0\]\[28\],20.94
blkProj14999_7.blk2116_47.r_Registers\[22\]\[26\],20.94
blkProj14999_7.blk2116_47.r_Registers\[18\]\[27\],20.935
_06478_,20.92
_07632_,20.9
blkProj14999_7.blk2116_47.r_Registers\[2\]\[21\],20.87
_05814_,20.84
blkProj14999_7.blk2116_47.r_Registers\[30\]\[12\],20.825
blkProj14999_7.blk2116_47.r_Registers\[16\]\[13\],20.82
_05438_,20.8
_07407_,20.78
_03539_,20.77
_06267_,20.76
blkProj14999_7.blk2116_47.r_Registers\[12\]\[8\],20.75
_05406_,20.74
_08176_,20.74
blkProj14999_7.blk2116_47.r_Registers\[16\]\[31\],20.74
blkProj14999_7.blk2116_47.r_Registers\[24\]\[4\],20.74
net125,20.72
_05663_,20.7
_05888_,20.7
_07542_,20.7
blkProj14999_7.blk2116_47.r_Registers\[3\]\[3\],20.68
blkProj14999_7.blk2116_47.r_Registers\[26\]\[19\],20.67
_04889_,20.665
_05070_,20.66
_07301_,20.66
blkProj14999_7.blk2116_47.r_Registers\[20\]\[8\],20.66
_04927_,20.655
blkProj14999_7.blk2116_47.r_Registers\[29\]\[10\],20.62
_06196_,20.6
blkProj14999_7.blk3997_110.PC\[23\],20.6
blkProj14999_7.blk2116_47.r_Registers\[5\]\[27\],20.58
blkProj14999_7.blk2116_47.r_Registers\[18\]\[2\],20.57
_06174_,20.56
_07017_,20.56
_07378_,20.56
blkProj14999_7.blkProj14991_42.blk3979_4.multiplicand\[59\],20.56
blkProj14999_7.blk4000_70.o_Data\[16\],20.54
_05298_,20.52
_06961_,20.52
_08953_,20.46
blkProj14999_7.blk3989_105.MULT\[4\],20.46
_06254_,20.45
_04243_,20.42
_06025_,20.42
blkProj14999_7.blk2116_47.r_Registers\[29\]\[15\],20.42
blkProj14999_7.blk2116_47.r_Registers\[9\]\[14\],20.42
_06100_,20.41
blkProj14999_7.blk2116_47.r_Registers\[12\]\[23\],20.4
blkProj14999_7.blk2116_47.r_Registers\[1\]\[3\],20.4
blkProj14999_7.blk2116_47.r_Registers\[5\]\[5\],20.4
blkProj14999_7.blk2116_47.r_Registers\[29\]\[31\],20.39
_05136_,20.36
_07434_,20.34
_06009_,20.32
blkProj14999_7.blk2116_47.r_Registers\[28\]\[26\],20.32
blkProj14999_7.blk2116_47.r_Registers\[29\]\[23\],20.3
blkProj14999_7.blk2116_47.r_Registers\[6\]\[0\],20.29
blkProj14999_7.blk2116_47.r_Registers\[17\]\[19\],20.25
blkProj14999_7.blk2116_47.r_Registers\[18\]\[25\],20.225
net251,20.22
_05008_,20.2
blkProj14999_7.blk2116_47.r_Registers\[6\]\[31\],20.2
_06594_,20.18
_03734_,20.16
blkProj14999_7.blk3989_105.MULT\[15\],20.16
_07620_,20.14
blkProj14999_7.blk2116_47.r_Registers\[28\]\[28\],20.14
net129,20.125
blkProj14999_7.blk3994_49.rs1_data_o\[31\],20.12
blkProj14999_7.blk3997_110.PC\[7\],20.12
blkProj14999_7.blk2116_47.r_Registers\[22\]\[0\],20.11
_06635_,20.1
_04126_,20.08
_04595_,20.06
blkProj14999_7.blk2116_47.r_Registers\[31\]\[6\],20.06
blkProj14999_7.blk2116_47.r_Registers\[0\]\[2\],20.04
blkProj14999_7.blk2116_47.r_Registers\[1\]\[18\],20.04
blkProj14999_7.blk2116_47.r_Registers\[27\]\[20\],20.04
_05206_,20
_05541_,19.98
blkProj14999_7.blk2116_47.r_Registers\[18\]\[11\],19.945
_06811_,19.94
blkProj14999_7.blk2116_47.r_Registers\[29\]\[13\],19.92
_04552_,19.9
_04830_,19.9
_07653_,19.9
blkProj14999_7.blk2116_47.r_Registers\[0\]\[30\],19.9
_07527_,19.88
blkProj14999_7.blk2116_47.r_Registers\[18\]\[18\],19.88
blkProj14999_7.blkProj14963_55.blk3902_64.r_Mem\[2\]\[18\],19.88
net236,19.88
_05169_,19.86
_06425_,19.86
blkProj14999_7.blk3989_105.MULT\[23\],19.86
_07437_,19.85
_05434_,19.84
_07535_,19.84
_07854_,19.82
blkProj14999_7.blk2116_47.r_Registers\[25\]\[0\],19.815
blkProj14999_7.blk2116_47.r_Registers\[25\]\[9\],19.8
blkProj14999_7.blk2116_47.r_Registers\[30\]\[14\],19.8
blkProj14999_7.blkProj14963_55.blk3902_64.r_Mem\[1\]\[30\],19.78
_04924_,19.76
_07322_,19.76
blkProj14999_7.blk2116_47.r_Registers\[26\]\[12\],19.755
_06206_,19.75
_07738_,19.75
blkProj14999_7.blk2116_47.r_Registers\[28\]\[27\],19.74
blkProj14999_7.blk2116_47.r_Registers\[4\]\[29\],19.72
net112,19.72
_07154_,19.7
blkProj14999_7.blk2116_47.r_Registers\[22\]\[25\],19.7
blkProj14999_7.blk2116_47.r_Registers\[7\]\[18\],19.7
_04707_,19.68
_04497_,19.65
blkProj14999_7.blk3989_105.Result\[6\],19.64
_03696_,19.62
_06209_,19.62
_06324_,19.62
_07610_,19.6
blkProj14999_7.blk2116_47.r_Registers\[9\]\[23\],19.6
blkProj14999_7.blk2116_47.r_Registers\[3\]\[5\],19.56
_07225_,19.52
_08270_,19.52
blkProj14999_7.blk2116_47.r_Registers\[5\]\[29\],19.5
_06067_,19.48
_07068_,19.48
blkProj14999_7.blk2116_47.r_Registers\[10\]\[12\],19.48
_05504_,19.46
blkProj14999_7.blk2116_47.r_Registers\[10\]\[21\],19.46
blkProj14999_7.blk2116_47.r_Registers\[23\]\[18\],19.46
blkProj14999_7.blk2116_47.r_Registers\[29\]\[3\],19.46
blkProj14999_7.blkProj14963_55.blk1779_46.A\[20\],19.445
_03479_,19.44
_07740_,19.44
blkProj14999_7.blk3997_110.PC\[3\],19.42
blkProj14999_7.blk2116_47.r_Registers\[15\]\[25\],19.41
_03078_,19.4
_04923_,19.4
blkProj14999_7.blk2116_47.r_Registers\[17\]\[18\],19.385
_04847_,19.36
_05013_,19.36
blkProj14999_7.blk2116_47.r_Registers\[23\]\[13\],19.36
_06156_,19.32
blkProj14999_7.blk2116_47.r_Registers\[15\]\[16\],19.32
blkProj14999_7.blkProj14963_55.blk3902_64.r_Mem\[2\]\[28\],19.32
net106,19.305
_05075_,19.3
_06277_,19.3
blkProj14999_7.blk2116_47.r_Registers\[12\]\[7\],19.3
_05125_,19.28
_05751_,19.28
_06613_,19.28
_07095_,19.28
blkProj14999_7.blk2116_47.r_Registers\[0\]\[5\],19.28
net183,19.28
blkProj14999_7.blk2116_47.r_Registers\[4\]\[23\],19.26
blkProj14999_7.blk2116_47.r_Registers\[26\]\[20\],19.245
blkProj14999_7.blk2116_47.r_Registers\[0\]\[8\],19.24
blkProj14999_7.blk2116_47.r_Registers\[7\]\[17\],19.24
_06435_,19.22
_07670_,19.22
blkProj14999_7.blk2116_47.r_Registers\[21\]\[25\],19.185
_07642_,19.18
blkProj14999_7.blk2116_47.r_Registers\[30\]\[8\],19.18
_05090_,19.12
_07323_,19.12
_07766_,19.12
blkProj14999_7.blk2116_47.r_Registers\[12\]\[0\],19.11
_06335_,19.1
blkProj14999_7.blk2116_47.r_Registers\[28\]\[16\],19.1
blkProj14999_7.blk2116_47.r_Registers\[12\]\[5\],19.09
blkProj14999_7.blkProj14963_55.blk3902_64.r_Mem\[2\]\[8\],19.08
_04317_,19.04
_04372_,19.04
_05691_,19.04
blkProj14999_7.blk2116_47.r_Registers\[23\]\[17\],19.04
blkProj14999_7.blk2116_47.r_Registers\[18\]\[26\],19.025
blkProj14999_7.blk2116_47.r_Registers\[30\]\[1\],19.025
_05580_,19.02
_05675_,19.02
blkProj14999_7.blk2116_47.r_Registers\[30\]\[7\],19.02
_08097_,19
blkProj14999_7.blk2116_47.r_Registers\[20\]\[13\],19
_03720_,18.98
_05501_,18.98
blkProj14999_7.blk2116_47.r_Registers\[27\]\[0\],18.98
blkProj14999_7.blk2116_47.r_Registers\[7\]\[23\],18.98
blkProj14999_7.blk3997_110.PC\[14\],18.98
blkProj14999_7.blk2116_47.r_Registers\[24\]\[23\],18.96
blkProj14999_7.blk2116_47.r_Registers\[9\]\[24\],18.96
o_exeout[24],18.95
_05565_,18.94
_07523_,18.94
_07613_,18.93
_05762_,18.92
_06969_,18.92
blkProj14999_7.blk2116_47.r_Registers\[24\]\[5\],18.92
blkProj14999_7.blk2116_47.r_Registers\[25\]\[4\],18.91
_07341_,18.9
_07862_,18.9
blkProj14999_7.blk2116_47.r_Registers\[19\]\[21\],18.9
_04827_,18.88
_03501_,18.86
blkProj14999_7.blk2116_47.r_Registers\[9\]\[15\],18.82
_05603_,18.8
blkProj14999_7.blk2116_47.r_Registers\[29\]\[6\],18.8
_04220_,18.78
_04081_,18.76
_05715_,18.76
blkProj14999_7.blk2116_47.r_Registers\[13\]\[10\],18.74
net175,18.74
_07600_,18.725
_06782_,18.72
blkProj14999_7.blk2116_47.r_Registers\[2\]\[9\],18.71
_05181_,18.7
_07942_,18.7
blkProj14999_7.blk2116_47.r_Registers\[2\]\[10\],18.7
blkProj14999_7.blk2116_47.r_Registers\[3\]\[16\],18.69
_06792_,18.68
blkProj14999_7.blk2116_47.r_Registers\[9\]\[7\],18.66
_05174_,18.62
_06247_,18.62
blkProj14999_7.blk2116_47.r_Registers\[11\]\[4\],18.62
blkProj14999_7.blk2116_47.r_Registers\[1\]\[8\],18.6
blkProj14999_7.blkProj14963_55.blk3902_64.r_Mem\[1\]\[29\],18.6
_06519_,18.58
blkProj14999_7.blk2116_47.r_Registers\[23\]\[2\],18.58
o_Instruction[3],18.58
_05597_,18.57
_07436_,18.56
blkProj14999_7.blk2116_47.r_Registers\[11\]\[20\],18.56
blkProj14999_7.blk2116_47.r_Registers\[5\]\[4\],18.56
blkProj14999_7.blk2116_47.r_Registers\[9\]\[18\],18.56
net224,18.56
_06386_,18.54
blkProj14999_7.blk2116_47.r_Registers\[25\]\[1\],18.53
_04133_,18.52
_04896_,18.52
blkProj14999_7.blk2116_47.r_Registers\[20\]\[23\],18.48
blkProj14999_7.blk2116_47.r_Registers\[5\]\[10\],18.48
blkProj14999_7.blk2116_47.r_Registers\[20\]\[0\],18.42
blkProj14999_7.blk2116_47.r_Registers\[0\]\[4\],18.415
_07389_,18.4
blkProj14999_7.blk2116_47.r_Registers\[13\]\[23\],18.37
clknet_leaf_182_i_clk,18.36
_07534_,18.34
blkProj14999_7.blkProj14963_55.blk3902_64.r_Mem\[1\]\[3\],18.34
_07637_,18.325
_04646_,18.32
_07425_,18.32
blkProj14999_7.blk2116_47.r_Registers\[19\]\[16\],18.32
blkProj14999_7.blk2116_47.r_Registers\[20\]\[28\],18.32
blkProj14999_7.blk2116_47.r_Registers\[22\]\[10\],18.32
_04059_,18.3
_05068_,18.3
_06043_,18.3
blkProj14999_7.blk2116_47.r_Registers\[11\]\[8\],18.3
blkProj14999_7.blk2116_47.r_Registers\[12\]\[4\],18.3
_03591_,18.28
_05198_,18.28
_05224_,18.26
_05630_,18.26
_07744_,18.26
blkProj14999_7.blk2116_47.r_Registers\[26\]\[9\],18.25
_07606_,18.24
blkProj14999_7.blk2116_47.r_Registers\[12\]\[2\],18.24
net170,18.225
_05648_,18.22
_05879_,18.22
_07565_,18.22
blkProj14999_7.blk2116_47.r_Registers\[22\]\[1\],18.22
net149,18.22
blkProj14999_7.blk2116_47.r_Registers\[18\]\[30\],18.21
_03497_,18.2
blkProj14999_7.blk2116_47.r_Registers\[20\]\[9\],18.2
_05976_,18.18
blkProj14999_7.blk2116_47.r_Registers\[23\]\[12\],18.16
blkProj14999_7.blk2116_47.r_Registers\[0\]\[22\],18.155
_04292_,18.14
_06330_,18.14
blkProj14999_7.blk2116_47.r_Registers\[17\]\[5\],18.14
_06292_,18.12
_07557_,18.12
blkProj14999_7.blk2116_47.r_Registers\[2\]\[12\],18.1
clknet_leaf_72_i_clk,18.1
_05832_,18.08
blkProj14999_7.blk2116_47.r_Registers\[24\]\[28\],18.08
blkProj14999_7.blk2116_47.r_Registers\[28\]\[13\],18.08
_03703_,18.06
_04034_,18.06
_04252_,18.06
_04788_,18.06
blkProj14999_7.blk2116_47.r_Registers\[21\]\[7\],18.05
_05923_,18.02
_08296_,18.02
blkProj14999_7.blk2116_47.r_Registers\[28\]\[1\],18.02
blkProj14999_7.blkProj14963_55.blk3902_64.r_Mem\[2\]\[26\],18.02
clknet_leaf_76_i_clk,18.02
_07483_,18
_07488_,18
blkProj14999_7.blk2116_47.r_Registers\[15\]\[5\],18
_04942_,17.98
_06124_,17.98
_07354_,17.98
blkProj14999_7.blk2116_47.r_Registers\[6\]\[5\],17.97
_05163_,17.96
_05988_,17.96
blkProj14999_7.blk2116_47.r_Registers\[23\]\[11\],17.96
blkProj14999_7.blk2116_47.r_Registers\[7\]\[12\],17.96
_07136_,17.94
_04258_,17.92
_04963_,17.92
_05295_,17.92
net155,17.92
_03584_,17.89
blkProj14999_7.blk2116_47.r_Registers\[30\]\[24\],17.865
net100,17.865
_05911_,17.86
_07861_,17.86
blkProj14999_7.blk2116_47.r_Registers\[6\]\[4\],17.82
clknet_leaf_77_i_clk,17.82
net528,17.82
_07496_,17.8
_06061_,17.795
_05115_,17.78
_07414_,17.78
blkProj14999_7.blkProj14963_55.blk3902_64.r_Mem\[2\]\[15\],17.78
_04903_,17.74
_05959_,17.74
blkProj14999_7.blk2116_47.r_Registers\[4\]\[25\],17.74
blkProj14999_7.blk2116_47.r_Registers\[19\]\[12\],17.72
blkProj14999_7.blk2116_47.r_Registers\[1\]\[27\],17.72
blkProj14999_7.blk2116_47.r_Registers\[2\]\[14\],17.72
blkProj14999_7.blk2116_47.r_Registers\[26\]\[5\],17.705
_03629_,17.7
_03716_,17.7
_06345_,17.7
_08504_,17.7
blkProj14999_7.blk2116_47.r_Registers\[15\]\[26\],17.7
blkProj14999_7.blk2116_47.r_Registers\[28\]\[21\],17.7
blkProj14999_7.blkProj14963_55.blk3902_64.r_Mem\[0\]\[29\],17.7
_08090_,17.68
blkProj14999_7.blk2116_47.r_Registers\[4\]\[2\],17.68
net166,17.68
_07433_,17.66
blkProj14999_7.blk2116_47.r_Registers\[3\]\[15\],17.66
o_exeout[21],17.66
_05622_,17.64
_07097_,17.64
blkProj14999_7.blk2116_47.r_Registers\[30\]\[19\],17.64
_04796_,17.635
_07581_,17.62
_07530_,17.6
_07564_,17.58
_07649_,17.58
blkProj14999_7.blk2116_47.r_Registers\[16\]\[3\],17.58
blkProj14999_7.blk2116_47.r_Registers\[23\]\[5\],17.58
_06480_,17.56
blkProj14999_7.blk2116_47.r_Registers\[0\]\[17\],17.56
blkProj14999_7.blk3989_105.Result\[14\],17.545
_05256_,17.54
_03710_,17.52
_04828_,17.52
_05087_,17.52
_07545_,17.52
blkProj14999_7.blkProj14963_55.blk3902_64.r_Mem\[1\]\[26\],17.52
net101,17.52
_03435_,17.48
_06194_,17.48
_07335_,17.48
blkProj14999_7.blk2116_47.r_Registers\[6\]\[8\],17.46
_06029_,17.44
_06866_,17.44
blkProj14999_7.blk2116_47.r_Registers\[3\]\[18\],17.44
blkProj14999_7.blk3997_110.PC\[2\],17.44
blkProj14999_7.blkProj14963_55.blk3902_64.r_Mem\[2\]\[10\],17.44
_07863_,17.42
_07929_,17.42
blkProj14999_7.blk2116_47.r_Registers\[4\]\[30\],17.42
blkProj14999_7.blk2116_47.r_Registers\[21\]\[4\],17.39
_07080_,17.385
_07431_,17.38
net280,17.38
_03571_,17.36
_07319_,17.34
_07656_,17.34
blkProj14999_7.blk2116_47.r_Registers\[30\]\[20\],17.335
_03532_,17.32
_04639_,17.32
blkProj14999_7.blk2116_47.r_Registers\[17\]\[26\],17.31
_08035_,17.3
_05432_,17.28
_05496_,17.28
_07524_,17.28
blkProj14999_7.blk2116_47.r_Registers\[8\]\[11\],17.28
blkProj14999_7.blk2116_47.r_Registers\[2\]\[30\],17.27
_07186_,17.26
_07444_,17.26
blkProj14999_7.blk2116_47.r_Registers\[4\]\[20\],17.26
_06771_,17.24
blkProj14999_7.blk2116_47.r_Registers\[8\]\[27\],17.24
blkProj14999_7.blkProj14991_42.blk3979_4.multiplier\[24\],17.24
net141,17.24
net144,17.22
_05992_,17.2
_03713_,17.18
blkProj14999_7.blk2116_47.r_Registers\[0\]\[27\],17.18
_06832_,17.175
blkProj14999_7.blk2116_47.r_Registers\[16\]\[6\],17.16
_03675_,17.14
_04794_,17.14
_06201_,17.14
_07280_,17.14
_08029_,17.14
net76,17.14
_06129_,17.13
blkProj14999_7.blk2116_47.r_Registers\[10\]\[19\],17.12
blkProj14999_7.blk2116_47.r_Registers\[6\]\[7\],17.12
blkProj14999_7.blkProj14991_42.blk3979_4.funct3_r\[1\],17.1
_05110_,17.08
blkProj14999_7.blk2116_47.r_Registers\[5\]\[31\],17.08
_05413_,17.07
_05741_,17.06
_07573_,17.06
blkProj14999_7.blk2116_47.r_Registers\[28\]\[0\],17.06
net115,17.06
blkProj14999_7.blk2116_47.r_Registers\[3\]\[4\],17.04
blkProj14999_7.blk2116_47.r_Registers\[3\]\[9\],17.04
blkProj14999_7.blk2116_47.r_Registers\[11\]\[5\],17.03
_05091_,17.02
_07618_,17.02
blkProj14999_7.blkProj14963_55.blk1779_46.A\[17\],17.02
_04409_,17
_07626_,17
blkProj14999_7.blk2116_47.r_Registers\[26\]\[15\],16.985
_03541_,16.98
blkProj14999_7.blk2116_47.r_Registers\[18\]\[3\],16.98
blkProj14999_7.blk2116_47.r_Registers\[6\]\[26\],16.98
_07467_,16.96
_07634_,16.96
blkProj14999_7.blk2116_47.r_Registers\[17\]\[22\],16.96
_03489_,16.94
_05543_,16.94
_07262_,16.94
_07402_,16.94
_08364_,16.94
blkProj14999_7.blk2116_47.r_Registers\[23\]\[22\],16.94
blkProj14999_7.blk2116_47.r_Registers\[18\]\[0\],16.93
_06149_,16.92
net449,16.92
blkProj14999_7.blkProj14991_42.blk3979_4.multiplicand\[60\],16.9
_04236_,16.88
_05477_,16.88
blkProj14999_7.blk2116_47.r_Registers\[28\]\[9\],16.88
blkProj14999_7.blk2116_47.r_Registers\[7\]\[8\],16.88
_03619_,16.86
_06491_,16.83
blkProj14999_7.blk2116_47.r_Registers\[2\]\[28\],16.83
blkProj14999_7.blk2116_47.r_Registers\[5\]\[24\],16.82
blkProj14999_7.blkProj14991_42.blk3979_4.multiplier\[25\],16.82
_08275_,16.8
_02723_,16.78
_07591_,16.78
_07780_,16.78
_04149_,16.76
_04944_,16.76
_05681_,16.76
_06467_,16.76
_07874_,16.76
blkProj14999_7.blk3989_105.Result\[8\],16.76
_04006_,16.74
_05538_,16.74
_07825_,16.74
_08246_,16.74
_03463_,16.73
_02288_,16.72
clknet_leaf_113_i_clk,16.72
net189,16.705
_04606_,16.7
_07469_,16.7
blkProj14999_7.blk2116_47.r_Registers\[22\]\[7\],16.7
blkProj14999_7.blk2116_47.r_Registers\[16\]\[22\],16.69
_05129_,16.68
_07732_,16.68
_06340_,16.675
blkProj14999_7.blk2116_47.r_Registers\[24\]\[27\],16.66
_04700_,16.64
blkProj14999_7.blk2116_47.r_Registers\[31\]\[20\],16.64
_04200_,16.6
_06103_,16.6
_07451_,16.6
blkProj14999_7.blk2116_47.r_Registers\[31\]\[7\],16.6
_06301_,16.58
_06870_,16.58
blkProj14999_7.blk2116_47.r_Registers\[23\]\[0\],16.58
blkProj14999_7.blk2116_47.r_Registers\[27\]\[11\],16.58
_04622_,16.56
_07615_,16.56
blkProj14999_7.blkProj14991_42.blk3979_4.count\[2\],16.56
blkProj14999_7.blk2116_47.r_Registers\[3\]\[13\],16.54
net151,16.54
_03506_,16.52
_06528_,16.52
blkProj14999_7.blk2116_47.r_Registers\[16\]\[19\],16.52
net146,16.52
_05217_,16.5
blkProj14999_7.blkProj14991_42.blk3979_4.multiplier\[27\],16.5
_04633_,16.48
_05801_,16.48
blkProj14999_7.blk2116_47.r_Registers\[2\]\[16\],16.41
blkProj14999_7.blk2116_47.r_Registers\[25\]\[31\],16.405
_04030_,16.4
_05246_,16.4
blkProj14999_7.blk2116_47.r_Registers\[11\]\[19\],16.4
blkProj14999_7.blk2116_47.r_Registers\[15\]\[7\],16.4
blkProj14999_7.blk2116_47.r_Registers\[21\]\[14\],16.385
_07218_,16.38
blkProj14999_7.blk2116_47.r_Registers\[26\]\[23\],16.37
_06207_,16.36
blkProj14999_7.blk2116_47.r_Registers\[10\]\[24\],16.36
blkProj14999_7.blk2116_47.r_Registers\[23\]\[10\],16.36
blkProj14999_7.blk2116_47.r_Registers\[5\]\[23\],16.36
blkProj14999_7.blk2116_47.r_Registers\[30\]\[5\],16.345
blkProj14999_7.blk3989_105.Result\[29\],16.34
_05611_,16.32
_06842_,16.32
blkProj14999_7.blkProj14963_55.blk3902_64.r_Mem\[1\]\[7\],16.32
blkProj14999_7.blk2116_47.r_Registers\[14\]\[0\],16.3
_05650_,16.28
blkProj14999_7.blk2116_47.r_Registers\[28\]\[3\],16.28
blkProj14999_7.blk2116_47.r_Registers\[21\]\[1\],16.275
_07344_,16.26
_07662_,16.26
blkProj14999_7.blk2116_47.r_Registers\[25\]\[19\],16.255
blkProj14999_7.blk2116_47.r_Registers\[18\]\[15\],16.25
_05078_,16.24
_05127_,16.24
_05255_,16.24
_07585_,16.24
blkProj14999_7.blk2116_47.r_Registers\[20\]\[12\],16.24
_06282_,16.22
_07616_,16.22
blkProj14999_7.blk2116_47.r_Registers\[11\]\[27\],16.22
blkProj14999_7.blk2116_47.r_Registers\[28\]\[6\],16.22
blkProj14999_7.blk2116_47.r_Registers\[29\]\[14\],16.22
blkProj14999_7.blkProj14963_55.blk3902_64.r_Mem\[2\]\[5\],16.22
blkProj14999_7.blk2116_47.r_Registers\[28\]\[23\],16.2
blkProj14999_7.blk2116_47.r_Registers\[30\]\[3\],16.195
blkProj14999_7.blk2116_47.r_Registers\[18\]\[5\],16.19
_04885_,16.18
_06312_,16.18
_06349_,16.17
_03698_,16.16
_07658_,16.16
_04666_,16.14
_07308_,16.14
_07399_,16.14
blkProj14999_7.blk2116_47.r_Registers\[20\]\[10\],16.14
blkProj14999_7.blk4000_70.o_Data\[5\],16.14
net164,16.125
blkProj14999_7.blk2116_47.r_Registers\[12\]\[19\],16.12
blkProj14999_7.blk2116_47.r_Registers\[19\]\[24\],16.12
net119,16.12
_03363_,16.1
_06849_,16.1
blkProj14999_7.blk2116_47.r_Registers\[10\]\[20\],16.1
net154,16.045
blkProj14999_7.blk2116_47.r_Registers\[4\]\[28\],16.04
net127,16.04
_08098_,16.02
blkProj14999_7.blk2116_47.r_Registers\[28\]\[25\],16.02
blkProj14999_7.blk2116_47.r_Registers\[2\]\[2\],16.01
_07042_,16.005
_05297_,16
blkProj14999_7.blk2116_47.r_Registers\[10\]\[23\],16
blkProj14999_7.blk2116_47.r_Registers\[26\]\[8\],16
_05931_,15.98
_06406_,15.98
blkProj14999_7.blkProj14991_42.blk3979_4.multiplier\[7\],15.98
_04656_,15.96
blkProj14999_7.blk2116_47.r_Registers\[15\]\[0\],15.96
_05732_,15.95
_07617_,15.94
blkProj14999_7.blk2116_47.r_Registers\[16\]\[20\],15.94
blkProj14999_7.blk2116_47.r_Registers\[31\]\[28\],15.94
_02417_,15.92
_03665_,15.92
_07961_,15.92
blkProj14999_7.blk2116_47.r_Registers\[27\]\[31\],15.92
_03557_,15.9
_05722_,15.9
_06860_,15.9
blkProj14999_7.blk2116_47.r_Registers\[10\]\[6\],15.9
blkProj14999_7.blk2116_47.r_Registers\[28\]\[2\],15.89
_05866_,15.88
blkProj14999_7.blk2116_47.r_Registers\[24\]\[16\],15.88
blkProj14999_7.blk2116_47.r_Registers\[28\]\[18\],15.88
blkProj14999_7.blk2116_47.r_Registers\[4\]\[10\],15.88
_05701_,15.86
_01645_,15.84
_06885_,15.84
_07375_,15.84
net159,15.84
_03956_,15.82
net72,15.82
_04050_,15.8
blkProj14999_7.blk2116_47.r_Registers\[19\]\[20\],15.8
blkProj14999_7.blk2116_47.r_Registers\[3\]\[22\],15.8
blkProj14999_7.blk2116_47.r_Registers\[26\]\[11\],15.79
blkProj14999_7.blk2116_47.r_Registers\[20\]\[22\],15.78
_07339_,15.76
net79,15.76
_06858_,15.75
_05661_,15.74
_07806_,15.74
_08394_,15.72
blkProj14999_7.blk2116_47.r_Registers\[22\]\[28\],15.72
_06836_,15.7
_07392_,15.7
blkProj14999_7.blk2116_47.r_Registers\[1\]\[30\],15.7
_06805_,15.68
blkProj14999_7.blk2116_47.r_Registers\[27\]\[23\],15.68
_07721_,15.66
blkProj14999_7.blk2116_47.r_Registers\[2\]\[0\],15.66
blkProj14999_7.blk3997_110.PC\[16\],15.66
blkProj14999_7.blkProj14963_55.blk3902_64.r_Mem\[1\]\[24\],15.66
_07397_,15.64
blkProj14999_7.blk2116_47.r_Registers\[1\]\[28\],15.64
net110,15.64
blkProj14999_7.blk2116_47.r_Registers\[13\]\[11\],15.63
_03723_,15.62
_07463_,15.62
_03495_,15.61
_03572_,15.6
_06778_,15.6
_07452_,15.6
blkProj14999_7.blk2116_47.r_Registers\[12\]\[11\],15.6
_06336_,15.58
blkProj14999_7.blk2116_47.r_Registers\[4\]\[3\],15.58
blkProj14999_7.blk2116_47.r_Registers\[11\]\[1\],15.57
_05517_,15.56
_05818_,15.56
blkProj14999_7.blk2116_47.r_Registers\[13\]\[31\],15.56
blkProj14999_7.blk2116_47.r_Registers\[27\]\[1\],15.56
blkProj14999_7.blk2116_47.r_Registers\[4\]\[7\],15.56
net157,15.56
_05723_,15.54
_06125_,15.54
_07546_,15.54
blkProj14999_7.blk2116_47.r_Registers\[8\]\[20\],15.52
_03975_,15.5
_04628_,15.5
_06554_,15.5
blkProj14999_7.blk2116_47.r_Registers\[18\]\[6\],15.495
blkProj14999_7.blk2116_47.r_Registers\[30\]\[4\],15.495
_03708_,15.48
_06621_,15.48
_07671_,15.48
blkProj14999_7.blk2116_47.r_Registers\[0\]\[7\],15.48
blkProj14999_7.blk2116_47.r_Registers\[26\]\[6\],15.465
blkProj14999_7.blk2116_47.r_Registers\[2\]\[17\],15.46
blkProj14999_7.blk3997_110.PC\[6\],15.46
blkProj14999_7.blk2116_47.r_Registers\[22\]\[22\],15.45
_05978_,15.44
blkProj14999_7.blk4000_70.o_Data\[0\],15.44
blkProj14999_7.blkProj14963_55.blk3902_64.r_Mem\[2\]\[1\],15.44
_07644_,15.43
blkProj14999_7.blk2116_47.r_Registers\[10\]\[1\],15.42
blkProj14999_7.blk2116_47.r_Registers\[10\]\[2\],15.42
blkProj14999_7.blk2116_47.r_Registers\[26\]\[21\],15.42
_05120_,15.4
blkProj14999_7.blk2116_47.r_Registers\[0\]\[24\],15.4
blkProj14999_7.blk2116_47.r_Registers\[10\]\[22\],15.4
blkProj14999_7.blk2116_47.r_Registers\[13\]\[15\],15.4
blkProj14999_7.blk2116_47.r_Registers\[13\]\[3\],15.4
o_exeout[1],15.4
_06891_,15.38
_07848_,15.38
net395,15.38
_06457_,15.36
_07886_,15.36
blkProj14999_7.blk2116_47.r_Registers\[13\]\[12\],15.34
blkProj14999_7.blk2116_47.r_Registers\[30\]\[9\],15.34
blkProj14999_7.blk2116_47.r_Registers\[22\]\[16\],15.33
_05131_,15.32
blkProj14999_7.blk2116_47.r_Registers\[3\]\[8\],15.32
blkProj14999_7.blk2116_47.r_Registers\[8\]\[9\],15.32
_07883_,15.3
_08154_,15.3
blkProj14999_7.blk2116_47.r_Registers\[24\]\[12\],15.3
blkProj14999_7.blk2116_47.r_Registers\[31\]\[22\],15.3
net232,15.3
_03639_,15.28
_08413_,15.28
blkProj14999_7.blk2116_47.r_Registers\[15\]\[3\],15.28
blkProj14999_7.blk2116_47.r_Registers\[6\]\[13\],15.28
blkProj14999_7.blk2116_47.r_Registers\[9\]\[0\],15.28
net99,15.28
_04592_,15.26
blkProj14999_7.blk2116_47.r_Registers\[11\]\[28\],15.25
_03151_,15.24
_05813_,15.24
_07628_,15.23
_03702_,15.22
_05901_,15.22
blkProj14999_7.blk2116_47.r_Registers\[4\]\[21\],15.22
_03870_,15.2
_05572_,15.2
_05682_,15.18
blkProj14999_7.blk2116_47.r_Registers\[0\]\[3\],15.18
blkProj14999_7.blkProj14963_55.blk3902_64.r_Mem\[1\]\[21\],15.16
i_rst,15.15
blkProj14999_7.blk2116_47.r_Registers\[15\]\[10\],15.14
blkProj14999_7.blk2116_47.r_Registers\[15\]\[2\],15.14
blkProj14999_7.blk2116_47.r_Registers\[21\]\[10\],15.14
blkProj14999_7.blk2116_47.r_Registers\[27\]\[24\],15.14
blkProj14999_7.blk2116_47.r_Registers\[30\]\[16\],15.13
_07036_,15.12
blkProj14999_7.blk2116_47.r_Registers\[28\]\[14\],15.12
blkProj14999_7.blk2116_47.r_Registers\[10\]\[27\],15.1
blkProj14999_7.blk2116_47.r_Registers\[13\]\[16\],15.1
_05862_,15.095
blkProj14999_7.blk2116_47.r_Registers\[17\]\[25\],15.075
blkProj14999_7.blk2116_47.r_Registers\[25\]\[16\],15.075
_07927_,15.06
blkProj14999_7.blk2116_47.r_Registers\[4\]\[18\],15.06
blkProj14999_7.blk2116_47.r_Registers\[4\]\[5\],15.06
net147,15.06
_06164_,15.04
_06367_,15.04
_06856_,15.04
_03664_,15.02
blkProj14999_7.blk2116_47.r_Registers\[13\]\[14\],15.02
blkProj14999_7.blk2116_47.r_Registers\[24\]\[11\],15.02
blkProj14999_7.blk2116_47.r_Registers\[7\]\[27\],15.02
_03981_,15
blkProj14999_7.blk2116_47.r_Registers\[15\]\[4\],15
blkProj14999_7.blk2116_47.r_Registers\[23\]\[7\],15
blkProj14999_7.blkProj14991_42.blk3979_4.multiplier\[23\],15
net122,15
_08113_,14.98
_08247_,14.98
blkProj14999_7.blk2116_47.r_Registers\[23\]\[8\],14.98
blkProj14999_7.blk2116_47.r_Registers\[9\]\[10\],14.98
blkProj14999_7.blk2116_47.r_Registers\[26\]\[7\],14.975
_03635_,14.94
_08431_,14.94
net68,14.94
_04766_,14.93
blkProj14999_7.blk2116_47.r_Registers\[26\]\[16\],14.925
_03458_,14.92
_03580_,14.92
_03521_,14.9
_03608_,14.9
_05987_,14.9
_07833_,14.9
_05053_,14.88
_05165_,14.88
_05772_,14.88
_06208_,14.88
blkProj14999_7.blk2116_47.r_Registers\[18\]\[24\],14.88
blkProj14999_7.blk2116_47.r_Registers\[8\]\[22\],14.88
_05335_,14.86
_06931_,14.86
blkProj14999_7.blk2116_47.r_Registers\[5\]\[2\],14.86
blkProj14999_7.blk2116_47.r_Registers\[6\]\[27\],14.86
net161,14.86
_03888_,14.84
_04605_,14.84
_04670_,14.84
_07254_,14.84
blkProj14999_7.blk2116_47.r_Registers\[31\]\[19\],14.84
net214,14.84
_05201_,14.8
_06483_,14.8
_07430_,14.8
_06300_,14.78
_06880_,14.78
blkProj14999_7.blk2116_47.r_Registers\[23\]\[1\],14.78
blkProj14999_7.blk2116_47.r_Registers\[4\]\[22\],14.78
_07651_,14.775
_04582_,14.76
blkProj14999_7.blk2116_47.r_Registers\[22\]\[8\],14.76
_05299_,14.74
blkProj14999_7.blk2116_47.r_Registers\[11\]\[23\],14.74
_07705_,14.72
blkProj14999_7.blk2116_47.r_Registers\[0\]\[6\],14.72
blkProj14999_7.blk2116_47.r_Registers\[19\]\[0\],14.72
net359,14.72
_04637_,14.695
_06604_,14.68
_07869_,14.68
blkProj14999_7.blk2116_47.r_Registers\[15\]\[1\],14.68
_06921_,14.66
blkProj14999_7.blk2116_47.r_Registers\[9\]\[1\],14.64
net362,14.64
blkProj14999_7.blk2116_47.r_Registers\[21\]\[5\],14.63
blkProj14999_7.blk2116_47.r_Registers\[13\]\[9\],14.62
blkProj14999_7.blkProj14963_55.blk3902_64.r_Mem\[2\]\[9\],14.62
net126,14.62
net260,14.62
blkProj14999_7.blk2116_47.r_Registers\[17\]\[3\],14.615
blkProj14999_7.blk2116_47.r_Registers\[26\]\[1\],14.615
_04826_,14.6
_05028_,14.6
_07471_,14.6
blkProj14999_7.blk2116_47.r_Registers\[2\]\[20\],14.6
_04136_,14.58
_04677_,14.56
_07584_,14.54
blkProj14999_7.blk2116_47.r_Registers\[13\]\[7\],14.54
_06256_,14.535
_07668_,14.52
blkProj14999_7.blkProj14991_42.blk3979_4.count\[0\],14.52
blkProj14999_7.blk2116_47.r_Registers\[22\]\[5\],14.5
blkProj14999_7.blk2116_47.r_Registers\[4\]\[15\],14.5
blkProj14999_7.blkProj14963_55.blk3902_64.r_Mem\[0\]\[1\],14.5
blkProj14999_7.blkProj14963_55.blk3902_64.r_Mem\[2\]\[14\],14.5
_07875_,14.48
_08345_,14.46
blkProj14999_7.blk2116_47.r_Registers\[15\]\[27\],14.46
blkProj14999_7.blk2116_47.r_Registers\[29\]\[0\],14.46
_03705_,14.44
blkProj14999_7.blk2116_47.r_Registers\[22\]\[2\],14.44
_04208_,14.42
_04226_,14.42
_05581_,14.42
_05711_,14.42
_05849_,14.42
blkProj14999_7.blk2116_47.r_Registers\[14\]\[3\],14.41
_03409_,14.4
_05311_,14.4
_05631_,14.4
_05673_,14.4
_07252_,14.4
blkProj14999_7.blk2116_47.r_Registers\[28\]\[20\],14.4
_07587_,14.38
blkProj14999_7.blk2116_47.r_Registers\[12\]\[1\],14.38
_07010_,14.36
_07894_,14.36
blkProj14999_7.blk2116_47.r_Registers\[17\]\[6\],14.36
_04084_,14.34
blkProj14999_7.blk2116_47.r_Registers\[20\]\[17\],14.34
blkProj14999_7.blk2116_47.r_Registers\[30\]\[30\],14.33
_02430_,14.325
blkProj14999_7.blk2116_47.r_Registers\[30\]\[6\],14.325
_03883_,14.32
_05215_,14.32
_07597_,14.32
_06541_,14.3
_05982_,14.285
_06179_,14.285
_06853_,14.28
blkProj14999_7.blk2116_47.r_Registers\[28\]\[15\],14.28
_03933_,14.26
_06069_,14.26
_06136_,14.26
blkProj14999_7.blk2116_47.r_Registers\[22\]\[17\],14.26
blkProj14999_7.blk2116_47.r_Registers\[7\]\[5\],14.26
_02913_,14.24
_03685_,14.24
_08172_,14.24
blkProj14999_7.blk2116_47.r_Registers\[6\]\[29\],14.24
_07704_,14.23
_07556_,14.22
blkProj14999_7.blk2116_47.r_Registers\[22\]\[4\],14.22
blkProj14999_7.blk2116_47.r_Registers\[31\]\[11\],14.22
_06487_,14.2
blkProj14999_7.blk2116_47.r_Registers\[28\]\[11\],14.2
_02660_,14.185
_00093_,14.18
_06841_,14.18
blkProj14999_7.blk2116_47.r_Registers\[2\]\[25\],14.18
net142,14.165
_07878_,14.16
blkProj14999_7.blk2116_47.r_Registers\[22\]\[30\],14.16
blkProj14999_7.blk2116_47.r_Registers\[27\]\[9\],14.16
blkProj14999_7.blk2116_47.r_Registers\[7\]\[28\],14.16
_01682_,14.14
_07181_,14.14
blkProj14999_7.blk2116_47.r_Registers\[3\]\[12\],14.14
blkProj14999_7.blkProj14963_55.blk3902_64.r_Mem\[1\]\[27\],14.14
blkProj14999_7.blkProj14963_55.blk3902_64.r_Mem\[2\]\[11\],14.14
_05834_,14.12
_07478_,14.12
blkProj14999_7.blk3989_105.Result\[13\],14.12
_05166_,14.1
blkProj14999_7.blk2116_47.r_Registers\[26\]\[31\],14.095
blkProj14999_7.blk2116_47.r_Registers\[30\]\[2\],14.085
_03188_,14.08
_08250_,14.08
blkProj14999_7.blk2116_47.r_Registers\[27\]\[21\],14.06
blkProj14999_7.blk2116_47.r_Registers\[3\]\[17\],14.06
blkProj14999_7.blk2116_47.r_Registers\[4\]\[31\],14.06
blkProj14999_7.blkProj14963_55.blk3902_64.r_Mem\[1\]\[5\],14.06
_06982_,14.05
_03121_,14.04
_06050_,14.04
_06432_,14.04
blkProj14999_7.blk2116_47.r_Registers\[11\]\[22\],14.04
blkProj14999_7.blk2116_47.r_Registers\[19\]\[2\],14.04
blkProj14999_7.blk2116_47.r_Registers\[24\]\[14\],14.04
_07646_,14.03
_07193_,14.02
_07417_,14.02
blkProj14999_7.blk2116_47.r_Registers\[0\]\[10\],14.02
blkProj14999_7.blkProj14991_42.blk3979_4.multiplier\[20\],14.02
_05323_,14.01
_04717_,14
_07829_,14
blkProj14999_7.blk2116_47.r_Registers\[16\]\[7\],14
net426,14
o_exeout[18],13.98
o_exeout[20],13.98
o_exeout[3],13.98
o_exeout[5],13.98
_04270_,13.96
_05824_,13.96
_07038_,13.96
blkProj14523_5.blk4197_44.state\[2\],13.96
blkProj14999_7.blk2116_47.r_Registers\[17\]\[30\],13.95
_02424_,13.94
_04932_,13.94
_05546_,13.94
_06420_,13.94
_08965_,13.94
_07661_,13.935
blkProj14999_7.blk2116_47.r_Registers\[17\]\[0\],13.93
blkProj14999_7.blkProj14991_42.blk3979_4.multiplier\[14\],13.92
_08501_,13.9
blkProj14999_7.blk2116_47.r_Registers\[22\]\[29\],13.9
_00241_,13.89
blkProj14999_7.blk2116_47.r_Registers\[14\]\[27\],13.885
_06146_,13.88
_06227_,13.88
_07561_,13.88
blkProj14999_7.blk2116_47.r_Registers\[17\]\[21\],13.87
_04150_,13.84
_06889_,13.84
_07448_,13.84
_07742_,13.84
blkProj14999_7.blk2116_47.r_Registers\[13\]\[6\],13.84
blkProj14999_7.blk2116_47.r_Registers\[15\]\[22\],13.84
net66,13.84
_03652_,13.82
_03995_,13.82
_06195_,13.82
blkProj14999_7.blkProj14963_55.blk3902_64.r_Mem\[2\]\[6\],13.8
_04014_,13.78
_07103_,13.78
_07648_,13.78
blkProj14999_7.blk2116_47.r_Registers\[8\]\[7\],13.78
blkProj14999_7.blk2116_47.r_Registers\[10\]\[14\],13.77
blkProj14999_7.blk2116_47.r_Registers\[13\]\[18\],13.76
_05196_,13.745
_03992_,13.74
blkProj14999_7.blk2116_47.r_Registers\[2\]\[31\],13.74
_04082_,13.72
_07578_,13.72
blkProj14999_7.blk2116_47.r_Registers\[31\]\[13\],13.72
blkProj14999_7.blk2116_47.r_Registers\[4\]\[26\],13.72
blkProj14999_7.blk2116_47.r_Registers\[8\]\[30\],13.72
net321,13.72
blkProj14999_7.blk2116_47.r_Registers\[18\]\[28\],13.715
_07700_,13.7
blkProj14999_7.blk2116_47.r_Registers\[12\]\[31\],13.7
blkProj14999_7.blk2116_47.r_Registers\[23\]\[6\],13.7
blkProj14999_7.blk2116_47.r_Registers\[28\]\[5\],13.685
_05362_,13.68
_08390_,13.68
blkProj14999_7.blk2116_47.r_Registers\[15\]\[20\],13.68
blkProj14999_7.blk2116_47.r_Registers\[29\]\[8\],13.68
_04647_,13.66
_06145_,13.66
_05636_,13.655
_03487_,13.64
blkProj14999_7.blk2116_47.r_Registers\[27\]\[7\],13.64
_02831_,13.62
_08165_,13.62
blkProj14999_7.blk2116_47.r_Registers\[22\]\[3\],13.62
_02516_,13.56
_04837_,13.56
blkProj14999_7.blk2116_47.r_Registers\[0\]\[14\],13.56
blkProj14999_7.blk2116_47.r_Registers\[25\]\[30\],13.56
_02889_,13.54
_03136_,13.54
_05899_,13.54
blkProj14999_7.blkProj14991_42.blk3979_4.multiplier\[6\],13.54
_06107_,13.53
_04336_,13.52
_06248_,13.52
blkProj14999_7.blk2116_47.r_Registers\[25\]\[20\],13.52
_00961_,13.5
_07303_,13.5
_08685_,13.5
_05616_,13.49
_04087_,13.48
_05310_,13.48
_06936_,13.46
_06404_,13.44
_05953_,13.42
_06726_,13.42
_06798_,13.42
_02511_,13.405
_04003_,13.4
_04350_,13.4
_06407_,13.4
_07327_,13.4
_07316_,13.38
_07743_,13.38
_06266_,13.36
_06475_,13.36
_07665_,13.36
_07881_,13.36
blkProj14999_7.blk2116_47.r_Registers\[27\]\[8\],13.36
blkProj14999_7.blk2116_47.r_Registers\[4\]\[9\],13.36
_05470_,13.34
blkProj14999_7.blk2116_47.r_Registers\[9\]\[27\],13.34
net103,13.34
net371,13.32
_04727_,13.3
blkProj14999_7.blk4000_70.o_Data\[4\],13.3
_05617_,13.28
blkProj14999_7.blk2116_47.r_Registers\[7\]\[24\],13.28
net305,13.28
blkProj14999_7.blk2116_47.r_Registers\[30\]\[22\],13.275
blkProj14999_7.blk2116_47.r_Registers\[4\]\[24\],13.27
_05497_,13.26
_07526_,13.26
_08144_,13.24
blkProj14999_7.blk2116_47.r_Registers\[21\]\[27\],13.225
_07583_,13.22
blkProj14999_7.blk2116_47.r_Registers\[15\]\[6\],13.22
net182,13.22
_02642_,13.2
_08671_,13.2
_03284_,13.18
_04599_,13.18
_06005_,13.18
blkProj14999_7.blkProj14963_55.blk3902_64.r_Mem\[1\]\[13\],13.18
blkProj14999_7.blkProj14963_55.blk3902_64.r_Mem\[1\]\[22\],13.18
blkProj14999_7.blk2116_47.r_Registers\[17\]\[17\],13.155
_07785_,13.15
_05653_,13.145
_06830_,13.14
blkProj14999_7.blk2116_47.r_Registers\[28\]\[31\],13.14
_03426_,13.12
_07442_,13.12
blkProj14999_7.blk2116_47.r_Registers\[4\]\[12\],13.12
blkProj14999_7.blkProj14991_42.blk3979_4.multiplier\[11\],13.12
blkProj14999_7.blk2116_47.r_Registers\[17\]\[2\],13.115
_03306_,13.1
blkProj14999_7.blk2116_47.r_Registers\[20\]\[1\],13.1
_03929_,13.08
_06766_,13.08
_06794_,13.08
_07244_,13.08
_07765_,13.08
_05600_,13.06
blkProj14999_7.blk2116_47.r_Registers\[20\]\[14\],13.06
net317,13.045
_03345_,13.04
_04124_,13.04
_04757_,13.04
_05234_,13.04
_05973_,13.04
blkProj14999_7.blk2116_47.r_Registers\[15\]\[28\],13.04
net513,13.04
_03385_,13.03
_01020_,13.02
_03542_,13.02
_06834_,13.02
blkProj14999_7.blk2116_47.r_Registers\[2\]\[24\],13.02
_02659_,13.005
_06022_,13
blkProj14999_7.blk2116_47.r_Registers\[20\]\[11\],13
blkProj14999_7.blk3997_110.PC\[11\],13
_05559_,12.96
_06409_,12.96
_07114_,12.96
_07240_,12.96
_07259_,12.96
_08760_,12.96
blkProj14999_7.blk2116_47.r_Registers\[5\]\[6\],12.96
blkProj14999_7.blk2116_47.r_Registers\[7\]\[0\],12.96
net75,12.96
net457,12.96
_03980_,12.94
_04614_,12.94
_04715_,12.94
_04738_,12.94
_06847_,12.94
_07479_,12.94
_08322_,12.94
blkProj14999_7.blk2116_47.r_Registers\[12\]\[22\],12.94
net194,12.94
_05692_,12.92
_05710_,12.92
_05934_,12.92
_07418_,12.92
blkProj14999_7.blk2116_47.r_Registers\[29\]\[7\],12.92
net228,12.92
_04745_,12.9
_03524_,12.88
_03660_,12.88
_07067_,12.88
_07440_,12.88
blkProj14999_7.blk2116_47.r_Registers\[3\]\[14\],12.88
blkProj14999_7.blkProj14963_55.blk3902_64.r_Mem\[1\]\[25\],12.88
blkProj14999_7.blk2116_47.r_Registers\[0\]\[18\],12.87
_07460_,12.86
blkProj14999_7.blk2116_47.r_Registers\[25\]\[29\],12.86
blkProj14999_7.blk2116_47.r_Registers\[21\]\[31\],12.855
_07472_,12.84
_07655_,12.84
blkProj14999_7.blk2116_47.r_Registers\[2\]\[1\],12.84
blkProj14999_7.blk2116_47.r_Registers\[7\]\[31\],12.84
net434,12.84
_08381_,12.835
_06093_,12.8
_07465_,12.8
blkProj14999_7.blk2116_47.r_Registers\[16\]\[1\],12.8
blkProj14999_7.blk2116_47.r_Registers\[1\]\[5\],12.8
blkProj14999_7.blk2116_47.r_Registers\[20\]\[20\],12.8
blkProj14999_7.blk2116_47.r_Registers\[23\]\[9\],12.8
blkProj14999_7.blk2116_47.r_Registers\[28\]\[29\],12.8
blkProj14999_7.blk2116_47.r_Registers\[4\]\[27\],12.8
_07673_,12.78
_08001_,12.78
blkProj14999_7.blk2116_47.r_Registers\[27\]\[2\],12.78
_01530_,12.765
_02126_,12.76
_02438_,12.76
_03692_,12.76
blkProj14999_7.blk2116_47.r_Registers\[28\]\[22\],12.755
_04713_,12.74
_08280_,12.74
_04068_,12.72
blkProj14999_7.blkProj14963_55.blk3902_64.r_Mem\[1\]\[12\],12.72
blkProj14999_7.blk2116_47.r_Registers\[21\]\[0\],12.715
_01022_,12.71
_01487_,12.7
_05339_,12.7
_06820_,12.7
_07714_,12.7
blkProj14999_7.blk2116_47.r_Registers\[10\]\[4\],12.7
blkProj14999_7.blk2116_47.r_Registers\[11\]\[31\],12.7
blkProj14999_7.blk3989_105.Result\[25\],12.7
blkProj14999_7.blk2116_47.r_Registers\[25\]\[3\],12.69
_02848_,12.68
_06137_,12.68
blkProj14999_7.blk2116_47.r_Registers\[22\]\[24\],12.68
blkProj14999_7.blk2116_47.r_Registers\[6\]\[3\],12.68
_02406_,12.665
_03555_,12.66
_05481_,12.66
blkProj14999_7.blkProj14963_55.blk3902_64.r_Mem\[1\]\[16\],12.66
net206,12.66
_04551_,12.64
_06047_,12.64
blkProj14999_7.blk2116_47.r_Registers\[3\]\[6\],12.64
blkProj14999_7.blk2116_47.r_Registers\[4\]\[4\],12.64
_03971_,12.62
_04381_,12.62
_04664_,12.62
_04881_,12.62
_06911_,12.62
_07076_,12.62
_07337_,12.62
_08605_,12.62
blkProj14999_7.blk2116_47.r_Registers\[3\]\[31\],12.62
blkProj14999_7.blk2116_47.r_Registers\[9\]\[12\],12.62
net459,12.62
_07877_,12.6
blkProj14999_7.blk2116_47.r_Registers\[19\]\[19\],12.6
o_exeout[11],12.6
net176,12.585
_03417_,12.58
_05376_,12.58
_06539_,12.58
_07286_,12.58
_08891_,12.58
_07443_,12.56
_08145_,12.56
_01758_,12.54
_05912_,12.54
blkProj14999_7.blk2116_47.r_Registers\[14\]\[30\],12.525
_07466_,12.52
blkProj14999_7.blk2116_47.r_Registers\[19\]\[6\],12.52
blkProj14999_7.blk3997_110.PC\[0\],12.52
_07456_,12.51
_07965_,12.5
blkProj14999_7.blk2116_47.r_Registers\[22\]\[6\],12.5
blkProj14999_7.blk4000_70.o_Data\[18\],12.5
_05231_,12.48
_05536_,12.48
_05560_,12.48
o_Instruction[18],12.48
_02455_,12.46
_04237_,12.46
_07664_,12.46
blkProj14999_7.blkProj14963_55.blk3902_64.r_Mem\[2\]\[17\],12.46
net325,12.46
blkProj14999_7.blk2116_47.r_Registers\[21\]\[26\],12.44
blkProj14999_7.blk2116_47.r_Registers\[28\]\[10\],12.425
_05471_,12.42
_07614_,12.42
blkProj14999_7.blk2116_47.r_Registers\[30\]\[10\],12.42
_01369_,12.4
_03724_,12.38
_07075_,12.38
_08485_,12.38
blkProj14999_7.blk2116_47.r_Registers\[0\]\[15\],12.38
net338,12.38
blkProj14999_7.blk4000_70.o_Data\[7\],12.375
_01451_,12.36
_06525_,12.36
blkProj14999_7.blk2116_47.r_Registers\[27\]\[6\],12.36
_03508_,12.34
_06887_,12.34
_07521_,12.34
_07539_,12.34
blkProj14999_7.blk2116_47.r_Registers\[13\]\[24\],12.34
blkProj14999_7.blk2116_47.r_Registers\[19\]\[9\],12.34
blkProj14999_7.blk2116_47.r_Registers\[20\]\[15\],12.34
blkProj14999_7.blk2116_47.r_Registers\[22\]\[12\],12.34
_03130_,12.32
_04495_,12.32
_07497_,12.32
blkProj14999_7.blk2116_47.r_Registers\[18\]\[16\],12.32
_02872_,12.28
_04651_,12.28
_04689_,12.28
_05418_,12.28
_06099_,12.28
net384,12.28
_03721_,12.26
_04287_,12.26
_05447_,12.26
_07755_,12.26
_08157_,12.26
blkProj14999_7.blk2116_47.r_Registers\[10\]\[5\],12.26
blkProj14999_7.blk2116_47.r_Registers\[25\]\[22\],12.25
_05468_,12.245
_03620_,12.24
_05914_,12.24
_06276_,12.24
_06641_,12.24
_00200_,12.23
_05989_,12.22
blkProj14999_7.blk2116_47.r_Registers\[13\]\[4\],12.22
blkProj14999_7.blk2116_47.r_Registers\[1\]\[4\],12.22
_07118_,12.205
_05656_,12.2
_05700_,12.2
_07787_,12.2
blkProj14999_7.blkProj14991_42.blk3979_4.multiplier\[10\],12.2
blkProj14999_7.blk2116_47.r_Registers\[14\]\[6\],12.185
_03907_,12.18
_05694_,12.18
_08865_,12.18
blkProj14999_7.blk2116_47.r_Registers\[9\]\[31\],12.18
_02632_,12.16
_05409_,12.16
_05635_,12.16
_06218_,12.16
_07116_,12.16
_07924_,12.16
_05330_,12.15
blkProj14999_7.blk2116_47.r_Registers\[14\]\[25\],12.145
_00608_,12.14
_01390_,12.14
blkProj14999_7.blk2116_47.r_Registers\[28\]\[30\],12.14
blkProj14999_7.blk2116_47.r_Registers\[5\]\[1\],12.14
_04075_,12.12
_05843_,12.12
_07216_,12.12
_08442_,12.12
_08467_,12.12
blkProj14999_7.blk2116_47.r_Registers\[4\]\[16\],12.12
blkProj14999_7.blk2116_47.r_Registers\[7\]\[7\],12.12
blkProj14999_7.blkProj14991_42.blk3979_4.multiplier\[13\],12.12
net376,12.12
_03333_,12.1
_04658_,12.1
_06446_,12.1
_07933_,12.1
_08878_,12.1
blkProj14999_7.blk2116_47.r_Registers\[20\]\[16\],12.1
blkProj14999_7.blk2116_47.r_Registers\[22\]\[13\],12.1
blkProj14999_7.blk2116_47.r_Registers\[9\]\[17\],12.1
_03979_,12.08
_05467_,12.08
_05672_,12.08
_08235_,12.08
_08356_,12.08
blkProj14999_7.blk2116_47.r_Registers\[9\]\[30\],12.08
net137,12.08
_08122_,12.05
_04669_,12.04
_05045_,12.04
net357,12.04
_04347_,12.02
_08482_,12.02
blkProj14999_7.blk2116_47.r_Registers\[3\]\[10\],12.02
net289,12.02
blkProj14999_7.blk2116_47.r_Registers\[11\]\[3\],12
blkProj14999_7.blk2116_47.r_Registers\[27\]\[22\],12
net193,12
net431,12
_01715_,11.985
_04090_,11.98
_07918_,11.98
blkProj14999_7.blk2116_47.r_Registers\[24\]\[22\],11.98
blkProj14999_7.blk2116_47.r_Registers\[9\]\[8\],11.98
_07495_,11.97
_05957_,11.96
_07403_,11.96
blkProj14999_7.blk2116_47.r_Registers\[18\]\[22\],11.96
blkProj14999_7.blk2116_47.r_Registers\[8\]\[0\],11.96
net356,11.96
_05155_,11.94
_06932_,11.94
blkProj14999_7.blk2116_47.r_Registers\[15\]\[31\],11.94
_00589_,11.92
_04852_,11.92
blkProj14999_7.blkProj14991_42.blk3979_4.multiplier\[15\],11.92
blkProj14999_7.blk2116_47.r_Registers\[30\]\[15\],11.91
_00269_,11.9
_02429_,11.9
_07438_,11.9
blkProj14999_7.blk2116_47.r_Registers\[1\]\[31\],11.9
_02662_,11.885
blkProj14999_7.blk2116_47.r_Registers\[14\]\[29\],11.885
_04883_,11.88
_04952_,11.88
_05525_,11.88
_06561_,11.88
_06777_,11.88
blkProj14999_7.blk2116_47.r_Registers\[22\]\[11\],11.88
blkProj14999_7.blk2116_47.r_Registers\[23\]\[3\],11.88
blkProj14999_7.blk2116_47.r_Registers\[24\]\[13\],11.88
blkProj14999_7.blk4000_70.o_Data\[8\],11.88
blkProj14999_7.blkProj14963_55.blk3902_64.r_Mem\[1\]\[31\],11.88
net480,11.88
blkProj14999_7.blk2116_47.r_Registers\[25\]\[5\],11.875
_02717_,11.865
_00852_,11.85
_00919_,11.84
_02445_,11.84
_05336_,11.84
_05359_,11.84
_05955_,11.84
_06051_,11.84
_06664_,11.84
blkProj14999_7.blkProj14963_55.blk3902_64.r_Mem\[1\]\[23\],11.84
blkProj14999_7.blkProj14991_42.blk3979_4.multiplicand\[63\],11.84
_01589_,11.82
_02554_,11.82
_02843_,11.82
_03601_,11.82
_04694_,11.82
_05020_,11.82
_05634_,11.82
_06530_,11.82
blkProj14999_7.blk2116_47.r_Registers\[28\]\[12\],11.82
_05494_,11.81
_02585_,11.805
_07857_,11.8
blkProj14999_7.blk2116_47.r_Registers\[26\]\[13\],11.795
_04928_,11.78
_06919_,11.78
_07468_,11.78
blkProj14999_7.blkProj14963_55.blk3902_64.r_Mem\[1\]\[1\],11.78
blkProj14999_7.blkProj14991_42.blk3979_4.count\[1\],11.78
_07138_,11.775
_05303_,11.76
_07580_,11.76
_08123_,11.76
_03882_,11.75
_04802_,11.74
_07021_,11.74
_07485_,11.74
_08972_,11.74
blkProj14999_7.blk2116_47.r_Registers\[22\]\[23\],11.74
blkProj14999_7.blkProj14991_42.blk3979_4.multiplicand\[34\],11.74
_04198_,11.73
_05725_,11.72
net140,11.72
net246,11.72
_00450_,11.71
_05193_,11.7
_07396_,11.7
_08055_,11.7
blkProj14999_7.blkProj14991_42.blk3979_4.multiplicand\[42\],11.7
blkProj14999_7.blkProj14991_42.blk3979_4.count\[3\],11.695
blkProj14999_7.blk2116_47.r_Registers\[18\]\[29\],11.69
blkProj14999_7.blk2116_47.r_Registers\[17\]\[24\],11.685
_01628_,11.68
_05924_,11.68
blkProj14999_7.blk2116_47.r_Registers\[19\]\[11\],11.68
blkProj14999_7.blk2116_47.r_Registers\[4\]\[8\],11.68
o_Instruction[0],11.68
o_Instruction[1],11.68
o_Instruction[25],11.68
o_Instruction[4],11.68
o_Instruction[6],11.68
o_exeout[10],11.68
o_exeout[15],11.68
o_exeout[16],11.68
o_exeout[4],11.68
_04148_,11.66
_04626_,11.66
_06289_,11.66
blkProj14999_7.blk2116_47.r_Registers\[12\]\[30\],11.66
blkProj14999_7.blk2116_47.r_Registers\[8\]\[29\],11.66
net485,11.66
_02594_,11.64
_05435_,11.64
_06879_,11.64
_07267_,11.64
_07635_,11.64
blkProj14999_7.blk2116_47.r_Registers\[16\]\[23\],11.64
blkProj14999_7.blk2116_47.r_Registers\[22\]\[9\],11.64
blkProj14999_7.blk2116_47.r_Registers\[2\]\[11\],11.64
blkProj14999_7.blk2116_47.r_Registers\[2\]\[22\],11.63
_02602_,11.625
_03682_,11.62
_04048_,11.62
_07540_,11.62
blkProj14999_7.blk2116_47.r_Registers\[19\]\[4\],11.62
blkProj14999_7.blk2116_47.r_Registers\[14\]\[23\],11.605
_03302_,11.6
_07630_,11.6
_07953_,11.6
_08856_,11.6
_06231_,11.58
_06727_,11.58
_07588_,11.58
_07696_,11.58
_08450_,11.58
_08845_,11.58
blkProj14999_7.blk2116_47.r_Registers\[2\]\[29\],11.58
net512,11.58
_05829_,11.56
blkProj14999_7.blk2116_47.r_Registers\[17\]\[4\],11.555
_03525_,11.55
_07884_,11.54
blkProj14999_7.blk2116_47.r_Registers\[20\]\[19\],11.54
blkProj14999_7.blk2116_47.r_Registers\[2\]\[15\],11.54
blkProj14999_7.blk2116_47.r_Registers\[9\]\[11\],11.54
_05708_,11.52
blkProj14999_7.blk2116_47.r_Registers\[20\]\[3\],11.52
_05848_,11.5
blkProj14999_7.blk2116_47.r_Registers\[4\]\[6\],11.5
blkProj14999_7.blkProj14963_55.blk3902_64.r_Mem\[2\]\[2\],11.5
_05229_,11.48
_06011_,11.48
_08164_,11.48
_08631_,11.48
blkProj14999_7.blk2116_47.r_Registers\[26\]\[14\],11.465
_02457_,11.46
_03462_,11.46
_05288_,11.46
_06087_,11.46
_08568_,11.44
blkProj14999_7.blk2116_47.r_Registers\[18\]\[1\],11.43
_00233_,11.42
_05446_,11.42
_06220_,11.42
_06857_,11.42
_06876_,11.42
_07513_,11.42
blkProj14999_7.blk2116_47.r_Registers\[20\]\[7\],11.42
blkProj14999_7.blk2116_47.r_Registers\[28\]\[24\],11.42
blkProj14999_7.blk2116_47.r_Registers\[8\]\[5\],11.42
_06101_,11.4
_02446_,11.38
_02447_,11.38
net185,11.38
net204,11.38
net296,11.38
_01075_,11.37
_03589_,11.36
_03881_,11.36
_05626_,11.36
_06280_,11.36
_06293_,11.36
_08534_,11.36
blkProj14999_7.blk2116_47.r_Registers\[30\]\[23\],11.345
_04686_,11.34
_05342_,11.34
_06271_,11.34
blkProj14999_7.blk2116_47.r_Registers\[27\]\[10\],11.34
blkProj14999_7.blkProj14963_55.blk3902_64.r_Mem\[1\]\[18\],11.34
_01771_,11.32
_01902_,11.32
_03886_,11.32
_04062_,11.32
_05072_,11.32
_08148_,11.32
_08676_,11.32
blkProj14999_7.blkProj14963_55.blk3902_64.r_Mem\[2\]\[20\],11.32
_06131_,11.3
_06489_,11.3
_07404_,11.3
_06901_,11.28
_07059_,11.28
_07609_,11.28
_09010_,11.28
blkProj14999_7.blk2116_47.r_Registers\[7\]\[22\],11.28
_04380_,11.26
_04648_,11.26
_04705_,11.26
_05344_,11.26
_06877_,11.26
_07287_,11.26
_07903_,11.26
blkProj14999_7.blk2116_47.r_Registers\[22\]\[18\],11.26
blkProj14999_7.blk2116_47.r_Registers\[24\]\[0\],11.26
blkProj14999_7.blk2116_47.r_Registers\[9\]\[26\],11.26
o_Instruction[30],11.26
_05276_,11.25
blkProj14999_7.blk2116_47.r_Registers\[19\]\[23\],11.25
_02631_,11.24
_02873_,11.24
_05186_,11.24
_05787_,11.24
_08416_,11.24
_08643_,11.24
blkProj14999_7.blk2116_47.r_Registers\[14\]\[28\],11.24
net456,11.24
blkProj14999_7.blk2116_47.r_Registers\[21\]\[9\],11.225
_01695_,11.22
_05582_,11.22
_06334_,11.22
_07537_,11.22
_07608_,11.21
_02475_,11.2
_02931_,11.2
_03432_,11.2
_03549_,11.2
_04353_,11.2
_04990_,11.2
_05791_,11.2
_05936_,11.2
_07514_,11.2
_07674_,11.2
_08417_,11.2
net489,11.2
_04722_,11.18
_04809_,11.18
_05302_,11.18
_05465_,11.18
blkProj14999_7.blk2116_47.r_Registers\[1\]\[6\],11.18
blkProj14999_7.blk2116_47.r_Registers\[20\]\[4\],11.18
blkProj14999_7.blk2116_47.r_Registers\[6\]\[22\],11.18
blkProj14999_7.blk2116_47.r_Registers\[6\]\[23\],11.18
_02549_,11.16
_03891_,11.16
_04212_,11.16
_05056_,11.16
_05205_,11.16
_05455_,11.16
_06749_,11.16
_08502_,11.16
blkProj14999_7.blk2116_47.r_Registers\[15\]\[30\],11.16
blkProj14999_7.blk2116_47.r_Registers\[29\]\[16\],11.16
blkProj14999_7.blk2116_47.r_Registers\[4\]\[11\],11.16
blkProj14999_7.blk2116_47.r_Registers\[8\]\[25\],11.16
_06118_,11.155
_00953_,11.14
_04406_,11.14
_05642_,11.14
_07880_,11.14
net268,11.14
_04946_,11.125
_02384_,11.12
_03966_,11.12
_04064_,11.12
_07638_,11.12
_03968_,11.1
_05885_,11.1
net254,11.1
_00310_,11.08
_02461_,11.08
_06200_,11.08
_07776_,11.08
_07821_,11.08
blkProj14999_7.blk2116_47.r_Registers\[31\]\[2\],11.08
net278,11.08
_06803_,11.06
blkProj14999_7.blk2116_47.r_Registers\[20\]\[2\],11.06
blkProj14999_7.blk2116_47.r_Registers\[9\]\[9\],11.06
_01195_,11.05
_03636_,11.045
_07318_,11.04
blkProj14999_7.blk4000_70.o_Data\[2\],11.04
net335,11.04
_03031_,11.02
_03084_,11.02
_03155_,11.02
_08037_,11.02
_09029_,11.02
net304,11.02
net337,11.02
net344,11.02
net514,11.02
_01595_,11
_05382_,11
blkProj14999_7.blkProj14963_55.blk3902_64.r_Mem\[2\]\[31\],11
net402,11
_02492_,10.98
_05828_,10.98
blkProj14999_7.blk2116_47.r_Registers\[15\]\[19\],10.98
blkProj14999_7.blk3989_105.Result\[27\],10.98
net221,10.98
net350,10.98
_04147_,10.96
_04824_,10.96
net414,10.96
_02488_,10.94
_04759_,10.94
_05503_,10.94
blkProj14999_7.blk2116_47.r_Registers\[20\]\[5\],10.94
blkProj14999_7.blk2116_47.r_Registers\[3\]\[11\],10.935
_03583_,10.92
_04609_,10.92
_08238_,10.92
blkProj14999_7.blk2116_47.r_Registers\[31\]\[17\],10.92
_04140_,10.9
_05248_,10.9
_06111_,10.9
_06493_,10.9
_02714_,10.885
_02814_,10.885
_04142_,10.88
_07499_,10.88
_07659_,10.88
_08150_,10.88
blkProj14999_7.blk2116_47.r_Registers\[19\]\[8\],10.88
blkProj14999_7.blkProj14991_42.blk3979_4.multiplicand\[38\],10.88
net306,10.88
_05754_,10.87
_02442_,10.86
_03391_,10.86
_03577_,10.86
_07102_,10.86
_07786_,10.86
_08104_,10.86
_08466_,10.86
_01876_,10.84
_02365_,10.84
_06074_,10.84
blkProj14999_7.blk2116_47.r_Registers\[12\]\[29\],10.84
blkProj14999_7.blk2116_47.r_Registers\[9\]\[4\],10.84
_00723_,10.83
_02428_,10.82
_02531_,10.82
_03337_,10.82
_03681_,10.82
_04412_,10.82
_05144_,10.82
_05146_,10.82
_07000_,10.82
_08666_,10.82
_04035_,10.8
_04244_,10.8
_04679_,10.8
_05177_,10.8
_06112_,10.8
_07603_,10.8
_07958_,10.8
_02621_,10.78
_05089_,10.78
_05512_,10.78
_07353_,10.78
_07739_,10.78
net424,10.78
net538,10.78
_03032_,10.76
_05557_,10.76
_06341_,10.76
_07292_,10.76
blkProj14999_7.blk2116_47.r_Registers\[15\]\[29\],10.76
net430,10.76
_02426_,10.745
_02992_,10.74
_05356_,10.74
_05430_,10.74
_05766_,10.74
_06072_,10.74
_06323_,10.74
_07074_,10.74
_07724_,10.74
_07746_,10.74
_08494_,10.74
_08807_,10.74
blkProj14999_7.blk2116_47.r_Registers\[8\]\[31\],10.74
_04458_,10.72
blkProj14999_7.blk2116_47.r_Registers\[9\]\[5\],10.72
_04055_,10.7
_04077_,10.7
_04245_,10.7
_05001_,10.7
_06163_,10.7
blkProj14999_7.blk2116_47.r_Registers\[31\]\[9\],10.7
blkProj14999_7.blk2116_47.r_Registers\[5\]\[22\],10.7
net551,10.7
blkProj14999_7.blk2116_47.r_Registers\[25\]\[15\],10.685
_03260_,10.68
_04286_,10.68
_04565_,10.68
_08385_,10.68
net203,10.68
_04069_,10.66
_05439_,10.66
_05573_,10.66
_05674_,10.66
_06258_,10.66
_06372_,10.66
_06217_,10.64
_06373_,10.64
net190,10.64
net530,10.64
_00185_,10.63
_06508_,10.63
_00735_,10.62
_04016_,10.62
_05767_,10.62
_07285_,10.62
net420,10.62
_00542_,10.61
_00832_,10.61
_05211_,10.6
blkProj14999_7.blk2116_47.r_Registers\[30\]\[29\],10.6
_07249_,10.585
_02550_,10.58
_04632_,10.58
_05562_,10.58
_07623_,10.58
net554,10.58
_02494_,10.56
_02526_,10.56
_05970_,10.56
_06333_,10.56
_08372_,10.56
_01002_,10.55
_01621_,10.54
_03715_,10.54
_04100_,10.54
_05629_,10.54
blkProj14999_7.blk2116_47.r_Registers\[26\]\[0\],10.53
_01446_,10.52
_01680_,10.52
blkProj14999_7.blk2116_47.r_Registers\[2\]\[18\],10.52
_02600_,10.505
_02603_,10.505
_04267_,10.5
_05286_,10.5
_06213_,10.5
_07180_,10.5
blkProj14999_7.blk2116_47.r_Registers\[10\]\[3\],10.5
blkProj14999_7.blk2116_47.r_Registers\[3\]\[27\],10.5
_03707_,10.48
_07876_,10.48
_01668_,10.465
_06609_,10.46
_07250_,10.46
_02032_,10.44
_02636_,10.44
_02715_,10.44
_02742_,10.44
_03142_,10.44
_03217_,10.44
_05208_,10.44
_08610_,10.44
net215,10.44
_03962_,10.42
_07476_,10.42
_00692_,10.41
_02727_,10.4
_04643_,10.4
_04708_,10.4
_06063_,10.4
_06071_,10.4
_07782_,10.4
_07889_,10.4
_08118_,10.4
_08983_,10.4
blkProj14999_7.blk2116_47.r_Registers\[15\]\[23\],10.4
blkProj14999_7.blk2116_47.r_Registers\[21\]\[3\],10.39
blkProj14999_7.blk2116_47.r_Registers\[25\]\[6\],10.39
_03297_,10.38
_05433_,10.38
_07931_,10.38
net94,10.38
_01050_,10.37
_07518_,10.37
_03416_,10.36
_04194_,10.36
_04755_,10.36
_05150_,10.36
blkProj14999_7.blk2116_47.r_Registers\[14\]\[5\],10.345
_02427_,10.34
_03070_,10.34
_03176_,10.34
_06000_,10.34
_08596_,10.34
_08854_,10.34
blkProj14999_7.blkProj14963_55.blk3902_64.r_Mem\[1\]\[10\],10.34
net230,10.34
_02640_,10.32
_02740_,10.32
_03147_,10.32
_05235_,10.32
_05329_,10.32
_07289_,10.32
_07645_,10.32
_08767_,10.32
blkProj14999_7.blk2116_47.r_Registers\[26\]\[10\],10.31
_02756_,10.305
_05534_,10.3
blkProj14999_7.blk3989_105.Result\[1\],10.285
_01099_,10.28
_03901_,10.28
_05188_,10.28
_05250_,10.28
_05492_,10.28
_05896_,10.28
_06815_,10.28
_07387_,10.28
blkProj14999_7.blk2116_47.r_Registers\[26\]\[22\],10.28
blkProj14999_7.blk2116_47.r_Registers\[31\]\[16\],10.28
net374,10.28
_08783_,10.26
_01114_,10.25
_01355_,10.25
_05148_,10.24
_07124_,10.24
_08400_,10.24
blkProj14999_7.blk2116_47.r_Registers\[16\]\[29\],10.24
_00639_,10.23
net547,10.22
_02059_,10.2
_04541_,10.2
_04591_,10.2
_04681_,10.2
_06095_,10.2
_07019_,10.2
_07473_,10.2
_07940_,10.2
_09016_,10.2
blkProj14999_7.blk2116_47.r_Registers\[22\]\[15\],10.2
_02975_,10.18
_06031_,10.18
_06465_,10.18
_07798_,10.18
net320,10.18
blkProj14999_7.blkProj14991_42.blk3979_4.multiplicand\[33\],10.17
_02180_,10.16
_04265_,10.16
_05292_,10.16
_05748_,10.16
_06114_,10.16
_06514_,10.16
blkProj14999_7.blk2116_47.r_Registers\[4\]\[14\],10.16
blkProj14999_7.blkProj14963_55.blk3902_64.r_Mem\[2\]\[29\],10.16
blkProj14999_7.blk4000_70.o_Data\[3\],10.14
_03668_,10.12
_07368_,10.12
_07639_,10.12
blkProj14999_7.blk2116_47.r_Registers\[25\]\[17\],10.115
_00104_,10.11
_07300_,10.1
net467,10.1
_06584_,10.095
_07754_,10.08
blkProj14999_7.blk2116_47.r_Registers\[13\]\[8\],10.08
blkProj14999_7.blk2116_47.r_Registers\[19\]\[10\],10.08
net497,10.08
blkProj14999_7.blk2116_47.r_Registers\[21\]\[11\],10.07
net501,10.06
_04234_,10.04
_06257_,10.04
blkProj14999_7.blk2116_47.r_Registers\[27\]\[5\],10.04
blkProj14999_7.blk2116_47.r_Registers\[31\]\[15\],10.04
blkProj14999_7.blk2116_47.r_Registers\[4\]\[1\],10.04
blkProj14999_7.blkProj14963_55.blk3902_64.r_Mem\[2\]\[24\],10.04
_07228_,10.02
net427,10.02
_02605_,10.005
_02664_,10.005
_01023_,10
_01983_,10
_05306_,10
net299,10
_05474_,9.99
_02419_,9.98
_02553_,9.98
_03578_,9.98
_07247_,9.98
_08112_,9.98
_08815_,9.98
blkProj14999_7.blk2116_47.r_Registers\[8\]\[1\],9.98
blkProj14999_7.blk3989_105.Result\[30\],9.98
o_Instruction[24],9.98
net199,9.98
net343,9.98
_03241_,9.96
_04078_,9.96
blkProj14999_7.blk2116_47.r_Registers\[2\]\[23\],9.96
_03028_,9.94
_03259_,9.94
_04045_,9.94
_05623_,9.94
_06412_,9.94
_06873_,9.94
_07367_,9.94
_08834_,9.94
blkProj14999_7.blk2116_47.r_Registers\[13\]\[5\],9.94
_01194_,9.93
_05718_,9.92
blkProj14999_7.blk2116_47.r_Registers\[13\]\[2\],9.92
_07291_,9.915
_03242_,9.9
_07034_,9.9
blkProj14999_7.blkProj14963_55.blk3902_64.r_Mem\[0\]\[26\],9.9
_03253_,9.88
_03903_,9.88
blkProj14999_7.blkProj14963_55.blk3902_64.r_Mem\[0\]\[13\],9.88
blkProj14999_7.blkProj14963_55.blk3902_64.r_Mem\[0\]\[15\],9.88
o_Instruction[31],9.88
_05645_,9.87
_02629_,9.86
_03969_,9.86
_04223_,9.86
_05117_,9.86
_05522_,9.86
_05739_,9.86
_06809_,9.86
_07272_,9.86
_08221_,9.86
_08380_,9.86
o_exeout[22],9.86
net355,9.86
net107,9.84
_00641_,9.82
_02451_,9.82
_02734_,9.82
_03038_,9.82
_03709_,9.82
_04000_,9.82
_04060_,9.82
_04618_,9.82
_07500_,9.82
_08395_,9.82
_08785_,9.82
net419,9.82
_02620_,9.8
_03065_,9.8
_03433_,9.8
_04971_,9.8
_06839_,9.8
_07747_,9.8
blkProj14999_7.blk2116_47.r_Registers\[19\]\[7\],9.8
_00840_,9.79
blkProj14999_7.blk2116_47.r_Registers\[14\]\[26\],9.79
blkProj14999_7.blk2116_47.r_Registers\[18\]\[31\],9.785
_03036_,9.78
_03331_,9.78
_03923_,9.78
_04644_,9.78
_04758_,9.78
_05098_,9.78
_07536_,9.78
_07725_,9.78
_08103_,9.78
blkProj14999_7.blkProj14963_55.blk3902_64.r_Mem\[0\]\[23\],9.78
net446,9.76
net495,9.76
_00997_,9.75
_02072_,9.74
_03348_,9.74
_05520_,9.74
_05963_,9.74
_06739_,9.74
_07306_,9.74
_02667_,9.735
_06350_,9.72
_06625_,9.72
_07973_,9.72
blkProj14999_7.blkProj14963_55.blk3902_64.r_Mem\[0\]\[2\],9.72
net132,9.72
net180,9.72
net148,9.705
_03341_,9.7
_05750_,9.7
_06408_,9.7
blkProj14999_7.blk2116_47.r_Registers\[20\]\[6\],9.7
blkProj14999_7.blk2116_47.r_Registers\[23\]\[4\],9.7
blkProj14999_7.blk2116_47.r_Registers\[27\]\[25\],9.7
net520,9.7
_07243_,9.68
_08348_,9.68
_04314_,9.66
_06219_,9.66
_07834_,9.66
blkProj14999_7.blkProj14963_55.blk3902_64.r_Mem\[1\]\[0\],9.66
net475,9.66
net543,9.66
net167,9.645
_04951_,9.64
_06382_,9.64
_07480_,9.64
_02162_,9.62
_03392_,9.62
_06381_,9.62
_07066_,9.62
_07482_,9.62
_07775_,9.62
_08956_,9.62
_01561_,9.605
_02657_,9.605
_02185_,9.6
_04151_,9.6
_05563_,9.6
_06492_,9.6
_07592_,9.6
_07855_,9.6
_07960_,9.6
blkProj14999_7.blk3989_105.Result\[23\],9.6
net162,9.585
_03973_,9.58
_05550_,9.58
_05668_,9.58
_05764_,9.58
_08278_,9.58
blkProj14999_7.blk2116_47.r_Registers\[19\]\[1\],9.58
blkProj14999_7.blk2116_47.r_Registers\[6\]\[24\],9.58
blkProj14999_7.blk2116_47.r_Registers\[7\]\[29\],9.58
_03465_,9.565
_04729_,9.56
_04330_,9.54
_05071_,9.54
_05233_,9.54
_05312_,9.54
net369,9.54
net411,9.54
net482,9.54
_05301_,9.535
_02272_,9.52
_02431_,9.52
_02462_,9.52
_02556_,9.52
_02564_,9.52
_05605_,9.52
_05777_,9.52
_06933_,9.52
_07045_,9.52
_07380_,9.52
blkProj14999_7.blk3989_105.Result\[15\],9.52
_00642_,9.5
_01882_,9.5
_02741_,9.5
_03228_,9.5
_03662_,9.5
_05592_,9.5
_05993_,9.5
_08096_,9.5
_03216_,9.48
_03291_,9.48
_04019_,9.48
_04281_,9.48
_05113_,9.48
_05223_,9.48
_06303_,9.48
_07141_,9.48
_08256_,9.48
_08628_,9.48
blkProj14999_7.blk2116_47.r_Registers\[13\]\[1\],9.48
blkProj14999_7.blk2116_47.r_Registers\[4\]\[19\],9.48
blkProj14999_7.blkProj14963_55.blk3902_64.r_Mem\[0\]\[4\],9.48
_02614_,9.465
_01597_,9.46
_07377_,9.46
blkProj14999_7.blk2116_47.r_Registers\[15\]\[24\],9.46
blkProj14999_7.blk2116_47.r_Registers\[19\]\[5\],9.46
blkProj14999_7.blk2116_47.r_Registers\[31\]\[18\],9.46
_02661_,9.445
_02634_,9.44
_03332_,9.44
_03596_,9.44
_04415_,9.44
_06611_,9.44
_08573_,9.44
_08892_,9.44
blkProj14999_7.blk2116_47.r_Registers\[26\]\[2\],9.44
_04083_,9.42
_04675_,9.42
_05254_,9.42
_06148_,9.42
_08479_,9.42
_02282_,9.4
_05690_,9.4
_05886_,9.4
_06706_,9.4
_07024_,9.4
_07586_,9.4
_07919_,9.4
_08639_,9.4
net128,9.4
net233,9.4
net319,9.4
net423,9.4
net454,9.4
_07709_,9.38
net105,9.38
_02702_,9.365
_00521_,9.36
_03126_,9.36
_03221_,9.36
_03403_,9.36
_07055_,9.36
_07424_,9.36
_07726_,9.36
_08578_,9.36
_08657_,9.36
_08805_,9.36
blkProj14999_7.blk2116_47.r_Registers\[27\]\[4\],9.36
_00679_,9.35
_02102_,9.34
_02385_,9.34
_03075_,9.34
_09032_,9.34
blkProj14999_7.blk2116_47.r_Registers\[27\]\[3\],9.34
_02770_,9.325
_03023_,9.32
_04660_,9.32
_04887_,9.32
_07156_,9.32
_07270_,9.32
_07358_,9.32
_08424_,9.32
_08435_,9.32
_08913_,9.32
blkProj14999_7.blk2116_47.r_Registers\[30\]\[17\],9.305
_03683_,9.3
_04167_,9.3
_06027_,9.3
_06461_,9.3
net361,9.3
net386,9.3
_01326_,9.29
_02189_,9.28
_05237_,9.28
_05530_,9.28
_06389_,9.28
_06401_,9.28
_07764_,9.28
_08151_,9.28
blkProj14999_7.blk2116_47.r_Registers\[29\]\[12\],9.28
net490,9.28
net546,9.28
_03239_,9.26
_03430_,9.26
_05695_,9.26
_05734_,9.26
blkProj14999_7.blk2116_47.r_Registers\[29\]\[17\],9.26
net242,9.26
blkProj14999_7.blk2116_47.r_Registers\[14\]\[24\],9.245
_01624_,9.24
_02491_,9.24
_02567_,9.24
_05226_,9.24
_07631_,9.22
_08267_,9.22
_08629_,9.22
_00546_,9.21
_01984_,9.2
_02364_,9.2
_03680_,9.2
_04904_,9.2
_05051_,9.2
net262,9.2
net297,9.2
net354,9.2
net464,9.2
net492,9.2
_02767_,9.195
_01770_,9.18
_07450_,9.18
net525,9.18
blkProj14999_7.blk2116_47.r_Registers\[21\]\[28\],9.175
_00375_,9.17
_02477_,9.16
blkProj14999_7.blk2116_47.r_Registers\[29\]\[28\],9.16
blkProj14999_7.blk2116_47.r_Registers\[7\]\[30\],9.16
_01477_,9.14
_01507_,9.14
_01606_,9.14
_02704_,9.14
blkProj14999_7.blk2116_47.r_Registers\[17\]\[1\],9.14
blkProj14999_7.blk2116_47.r_Registers\[6\]\[1\],9.14
_04447_,9.12
_04875_,9.12
_06800_,9.12
_06868_,9.12
_07447_,9.12
_07669_,9.12
_07898_,9.12
_07956_,9.12
blkProj14999_7.blk2116_47.r_Registers\[12\]\[3\],9.12
blkProj14999_7.blk2116_47.r_Registers\[14\]\[1\],9.12
blkProj14999_7.blk2116_47.r_Registers\[29\]\[24\],9.12
blkProj14999_7.blk2116_47.r_Registers\[31\]\[14\],9.12
blkProj14999_7.blkProj14991_42.blk3979_4.funct3_r\[2\],9.12
blkProj14999_7.blk3989_105.Result\[24\],9.1
blkProj14999_7.blkProj14991_42.blk3979_4.count\[5\],9.1
_00609_,9.09
_00652_,9.09
_03607_,9.08
_04028_,9.08
_05654_,9.08
_00647_,9.07
net104,9.065
_02857_,9.06
_04238_,9.06
_07268_,9.06
_07413_,9.06
_08295_,9.06
_08714_,9.06
_08791_,9.06
blkProj14999_7.blk2116_47.r_Registers\[4\]\[17\],9.06
blkProj14999_7.blkProj14963_55.blk3902_64.r_Mem\[2\]\[27\],9.06
_06581_,9.05
_03304_,9.04
_05241_,9.04
_06077_,9.04
_08648_,9.04
blkProj14999_7.blk2116_47.r_Registers\[9\]\[25\],9.04
blkProj14999_7.blkProj14991_42.blk3979_4.multiplier\[19\],9.04
_01217_,9.03
_01314_,9.03
_01008_,9.02
_03051_,9.02
_04021_,9.02
_04031_,9.02
_05368_,9.02
_05882_,9.02
_07105_,9.02
_07492_,9.02
_07532_,9.02
_08050_,9.02
blkProj14999_7.blk2116_47.r_Registers\[26\]\[30\],9.02
blkProj14999_7.blk3997_110.PC\[21\],9.02
blkProj14999_7.blkProj14963_55.blk3902_64.r_Mem\[2\]\[30\],9.02
net143,9.02
net353,9.02
_00052_,9
_08352_,9
blkProj14999_7.blk2116_47.r_Registers\[8\]\[26\],9
_06104_,8.99
_01056_,8.98
_03688_,8.98
_04866_,8.98
_07393_,8.98
_08367_,8.98
_08601_,8.98
_00592_,8.97
_01013_,8.96
_02292_,8.96
_04968_,8.96
_08253_,8.96
o_Instruction[5],8.96
o_Instruction[7],8.96
o_exeout[30],8.96
net363,8.96
_02121_,8.94
_02828_,8.94
_02874_,8.94
_03292_,8.94
_06607_,8.94
_07779_,8.94
_07900_,8.94
_08618_,8.94
_09013_,8.94
net388,8.94
net401,8.94
net403,8.94
net455,8.94
net471,8.94
net502,8.94
_01740_,8.92
_02772_,8.92
_05055_,8.92
_05387_,8.92
_05596_,8.92
_05960_,8.92
_07121_,8.92
_07551_,8.92
_07715_,8.92
_07759_,8.92
_08049_,8.92
_00802_,8.91
_02761_,8.905
_00560_,8.9
_03062_,8.9
_03177_,8.9
_03287_,8.9
_03408_,8.9
_04065_,8.9
_04280_,8.9
_04703_,8.9
_05249_,8.9
_05589_,8.9
_06512_,8.9
_07320_,8.9
_07515_,8.9
_08187_,8.9
_08664_,8.9
_08695_,8.9
_08750_,8.9
blkProj14999_7.blk2116_47.r_Registers\[27\]\[26\],8.9
blkProj14999_7.blkProj14991_42.blk3979_4.multiplier\[2\],8.9
net311,8.9
net486,8.9
_00774_,8.89
_03726_,8.88
_04607_,8.88
_06819_,8.88
blkProj14999_7.blk2116_47.r_Registers\[16\]\[2\],8.88
_01016_,8.87
_02195_,8.86
_02919_,8.86
_02960_,8.86
_04310_,8.86
_06559_,8.86
net263,8.86
_02592_,8.845
blkProj14999_7.blk2116_47.r_Registers\[26\]\[17\],8.845
_04282_,8.84
net247,8.84
net326,8.84
net327,8.84
_00208_,8.83
_02708_,8.825
_01093_,8.82
_02637_,8.82
_02925_,8.82
_03399_,8.82
_03516_,8.82
_04970_,8.82
_05591_,8.82
_07575_,8.82
_07791_,8.82
net488,8.82
net516,8.82
_05903_,8.81
_04435_,8.8
_04941_,8.8
_05014_,8.8
_06934_,8.8
_07572_,8.8
_08004_,8.8
blkProj14999_7.blk2116_47.r_Registers\[2\]\[26\],8.8
net276,8.8
net539,8.8
_01039_,8.79
_05213_,8.78
_07046_,8.78
_07602_,8.78
_08800_,8.78
net67,8.78
net266,8.78
net267,8.78
net399,8.78
_00239_,8.77
_03568_,8.76
_06816_,8.76
_08344_,8.76
_08422_,8.76
_02312_,8.755
_01963_,8.74
_03258_,8.74
_06549_,8.74
net277,8.74
_01448_,8.72
_01951_,8.72
_00559_,8.7
_03621_,8.7
_04166_,8.7
_05097_,8.7
_05961_,8.7
blkProj14999_7.blk2116_47.r_Registers\[11\]\[11\],8.7
blkProj14999_7.blkProj14963_55.blk3902_64.r_Mem\[2\]\[0\],8.7
blkProj14999_7.blkProj14963_55.blk3902_64.r_Mem\[2\]\[3\],8.7
_00381_,8.68
_01720_,8.68
_02512_,8.68
_02541_,8.68
blkProj14999_7.blk2116_47.r_Registers\[9\]\[6\],8.68
_07720_,8.675
blkProj14999_7.blk2116_47.r_Registers\[21\]\[23\],8.675
blkProj14999_7.blkProj14963_55.blk3902_64.r_Mem\[1\]\[15\],8.66
_05733_,8.65
_04253_,8.645
_00504_,8.64
_05319_,8.64
net208,8.64
_02506_,8.625
_01512_,8.62
_03722_,8.62
_05412_,8.62
_05761_,8.62
_06380_,8.62
_07907_,8.62
blkProj14999_7.blk2116_47.r_Registers\[16\]\[30\],8.62
net443,8.62
_02582_,8.615
_00992_,8.61
_01699_,8.6
_01897_,8.6
_02432_,8.6
_04163_,8.6
_04225_,8.6
_04227_,8.6
_06497_,8.6
_07490_,8.6
_07937_,8.6
_08632_,8.6
net192,8.6
_04620_,8.595
_05304_,8.595
_01565_,8.58
_01766_,8.58
_02880_,8.58
_04320_,8.58
_07582_,8.58
blkProj14999_7.blk2116_47.r_Registers\[3\]\[23\],8.58
blkProj14999_7.blkProj14991_42.blk3979_4.multiplier\[17\],8.58
net163,8.58
_02576_,8.565
_03107_,8.56
_03108_,8.56
_03124_,8.56
_03281_,8.56
_03421_,8.56
_04627_,8.56
_04720_,8.56
_06295_,8.56
_06907_,8.56
_06918_,8.56
_07123_,8.56
_07130_,8.56
_07708_,8.56
_08259_,8.56
_08377_,8.56
_08710_,8.56
_09021_,8.56
net134,8.56
_00116_,8.55
_01331_,8.55
_04254_,8.54
_00202_,8.52
_02437_,8.52
_04736_,8.52
_04849_,8.52
_04914_,8.52
_06273_,8.52
_07885_,8.52
_08304_,8.52
_08311_,8.52
_08589_,8.52
_08841_,8.52
_00409_,8.5
_02841_,8.5
_03911_,8.5
_04020_,8.5
_04210_,8.5
_05207_,8.5
_05261_,8.5
_07064_,8.5
_07772_,8.5
_08095_,8.5
net259,8.5
_03637_,8.49
_04070_,8.48
_04093_,8.48
_04747_,8.48
_04765_,8.48
_04871_,8.48
_05377_,8.48
_05384_,8.48
_07819_,8.48
_08558_,8.48
_08691_,8.48
net394,8.48
_03727_,8.46
_05940_,8.46
_07594_,8.46
blkProj14999_7.blk2116_47.r_Registers\[29\]\[18\],8.46
_03112_,8.44
_03264_,8.44
_04129_,8.44
_04201_,8.44
_05227_,8.44
_06122_,8.44
_06239_,8.44
_07741_,8.44
_07789_,8.44
_07867_,8.44
_08382_,8.44
_08926_,8.44
blkProj14999_7.blk2116_47.r_Registers\[13\]\[17\],8.44
blkProj14999_7.blk3989_105.Result\[26\],8.44
blkProj14999_7.blkProj14963_55.blk3902_64.r_Mem\[2\]\[16\],8.44
net257,8.44
_07356_,8.42
_01017_,8.4
_03554_,8.4
_03983_,8.4
_04044_,8.4
_04099_,8.4
_05637_,8.4
_07015_,8.4
_07299_,8.4
_07365_,8.4
_07372_,8.4
_07633_,8.4
_08167_,8.4
_08331_,8.4
blkProj14999_7.blk3989_105.MULT\[11\],8.4
net366,8.4
_07666_,8.39
blkProj14999_7.blkProj14963_55.blk3902_64.r_Mem\[2\]\[13\],8.38
net250,8.38
net292,8.38
_03074_,8.36
_03527_,8.36
_03717_,8.36
_04091_,8.36
_04191_,8.36
_04316_,8.36
_04959_,8.36
_05063_,8.36
_06556_,8.36
_06981_,8.36
blkProj14999_7.blk3989_105.Result\[19\],8.36
net491,8.36
_01400_,8.345
_04873_,8.34
_06423_,8.34
_06622_,8.34
net469,8.34
net506,8.34
blkProj14999_7.blk4000_70.o_Data\[9\],8.335
_00733_,8.32
_01465_,8.32
_03457_,8.32
_07722_,8.32
_07728_,8.32
_08026_,8.32
_01113_,8.31
_02658_,8.305
_02754_,8.305
net145,8.305
_00827_,8.28
net383,8.28
net438,8.28
net487,8.28
_07026_,8.27
_07458_,8.26
net515,8.26
_01488_,8.24
_05363_,8.24
_06241_,8.24
_06898_,8.24
_08619_,8.24
blkProj14999_7.blk2116_47.r_Registers\[10\]\[31\],8.22
net225,8.22
_01029_,8.2
_07028_,8.2
blkProj14999_7.blk2116_47.r_Registers\[13\]\[0\],8.2
blkProj14999_7.blk2116_47.r_Registers\[7\]\[25\],8.2
_01599_,8.18
_02009_,8.18
_01160_,8.17
_02755_,8.165
_02285_,8.16
_02370_,8.16
_02436_,8.16
_03651_,8.16
_02504_,8.145
_01363_,8.14
_02137_,8.14
_02381_,8.14
_02545_,8.14
_03045_,8.14
_03974_,8.14
_04058_,8.14
_06623_,8.14
_07988_,8.14
_08444_,8.14
_08832_,8.14
_08895_,8.14
_08904_,8.14
blkProj14999_7.blkProj14991_42.blk3979_4.count\[4\],8.14
blkProj14999_7.blkProj14991_42.blk3979_4.multiplier\[21\],8.14
net379,8.14
net428,8.14
_07400_,8.13
_01562_,8.12
_05586_,8.12
_07406_,8.12
_07675_,8.12
_07962_,8.12
_08146_,8.12
_08533_,8.12
_02391_,8.1
_02397_,8.1
_02842_,8.1
_03178_,8.1
_03248_,8.1
_03436_,8.1
_03488_,8.1
_04080_,8.1
_04342_,8.1
_04366_,8.1
_05139_,8.1
_07084_,8.1
_08299_,8.1
_08342_,8.1
_08349_,8.1
_08686_,8.1
_08811_,8.1
_08860_,8.1
_08903_,8.1
_08964_,8.1
blkProj14999_7.blkProj14991_42.blk3979_4.multiplier\[0\],8.1
blkProj14999_7.blkProj14991_42.blk3979_4.multiplier\[12\],8.1
blkProj14999_7.blkProj14991_42.blk3979_4.multiplier\[16\],8.1
_06317_,8.08
_07484_,8.08
_07529_,8.08
_02589_,8.065
_00458_,8.06
_03407_,8.06
_05232_,8.06
_07282_,8.06
_08340_,8.06
_08446_,8.06
_08507_,8.06
_08646_,8.06
_08704_,8.06
_02757_,8.055
_00128_,8.05
_03658_,8.04
_04909_,8.04
_06522_,8.04
_06894_,8.04
_07192_,8.04
_07790_,8.04
_08070_,8.04
o_Instruction[28],8.04
o_Instruction[9],8.04
o_exeout[12],8.04
o_exeout[19],8.04
o_exeout[27],8.04
o_exeout[28],8.04
o_exeout[29],8.04
o_exeout[6],8.04
_00044_,8.02
_00051_,8.02
_04482_,8.02
_04987_,8.02
_05222_,8.02
_05526_,8.02
_05921_,8.02
_06511_,8.02
_07104_,8.02
_07912_,8.02
_08412_,8.02
_08552_,8.02
_08564_,8.02
_08613_,8.02
net86,8.02
_02157_,8
_07441_,8
_07707_,8
blkProj14999_7.blk3989_105.Result\[22\],7.985
_01324_,7.98
_02705_,7.98
_03375_,7.98
_03412_,7.98
_03978_,7.98
_03982_,7.98
_04092_,7.98
_04276_,7.98
_04335_,7.98
_05326_,7.98
_05847_,7.98
_06229_,7.98
_06538_,7.98
_06658_,7.98
_07234_,7.98
_08419_,7.98
_08616_,7.98
_08931_,7.98
net291,7.98
_01267_,7.97
_02808_,7.945
_08389_,7.945
_00060_,7.94
_00295_,7.94
_03053_,7.94
_04043_,7.94
_07737_,7.94
_07850_,7.94
_08460_,7.94
_08492_,7.94
blkProj14999_7.blkProj14963_55.blk3902_64.r_Mem\[0\]\[12\],7.94
_05570_,7.92
net447,7.92
net458,7.92
net494,7.92
net536,7.92
blkProj14999_7.blk2116_47.r_Registers\[17\]\[23\],7.91
_01972_,7.9
_02010_,7.9
_03266_,7.9
_03670_,7.9
_03994_,7.9
_04042_,7.9
_06214_,7.9
_06537_,7.9
_06633_,7.9
_07921_,7.9
_07994_,7.9
_08013_,7.9
_01832_,7.885
_02089_,7.885
_02604_,7.88
_04197_,7.88
_04289_,7.88
_05714_,7.88
_05932_,7.88
blkProj14999_7.blk2116_47.r_Registers\[18\]\[23\],7.88
net273,7.88
_00155_,7.86
_00334_,7.86
_01970_,7.86
_06456_,7.86
_07749_,7.86
_01083_,7.85
blkProj14999_7.blk2116_47.r_Registers\[26\]\[18\],7.85
_02119_,7.845
_00357_,7.84
_00483_,7.83
_00218_,7.82
_00397_,7.82
_01019_,7.82
_01126_,7.82
_06912_,7.82
net249,7.82
net358,7.82
blkProj14999_7.blk2116_47.r_Registers\[25\]\[18\],7.805
_01123_,7.8
_02341_,7.8
net209,7.8
_00327_,7.79
_00498_,7.79
_00694_,7.79
_01338_,7.79
_01844_,7.78
_02643_,7.78
_02847_,7.78
_02933_,7.78
_03202_,7.78
_04171_,7.78
_05320_,7.78
_05752_,7.78
_06308_,7.78
_08607_,7.78
blkProj14999_7.blk3989_105.Result\[16\],7.78
blkProj14999_7.blkProj14963_55.blk3902_64.r_Mem\[1\]\[14\],7.78
net526,7.78
_07756_,7.77
_02320_,7.76
_05895_,7.76
_07570_,7.76
_07828_,7.76
_08319_,7.76
_05759_,7.74
_07113_,7.74
_07383_,7.74
_07449_,7.74
_08288_,7.74
_08470_,7.74
blkProj14999_7.blk2116_47.r_Registers\[20\]\[18\],7.74
blkProj14999_7.blk2116_47.r_Registers\[31\]\[12\],7.74
blkProj14999_7.blkProj14963_55.blk3902_64.r_Mem\[1\]\[4\],7.74
net302,7.74
_00528_,7.73
_00713_,7.73
_00817_,7.73
_01356_,7.73
_01281_,7.72
_06369_,7.72
_01216_,7.71
_02613_,7.705
_02257_,7.7
_07818_,7.7
_08156_,7.7
net139,7.7
net191,7.7
_01067_,7.69
_01557_,7.68
_02125_,7.68
_02425_,7.68
_04259_,7.68
_04364_,7.68
_04746_,7.68
_05245_,7.68
_06462_,7.68
_06571_,7.68
_06861_,7.68
_07895_,7.68
_08421_,7.68
_08669_,7.68
_08784_,7.68
net210,7.68
net368,7.68
_01798_,7.66
_07502_,7.66
_06822_,7.655
_01642_,7.64
_02628_,7.64
_02728_,7.64
_02928_,7.64
_03073_,7.64
_04098_,7.64
_04215_,7.64
_04843_,7.64
_06361_,7.64
_06653_,7.64
_06757_,7.64
_07391_,7.64
_07589_,7.64
_08021_,7.64
_08447_,7.64
_08555_,7.64
net272,7.64
_03987_,7.625
_02792_,7.62
_02823_,7.62
_03666_,7.62
_04257_,7.62
_06996_,7.615
_02601_,7.605
_00227_,7.6
_01431_,7.6
_02101_,7.6
_02882_,7.6
_03097_,7.6
_03100_,7.6
_06553_,7.6
_07487_,7.6
blkProj14999_7.blk3989_105.MULT\[17\],7.6
blkProj14999_7.blkProj14963_55.blk3902_64.r_Mem\[0\]\[17\],7.6
_03699_,7.58
_04688_,7.58
_05081_,7.58
_07401_,7.58
net201,7.58
_00633_,7.57
_00901_,7.56
_02152_,7.56
_02251_,7.56
_02542_,7.56
_03061_,7.56
_03143_,7.56
_03205_,7.56
_04027_,7.56
_04185_,7.56
_04339_,7.56
_04726_,7.56
_04818_,7.56
_04855_,7.56
_05076_,7.56
_05333_,7.56
_05659_,7.56
_05703_,7.56
_05807_,7.56
_07152_,7.56
_07800_,7.56
_08810_,7.56
_08877_,7.56
_08897_,7.56
_08996_,7.56
_09011_,7.56
blkProj14999_7.blkProj14991_42.blk3979_4.multiplier\[28\],7.56
net274,7.56
net345,7.56
net545,7.56
_06991_,7.555
_00154_,7.54
_02141_,7.54
_04913_,7.54
_05844_,7.54
_06396_,7.54
_07815_,7.54
_07890_,7.54
_01905_,7.525
_02721_,7.52
_03026_,7.52
_03095_,7.52
_03288_,7.52
_03289_,7.52
_03374_,7.52
_03414_,7.52
_03921_,7.52
_04403_,7.52
_04734_,7.52
_04902_,7.52
_04933_,7.52
_05043_,7.52
_05184_,7.52
_05401_,7.52
_06153_,7.52
_06314_,7.52
_06445_,7.52
_06796_,7.52
_06854_,7.52
_07043_,7.52
_07150_,7.52
_07263_,7.52
_08630_,7.52
_08673_,7.52
blkProj14999_7.blk2116_47.r_Registers\[19\]\[31\],7.52
_06617_,7.515
_00013_,7.51
_00011_,7.49
_00266_,7.49
_00270_,7.49
_00435_,7.49
_00689_,7.48
_00986_,7.48
_04170_,7.48
_06851_,7.48
_07053_,7.48
_08478_,7.48
_08992_,7.48
_08920_,7.46
net255,7.46
net477,7.46
_01723_,7.445
_00031_,7.44
_00252_,7.44
_00564_,7.44
_03181_,7.44
_03909_,7.44
_03964_,7.44
_04450_,7.44
_07735_,7.44
_08067_,7.44
_08149_,7.44
blkProj14999_7.blkProj14963_55.blk3902_64.r_Mem\[1\]\[9\],7.44
net549,7.44
_00819_,7.42
_05897_,7.42
_06915_,7.42
_07559_,7.42
_08298_,7.42
_08515_,7.42
blkProj14999_7.blkProj14963_55.blk3902_64.r_Mem\[1\]\[6\],7.415
blkProj14999_7.blk4000_70.o_Data\[11\],7.41
_01952_,7.4
_02041_,7.4
_02415_,7.4
_04702_,7.4
_05452_,7.4
_04309_,7.38
_05655_,7.38
_07338_,7.38
_01357_,7.37
_02623_,7.36
_02700_,7.36
_05679_,7.36
_06284_,7.36
net168,7.36
net205,7.36
net391,7.36
net421,7.36
net450,7.36
net499,7.36
_06183_,7.34
_07716_,7.34
net352,7.34
_02040_,7.325
_04139_,7.32
_06542_,7.32
_07229_,7.32
_07519_,7.32
_08770_,7.32
blkProj14999_7.blkProj14991_42.blk3979_4.multiplier\[30\],7.32
net131,7.315
_02331_,7.3
_08186_,7.3
net342,7.3
_00996_,7.29
_00940_,7.28
_02525_,7.28
_05719_,7.28
_07348_,7.28
_01061_,7.27
_01074_,7.27
_00253_,7.26
_01010_,7.26
_02557_,7.26
_02923_,7.26
_00424_,7.25
_02546_,7.24
_02565_,7.24
_02739_,7.24
_03545_,7.24
_04808_,7.24
_05513_,7.24
blkProj14999_7.blkProj14963_55.blk3902_64.r_Mem\[0\]\[8\],7.24
net510,7.24
_00062_,7.23
_00186_,7.23
_01246_,7.23
_01812_,7.225
_01644_,7.22
_02399_,7.22
_02986_,7.22
_03042_,7.22
_03150_,7.22
_03160_,7.22
_03422_,7.22
_04032_,7.22
_08268_,7.22
_08420_,7.22
_08769_,7.22
_08974_,7.22
_08994_,7.22
_09003_,7.22
blkProj14999_7.blkProj14963_55.blk3902_64.r_Mem\[1\]\[28\],7.22
_06547_,7.2
_07733_,7.2
_07758_,7.2
_07847_,7.2
_08409_,7.2
_08615_,7.2
blkProj14999_7.blk2116_47.r_Registers\[7\]\[4\],7.2
_06121_,7.19
_06338_,7.19
_07702_,7.19
_01930_,7.185
_02266_,7.18
_02444_,7.18
_02794_,7.18
_02806_,7.18
_03014_,7.18
_03244_,7.18
_03353_,7.18
_03390_,7.18
_03411_,7.18
_04015_,7.18
_04284_,7.18
_04397_,7.18
_04895_,7.18
_06088_,7.18
_06610_,7.18
_07405_,7.18
_08248_,7.18
_08418_,7.18
_08443_,7.18
_08545_,7.18
_08627_,7.18
_08758_,7.18
_08798_,7.18
_08893_,7.18
blkProj14999_7.blk3989_105.MULT\[16\],7.18
blkProj14999_7.blkProj14963_55.blk3902_64.r_Mem\[2\]\[19\],7.18
_02273_,7.16
_05730_,7.16
_06476_,7.16
_01292_,7.15
_02625_,7.14
_03899_,7.14
_08170_,7.14
_08489_,7.14
_02927_,7.12
_02956_,7.12
_03083_,7.12
_03104_,7.12
_03157_,7.12
_04613_,7.12
_05210_,7.12
_07363_,7.12
_07398_,7.12
_07415_,7.12
_08010_,7.12
_08044_,7.12
_08593_,7.12
_08781_,7.12
_08930_,7.12
_09004_,7.12
net392,7.12
_07158_,7.105
_01409_,7.1
_02990_,7.1
_03158_,7.1
_03171_,7.1
_03251_,7.1
_03300_,7.1
_04429_,7.1
_06053_,7.1
_06353_,7.1
_07110_,7.1
_07119_,7.1
_07804_,7.1
_07842_,7.1
_07997_,7.1
_08236_,7.1
_08590_,7.1
_08788_,7.1
_08821_,7.1
net323,7.1
net370,7.1
net531,7.1
_08723_,7.09
_00987_,7.08
_02085_,7.08
_02607_,7.08
_05891_,7.08
_05974_,7.08
_07439_,7.08
blkProj14999_7.blkProj14963_55.blk3902_64.r_Mem\[2\]\[23\],7.08
_02441_,7.06
_02929_,7.06
_03063_,7.06
_03191_,7.06
_03197_,7.06
_03231_,7.06
_04696_,7.06
_05079_,7.06
_05693_,7.06
_06049_,7.06
_07100_,7.06
_07206_,7.06
_07232_,7.06
_07778_,7.06
_07811_,7.06
_07928_,7.06
_07985_,7.06
_08274_,7.06
_08524_,7.06
_08775_,7.06
_08848_,7.06
blkProj14999_7.blk4000_70.o_Data\[6\],7.06
net367,7.06
_00387_,7.05
_07048_,7.04
_08217_,7.04
_00065_,7.03
_00532_,7.03
_02443_,7
_02612_,7
_04685_,7
_06428_,7
_07935_,7
net310,7
net318,7
net463,7
net511,7
_00076_,6.99
_00315_,6.99
_01265_,6.99
_01654_,6.98
_03163_,6.98
_03322_,6.98
_03654_,6.98
_03972_,6.98
_04128_,6.98
_04650_,6.98
_05587_,6.98
_06387_,6.98
_06784_,6.98
_08505_,6.98
blkProj14999_7.blkProj14963_55.blk3902_64.r_Mem\[2\]\[22\],6.98
blkProj14999_7.blkProj14991_42.blk3979_4.funct3_r\[0\],6.98
blkProj14999_7.blkProj14991_42.blk3979_4.multiplier\[3\],6.98
_04704_,6.96
_04742_,6.96
_05341_,6.96
_05495_,6.96
net234,6.96
net519,6.96
_02760_,6.945
_00620_,6.94
_00822_,6.94
_00958_,6.94
_01383_,6.94
_01996_,6.94
_08224_,6.94
_01112_,6.93
_02746_,6.925
_08368_,6.92
_00844_,6.91
_07701_,6.91
_02335_,6.905
_02485_,6.905
_03690_,6.9
net364,6.9
net385,6.9
_01439_,6.885
_02748_,6.885
_02762_,6.885
_00445_,6.88
_01708_,6.88
_02559_,6.88
_03719_,6.88
_04701_,6.88
blkProj14999_7.blk2116_47.r_Registers\[1\]\[2\],6.88
_00399_,6.87
_00915_,6.87
_01583_,6.865
_01484_,6.86
_01653_,6.86
_03141_,6.86
_03219_,6.86
_03491_,6.86
blkProj14999_7.blkProj14963_55.blk3902_64.r_Mem\[1\]\[11\],6.86
net507,6.86
_02503_,6.855
_00770_,6.84
_01697_,6.84
_02227_,6.84
_02267_,6.84
_02827_,6.84
_05138_,6.84
_06999_,6.84
net279,6.84
_00426_,6.83
_00920_,6.83
_01171_,6.83
_01304_,6.83
_02774_,6.825
_03893_,6.82
_04349_,6.82
_05221_,6.815
net108,6.805
net116,6.805
_00396_,6.8
_00474_,6.8
_05574_,6.795
_00886_,6.79
_05305_,6.78
_06527_,6.78
_06575_,6.78
_07838_,6.78
_07914_,6.78
net136,6.78
net437,6.78
_00695_,6.77
_00841_,6.77
net113,6.765
_00259_,6.76
_02420_,6.76
_02533_,6.76
_02646_,6.76
_02736_,6.76
_02948_,6.76
_03225_,6.76
_03280_,6.76
_03585_,6.76
_03645_,6.76
_04072_,6.76
_04351_,6.76
_04432_,6.76
_04631_,6.76
_05404_,6.76
_06896_,6.76
_07576_,6.76
_07687_,6.76
_07887_,6.76
_08789_,6.76
_08857_,6.76
_08967_,6.76
_09001_,6.76
_09018_,6.76
_09033_,6.76
_00124_,6.74
_01873_,6.74
_02153_,6.74
_03275_,6.74
_03913_,6.74
_04290_,6.74
_05265_,6.74
_05678_,6.74
_07057_,6.74
_07230_,6.74
_08544_,6.74
net537,6.74
_01544_,6.72
_02034_,6.72
_02123_,6.72
_02171_,6.72
_02238_,6.72
_02691_,6.72
_02738_,6.72
_03047_,6.72
_03113_,6.72
_03269_,6.72
_03329_,6.72
_03366_,6.72
_03367_,6.72
_03420_,6.72
_04012_,6.72
_04312_,6.72
_05683_,6.72
_06204_,6.72
_06316_,6.72
_06427_,6.72
_07574_,6.72
_07837_,6.72
_07899_,6.72
_07925_,6.72
_08255_,6.72
_08290_,6.72
_08330_,6.72
_08337_,6.72
_08674_,6.72
_08706_,6.72
_08843_,6.72
_08882_,6.72
blkProj14999_7.blk3989_105.MULT\[9\],6.72
blkProj14999_7.blkProj14963_55.blk3902_64.r_Mem\[0\]\[5\],6.72
blkProj14999_7.blkProj14963_55.blk3902_64.r_Mem\[2\]\[7\],6.72
net418,6.72
_04978_,6.71
_05643_,6.7
_07711_,6.7
_07810_,6.7
_01049_,6.69
_02579_,6.685
_02599_,6.685
_00064_,6.67
_00153_,6.67
_02423_,6.66
_02788_,6.66
_03090_,6.66
_03234_,6.66
_05664_,6.66
_05894_,6.66
_08142_,6.66
_08598_,6.66
_08656_,6.66
_00764_,6.64
_01368_,6.64
_02724_,6.64
_03362_,6.64
_04246_,6.64
_04662_,6.64
_04760_,6.64
_04969_,6.64
_05247_,6.64
_05632_,6.64
_05699_,6.64
_05889_,6.64
_06265_,6.64
_06438_,6.64
_06655_,6.64
_07273_,6.64
_07694_,6.64
_07872_,6.64
_08232_,6.64
_08517_,6.64
_08635_,6.64
_08806_,6.64
_08837_,6.64
_09020_,6.64
net351,6.64
net397,6.64
_02671_,6.625
_00758_,6.62
_01944_,6.62
_03653_,6.62
_05489_,6.62
_07629_,6.62
_08952_,6.62
blkProj14999_7.blkProj14963_55.blk3902_64.r_Mem\[1\]\[8\],6.62
_02392_,6.605
_00087_,6.6
_01090_,6.6
_01359_,6.6
_02131_,6.6
_02321_,6.6
_02886_,6.6
_02932_,6.6
_03025_,6.6
_03082_,6.6
_03089_,6.6
_03318_,6.6
_04683_,6.6
_05638_,6.6
_05893_,6.6
_06023_,6.6
_06606_,6.6
_06785_,6.6
_07159_,6.6
_07223_,6.6
_07227_,6.6
_07836_,6.6
_07846_,6.6
_07916_,6.6
_07923_,6.6
_08332_,6.6
_08362_,6.6
_08386_,6.6
_08702_,6.6
_08812_,6.6
_09028_,6.6
_09031_,6.6
blkProj14999_7.blkProj14963_55.blk3902_64.r_Mem\[2\]\[4\],6.6
net258,6.6
net286,6.6
_04925_,6.58
_08746_,6.58
_01372_,6.565
_06837_,6.555
_01412_,6.545
_05827_,6.54
_06504_,6.54
_06592_,6.54
net284,6.54
net322,6.54
_00430_,6.53
_00261_,6.52
_00275_,6.52
_01294_,6.52
_01533_,6.52
_03507_,6.52
_04063_,6.52
_07486_,6.52
_08649_,6.52
_01033_,6.5
_02611_,6.5
_04519_,6.5
_05997_,6.5
_06470_,6.5
_07364_,6.5
_07794_,6.5
_08383_,6.5
_00351_,6.48
_00410_,6.48
_00688_,6.48
_01170_,6.48
_01663_,6.48
_01889_,6.48
_02115_,6.48
_02199_,6.48
_02471_,6.48
_02786_,6.48
_03594_,6.48
_05667_,6.48
_07941_,6.48
blkProj14999_7.blk2116_47.r_Registers\[22\]\[14\],6.48
_00112_,6.45
_04965_,6.445
_05647_,6.44
_06166_,6.44
_08251_,6.44
net121,6.44
net308,6.44
net347,6.44
net396,6.44
_05598_,6.43
_02655_,6.425
_01524_,6.42
_01694_,6.42
_02283_,6.42
_02530_,6.42
_02801_,6.42
_02845_,6.42
_02868_,6.42
_04268_,6.42
_08484_,6.42
blkProj14999_7.blk3989_105.Result\[18\],6.42
net287,6.42
_00294_,6.41
_00797_,6.41
_01252_,6.41
_00467_,6.4
_00922_,6.4
_01192_,6.4
net130,6.4
_01190_,6.38
_01754_,6.38
_01810_,6.38
_01851_,6.38
_01997_,6.38
_02054_,6.38
_02379_,6.38
_02535_,6.38
_07781_,6.38
_07796_,6.38
_00045_,6.37
_00771_,6.37
_00897_,6.37
_01094_,6.37
_01106_,6.37
_01344_,6.37
_02502_,6.365
_02810_,6.365
_05279_,6.36
_06667_,6.36
blkProj14999_7.blk2116_47.r_Registers\[29\]\[20\],6.36
net329,6.36
_00070_,6.35
_00406_,6.35
_00448_,6.35
_00463_,6.35
_02560_,6.32
_02726_,6.32
_02733_,6.32
net409,6.32
_00220_,6.31
_02302_,6.3
_02894_,6.3
_02918_,6.3
_03149_,6.3
_03206_,6.3
_03438_,6.3
_03676_,6.3
_03706_,6.3
_04199_,6.3
_04261_,6.3
_04300_,6.3
_04306_,6.3
_04950_,6.3
_05243_,6.3
_05621_,6.3
_05684_,6.3
_07926_,6.3
_08277_,6.3
_08427_,6.3
_08429_,6.3
_08516_,6.3
_08582_,6.3
_08727_,6.3
blkProj14999_7.blkProj14963_55.blk3902_64.r_Mem\[0\]\[21\],6.3
blkProj14999_7.blkProj14963_55.blk3902_64.r_Mem\[0\]\[7\],6.3
net98,6.3
net252,6.3
_01413_,6.28
_03048_,6.28
_03224_,6.28
_05347_,6.28
_07817_,6.28
_02509_,6.265
_00228_,6.26
_01666_,6.26
_02644_,6.26
_02709_,6.26
_03254_,6.26
_03342_,6.26
_03425_,6.26
_03633_,6.26
_04036_,6.26
_05554_,6.26
_05618_,6.26
_05968_,6.26
_06421_,6.26
_06998_,6.26
_07373_,6.26
_07593_,6.26
_08457_,6.26
_08570_,6.26
_08604_,6.26
_08719_,6.26
_08951_,6.26
blkProj14999_7.blkProj14963_55.blk3902_64.r_Mem\[0\]\[28\],6.26
blkProj14999_7.blkProj14991_42.blk3979_4.multiplier\[8\],6.26
_00297_,6.25
_01069_,6.25
_00462_,6.24
_04876_,6.24
_02753_,6.225
o_Instruction[16],6.21
o_Instruction[27],6.21
o_Instruction[2],6.21
_02136_,6.205
_02917_,6.2
_02979_,6.2
_03145_,6.2
_03330_,6.2
_03361_,6.2
_04833_,6.2
_06975_,6.2
_07511_,6.2
_08025_,6.2
_08950_,6.2
net509,6.2
_00570_,6.18
_01153_,6.18
_02062_,6.18
_02094_,6.18
_02371_,6.18
_02787_,6.18
_02937_,6.18
_03349_,6.18
_04470_,6.18
_04762_,6.18
_05590_,6.18
_06392_,6.18
_07200_,6.18
_07548_,6.18
_07595_,6.18
_07598_,6.18
_07676_,6.18
_07710_,6.18
_07767_,6.18
_07930_,6.18
_07959_,6.18
_07992_,6.18
_08062_,6.18
_08225_,6.18
_08454_,6.18
_08535_,6.18
_08612_,6.18
_08870_,6.18
net229,6.18
net387,6.18
net503,6.18
_03655_,6.16
_06548_,6.16
_02003_,6.145
_02202_,6.145
_02534_,6.145
_07384_,6.145
_02899_,6.14
_02914_,6.14
_03172_,6.14
_03222_,6.14
_04088_,6.14
_04307_,6.14
_04982_,6.14
_05607_,6.14
_06268_,6.14
_06780_,6.14
_06955_,6.14
_07343_,6.14
_07808_,6.14
_07957_,6.14
_07976_,6.14
_07982_,6.14
_08162_,6.14
_08742_,6.14
_09024_,6.14
blkProj14999_7.blk3989_105.MULT\[5\],6.14
net544,6.14
_01116_,6.11
_01161_,6.11
_01278_,6.11
_01297_,6.11
_02501_,6.08
_02590_,6.08
_02609_,6.08
_02916_,6.08
_06661_,6.08
_08365_,6.08
net237,6.08
net294,6.08
net496,6.08
_01206_,6.07
net120,6.065
_00167_,6.06
_00603_,6.06
_00664_,6.06
_04264_,6.06
_06872_,6.06
_07435_,6.06
_07652_,6.06
_07727_,6.06
_07761_,6.06
_07763_,6.06
blkProj14999_7.blkProj14991_42.blk3979_4.multiplier\[18\],6.06
net500,6.06
net518,6.06
_07590_,6.055
_02577_,6.04
_02653_,6.04
_02771_,6.04
_04764_,6.04
_06041_,6.04
_07018_,6.04
_07153_,6.04
_08281_,6.04
_08307_,6.04
_08581_,6.04
net285,6.04
_00527_,6.02
_00541_,6.02
_00672_,6.02
_00673_,6.02
_01053_,6.02
_01341_,6.02
_02460_,6.02
_02815_,6.02
_03597_,6.02
_04931_,6.02
_05109_,6.02
_06481_,6.02
_06560_,6.02
_00362_,5.99
_01367_,5.985
_05662_,5.985
_02572_,5.98
_05200_,5.98
_05458_,5.98
_06154_,5.98
net328,5.98
net412,5.98
net441,5.98
net466,5.98
net474,5.98
net483,5.98
net493,5.98
net524,5.98
net527,5.98
net532,5.98
_02508_,5.965
_01522_,5.96
_01540_,5.96
_01582_,5.96
_01587_,5.96
_01833_,5.96
_01836_,5.96
_01892_,5.96
_02077_,5.96
_02205_,5.96
_02333_,5.96
_03085_,5.96
_03118_,5.96
_07856_,5.96
net239,5.96
net244,5.96
_00966_,5.95
_01003_,5.95
_01315_,5.95
_01660_,5.94
_01858_,5.94
_02538_,5.94
_02583_,5.94
_03515_,5.94
_04979_,5.94
_05615_,5.94
_07494_,5.94
_07703_,5.94
blkProj14999_7.blkProj14963_55.blk3902_64.r_Mem\[1\]\[19\],5.94
net174,5.94
_00780_,5.92
_01765_,5.92
_01768_,5.92
_01855_,5.92
_02008_,5.92
_02063_,5.92
_02327_,5.92
_02539_,5.92
_02816_,5.92
_05865_,5.92
_06339_,5.92
_06650_,5.92
_08284_,5.92
_00616_,5.91
_00718_,5.91
_01323_,5.91
_00034_,5.9
_04132_,5.9
_05720_,5.9
_07056_,5.9
_02678_,5.895
_02763_,5.895
_00402_,5.89
_02677_,5.865
_03519_,5.86
_06132_,5.86
_08325_,5.86
blkProj14999_7.blk3989_105.Result\[9\],5.86
net227,5.86
net453,5.86
net470,5.86
_00581_,5.85
_08108_,5.85
_01620_,5.84
_01759_,5.84
_02243_,5.84
_02378_,5.84
_02645_,5.84
_02701_,5.84
_02781_,5.84
_03165_,5.84
_03193_,5.84
_03230_,5.84
_04017_,5.84
_04018_,5.84
_04096_,5.84
_04874_,5.84
_05225_,5.84
_05355_,5.84
_05451_,5.84
_05755_,5.84
_06060_,5.84
_06411_,5.84
_06588_,5.84
_06929_,5.84
_07007_,5.84
_08376_,5.84
_08437_,5.84
_08909_,5.84
_08921_,5.84
blkProj14523_5.blk4197_44.next_state\[0\],5.84
net300,5.84
net535,5.84
_04667_,5.825
_01938_,5.82
_02543_,5.82
_02729_,5.82
_02963_,5.82
_04046_,5.82
_04262_,5.82
_05416_,5.82
_05436_,5.82
_06499_,5.82
blkProj14999_7.blkProj14963_55.blk3902_64.r_Mem\[2\]\[25\],5.82
_00090_,5.8
_00902_,5.8
_01547_,5.8
_01632_,5.8
_01747_,5.8
_01760_,5.8
_02784_,5.8
_02858_,5.8
_02895_,5.8
_03133_,5.8
_03305_,5.8
_03340_,5.8
_03927_,5.8
_03985_,5.8
_04301_,5.8
_05203_,5.8
_05556_,5.8
_06422_,5.8
_06614_,5.8
_06716_,5.8
_08043_,5.8
_08195_,5.8
_08244_,5.8
_08320_,5.8
_08355_,5.8
_08553_,5.8
_08599_,5.8
_08735_,5.8
_08778_,5.8
blkProj14999_7.blk3989_105.MULT\[8\],5.8
blkProj14999_7.blkProj14963_55.blk3902_64.r_Mem\[0\]\[16\],5.8
blkProj14999_7.blkProj14963_55.blk3902_64.r_Mem\[0\]\[18\],5.8
blkProj14999_7.blkProj14963_55.blk3902_64.r_Mem\[0\]\[30\],5.8
blkProj14999_7.blkProj14963_55.blk3902_64.r_Mem\[2\]\[21\],5.8
_00859_,5.79
_03296_,5.78
_03041_,5.76
o_Instruction[10],5.75
o_Instruction[11],5.75
o_Instruction[14],5.75
o_Instruction[21],5.75
o_Instruction[22],5.75
_02954_,5.74
_02969_,5.74
_03049_,5.74
_03383_,5.74
_03405_,5.74
_03732_,5.74
_03935_,5.74
_03997_,5.74
_04079_,5.74
_04985_,5.74
_05280_,5.74
_06376_,5.74
_06552_,5.74
_06654_,5.74
_07381_,5.74
_07520_,5.74
_07904_,5.74
_07950_,5.74
_07991_,5.74
_08209_,5.74
_08239_,5.74
_08260_,5.74
_08305_,5.74
_08312_,5.74
_08415_,5.74
_08483_,5.74
_08526_,5.74
_08654_,5.74
_08663_,5.74
_08779_,5.74
_08796_,5.74
_08808_,5.74
_08828_,5.74
_08958_,5.74
_08975_,5.74
blkProj14999_7.blkProj14963_55.blk3902_64.r_Mem\[1\]\[20\],5.74
_02668_,5.725
_01441_,5.72
_01672_,5.72
_01862_,5.72
_03033_,5.72
_03046_,5.72
_03081_,5.72
_03125_,5.72
_03137_,5.72
_03388_,5.72
_03389_,5.72
_03657_,5.72
_04047_,5.72
_04341_,5.72
_04753_,5.72
_05027_,5.72
_06245_,5.72
_06388_,5.72
_06405_,5.72
_06634_,5.72
_06925_,5.72
_07029_,5.72
_07827_,5.72
_08119_,5.72
_08522_,5.72
_08624_,5.72
blkProj14999_7.blkProj14963_55.blk3902_64.r_Mem\[1\]\[17\],5.72
net349,5.72
_04553_,5.7
_06567_,5.7
_06651_,5.7
_06694_,5.7
_08163_,5.7
_08252_,5.7
_01921_,5.685
_06448_,5.685
_00206_,5.68
_01293_,5.68
_02934_,5.68
_03021_,5.68
_03131_,5.68
_03194_,5.68
_03276_,5.68
_03397_,5.68
_03431_,5.68
_03534_,5.68
_04029_,5.68
_04260_,5.68
_04373_,5.68
_04741_,5.68
_04782_,5.68
_04938_,5.68
_06370_,5.68
_06536_,5.68
_06914_,5.68
_07305_,5.68
_07422_,5.68
_07426_,5.68
_07640_,5.68
_07712_,5.68
_08410_,5.68
_08518_,5.68
_08548_,5.68
_08816_,5.68
_08872_,5.68
_00081_,5.65
_00433_,5.65
_00856_,5.65
_01298_,5.65
_02191_,5.645
_02038_,5.62
_03876_,5.62
_06142_,5.62
_06275_,5.62
_06415_,5.62
_07517_,5.62
_07843_,5.62
_07851_,5.62
_08263_,5.62
net197,5.62
net451,5.62
net505,5.62
_07454_,5.615
_00464_,5.61
_07211_,5.61
_06626_,5.605
_00020_,5.6
_00152_,5.6
_02019_,5.6
_04138_,5.6
_04949_,5.6
_05157_,5.6
_05274_,5.6
_06048_,5.6
_06298_,5.6
_06343_,5.6
_06555_,5.6
_08829_,5.6
net316,5.6
_02812_,5.58
_03369_,5.58
_03640_,5.58
_06358_,5.58
_06673_,5.58
_07911_,5.58
_08272_,5.58
_08285_,5.58
_08947_,5.58
_00648_,5.56
_00658_,5.56
_00728_,5.56
_00816_,5.56
_00851_,5.56
_00857_,5.56
_00939_,5.56
_01098_,5.56
_01143_,5.56
_01280_,5.56
_01935_,5.56
_01993_,5.56
_01365_,5.545
_00091_,5.53
_00437_,5.53
_00972_,5.53
o_Instruction[13],5.53
o_Instruction[17],5.53
o_Instruction[29],5.53
o_exeout[14],5.53
o_exeout[31],5.53
o_exeout[7],5.53
_01807_,5.525
_02622_,5.52
_05979_,5.52
net222,5.52
net235,5.52
net240,5.52
net264,5.52
net265,5.52
net269,5.52
net270,5.52
net271,5.52
net275,5.52
net281,5.52
net301,5.52
net303,5.52
net340,5.52
net360,5.52
net373,5.52
net375,5.52
net381,5.52
net390,5.52
net417,5.52
net461,5.52
net473,5.52
net476,5.52
net478,5.52
net479,5.52
net484,5.52
net498,5.52
net504,5.52
net508,5.52
net521,5.52
net523,5.52
net533,5.52
net534,5.52
net541,5.52
net548,5.52
_00163_,5.5
_00298_,5.5
_00868_,5.5
_01382_,5.5
_01483_,5.5
_01603_,5.5
_02026_,5.5
_02097_,5.5
_02156_,5.5
_02570_,5.5
_04318_,5.5
_07902_,5.5
net218,5.5
_00016_,5.48
_01150_,5.48
_02552_,5.48
_06451_,5.48
_06595_,5.48
_07133_,5.48
_07571_,5.48
_07831_,5.48
_00079_,5.46
_00296_,5.46
_00473_,5.46
_01683_,5.46
_01739_,5.46
_01870_,5.46
_02334_,5.46
_02368_,5.46
_02467_,5.46
_02688_,5.46
_02826_,5.46
_04134_,5.46
_04846_,5.46
_05644_,5.46
_00710_,5.45
_07281_,5.44
_02495_,5.435
_02768_,5.435
_06804_,5.435
_00335_,5.43
_00566_,5.43
_00583_,5.43
_00846_,5.43
_00877_,5.43
_00918_,5.43
_01307_,5.43
o_exeout[2],5.41
_02737_,5.4
_03647_,5.4
_04057_,5.4
_06232_,5.4
_06639_,5.4
_07830_,5.4
_07922_,5.4
_08218_,5.4
blkProj14999_7.blkProj14963_55.blk3902_64.r_Mem\[0\]\[9\],5.4
_00072_,5.39
_00358_,5.39
_00698_,5.39
_01322_,5.39
_01994_,5.385
net158,5.385
_01641_,5.38
_02206_,5.38
_02323_,5.38
_02416_,5.38
_02434_,5.38
_02716_,5.38
_02797_,5.38
_02803_,5.38
_04228_,5.38
_04235_,5.38
_04249_,5.38
_04352_,5.38
_05114_,5.38
_05366_,5.38
_05670_,5.38
_05680_,5.38
_06240_,5.38
_06441_,5.38
_06637_,5.38
_08528_,5.38
blkProj14999_7.blk3989_105.MULT\[18\],5.38
blkProj14999_7.blk3989_105.Result\[11\],5.38
blkProj14999_7.blk3989_105.Result\[2\],5.38
net407,5.38
_05660_,5.375
net118,5.365
_00066_,5.36
_00845_,5.36
_02053_,5.36
_03052_,5.36
_03689_,5.36
_05584_,5.36
_06455_,5.36
_07503_,5.36
_00048_,5.34
_00880_,5.34
_01136_,5.34
_01604_,5.34
_01719_,5.34
_01741_,5.34
_01980_,5.34
_02001_,5.34
_02209_,5.34
_02888_,5.34
_02908_,5.34
_02924_,5.34
_02971_,5.34
_02981_,5.34
_03114_,5.34
_03232_,5.34
_03415_,5.34
_04864_,5.34
_04893_,5.34
_05176_,5.34
_05372_,5.34
_05381_,5.34
_05904_,5.34
_07122_,5.34
_07382_,5.34
_07605_,5.34
_08169_,5.34
_08178_,5.34
_08464_,5.34
_08509_,5.34
_08520_,5.34
_08682_,5.34
_08830_,5.34
_08880_,5.34
_08890_,5.34
_08908_,5.34
_08969_,5.34
_08993_,5.34
_09027_,5.34
_00043_,5.33
_00268_,5.33
_00768_,5.33
_00903_,5.33
_00932_,5.33
_02743_,5.325
_02578_,5.305
_02750_,5.305
_03210_,5.28
_03282_,5.28
_04214_,5.28
_06143_,5.28
_06188_,5.28
_06419_,5.28
_08359_,5.28
_08567_,5.28
_08771_,5.28
blkProj14999_7.blkProj14991_42.blk3979_4.multiplier\[31\],5.28
_00018_,5.26
_01374_,5.26
_01493_,5.26
_02095_,5.26
_02730_,5.26
_03381_,5.26
_03410_,5.26
_04195_,5.26
_04323_,5.26
_04743_,5.26
_05038_,5.26
_05399_,5.26
_05671_,5.26
_05981_,5.26
_06162_,5.26
_06184_,5.26
_06252_,5.26
_06365_,5.26
_07723_,5.26
_07807_,5.26
_07822_,5.26
_08099_,5.26
_08171_,5.26
_08257_,5.26
_08471_,5.26
_08587_,5.26
_08700_,5.26
_08774_,5.26
_08794_,5.26
_08906_,5.26
_08982_,5.26
_08988_,5.26
blkProj14999_7.blkProj14991_42.blk3979_4.multiplier\[5\],5.26
net416,5.26
_00287_,5.24
_01376_,5.24
_02035_,5.24
_00103_,5.22
_00301_,5.22
_00304_,5.22
_00540_,5.22
_00607_,5.22
_02703_,5.22
_02909_,5.22
_03009_,5.22
_03054_,5.22
_03098_,5.22
_03471_,5.22
_03592_,5.22
_04391_,5.22
_06418_,5.22
_06443_,5.22
_08213_,5.22
_08456_,5.22
_08531_,5.22
_08660_,5.22
_08662_,5.22
_08692_,5.22
_08693_,5.22
_08737_,5.22
_08777_,5.22
_08847_,5.22
_08928_,5.22
_08957_,5.22
_08962_,5.22
_08990_,5.22
_09017_,5.22
_09019_,5.22
net81,5.22
net324,5.22
net389,5.22
net408,5.22
_00120_,5.21
_06328_,5.2
_00466_,5.19
_00535_,5.19
_00952_,5.19
_01101_,5.19
_01230_,5.19
_01327_,5.19
o_exeout[13],5.19
o_exeout[25],5.19
o_exeout[26],5.19
o_exeout[8],5.19
_01689_,5.185
net138,5.185
_02713_,5.16
_04723_,5.16
_05059_,5.16
_06010_,5.16
_06322_,5.16
_07408_,5.16
_07910_,5.16
_08371_,5.16
net341,5.16
_00039_,5.15
_00164_,5.14
_00199_,5.14
_00385_,5.14
_00440_,5.14
_00598_,5.14
_00678_,5.14
_01387_,5.14
_01425_,5.14
_02027_,5.14
_02795_,5.14
_04921_,5.14
_05062_,5.14
_05575_,5.14
_08625_,5.14
net435,5.14
_06326_,5.12
_00191_,5.1
_00320_,5.1
_00340_,5.1
_00373_,5.1
_00418_,5.1
_00508_,5.1
_00693_,5.1
_00699_,5.1
_00847_,5.1
_00921_,5.1
_01184_,5.1
_02051_,5.1
_02122_,5.1
_02764_,5.085
_02766_,5.085
_00529_,5.07
_00554_,5.07
_00998_,5.07
_01237_,5.07
o_Instruction[12],5.07
o_Instruction[8],5.07
_02718_,5.06
_02735_,5.06
_05707_,5.06
_06044_,5.06
net405,5.06
net432,5.06
net465,5.06
net468,5.06
net522,5.06
_01148_,5.04
_01461_,5.04
_01955_,5.04
_02105_,5.04
_02340_,5.04
blkProj14999_7.blk3989_105.Result\[21\],5.04
blkProj14999_7.blk3989_105.Result\[31\],5.04
_00760_,5.02
_02011_,5.02
_04333_,5.02
_06838_,5.02
_07596_,5.02
_06182_,5.015
_02497_,5.005
_01073_,5
_01124_,5
_01159_,5
_01513_,5
_01705_,5
_01901_,5
_01968_,5
_02086_,5
_02111_,5
_02217_,5
_02293_,5
_02351_,5
_02689_,5
_07823_,5
_00676_,4.99
_01179_,4.99
net150,4.975
_00122_,4.97
_00231_,4.97
_00293_,4.97
_00670_,4.97
_00914_,4.97
_01021_,4.97
_01086_,4.97
_01203_,4.97
_01224_,4.97
_01299_,4.97
_02752_,4.965
_04574_,4.955
_00355_,4.95
_01405_,4.94
_01630_,4.94
_01631_,4.94
_01900_,4.94
_02294_,4.94
_02435_,4.94
_02571_,4.94
_02835_,4.94
_05263_,4.94
_05998_,4.94
_06307_,4.94
_06416_,4.94
_07457_,4.94
_07690_,4.94
_07777_,4.94
_08034_,4.94
_00425_,4.93
_00677_,4.93
_00685_,4.93
_00701_,4.93
_00900_,4.93
_01044_,4.93
_01402_,4.92
_01454_,4.92
_01470_,4.92
_01478_,4.92
_01492_,4.92
_01511_,4.92
_01578_,4.92
_01701_,4.92
_01846_,4.92
_02170_,4.92
_02401_,4.92
_02537_,4.92
_02566_,4.92
_02731_,4.92
_02853_,4.92
_02884_,4.92
_02910_,4.92
_02977_,4.92
_03034_,4.92
_03094_,4.92
_03134_,4.92
_03203_,4.92
_04206_,4.92
_04455_,4.92
_05058_,4.92
_05395_,4.92
_05588_,4.92
_06185_,4.92
_06286_,4.92
_06488_,4.92
_07144_,4.92
_07544_,4.92
_07762_,4.92
_08519_,4.92
_08762_,4.92
_08864_,4.92
blkProj14999_7.blk3989_105.Result\[0\],4.92
blkProj14999_7.blk4000_70.o_Data\[10\],4.92
blkProj14999_7.blkProj14963_55.blk3902_64.r_Mem\[0\]\[14\],4.92
net231,4.92
_00505_,4.9
_01969_,4.9
_02838_,4.9
_04836_,4.9
_05281_,4.9
_07560_,4.9
_07577_,4.9
net111,4.885
_00037_,4.88
_00263_,4.88
_00391_,4.88
_00810_,4.88
_01052_,4.88
_01244_,4.88
_01316_,4.88
_01956_,4.88
_02214_,4.88
_02316_,4.88
_02452_,4.88
_02463_,4.88
_02551_,4.88
_02639_,4.88
_02935_,4.88
_03161_,4.88
_03343_,4.88
_03350_,4.88
_03413_,4.88
_03424_,4.88
_03687_,4.88
_03712_,4.88
_06263_,4.88
_07065_,4.88
_07968_,4.88
_08249_,4.88
_08527_,4.88
_08623_,4.88
_08844_,4.88
_08919_,4.88
_08943_,4.88
blkProj14999_7.blk3989_105.MULT\[10\],4.88
blkProj14999_7.blkProj14991_42.blk3979_4.multiplier\[29\],4.88
_00092_,4.87
_01041_,4.87
_01110_,4.87
_01130_,4.87
_01259_,4.87
_03575_,4.87
_00174_,4.85
o_Instruction[15],4.85
o_Instruction[20],4.85
_02712_,4.845
_06223_,4.845
_02681_,4.82
_03040_,4.82
_03105_,4.82
_04242_,4.82
_05230_,4.82
_07955_,4.82
_08927_,4.82
_02499_,4.805
_00224_,4.8
_01576_,4.8
_01933_,4.8
_02369_,4.8
_02459_,4.8
_02720_,4.8
_03017_,4.8
_03122_,4.8
_03301_,4.8
_03315_,4.8
_03691_,4.8
_03917_,4.8
_03948_,4.8
_04089_,4.8
_04095_,4.8
_04724_,4.8
_04894_,4.8
_05566_,4.8
_05609_,4.8
_06354_,4.8
_06371_,4.8
_06572_,4.8
_06649_,4.8
_06663_,4.8
_06828_,4.8
_07491_,4.8
_07713_,4.8
_07760_,4.8
_08116_,4.8
_08302_,4.8
_08316_,4.8
_08530_,4.8
_08626_,4.8
_08721_,4.8
_08756_,4.8
_08966_,4.8
net165,4.8
_03418_,4.795
_03641_,4.785
_00800_,4.78
_00973_,4.78
_06596_,4.78
_02247_,4.765
net181,4.765
_00690_,4.76
_01563_,4.76
_02906_,4.76
_02946_,4.76
_02994_,4.76
_03101_,4.76
_03872_,4.76
_05956_,4.76
_08166_,4.76
_08182_,4.76
_08191_,4.76
_08651_,4.76
_08773_,4.76
_08819_,4.76
_08873_,4.76
_09026_,4.76
_01295_,4.75
_00486_,4.73
_00645_,4.73
_00836_,4.73
_00917_,4.73
_01062_,4.73
_01248_,4.73
_01258_,4.73
_01537_,4.725
_01635_,4.725
_01877_,4.725
_02747_,4.725
_00881_,4.71
_01554_,4.7
_02591_,4.7
_02654_,4.7
_04189_,4.7
_04930_,4.7
_06397_,4.7
_06591_,4.7
_08317_,4.7
_08398_,4.7
net481,4.7
net517,4.7
_00138_,4.68
_00180_,4.68
_00762_,4.68
_01678_,4.68
_02076_,4.68
_02818_,4.68
_02907_,4.68
_06627_,4.68
_07093_,4.68
_07445_,4.68
_03159_,4.66
_07501_,4.66
_07949_,4.66
net312,4.66
_05697_,4.65
_05669_,4.62
_00017_,4.61
_00038_,4.61
_00364_,4.61
_00550_,4.61
_00613_,4.61
_00614_,4.61
_00621_,4.61
_00705_,4.61
_00842_,4.61
_00870_,4.61
_01027_,4.61
_01352_,4.61
_01416_,4.605
_02745_,4.605
_03540_,4.6
_04229_,4.6
_06115_,4.6
_06624_,4.6
_08168_,4.6
net290,4.6
net315,4.6
net331,4.6
net445,4.6
_00865_,4.58
_01394_,4.58
_01598_,4.58
_01840_,4.58
_01959_,4.58
_02253_,4.58
_02358_,4.58
_02840_,4.58
_02844_,4.58
_03887_,4.58
_04865_,4.58
_05991_,4.58
net212,4.58
_07558_,4.575
_00382_,4.56
_00702_,4.56
_00781_,4.56
_00931_,4.56
_01845_,4.56
_01964_,4.56
_02474_,4.56
_02719_,4.56
_03468_,4.56
_03474_,4.56
_05666_,4.56
_07326_,4.56
blkProj14999_7.blkProj14963_55.blk3902_64.r_Mem\[1\]\[2\],4.56
blkProj14999_7.blkProj14991_42.blk3979_4.multiplier\[22\],4.56
_00032_,4.54
_00042_,4.54
_00262_,4.54
_00267_,4.54
_00377_,4.54
_00480_,4.54
_00571_,4.54
_00656_,4.54
_00734_,4.54
_00804_,4.54
_00807_,4.54
_00831_,4.54
_00911_,4.54
_00947_,4.54
_01108_,4.54
_01207_,4.54
_01309_,4.54
_01311_,4.54
_01503_,4.54
_01572_,4.54
_01648_,4.54
_01890_,4.54
_01922_,4.54
_01925_,4.54
_02303_,4.54
_02342_,4.54
_02374_,4.54
_02388_,4.54
_02875_,4.54
_05135_,4.54
_05189_,4.54
_06287_,4.54
net436,4.54
_00421_,4.53
_00876_,4.53
net133,4.525
_00289_,4.51
_00492_,4.51
_00779_,4.51
_03600_,4.49
_01479_,4.48
_01607_,4.48
_02002_,4.48
_02490_,4.48
_05360_,4.48
_05507_,4.48
_06015_,4.48
_06305_,4.48
_06490_,4.48
_06564_,4.48
_06570_,4.48
_07453_,4.48
_07601_,4.48
_07753_,4.48
_07839_,4.48
_08147_,4.48
blkProj14999_7.blkProj14963_55.blk3902_64.r_Mem\[0\]\[24\],4.48
net425,4.48
_00109_,4.47
_00487_,4.47
_00591_,4.47
_00941_,4.47
_01257_,4.46
_01433_,4.46
_01673_,4.46
_01734_,4.46
_01815_,4.46
_02164_,4.46
_02176_,4.46
_02404_,4.46
_02517_,4.46
_02518_,4.46
_02544_,4.46
_02805_,4.46
_03006_,4.46
_03020_,4.46
_03103_,4.46
_03174_,4.46
_03236_,4.46
_03386_,4.46
_03925_,4.46
_04097_,4.46
_04156_,4.46
_04988_,4.46
_05345_,4.46
_05369_,4.46
_05948_,4.46
_06056_,4.46
_06198_,4.46
_06262_,4.46
_06402_,4.46
_06474_,4.46
_06545_,4.46
_06601_,4.46
_06603_,4.46
_07027_,4.46
_07310_,4.46
_07751_,4.46
_08019_,4.46
_08291_,4.46
_08551_,4.46
_08602_,4.46
_08826_,4.46
_08935_,4.46
blkProj14999_7.blkProj14963_55.blk3902_64.r_Mem\[0\]\[10\],4.46
blkProj14999_7.blkProj14963_55.blk3902_64.r_Mem\[0\]\[27\],4.46
net378,4.46
_00053_,4.44
_00339_,4.44
_00788_,4.44
_02172_,4.44
_07849_,4.44
_00787_,4.42
_00925_,4.42
_01247_,4.42
_01392_,4.42
_01958_,4.42
_02354_,4.42
_02832_,4.42
_02905_,4.42
_03068_,4.42
_03182_,4.42
_03199_,4.42
_03235_,4.42
_03351_,4.42
_03377_,4.42
_03395_,4.42
_03404_,4.42
_04071_,4.42
_04239_,4.42
_06648_,4.42
_07980_,4.42
_08240_,4.42
_08370_,4.42
_08474_,4.42
_08543_,4.42
_08617_,4.42
_08638_,4.42
_08652_,4.42
_08907_,4.42
_08941_,4.42
_08946_,4.42
_08989_,4.42
net330,4.42
net400,4.42
_01152_,4.41
_01155_,4.41
o_Instruction[19],4.39
o_Instruction[23],4.39
o_Instruction[26],4.39
o_exeout[0],4.39
o_exeout[17],4.39
o_exeout[23],4.39
o_exeout[9],4.39
_02584_,4.385
_06202_,4.385
net160,4.385
_03139_,4.36
_03290_,4.36
_03434_,4.36
_03602_,4.36
_03879_,4.36
_04354_,4.36
_04890_,4.36
_06255_,4.36
_06520_,4.36
_06533_,4.36
_06823_,4.36
_07261_,4.36
_07362_,4.36
_07814_,4.36
_08493_,4.36
_08498_,4.36
_08577_,4.36
_08665_,4.36
_08725_,4.36
_08977_,4.36
net177,4.36
net462,4.36
_01462_,4.34
_01626_,4.34
_01744_,4.34
_01763_,4.34
_02274_,4.34
_02287_,4.34
_02936_,4.34
_02973_,4.34
_03279_,4.34
_03496_,4.34
_04007_,4.34
_04066_,4.34
_04665_,4.34
_05093_,4.34
_05516_,4.34
_05531_,4.34
_06356_,4.34
_06646_,4.34
_06767_,4.34
_06916_,4.34
_07253_,4.34
_07820_,4.34
_08131_,4.34
_08335_,4.34
_08388_,4.34
_08461_,4.34
_08542_,4.34
_08584_,4.34
_08650_,4.34
_08813_,4.34
_09007_,4.34
net97,4.34
net472,4.34
_02587_,4.325
_02673_,4.325
_02773_,4.325
_01871_,4.32
_01943_,4.32
_02448_,4.32
_04233_,4.32
_05019_,4.32
_06668_,4.32
_01796_,4.305
_01878_,4.305
_01894_,4.305
_02394_,4.305
_02400_,4.305
_02676_,4.295
_00380_,4.27
_00438_,4.27
_00439_,4.27
_00506_,4.27
_00736_,4.27
_00754_,4.27
_00809_,4.27
_01078_,4.27
_02476_,4.265
_01573_,4.24
_01949_,4.24
_02220_,4.24
_05528_,4.24
_06608_,4.24
_06935_,4.24
_07288_,4.24
_07736_,4.24
_08194_,4.24
net550,4.24
_00576_,4.22
_00943_,4.22
_01279_,4.22
_01601_,4.22
_01609_,4.22
_01693_,4.22
_01848_,4.22
_02173_,4.22
_02573_,4.22
_02710_,4.22
_02796_,4.22
_03207_,4.22
_03295_,4.22
_04255_,4.22
_07461_,4.22
_07672_,4.22
_08155_,4.22
_08459_,4.22
_05686_,4.2
_06895_,4.2
_07072_,4.2
_08384_,4.2
_01266_,4.17
_01602_,4.165
net102,4.165
_00008_,4.15
_00133_,4.15
_00379_,4.15
_00600_,4.15
_00719_,4.15
_01275_,4.15
_01789_,4.145
_02264_,4.145
_02618_,4.14
_02697_,4.14
_02820_,4.14
_04761_,4.14
_06657_,4.14
_07745_,4.14
_07934_,4.14
net245,4.14
net288,4.14
net365,4.14
net439,4.14
net444,4.14
_00050_,4.12
_00321_,4.12
_00579_,4.12
_00884_,4.12
_00980_,4.12
_01482_,4.12
_01496_,4.12
_01497_,4.12
_01551_,4.12
_01608_,4.12
_01610_,4.12
_01619_,4.12
_01651_,4.12
_01733_,4.12
_01748_,4.12
_01818_,4.12
_01884_,4.12
_01940_,4.12
_02103_,4.12
_02147_,4.12
_02196_,4.12
_02239_,4.12
_02284_,4.12
_02330_,4.12
_02332_,4.12
_02360_,4.12
_02361_,4.12
_02372_,4.12
_02522_,4.12
_02529_,4.12
_02687_,4.12
_02777_,4.12
_02779_,4.12
_02800_,4.12
_03148_,4.12
_05815_,4.12
_06225_,4.12
net372,4.12
_00683_,4.1
_01907_,4.1
_01962_,4.1
_02075_,4.1
_02087_,4.1
_02262_,4.1
_06096_,4.1
_07552_,4.1
_02751_,4.095
_02811_,4.085
_00059_,4.08
_00069_,4.08
_00460_,4.08
_00630_,4.08
_00687_,4.08
_01080_,4.08
_01095_,4.08
_01109_,4.08
_01228_,4.08
_01231_,4.08
_01321_,4.08
_01424_,4.08
_01460_,4.08
_01527_,4.08
_00752_,4.07
_01234_,4.07
_01325_,4.07
_02595_,4.065
_02663_,4.065
_07858_,4.065
_00077_,4.05
_00126_,4.05
_00165_,4.05
_00192_,4.05
_00316_,4.05
_00741_,4.05
_00833_,4.05
_00898_,4.05
_00962_,4.05
_01001_,4.05
_01018_,4.05
_01139_,4.05
_01167_,4.05
net123,4.045
_06075_,4.04
_01669_,4.02
_01779_,4.02
_01960_,4.02
_01965_,4.02
_04121_,4.02
_04127_,4.02
_04960_,4.02
_05610_,4.02
_06002_,4.02
_06383_,4.02
_06507_,4.02
_06583_,4.02
_07706_,4.02
_07986_,4.02
net173,4.02
net380,4.02
net404,4.02
net422,4.02
_01393_,4
_01489_,4
_01570_,4
_01593_,4
_01698_,4
_01704_,4
_01743_,4
_01752_,4
_01785_,4
_01843_,4
_01854_,4
_01869_,4
_01888_,4
_01985_,4
_02037_,4
_02099_,4
_02127_,4
_02155_,4
_02204_,4
_02233_,4
_02386_,4
_02486_,4
_02694_,4
_02699_,4
_02707_,4
_02798_,4
_02830_,4
_02839_,4
_02855_,4
_02864_,4
_02866_,4
_03067_,4
_03144_,4
_03427_,4
_03482_,4
_03729_,4
_03960_,4
_04178_,4
_04423_,4
_04624_,4
_05007_,4
_05285_,4
_05657_,4
_05774_,4
_06062_,4
_06216_,4
_06615_,4
_06645_,4
_06986_,4
_07081_,4
_07161_,4
_07612_,4
_08008_,4
_08222_,4
_08234_,4
_08245_,4
_08276_,4
_08653_,4
_08677_,4
_08799_,4
_09006_,4
blkProj14999_7.blkProj14963_55.blk3902_64.r_Mem\[0\]\[20\],4
net1,4
net334,4
_02765_,3.985
_03661_,3.97
_02507_,3.965
_02648_,3.965
_00193_,3.93
_01014_,3.93
_01254_,3.93
_01328_,3.93
_02505_,3.925
_02749_,3.925
_00265_,3.91
_06123_,3.905
_02891_,3.9
_02901_,3.9
_03072_,3.9
_03096_,3.9
_03169_,3.9
_03885_,3.9
_04193_,3.9
_04211_,3.9
_04295_,3.9
_04467_,3.9
_04911_,3.9
_05077_,3.9
_05558_,3.9
_06875_,3.9
_07349_,3.9
_07411_,3.9
_07769_,3.9
_08040_,3.9
_08114_,3.9
_08152_,3.9
_08192_,3.9
_08411_,3.9
_08436_,3.9
_08510_,3.9
_08645_,3.9
_08999_,3.9
_00246_,3.88
_00313_,3.88
_00314_,3.88
_00567_,3.88
_01346_,3.88
_02271_,3.88
_02380_,3.88
_02706_,3.88
_02791_,3.88
_03000_,3.88
_03140_,3.88
_03179_,3.88
_03355_,3.88
_03628_,3.88
_04001_,3.88
_04492_,3.88
_04838_,3.88
_04862_,3.88
_05476_,3.88
_06363_,3.88
_06403_,3.88
_06477_,3.88
_06551_,3.88
_06892_,3.88
_06949_,3.88
_07086_,3.88
_07174_,3.88
_07265_,3.88
_07773_,3.88
_08269_,3.88
_08426_,3.88
_08452_,3.88
_08500_,3.88
_08634_,3.88
_08679_,3.88
_08836_,3.88
_08940_,3.88
blkProj14523_5.blk4197_44.next_state\[3\],3.88
blkProj14999_7.blkProj14991_42.blk3979_4.multiplier\[26\],3.88
net184,3.88
_02669_,3.865
_00946_,3.86
_02179_,3.86
_03609_,3.86
_01903_,3.845
_02030_,3.845
_02679_,3.845
_00749_,3.83
_02377_,3.825
_00030_,3.81
_00386_,3.81
_00813_,3.81
_00818_,3.81
_01089_,3.81
_01459_,3.805
_02824_,3.805
_04984_,3.805
_02597_,3.8
_02670_,3.8
_01670_,3.78
_02057_,3.78
_02163_,3.78
_02359_,3.78
_06173_,3.78
_06261_,3.78
_06472_,3.78
_06526_,3.78
_07477_,3.78
_07977_,3.78
_08109_,3.78
net248,3.78
_00117_,3.76
_00209_,3.76
_00588_,3.76
_00617_,3.76
_00740_,3.76
_00778_,3.76
_00910_,3.76
_01058_,3.76
_01180_,3.76
_01333_,3.76
_01625_,3.76
_01700_,3.76
_01729_,3.76
_01753_,3.76
_01797_,3.76
_01819_,3.76
_01863_,3.76
_02029_,3.76
_02201_,3.76
_02686_,3.76
_02793_,3.76
_02804_,3.76
_02833_,3.76
_03485_,3.76
_04493_,3.76
_05195_,3.76
_05593_,3.76
_06779_,3.76
_07329_,3.76
_07509_,3.76
_08532_,3.76
_07995_,3.74
_08379_,3.74
_00712_,3.71
_01946_,3.705
_00007_,3.69
_00056_,3.69
_00245_,3.69
_00264_,3.69
_00573_,3.69
_01174_,3.69
_02014_,3.685
_03483_,3.68
_03543_,3.68
_05478_,3.68
_06139_,3.68
_08028_,3.68
_08064_,3.68
_08202_,3.68
net348,3.68
net410,3.68
net540,3.68
_02363_,3.675
_05855_,3.67
_00205_,3.66
_00291_,3.66
_00593_,3.66
_01183_,3.66
_01381_,3.66
_01447_,3.66
_01491_,3.66
_01494_,3.66
_01555_,3.66
_01571_,3.66
_01594_,3.66
_01647_,3.66
_01684_,3.66
_01749_,3.66
_01792_,3.66
_01822_,3.66
_01953_,3.66
_01986_,3.66
_01987_,3.66
_01999_,3.66
_02004_,3.66
_02046_,3.66
_02081_,3.66
_02114_,3.66
_02146_,3.66
_02212_,3.66
_02256_,3.66
_02260_,3.66
_02318_,3.66
_02513_,3.66
_02524_,3.66
_02836_,3.66
_05152_,3.66
_06799_,3.66
_07094_,3.66
net393,3.66
_00040_,3.64
_00545_,3.64
_00730_,3.64
_01034_,3.64
_01403_,3.64
_01450_,3.64
_01731_,3.64
_01896_,3.64
_03469_,3.64
_03492_,3.64
_03499_,3.64
_03502_,3.64
_05173_,3.64
_05753_,3.64
_06652_,3.64
blkProj14999_7.blkProj14991_42.blk3979_4.multiplier\[4\],3.64
_06874_,3.635
_02672_,3.625
_00350_,3.61
_00553_,3.61
_00794_,3.61
_01211_,3.61
_01264_,3.61
_00130_,3.59
_00333_,3.59
_00346_,3.59
_00496_,3.59
_00578_,3.59
_00684_,3.59
_00742_,3.59
_00769_,3.59
_00891_,3.59
_01071_,3.59
_01088_,3.59
_01146_,3.59
_02674_,3.585
_01407_,3.56
_01419_,3.56
_01421_,3.56
_01426_,3.56
_01432_,3.56
_01475_,3.56
_01500_,3.56
_01514_,3.56
_01517_,3.56
_01519_,3.56
_01538_,3.56
_01710_,3.56
_01804_,3.56
_01829_,3.56
_02000_,3.56
_02012_,3.56
_02025_,3.56
_02092_,3.56
_02093_,3.56
_02096_,3.56
_02142_,3.56
_02151_,3.56
_02194_,3.56
_02219_,3.56
_02222_,3.56
_02225_,3.56
_02241_,3.56
_02245_,3.56
_02249_,3.56
_02254_,3.56
_02268_,3.56
_02269_,3.56
_02286_,3.56
_02305_,3.56
_02350_,3.56
_02396_,3.56
_02454_,3.56
_02850_,3.56
_04160_,3.56
_04162_,3.56
_04180_,3.56
_05402_,3.56
_05537_,3.56
_05651_,3.56
_06170_,3.56
_06535_,3.56
_07462_,3.56
_07481_,3.56
_07538_,3.56
_07750_,3.56
_07813_,3.56
_07971_,3.56
_08105_,3.56
_08127_,3.56
_08179_,3.56
blkProj14523_5.blk4197_44.next_state\[1\],3.56
_00512_,3.54
_00659_,3.54
_01362_,3.54
_01371_,3.54
_01415_,3.54
_01498_,3.54
_01499_,3.54
_01532_,3.54
_01613_,3.54
_01643_,3.54
_01726_,3.54
_01783_,3.54
_01826_,3.54
_01852_,3.54
_01860_,3.54
_01976_,3.54
_01992_,3.54
_01995_,3.54
_02045_,3.54
_02056_,3.54
_02139_,3.54
_02255_,3.54
_02307_,3.54
_02336_,3.54
_02356_,3.54
_02357_,3.54
_02362_,3.54
_02366_,3.54
_02479_,3.54
_02520_,3.54
_02562_,3.54
_02635_,3.54
_02638_,3.54
_02683_,3.54
_02775_,3.54
_02802_,3.54
_02860_,3.54
_02863_,3.54
_03050_,3.54
_03167_,3.54
_03168_,3.54
_03338_,3.54
_03380_,3.54
_03546_,3.54
_03561_,3.54
_03678_,3.54
_03954_,3.54
_03970_,3.54
_03984_,3.54
_04033_,3.54
_04041_,3.54
_04751_,3.54
_05393_,3.54
_05443_,3.54
_05676_,3.54
_05713_,3.54
_06590_,3.54
_06600_,3.54
_07062_,3.54
_07187_,3.54
_07498_,3.54
_07525_,3.54
_07801_,3.54
_07812_,3.54
_07845_,3.54
_07853_,3.54
_08006_,3.54
_08058_,3.54
_08328_,3.54
_08449_,3.54
_09002_,3.54
blkProj14999_7.blkProj14963_55.blk3902_64.r_Mem\[0\]\[11\],3.54
blkProj14999_7.blkProj14963_55.blk3902_64.r_Mem\[0\]\[22\],3.54
_00242_,3.52
_01474_,3.52
_07944_,3.52
_00132_,3.49
_00102_,3.47
_00582_,3.47
_02133_,3.465
_02675_,3.465
_01681_,3.44
_01712_,3.44
_01929_,3.44
_02066_,3.44
_02150_,3.44
_02885_,3.44
_02896_,3.44
_02944_,3.44
_03154_,3.44
_03237_,3.44
_03286_,3.44
_03312_,3.44
_04813_,3.44
_05214_,3.44
_05951_,3.44
_06327_,3.44
_06346_,3.44
_06505_,3.44
_06893_,3.44
_07009_,3.44
_07083_,3.44
_07085_,3.44
_07386_,3.44
_07627_,3.44
_07771_,3.44
_08445_,3.44
_08538_,3.44
_08566_,3.44
_08576_,3.44
_08609_,3.44
_08772_,3.44
_08853_,3.44
_08922_,3.44
_08924_,3.44
_08938_,3.44
_08976_,3.44
_00625_,3.42
_01308_,3.42
_01438_,3.42
_01569_,3.42
_01717_,3.42
_01793_,3.42
_01837_,3.42
_01904_,3.42
_02309_,3.42
_03173_,3.42
_03220_,3.42
_03384_,3.42
_03728_,3.42
_04479_,3.42
_04608_,3.42
_04856_,3.42
_04957_,3.42
_05191_,3.42
_05391_,3.42
_06046_,3.42
_06113_,3.42
_06199_,3.42
_06332_,3.42
_06400_,3.42
_06498_,3.42
_07824_,3.42
_07841_,3.42
_07859_,3.42
_08080_,3.42
_08287_,3.42
_08441_,3.42
_08661_,3.42
_08752_,3.42
_08763_,3.42
_08795_,3.42
_08822_,3.42
_08955_,3.42
_09014_,3.42
_09025_,3.42
_02596_,3.405
_02610_,3.405
_02769_,3.405
_02807_,3.405
_02809_,3.405
_00326_,3.4
_00862_,3.4
_08889_,3.4
_02343_,3.385
blkProj14523_5.blk4197_44.next_state\[2\],3.385
_00586_,3.37
_00829_,3.37
_00890_,3.37
_00738_,3.35
_00821_,3.35
_00923_,3.35
_01240_,3.35
_02665_,3.345
_03671_,3.32
_07307_,3.32
_07832_,3.32
_00067_,3.3
_00071_,3.3
_00176_,3.3
_00323_,3.3
_00342_,3.3
_00412_,3.3
_00507_,3.3
_00729_,3.3
_00889_,3.3
_00899_,3.3
_01064_,3.3
_01202_,3.3
_01242_,3.3
_01543_,3.3
_01718_,3.3
_01830_,3.3
_02043_,3.3
_02178_,3.3
_02242_,3.3
_02408_,3.3
_02410_,3.3
_05724_,3.3
_08879_,3.3
_01849_,3.245
_02208_,3.245
_02498_,3.245
_02527_,3.245
_02575_,3.245
_02834_,3.245
_00249_,3.23
_00328_,3.23
_00674_,3.23
_00820_,3.23
_00912_,3.23
_01220_,3.23
_01272_,3.23
_01422_,3.225
_01637_,3.225
_02829_,3.225
blkProj14999_7.blk3989_105.Result\[10\],3.225
net179,3.225
_06024_,3.22
_06086_,3.22
_06670_,3.22
_06740_,3.22
_07231_,3.22
_07421_,3.22
_08092_,3.22
_08326_,3.22
_06458_,3.21
_00073_,3.2
_00089_,3.2
_00312_,3.2
_01427_,3.2
_01444_,3.2
_01529_,3.2
_01531_,3.2
_01534_,3.2
_01535_,3.2
_01542_,3.2
_01566_,3.2
_01584_,3.2
_01614_,3.2
_01623_,3.2
_01649_,3.2
_01658_,3.2
_01721_,3.2
_01728_,3.2
_01756_,3.2
_01761_,3.2
_01762_,3.2
_01778_,3.2
_01817_,3.2
_01842_,3.2
_01861_,3.2
_01866_,3.2
_01874_,3.2
_01908_,3.2
_01919_,3.2
_01932_,3.2
_01990_,3.2
_01998_,3.2
_02023_,3.2
_02028_,3.2
_02039_,3.2
_02044_,3.2
_02052_,3.2
_02082_,3.2
_02107_,3.2
_02130_,3.2
_02144_,3.2
_02190_,3.2
_02240_,3.2
_02315_,3.2
_02353_,3.2
_02395_,3.2
_02413_,3.2
_02414_,3.2
_02422_,3.2
_02466_,3.2
_02487_,3.2
_02521_,3.2
_02574_,3.2
_02692_,3.2
_02693_,3.2
_02698_,3.2
_02856_,3.2
_02859_,3.2
_02865_,3.2
_03630_,3.2
net448,3.2
_00594_,3.18
_01173_,3.18
_01301_,3.18
_02440_,3.18
_03611_,3.18
_06039_,3.18
_06781_,3.18
_08038_,3.18
_00272_,3.15
_00023_,3.13
_00057_,3.13
_00280_,3.13
_00290_,3.13
_00329_,3.13
_00363_,3.13
_00369_,3.13
_00389_,3.13
_00623_,3.13
_00759_,3.13
_00812_,3.13
_00978_,3.13
_01009_,3.13
_01125_,3.13
_01156_,3.13
_01213_,3.13
_01273_,3.13
_01453_,3.125
_01917_,3.125
_01967_,3.125
_01389_,3.1
_01406_,3.1
_01410_,3.1
_01414_,3.1
_01417_,3.1
_01445_,3.1
_01455_,3.1
_01456_,3.1
_01469_,3.1
_01490_,3.1
_01521_,3.1
_01523_,3.1
_01545_,3.1
_01558_,3.1
_01559_,3.1
_01574_,3.1
_01592_,3.1
_01605_,3.1
_01616_,3.1
_01627_,3.1
_01633_,3.1
_01652_,3.1
_01661_,3.1
_01671_,3.1
_01690_,3.1
_01703_,3.1
_01706_,3.1
_01707_,3.1
_01722_,3.1
_01724_,3.1
_01725_,3.1
_01727_,3.1
_01735_,3.1
_01737_,3.1
_01746_,3.1
_01774_,3.1
_01790_,3.1
_01794_,3.1
_01801_,3.1
_01831_,3.1
_01850_,3.1
_01875_,3.1
_01891_,3.1
_01895_,3.1
_01912_,3.1
_01939_,3.1
_01974_,3.1
_01989_,3.1
_02007_,3.1
_02016_,3.1
_02024_,3.1
_02055_,3.1
_02067_,3.1
_02069_,3.1
_02071_,3.1
_02083_,3.1
_02113_,3.1
_02158_,3.1
_02159_,3.1
_02160_,3.1
_02167_,3.1
_02183_,3.1
_02184_,3.1
_02193_,3.1
_02197_,3.1
_02218_,3.1
_02230_,3.1
_02232_,3.1
_02304_,3.1
_02311_,3.1
_02313_,3.1
_02344_,3.1
_02345_,3.1
_02375_,3.1
_02382_,3.1
_02387_,3.1
_02390_,3.1
_02402_,3.1
_02411_,3.1
_02468_,3.1
_02470_,3.1
_02473_,3.1
_02489_,3.1
_02789_,3.1
_02849_,3.1
_03605_,3.1
_04056_,3.1
_04061_,3.1
_04375_,3.1
_06279_,3.1
_07783_,3.1
_07826_,3.1
_00599_,3.08
_01302_,3.08
_01391_,3.08
_01397_,3.08
_01423_,3.08
_01440_,3.08
_01452_,3.08
_01458_,3.08
_01466_,3.08
_01506_,3.08
_01580_,3.08
_01600_,3.08
_01646_,3.08
_01755_,3.08
_01820_,3.08
_01865_,3.08
_01918_,3.08
_01950_,3.08
_01977_,3.08
_02022_,3.08
_02033_,3.08
_02106_,3.08
_02143_,3.08
_02186_,3.08
_02263_,3.08
_02291_,3.08
_02347_,3.08
_02352_,3.08
_02393_,3.08
_02407_,3.08
_02439_,3.08
_02458_,3.08
_02469_,3.08
_02523_,3.08
_02626_,3.08
_02627_,3.08
_02732_,3.08
_02780_,3.08
_02921_,3.08
_03013_,3.08
_03213_,3.08
_03271_,3.08
_03476_,3.08
_03513_,3.08
_03649_,3.08
_04009_,3.08
_04230_,3.08
_04947_,3.08
_05348_,3.08
_05398_,3.08
_06091_,3.08
_06230_,3.08
_06242_,3.08
_06285_,3.08
_06306_,3.08
_06377_,3.08
_06585_,3.08
_06855_,3.08
_07005_,3.08
_07692_,3.08
_07693_,3.08
_07909_,3.08
_07920_,3.08
_07952_,3.08
_07970_,3.08
_08220_,3.08
_08265_,3.08
_08369_,3.08
_08396_,3.08
_08496_,3.08
_08523_,3.08
_08668_,3.08
_08874_,3.08
_08881_,3.08
_08961_,3.08
blkProj14999_7.blkProj14963_55.blk3902_64.r_Mem\[0\]\[25\],3.08
blkProj14999_7.blkProj14963_55.blk3902_64.r_Mem\[0\]\[31\],3.08
blkProj14999_7.blkProj14963_55.blk3902_64.r_Mem\[0\]\[6\],3.08
_00240_,3.06
_00601_,3.06
_00605_,3.06
_01140_,3.06
_06666_,3.06
_08046_,3.06
_02813_,3.055
_02510_,3.045
_02598_,3.045
_00055_,3.03
_00299_,3.03
_00368_,3.03
_00390_,3.03
_00431_,3.03
_01168_,3.03
_02930_,2.98
_03002_,2.98
_03059_,2.98
_03064_,2.98
_03162_,2.98
_03170_,2.98
_03233_,2.98
_03246_,2.98
_03277_,2.98
_03323_,2.98
_03324_,2.98
_03325_,2.98
_03419_,2.98
_03423_,2.98
_03428_,2.98
_04102_,2.98
_04174_,2.98
_04441_,2.98
_04940_,2.98
_05033_,2.98
_05153_,2.98
_05803_,2.98
_06264_,2.98
_06442_,2.98
_06939_,2.98
_07112_,2.98
_07248_,2.98
_07251_,2.98
_07680_,2.98
_07717_,2.98
_08079_,2.98
_08174_,2.98
_08408_,2.98
_08434_,2.98
_08539_,2.98
_08560_,2.98
_08675_,2.98
_08684_,2.98
_08729_,2.98
_08896_,2.98
_08936_,2.98
_08959_,2.98
_00068_,2.96
_00461_,2.96
_00869_,2.96
_00908_,2.96
_01241_,2.96
_01434_,2.96
_01471_,2.96
_01800_,2.96
_02018_,2.96
_02175_,2.96
_02192_,2.96
_02231_,2.96
_02300_,2.96
_02514_,2.96
_02555_,2.96
_02902_,2.96
_03373_,2.96
_03394_,2.96
_03931_,2.96
_04251_,2.96
_04274_,2.96
_04327_,2.96
_04332_,2.96
_04400_,2.96
_04488_,2.96
_04912_,2.96
_04989_,2.96
_05612_,2.96
_05996_,2.96
_06083_,2.96
_06134_,2.96
_06426_,2.96
_06612_,2.96
_06728_,2.96
_07163_,2.96
_07394_,2.96
_07506_,2.96
_07768_,2.96
_07788_,2.96
_07852_,2.96
_07871_,2.96
_07917_,2.96
_07979_,2.96
_07983_,2.96
_07989_,2.96
_08052_,2.96
_08378_,2.96
_08495_,2.96
_08588_,2.96
_08620_,2.96
_08708_,2.96
_08899_,2.96
_08916_,2.96
_08917_,2.96
net241,2.96
_02496_,2.945
_02500_,2.945
_02580_,2.945
_02588_,2.945
_02651_,2.945
_02656_,2.945
_02666_,2.945
_01685_,2.925
_01856_,2.925
_02031_,2.925
_02480_,2.925
_00604_,2.91
_00221_,2.89
_00225_,2.89
_00494_,2.89
_00514_,2.89
_00574_,2.89
_00751_,2.89
_00775_,2.89
_00792_,2.89
_00892_,2.89
_00924_,2.89
_00949_,2.89
_00976_,2.89
_00985_,2.89
_01025_,2.89
_01038_,2.89
_01127_,2.89
_01135_,2.89
_01145_,2.89
_01187_,2.89
_01204_,2.89
_01214_,2.89
_01277_,2.89
_05898_,2.86
_06479_,2.86
_06576_,2.86
net542,2.86
_00001_,2.84
_00085_,2.84
_00094_,2.84
_00096_,2.84
_00110_,2.84
_00119_,2.84
_00136_,2.84
_00170_,2.84
_00175_,2.84
_00177_,2.84
_00179_,2.84
_00188_,2.84
_00201_,2.84
_00204_,2.84
_00234_,2.84
_00274_,2.84
_00300_,2.84
_00305_,2.84
_00336_,2.84
_00352_,2.84
_00392_,2.84
_00395_,2.84
_00400_,2.84
_00408_,2.84
_00411_,2.84
_00413_,2.84
_00449_,2.84
_00465_,2.84
_00472_,2.84
_00503_,2.84
_00536_,2.84
_00537_,2.84
_00557_,2.84
_00575_,2.84
_00606_,2.84
_00755_,2.84
_00765_,2.84
_00789_,2.84
_00791_,2.84
_00825_,2.84
_00858_,2.84
_00895_,2.84
_00974_,2.84
_00988_,2.84
_01005_,2.84
_01011_,2.84
_01028_,2.84
_01040_,2.84
_01042_,2.84
_01070_,2.84
_01096_,2.84
_01131_,2.84
_01134_,2.84
_01138_,2.84
_01142_,2.84
_01158_,2.84
_01185_,2.84
_01197_,2.84
_01200_,2.84
_01212_,2.84
_01223_,2.84
_01236_,2.84
_01263_,2.84
_01271_,2.84
_01282_,2.84
_01289_,2.84
_01291_,2.84
_01305_,2.84
_01335_,2.84
_01349_,2.84
_01360_,2.84
_01556_,2.84
_01667_,2.84
_01750_,2.84
_01769_,2.84
_01910_,2.84
_02013_,2.84
_02098_,2.84
_02213_,2.84
_02322_,2.84
_02346_,2.84
_07730_,2.84
_07901_,2.84
net339,2.84
_03429_,2.82
_02649_,2.785
_02650_,2.785
_02758_,2.785
_00100_,2.77
_00212_,2.77
_00219_,2.77
_00388_,2.77
_00419_,2.77
_00549_,2.77
_00580_,2.77
_00595_,2.77
_00808_,2.77
_00888_,2.77
_01251_,2.77
_01336_,2.77
_02050_,2.765
_06108_,2.76
_07840_,2.76
_07945_,2.76
_08347_,2.76
_00157_,2.74
_00194_,2.74
_00256_,2.74
_00497_,2.74
_00569_,2.74
_00643_,2.74
_00731_,2.74
_00793_,2.74
_01378_,2.74
_01379_,2.74
_01388_,2.74
_01411_,2.74
_01420_,2.74
_01526_,2.74
_01528_,2.74
_01536_,2.74
_01611_,2.74
_01618_,2.74
_01692_,2.74
_01714_,2.74
_01716_,2.74
_01757_,2.74
_01788_,2.74
_01791_,2.74
_01802_,2.74
_01814_,2.74
_01853_,2.74
_01859_,2.74
_01867_,2.74
_01868_,2.74
_01883_,2.74
_01885_,2.74
_01887_,2.74
_01915_,2.74
_01942_,2.74
_01945_,2.74
_01954_,2.74
_01988_,2.74
_02021_,2.74
_02049_,2.74
_02073_,2.74
_02109_,2.74
_02182_,2.74
_02188_,2.74
_02210_,2.74
_02223_,2.74
_02325_,2.74
_02329_,2.74
_02338_,2.74
_02456_,2.74
_02464_,2.74
_02465_,2.74
_02472_,2.74
_02482_,2.74
_02515_,2.74
_02528_,2.74
_02547_,2.74
_02696_,2.74
_02782_,2.74
_02799_,2.74
_02817_,2.74
_02822_,2.74
_02862_,2.74
_03642_,2.74
_07835_,2.74
blkProj14523_5.blk4197_44.next_state\[4\],2.74
_00005_,2.72
_00222_,2.72
_00279_,2.72
_00484_,2.72
_01931_,2.72
_02695_,2.72
_03504_,2.72
_03548_,2.72
_05116_,2.72
_05154_,2.72
_00046_,2.69
_00063_,2.69
_00173_,2.69
_00178_,2.69
_00195_,2.69
_00248_,2.69
_00302_,2.69
_00317_,2.69
_00338_,2.69
_00370_,2.69
_00378_,2.69
_00420_,2.69
_00434_,2.69
_00453_,2.69
_00471_,2.69
_00477_,2.69
_00488_,2.69
_00520_,2.69
_00612_,2.69
_00644_,2.69
_00661_,2.69
_00691_,2.69
_00707_,2.69
_00709_,2.69
_00725_,2.69
_00737_,2.69
_00763_,2.69
_00782_,2.69
_00785_,2.69
_00795_,2.69
_00843_,2.69
_00945_,2.69
_01004_,2.69
_01189_,2.69
_01225_,2.69
_01226_,2.69
_01229_,2.69
_01284_,2.69
_01303_,2.69
_00036_,2.67
_00074_,2.67
_00159_,2.67
_00162_,2.67
_00371_,2.67
_00637_,2.67
_00668_,2.67
_00680_,2.67
_00744_,2.67
_00806_,2.67
_00860_,2.67
_00968_,2.67
_00993_,2.67
_01026_,2.67
_01087_,2.67
_01157_,2.67
_01164_,2.67
_01312_,2.67
_01319_,2.67
_01377_,2.665
_01502_,2.665
_01780_,2.665
_02174_,2.665
_02250_,2.665
_02326_,2.665
_06506_,2.65
_05385_,2.64
_06094_,2.64
_06197_,2.64
_06598_,2.64
_07660_,2.64
_07816_,2.64
_07915_,2.64
_08363_,2.64
blkProj14999_7.blk3989_105.Result\[20\],2.64
_00343_,2.62
_01373_,2.62
_01418_,2.62
_01430_,2.62
_01435_,2.62
_01463_,2.62
_01468_,2.62
_01480_,2.62
_01485_,2.62
_01486_,2.62
_01504_,2.62
_01509_,2.62
_01510_,2.62
_01518_,2.62
_01550_,2.62
_01579_,2.62
_01588_,2.62
_01636_,2.62
_01640_,2.62
_01688_,2.62
_01730_,2.62
_01732_,2.62
_01764_,2.62
_01772_,2.62
_01777_,2.62
_01784_,2.62
_01787_,2.62
_01811_,2.62
_01839_,2.62
_01841_,2.62
_01857_,2.62
_01864_,2.62
_01926_,2.62
_01961_,2.62
_01975_,2.62
_01991_,2.62
_02036_,2.62
_02047_,2.62
_02070_,2.62
_02078_,2.62
_02088_,2.62
_02090_,2.62
_02110_,2.62
_02138_,2.62
_02145_,2.62
_02166_,2.62
_02224_,2.62
_02248_,2.62
_02265_,2.62
_02277_,2.62
_02289_,2.62
_02299_,2.62
_02324_,2.62
_02418_,2.62
_02536_,2.62
_02641_,2.62
_02722_,2.62
_02861_,2.62
_02867_,2.62
_03056_,2.62
_03270_,2.62
_03283_,2.62
_03376_,2.62
_03449_,2.62
_03588_,2.62
_03613_,2.62
_03626_,2.62
_04010_,2.62
_04049_,2.62
_04131_,2.62
_04854_,2.62
_05100_,2.62
_05209_,2.62
_05744_,2.62
_06116_,2.62
_06169_,2.62
_06473_,2.62
_06566_,2.62
_07522_,2.62
_07697_,2.62
_07718_,2.62
_07891_,2.62
_08022_,2.62
_08283_,2.62
_08433_,2.62
_08557_,2.62
_08689_,2.62
_08842_,2.62
_08850_,2.62
_08886_,2.62
blkProj14999_7.blk3989_105.Result\[17\],2.62
net295,2.62
_01923_,2.595
_04109_,2.595
_00544_,2.57
_00726_,2.57
_00885_,2.57
_01066_,2.57
_00696_,2.55
_05322_,2.55
_02892_,2.52
_02898_,2.52
_02911_,2.52
_02952_,2.52
_02967_,2.52
_02988_,2.52
_03018_,2.52
_03029_,2.52
_03037_,2.52
_03076_,2.52
_03183_,2.52
_03208_,2.52
_03209_,2.52
_03211_,2.52
_03265_,2.52
_03356_,2.52
_03684_,2.52
_04240_,2.52
_04438_,2.52
_05021_,2.52
_05057_,2.52
_05082_,2.52
_05158_,2.52
_05172_,2.52
_05338_,2.52
_05547_,2.52
_05716_,2.52
_06021_,2.52
_06144_,2.52
_06151_,2.52
_06212_,2.52
_06599_,2.52
_06818_,2.52
_06927_,2.52
_07132_,2.52
_07799_,2.52
_08085_,2.52
_08091_,2.52
_08480_,2.52
_08579_,2.52
_08580_,2.52
_08647_,2.52
_08683_,2.52
_08687_,2.52
_08831_,2.52
_08855_,2.52
_08929_,2.52
_08973_,2.52
_08995_,2.52
_09008_,2.52
net442,2.52
_00021_,2.5
_00629_,2.5
_00640_,2.5
_00662_,2.5
_00803_,2.5
_00905_,2.5
_01031_,2.5
_01046_,2.5
_01059_,2.5
_01199_,2.5
_01339_,2.5
_01508_,2.5
_01899_,2.5
_01941_,2.5
_02084_,2.5
_02280_,2.5
_03092_,2.5
_03204_,2.5
_03307_,2.5
_03311_,2.5
_03352_,2.5
_03551_,2.5
_03991_,2.5
_03998_,2.5
_04248_,2.5
_05252_,2.5
_05332_,2.5
_06192_,2.5
_06274_,2.5
_06320_,2.5
_06351_,2.5
_06385_,2.5
_06431_,2.5
_06460_,2.5
_06521_,2.5
_06582_,2.5
_06938_,2.5
_07091_,2.5
_07162_,2.5
_07419_,2.5
_07619_,2.5
_07654_,2.5
_07731_,2.5
_07998_,2.5
_08279_,2.5
_08366_,2.5
_08407_,2.5
_08428_,2.5
_08556_,2.5
_08690_,2.5
_08792_,2.5
_08820_,2.5
_08883_,2.5
_08914_,2.5
_01449_,2.465
_01813_,2.465
_01920_,2.465
_02064_,2.465
_02132_,2.465
_02367_,2.465
_02790_,2.465
_03303_,2.46
_00019_,2.43
_00243_,2.43
_00308_,2.43
_00850_,2.43
_00882_,2.43
_00963_,2.43
_00967_,2.43
_01032_,2.43
_01122_,2.43
_01129_,2.43
_01238_,2.43
_06642_,2.405
_04922_,2.4
_05133_,2.4
_05244_,2.4
_05480_,2.4
_08315_,2.4
_08334_,2.4
_00015_,2.38
_00026_,2.38
_00027_,2.38
_00028_,2.38
_00061_,2.38
_00075_,2.38
_00080_,2.38
_00086_,2.38
_00099_,2.38
_00106_,2.38
_00113_,2.38
_00123_,2.38
_00125_,2.38
_00134_,2.38
_00140_,2.38
_00145_,2.38
_00148_,2.38
_00182_,2.38
_00190_,2.38
_00198_,2.38
_00210_,2.38
_00211_,2.38
_00214_,2.38
_00217_,2.38
_00250_,2.38
_00251_,2.38
_00254_,2.38
_00278_,2.38
_00282_,2.38
_00285_,2.38
_00286_,2.38
_00307_,2.38
_00366_,2.38
_00452_,2.38
_00454_,2.38
_00455_,2.38
_00475_,2.38
_00490_,2.38
_00499_,2.38
_00517_,2.38
_00525_,2.38
_00534_,2.38
_00555_,2.38
_00572_,2.38
_00590_,2.38
_00638_,2.38
_00675_,2.38
_00686_,2.38
_00753_,2.38
_00828_,2.38
_00838_,2.38
_00849_,2.38
_00853_,2.38
_00875_,2.38
_00879_,2.38
_00883_,2.38
_00916_,2.38
_00933_,2.38
_00977_,2.38
_00982_,2.38
_00984_,2.38
_00994_,2.38
_00995_,2.38
_01043_,2.38
_01057_,2.38
_01060_,2.38
_01068_,2.38
_01077_,2.38
_01081_,2.38
_01092_,2.38
_01097_,2.38
_01105_,2.38
_01120_,2.38
_01128_,2.38
_01141_,2.38
_01147_,2.38
_01163_,2.38
_01175_,2.38
_01178_,2.38
_01193_,2.38
_01218_,2.38
_01232_,2.38
_01233_,2.38
_01239_,2.38
_01250_,2.38
_01253_,2.38
_01268_,2.38
_01270_,2.38
_01286_,2.38
_01287_,2.38
_01290_,2.38
_01318_,2.38
_01343_,2.38
_02058_,2.38
_02276_,2.38
_02349_,2.38
_03536_,2.38
_04329_,2.38
_04900_,2.38
_02606_,2.325
_02647_,2.325
_02652_,2.325
_02711_,2.325
_01386_,2.315
_01370_,2.305
_05365_,2.3
_05518_,2.3
_06117_,2.3
_06299_,2.3
_06640_,2.3
_07936_,2.3
_08011_,2.3
_08076_,2.3
_08206_,2.3
_08210_,2.3
_08227_,2.3
_08242_,2.3
_08392_,2.3
net307,2.3
net314,2.3
net529,2.3
_00082_,2.28
_00108_,2.28
_00127_,2.28
_00394_,2.28
_00526_,2.28
_00624_,2.28
_00697_,2.28
_00776_,2.28
_01007_,2.28
_01215_,2.28
_01262_,2.28
_01353_,2.28
_01398_,2.28
_01399_,2.28
_01408_,2.28
_01436_,2.28
_01437_,2.28
_01464_,2.28
_01473_,2.28
_01525_,2.28
_01546_,2.28
_01548_,2.28
_01560_,2.28
_01564_,2.28
_01577_,2.28
_01586_,2.28
_01612_,2.28
_01615_,2.28
_01617_,2.28
_01634_,2.28
_01650_,2.28
_01664_,2.28
_01675_,2.28
_01676_,2.28
_01686_,2.28
_01687_,2.28
_01691_,2.28
_01702_,2.28
_01713_,2.28
_01742_,2.28
_01751_,2.28
_01767_,2.28
_01773_,2.28
_01776_,2.28
_01786_,2.28
_01795_,2.28
_01809_,2.28
_01823_,2.28
_01828_,2.28
_01838_,2.28
_01847_,2.28
_01872_,2.28
_01879_,2.28
_01880_,2.28
_01911_,2.28
_01913_,2.28
_01914_,2.28
_01916_,2.28
_01934_,2.28
_01936_,2.28
_01966_,2.28
_01978_,2.28
_01981_,2.28
_02005_,2.28
_02006_,2.28
_02048_,2.28
_02104_,2.28
_02120_,2.28
_02128_,2.28
_02168_,2.28
_02177_,2.28
_02203_,2.28
_02211_,2.28
_02235_,2.28
_02236_,2.28
_02237_,2.28
_02252_,2.28
_02261_,2.28
_02278_,2.28
_02295_,2.28
_02301_,2.28
_02306_,2.28
_02328_,2.28
_02337_,2.28
_02376_,2.28
_02398_,2.28
_02409_,2.28
_02453_,2.28
_02483_,2.28
_02484_,2.28
_02519_,2.28
_02540_,2.28
_02690_,2.28
_02778_,2.28
_02852_,2.28
_02877_,2.28
_04884_,2.28
_05532_,2.28
_02020_,2.255
_02593_,2.255
_00002_,2.23
_00003_,2.23
_00004_,2.23
_00006_,2.23
_00009_,2.23
_00010_,2.23
_00012_,2.23
_00029_,2.23
_00033_,2.23
_00041_,2.23
_00049_,2.23
_00058_,2.23
_00095_,2.23
_00098_,2.23
_00105_,2.23
_00114_,2.23
_00131_,2.23
_00137_,2.23
_00142_,2.23
_00144_,2.23
_00166_,2.23
_00168_,2.23
_00169_,2.23
_00187_,2.23
_00203_,2.23
_00207_,2.23
_00213_,2.23
_00215_,2.23
_00223_,2.23
_00230_,2.23
_00238_,2.23
_00258_,2.23
_00273_,2.23
_00276_,2.23
_00281_,2.23
_00283_,2.23
_00288_,2.23
_00303_,2.23
_00306_,2.23
_00309_,2.23
_00318_,2.23
_00325_,2.23
_00332_,2.23
_00337_,2.23
_00344_,2.23
_00345_,2.23
_00347_,2.23
_00349_,2.23
_00353_,2.23
_00356_,2.23
_00360_,2.23
_00374_,2.23
_00384_,2.23
_00393_,2.23
_00407_,2.23
_00415_,2.23
_00422_,2.23
_00429_,2.23
_00432_,2.23
_00436_,2.23
_00441_,2.23
_00442_,2.23
_00443_,2.23
_00444_,2.23
_00447_,2.23
_00459_,2.23
_00468_,2.23
_00469_,2.23
_00479_,2.23
_00482_,2.23
_00489_,2.23
_00502_,2.23
_00515_,2.23
_00519_,2.23
_00523_,2.23
_00530_,2.23
_00533_,2.23
_00543_,2.23
_00548_,2.23
_00551_,2.23
_00552_,2.23
_00561_,2.23
_00563_,2.23
_00565_,2.23
_00577_,2.23
_00584_,2.23
_00611_,2.23
_00619_,2.23
_00631_,2.23
_00634_,2.23
_00635_,2.23
_00649_,2.23
_00650_,2.23
_00653_,2.23
_00654_,2.23
_00660_,2.23
_00663_,2.23
_00666_,2.23
_00667_,2.23
_00704_,2.23
_00708_,2.23
_00711_,2.23
_00715_,2.23
_00716_,2.23
_00721_,2.23
_00724_,2.23
_00743_,2.23
_00746_,2.23
_00747_,2.23
_00748_,2.23
_00756_,2.23
_00761_,2.23
_00767_,2.23
_00773_,2.23
_00784_,2.23
_00796_,2.23
_00798_,2.23
_00799_,2.23
_00814_,2.23
_00823_,2.23
_00826_,2.23
_00835_,2.23
_00839_,2.23
_00848_,2.23
_00864_,2.23
_00866_,2.23
_00867_,2.23
_00873_,2.23
_00874_,2.23
_00893_,2.23
_00896_,2.23
_00904_,2.23
_00926_,2.23
_00927_,2.23
_00928_,2.23
_00930_,2.23
_00934_,2.23
_00935_,2.23
_00936_,2.23
_00937_,2.23
_00942_,2.23
_00951_,2.23
_00955_,2.23
_00959_,2.23
_00964_,2.23
_00965_,2.23
_00969_,2.23
_01015_,2.23
_01024_,2.23
_01045_,2.23
_01048_,2.23
_01054_,2.23
_01079_,2.23
_01082_,2.23
_01084_,2.23
_01085_,2.23
_01091_,2.23
_01102_,2.23
_01103_,2.23
_01115_,2.23
_01119_,2.23
_01186_,2.23
_01274_,2.23
_01296_,2.23
_01330_,2.23
_01332_,2.23
_01334_,2.23
_01345_,2.23
_01350_,2.23
_01351_,2.23
_07008_,2.23
_04612_,2.22
_00054_,2.21
_00111_,2.21
_00416_,2.21
_00457_,2.21
_00509_,2.21
_00568_,2.21
_00615_,2.21
_00783_,2.21
_00805_,2.21
_00970_,2.21
_01037_,2.21
_01072_,2.21
_01133_,2.21
_02433_,2.18
_02532_,2.18
_04144_,2.18
_05491_,2.18
_05529_,2.18
_05595_,2.18
_07567_,2.18
_08082_,2.18
_08088_,2.18
_08177_,2.18
_08230_,2.18
_08361_,2.18
_00014_,2.16
_00025_,2.16
_00143_,2.16
_00149_,2.16
_00271_,2.16
_00478_,2.16
_00516_,2.16
_00632_,2.16
_00636_,2.16
_00732_,2.16
_00834_,2.16
_00954_,2.16
_01055_,2.16
_01065_,2.16
_01121_,2.16
_01165_,2.16
_01288_,2.16
_01342_,2.16
_01396_,2.16
_01428_,2.16
_01442_,2.16
_01457_,2.16
_01467_,2.16
_01495_,2.16
_01501_,2.16
_01515_,2.16
_01585_,2.16
_01596_,2.16
_01622_,2.16
_01665_,2.16
_01696_,2.16
_01738_,2.16
_01775_,2.16
_01816_,2.16
_01827_,2.16
_01881_,2.16
_01886_,2.16
_01898_,2.16
_01937_,2.16
_01973_,2.16
_02015_,2.16
_02065_,2.16
_02074_,2.16
_02100_,2.16
_02112_,2.16
_02135_,2.16
_02148_,2.16
_02149_,2.16
_02200_,2.16
_02281_,2.16
_02296_,2.16
_02310_,2.16
_02317_,2.16
_02339_,2.16
_02412_,2.16
_02449_,2.16
_02481_,2.16
_02568_,2.16
_02619_,2.16
_02682_,2.16
_02776_,2.16
_02837_,2.16
_02854_,2.16
_02878_,2.16
_03166_,2.16
_03339_,2.16
_03520_,2.16
_03537_,2.16
_03563_,2.16
_03614_,2.16
_04004_,2.16
_04101_,2.16
_04321_,2.16
_04740_,2.16
_05119_,2.16
_05353_,2.16
_05429_,2.16
_05601_,2.16
_05775_,2.16
_05958_,2.16
_06058_,2.16
_06517_,2.16
_06563_,2.16
_06636_,2.16
_06647_,2.16
_07047_,2.16
_07142_,2.16
_07207_,2.16
_07235_,2.16
_07420_,2.16
_07579_,2.16
_07729_,2.16
_08007_,2.16
_08032_,2.16
_08068_,2.16
_08074_,2.16
_08175_,2.16
_08183_,2.16
_08208_,2.16
_08273_,2.16
_08472_,2.16
_08481_,2.16
_08563_,2.16
_08793_,2.16
_08827_,2.16
_08980_,2.16
_08981_,2.16
blkProj14999_7.blkProj14963_55.blk3902_64.r_Mem\[0\]\[0\],2.16
net293,2.16
_02744_,2.145
_02608_,2.125
_03135_,2.1
_03368_,2.1
_02581_,2.085
_02893_,2.06
_02984_,2.06
_02996_,2.06
_03012_,2.06
_03024_,2.06
_03069_,2.06
_03071_,2.06
_03088_,2.06
_03111_,2.06
_03117_,2.06
_03123_,2.06
_03156_,2.06
_03186_,2.06
_03192_,2.06
_03214_,2.06
_03252_,2.06
_03257_,2.06
_03272_,2.06
_03344_,2.06
_03402_,2.06
_03406_,2.06
_03677_,2.06
_03952_,2.06
_04073_,2.06
_04326_,2.06
_04338_,2.06
_04476_,2.06
_04645_,2.06
_04721_,2.06
_04966_,2.06
_05095_,2.06
_05171_,2.06
_05190_,2.06
_06030_,2.06
_06147_,2.06
_06817_,2.06
_07139_,2.06
_07194_,2.06
_07324_,2.06
_07360_,2.06
_08061_,2.06
_08231_,2.06
_08264_,2.06
_08465_,2.06
_08473_,2.06
_08491_,2.06
_08511_,2.06
_08521_,2.06
_08569_,2.06
_08571_,2.06
_08592_,2.06
_08606_,2.06
_08672_,2.06
_08698_,2.06
_08731_,2.06
_08740_,2.06
_08804_,2.06
_08852_,2.06
_08858_,2.06
_08866_,2.06
_08871_,2.06
_08884_,2.06
_08932_,2.06
_08933_,2.06
_08944_,2.06
_08968_,2.06
_08991_,2.06
_09005_,2.06
blkProj14999_7.blkProj14963_55.blk3902_64.r_Mem\[0\]\[19\],2.06
_07023_,2.055
_00121_,2.04
_00135_,2.04
_00196_,2.04
_00311_,2.04
_00367_,2.04
_00522_,2.04
_00547_,2.04
_00596_,2.04
_00602_,2.04
_00657_,2.04
_00665_,2.04
_00727_,2.04
_00757_,2.04
_00837_,2.04
_00871_,2.04
_01347_,2.04
_01358_,2.04
_01429_,2.04
_01476_,2.04
_01736_,2.04
_01825_,2.04
_02215_,2.04
_02216_,2.04
_02383_,2.04
_02558_,2.04
_02821_,2.04
_02876_,2.04
_03093_,2.04
_03268_,2.04
_03278_,2.04
_03319_,2.04
_03378_,2.04
_03603_,2.04
_04303_,2.04
_04776_,2.04
_04919_,2.04
_05569_,2.04
_06082_,2.04
_07164_,2.04
_07541_,2.04
_07691_,2.04
_07906_,2.04
_08188_,2.04
_08214_,2.04
_08351_,2.04
_08554_,2.04
_01401_,2.005
_01679_,2.005
_01799_,2.005
_02169_,2.005
_02198_,2.005
_02297_,2.005
_02851_,2.005
_03326_,2
_04219_,1.94
_07037_,1.94
_08198_,1.94
_08744_,1.94
_01366_,1.885
_01924_,1.885
_02586_,1.865
net172,1.865
_01979_,1.845
_02373_,1.84
_03523_,1.84
_05251_,1.84
_05873_,1.84
_05913_,1.84
_06017_,1.84
_06160_,1.84
_06619_,1.84
_07932_,1.84
_08056_,1.84
_08086_,1.84
_08181_,1.84
_08190_,1.84
_08204_,1.84
_08212_,1.84
_08216_,1.84
_08358_,1.84
_00047_,1.82
_00078_,1.82
_00084_,1.82
_00107_,1.82
_00115_,1.82
_00129_,1.82
_00139_,1.82
_00146_,1.82
_00147_,1.82
_00189_,1.82
_00229_,1.82
_00232_,1.82
_00237_,1.82
_00260_,1.82
_00322_,1.82
_00361_,1.82
_00383_,1.82
_00398_,1.82
_00401_,1.82
_00403_,1.82
_00417_,1.82
_00427_,1.82
_00451_,1.82
_00485_,1.82
_00493_,1.82
_00510_,1.82
_00513_,1.82
_00518_,1.82
_00524_,1.82
_00538_,1.82
_00539_,1.82
_00562_,1.82
_00622_,1.82
_00627_,1.82
_00646_,1.82
_00669_,1.82
_00703_,1.82
_00706_,1.82
_00720_,1.82
_00739_,1.82
_00750_,1.82
_00772_,1.82
_00786_,1.82
_00811_,1.82
_00815_,1.82
_00854_,1.82
_00878_,1.82
_00938_,1.82
_00944_,1.82
_00948_,1.82
_00956_,1.82
_00975_,1.82
_01036_,1.82
_01047_,1.82
_01104_,1.82
_01107_,1.82
_01117_,1.82
_01149_,1.82
_01154_,1.82
_01172_,1.82
_01176_,1.82
_01181_,1.82
_01191_,1.82
_01196_,1.82
_01205_,1.82
_01210_,1.82
_01219_,1.82
_01222_,1.82
_01235_,1.82
_01243_,1.82
_01256_,1.82
_01276_,1.82
_01283_,1.82
_01317_,1.82
_01329_,1.82
_01375_,1.82
_01384_,1.82
_01395_,1.82
_01443_,1.82
_01481_,1.82
_01505_,1.82
_01516_,1.82
_01539_,1.82
_01541_,1.82
_01549_,1.82
_01552_,1.82
_01553_,1.82
_01575_,1.82
_01590_,1.82
_01591_,1.82
_01629_,1.82
_01639_,1.82
_01656_,1.82
_01657_,1.82
_01659_,1.82
_01677_,1.82
_01711_,1.82
_01745_,1.82
_01781_,1.82
_01803_,1.82
_01893_,1.82
_01909_,1.82
_01927_,1.82
_01928_,1.82
_01948_,1.82
_01982_,1.82
_02017_,1.82
_02042_,1.82
_02068_,1.82
_02080_,1.82
_02134_,1.82
_02140_,1.82
_02161_,1.82
_02165_,1.82
_02187_,1.82
_02207_,1.82
_02228_,1.82
_02229_,1.82
_02234_,1.82
_02244_,1.82
_02246_,1.82
_02258_,1.82
_02270_,1.82
_02275_,1.82
_02290_,1.82
_02298_,1.82
_02308_,1.82
_02319_,1.82
_02355_,1.82
_02561_,1.82
_02563_,1.82
_02569_,1.82
_02685_,1.82
_02785_,1.82
_02870_,1.82
_02871_,1.82
_03730_,1.82
_04293_,1.82
_06078_,1.82
_07757_,1.82
_07792_,1.82
_00156_,1.75
_00359_,1.75
_00404_,1.75
_00423_,1.75
_00531_,1.75
_00585_,1.75
_00618_,1.75
_00872_,1.75
_00906_,1.75
_01000_,1.75
_01006_,1.75
_01076_,1.75
_01151_,1.75
_01162_,1.75
_01249_,1.75
_01340_,1.75
_04739_,1.72
_06290_,1.72
_07698_,1.72
_07964_,1.72
_08000_,1.72
net135,1.72
_04851_,1.705
_00035_,1.7
_00083_,1.7
_00141_,1.7
_00183_,1.7
_00235_,1.7
_00244_,1.7
_00277_,1.7
_00446_,1.7
_00597_,1.7
_00766_,1.7
_00979_,1.7
_01111_,1.7
_01245_,1.7
_01285_,1.7
_01354_,1.7
_01364_,1.7
_01520_,1.7
_01567_,1.7
_01581_,1.7
_01662_,1.7
_01709_,1.7
_01782_,1.7
_01805_,1.7
_01808_,1.7
_01947_,1.7
_02108_,1.7
_02117_,1.7
_02348_,1.7
_02389_,1.7
_02405_,1.7
_02680_,1.7
_02684_,1.7
_03132_,1.7
_03146_,1.7
_03498_,1.7
_03958_,1.7
_04263_,1.7
_04564_,1.7
_04976_,1.7
_05060_,1.7
_05212_,1.7
_06786_,1.7
_07143_,1.7
_07311_,1.7
_07563_,1.7
_07793_,1.7
_08423_,1.7
_08458_,1.7
_08611_,1.7
blkProj14999_7.blkProj14963_55.blk3902_64.r_Mem\[0\]\[3\],1.7
net398,1.7
net152,1.685
_02950_,1.6
_02958_,1.6
_03010_,1.6
_03011_,1.6
_03016_,1.6
_03027_,1.6
_03058_,1.6
_03060_,1.6
_03119_,1.6
_03195_,1.6
_03200_,1.6
_03218_,1.6
_03267_,1.6
_03293_,1.6
_03308_,1.6
_03309_,1.6
_03320_,1.6
_03327_,1.6
_03328_,1.6
_03358_,1.6
_03359_,1.6
_03360_,1.6
_03379_,1.6
_03387_,1.6
_03396_,1.6
_03401_,1.6
_03905_,1.6
_04461_,1.6
_04892_,1.6
_05096_,1.6
_05101_,1.6
_06003_,1.6
_06167_,1.6
_06589_,1.6
_06790_,1.6
_07325_,1.6
_07379_,1.6
_08073_,1.6
_08117_,1.6
_08205_,1.6
_08282_,1.6
_08323_,1.6
_08353_,1.6
_08373_,1.6
_08405_,1.6
_08453_,1.6
_08503_,1.6
_08537_,1.6
_08547_,1.6
_08559_,1.6
_08575_,1.6
_08591_,1.6
_08594_,1.6
_08600_,1.6
_08614_,1.6
_08636_,1.6
_08640_,1.6
_08641_,1.6
_08642_,1.6
_08667_,1.6
_08680_,1.6
_08712_,1.6
_08733_,1.6
_08748_,1.6
_08766_,1.6
_08780_,1.6
_08809_,1.6
_08846_,1.6
_08863_,1.6
_08868_,1.6
_08869_,1.6
_08900_,1.6
_08901_,1.6
_08902_,1.6
_08925_,1.6
_08937_,1.6
_08978_,1.6
_08979_,1.6
_08997_,1.6
_09000_,1.6
_09015_,1.6
_01385_,1.545
_01472_,1.545
_01568_,1.545
_01638_,1.545
_01674_,1.545
_01834_,1.545
_01835_,1.545
_01971_,1.545
_02061_,1.545
_02118_,1.545
_02226_,1.545
_02548_,1.545
_03185_,1.54
_03198_,1.48
_04783_,1.48
_05204_,1.48
_05786_,1.48
_06026_,1.48
net336,1.48
_02759_,1.405
_02630_,1.4
_03528_,1.38
_04277_,1.38
_04324_,1.38
_05579_,1.38
_05937_,1.38
_07647_,1.38
_07974_,1.38
_08196_,1.38
_08261_,1.38
_08374_,1.38
net415,1.38
_00022_,1.36
_00024_,1.36
_00088_,1.36
_00097_,1.36
_00101_,1.36
_00118_,1.36
_00151_,1.36
_00158_,1.36
_00161_,1.36
_00172_,1.36
_00184_,1.36
_00197_,1.36
_00216_,1.36
_00226_,1.36
_00236_,1.36
_00247_,1.36
_00255_,1.36
_00257_,1.36
_00284_,1.36
_00292_,1.36
_00319_,1.36
_00324_,1.36
_00330_,1.36
_00348_,1.36
_00354_,1.36
_00365_,1.36
_00376_,1.36
_00405_,1.36
_00414_,1.36
_00428_,1.36
_00456_,1.36
_00476_,1.36
_00481_,1.36
_00495_,1.36
_00500_,1.36
_00556_,1.36
_00558_,1.36
_00587_,1.36
_00626_,1.36
_00628_,1.36
_00655_,1.36
_00671_,1.36
_00681_,1.36
_00682_,1.36
_00700_,1.36
_00714_,1.36
_00717_,1.36
_00722_,1.36
_00745_,1.36
_00777_,1.36
_00801_,1.36
_00824_,1.36
_00830_,1.36
_00855_,1.36
_00861_,1.36
_00863_,1.36
_00887_,1.36
_00894_,1.36
_00907_,1.36
_00909_,1.36
_00913_,1.36
_00929_,1.36
_00957_,1.36
_00983_,1.36
_00989_,1.36
_00990_,1.36
_00999_,1.36
_01012_,1.36
_01030_,1.36
_01035_,1.36
_01063_,1.36
_01100_,1.36
_01118_,1.36
_01132_,1.36
_01137_,1.36
_01144_,1.36
_01166_,1.36
_01169_,1.36
_01177_,1.36
_01182_,1.36
_01188_,1.36
_01198_,1.36
_01201_,1.36
_01208_,1.36
_01209_,1.36
_01221_,1.36
_01227_,1.36
_01255_,1.36
_01260_,1.36
_01261_,1.36
_01269_,1.36
_01306_,1.36
_01313_,1.36
_01320_,1.36
_01337_,1.36
_01348_,1.36
_01380_,1.36
_01404_,1.36
_01655_,1.36
_01806_,1.36
_01821_,1.36
_01824_,1.36
_01906_,1.36
_01957_,1.36
_02060_,1.36
_02079_,1.36
_02091_,1.36
_02116_,1.36
_02181_,1.36
_02221_,1.36
_02259_,1.36
_02279_,1.36
_02403_,1.36
_02819_,1.36
_02825_,1.36
_02846_,1.36
_02869_,1.36
_06348_,1.36
_03336_,1.32
_03581_,1.26
_05034_,1.26
_07361_,1.26
_08540_,1.22
_08497_,1.18
_03022_,1.16
_06102_,1.15
_02881_,1.14
_02883_,1.14
_02887_,1.14
_02897_,1.14
_02900_,1.14
_02912_,1.14
_02920_,1.14
_02922_,1.14
_02938_,1.14
_02942_,1.14
_02965_,1.14
_02998_,1.14
_03004_,1.14
_03015_,1.14
_03035_,1.14
_03039_,1.14
_03057_,1.14
_03077_,1.14
_03086_,1.14
_03087_,1.14
_03099_,1.14
_03106_,1.14
_03109_,1.14
_03120_,1.14
_03128_,1.14
_03129_,1.14
_03180_,1.14
_03184_,1.14
_03187_,1.14
_03196_,1.14
_03215_,1.14
_03223_,1.14
_03229_,1.14
_03240_,1.14
_03243_,1.14
_03245_,1.14
_03247_,1.14
_03250_,1.14
_03255_,1.14
_03256_,1.14
_03261_,1.14
_03273_,1.14
_03294_,1.14
_03313_,1.14
_03314_,1.14
_03316_,1.14
_03317_,1.14
_03347_,1.14
_03354_,1.14
_03364_,1.14
_03365_,1.14
_03372_,1.14
_03398_,1.14
_03400_,1.14
_03437_,1.14
_04074_,1.14
_04086_,1.14
_04348_,1.14
_04394_,1.14
_04418_,1.14
_04426_,1.14
_04444_,1.14
_04464_,1.14
_04473_,1.14
_04531_,1.14
_04835_,1.14
_04857_,1.14
_05134_,1.14
_06215_,1.14
_06366_,1.14
_06440_,1.14
_06674_,1.14
_07330_,1.14
_07948_,1.14
_07967_,1.14
_08003_,1.14
_08018_,1.14
_08031_,1.14
_08201_,1.14
_08308_,1.14
_08338_,1.14
_08399_,1.14
_08404_,1.14
_08406_,1.14
_08430_,1.14
_08432_,1.14
_08448_,1.14
_08455_,1.14
_08463_,1.14
_08468_,1.14
_08469_,1.14
_08486_,1.14
_08487_,1.14
_08490_,1.14
_08506_,1.14
_08508_,1.14
_08529_,1.14
_08541_,1.14
_08546_,1.14
_08562_,1.14
_08565_,1.14
_08574_,1.14
_08583_,1.14
_08595_,1.14
_08603_,1.14
_08637_,1.14
_08655_,1.14
_08678_,1.14
_08688_,1.14
_08716_,1.14
_08754_,1.14
_08768_,1.14
_08782_,1.14
_08786_,1.14
_08790_,1.14
_08797_,1.14
_08817_,1.14
_08818_,1.14
_08823_,1.14
_08824_,1.14
_08833_,1.14
_08835_,1.14
_08849_,1.14
_08859_,1.14
_08861_,1.14
_08867_,1.14
_08885_,1.14
_08888_,1.14
_08894_,1.14
_08905_,1.14
_08910_,1.14
_08915_,1.14
_08918_,1.14
_08939_,1.14
_08942_,1.14
_08945_,1.14
_08954_,1.14
_08963_,1.14
_08970_,1.14
_09012_,1.14
_09030_,1.14
_02124_,1.085
_02129_,1.085
_02154_,1.085
_02314_,1.085
_02478_,1.085
_02783_,1.085
_03110_,1.06
_03701_,1.02
_06956_,1.02
_07201_,1.02
_07376_,1.02
_03510_,0.92
_03531_,0.92
_03644_,0.92
_04272_,0.92
_05192_,0.92
_06004_,0.92
_02421_,0.8
_04130_,0.8
_05649_,0.8
_05747_,0.8
_06500_,0.8
_02615_,0.46
_02616_,0.46
_02624_,0.46
_02633_,0.46
_05466_,0.46
_05944_,0.46
_06318_,0.46
_06424_,0.46
_06573_,0.46
_07269_,0.46
_07345_,0.46
_07555_,0.46
net238,0.46
net243,0.46
