
===========================================================================
report_checks -unconstrained
===========================================================================
======================= Typical Corner ===================================

Startpoint: i_rst (input port clocked by i_clk)
Endpoint: _18171_ (recovery check against rising-edge clock i_clk)
Path Group: asynchronous
Path Type: max

Fanout     Cap    Slew   Delay    Time   Description
-----------------------------------------------------------------------------
                  0.15    0.00    0.00   clock i_clk (rise edge)
                          0.00    0.00   clock network delay (ideal)
                         10.00   10.00 v input external delay
                  0.01    0.00   10.00 v i_rst (in)
     1    0.00                           i_rst (net)
                  0.01    0.00   10.00 v _15923_/A (sky130_fd_sc_hd__buf_1)
                  0.13    0.16   10.17 v _15923_/X (sky130_fd_sc_hd__buf_1)
    10    0.02                           _03733_ (net)
                  0.13    0.00   10.17 v _15926_/A (sky130_fd_sc_hd__buf_1)
                  0.12    0.21   10.38 v _15926_/X (sky130_fd_sc_hd__buf_1)
    10    0.02                           _03735_ (net)
                  0.12    0.00   10.38 v _15983_/A (sky130_fd_sc_hd__buf_1)
                  0.12    0.21   10.59 v _15983_/X (sky130_fd_sc_hd__buf_1)
    10    0.02                           _03742_ (net)
                  0.12    0.00   10.59 v _15995_/A (sky130_fd_sc_hd__buf_1)
                  0.25    0.31   10.89 v _15995_/X (sky130_fd_sc_hd__buf_1)
    10    0.04                           _03744_ (net)
                  0.25    0.00   10.89 v _16001_/A (sky130_fd_sc_hd__inv_2)
                  0.06    0.10   11.00 ^ _16001_/Y (sky130_fd_sc_hd__inv_2)
     1    0.00                           _00066_ (net)
                  0.06    0.00   11.00 ^ _18171_/SET_B (sky130_fd_sc_hd__dfstp_2)
                                 11.00   data arrival time

                  0.15   50.00   50.00   clock i_clk (rise edge)
                          0.00   50.00   clock network delay (ideal)
                         -0.25   49.75   clock uncertainty
                          0.00   49.75   clock reconvergence pessimism
                                 49.75 ^ _18171_/CLK (sky130_fd_sc_hd__dfstp_2)
                          0.16   49.91   library recovery time
                                 49.91   data required time
-----------------------------------------------------------------------------
                                 49.91   data required time
                                -11.00   data arrival time
-----------------------------------------------------------------------------
                                 38.92   slack (MET)


Startpoint: _19289_ (rising edge-triggered flip-flop clocked by i_clk)
Endpoint: _19237_ (rising edge-triggered flip-flop clocked by i_clk)
Path Group: i_clk
Path Type: max

Fanout     Cap    Slew   Delay    Time   Description
-----------------------------------------------------------------------------
                  0.15    0.00    0.00   clock i_clk (rise edge)
                          0.00    0.00   clock network delay (ideal)
                  0.15    0.00    0.00 ^ _19289_/CLK (sky130_fd_sc_hd__dfrtp_2)
                  0.08    0.49    0.49 v _19289_/Q (sky130_fd_sc_hd__dfrtp_2)
     5    0.02                           blkProj14999_7.blkProj14991_42.blk3979_4.accum[3] (net)
                  0.08    0.00    0.49 v _12725_/A (sky130_fd_sc_hd__or4_2)
                  0.14    0.76    1.25 v _12725_/X (sky130_fd_sc_hd__or4_2)
     4    0.01                           _07860_ (net)
                  0.14    0.00    1.25 v _12726_/D (sky130_fd_sc_hd__or4_2)
                  0.14    0.65    1.90 v _12726_/X (sky130_fd_sc_hd__or4_2)
     4    0.01                           _07861_ (net)
                  0.14    0.00    1.90 v _12727_/D (sky130_fd_sc_hd__or4_2)
                  0.14    0.65    2.56 v _12727_/X (sky130_fd_sc_hd__or4_2)
     4    0.01                           _07862_ (net)
                  0.14    0.00    2.56 v _12728_/D (sky130_fd_sc_hd__or4_2)
                  0.13    0.64    3.20 v _12728_/X (sky130_fd_sc_hd__or4_2)
     4    0.01                           _07863_ (net)
                  0.13    0.00    3.20 v _12729_/D (sky130_fd_sc_hd__or4_2)
                  0.14    0.65    3.85 v _12729_/X (sky130_fd_sc_hd__or4_2)
     4    0.01                           _07864_ (net)
                  0.14    0.00    3.85 v _12730_/D (sky130_fd_sc_hd__or4_2)
                  0.14    0.65    4.50 v _12730_/X (sky130_fd_sc_hd__or4_2)
     4    0.01                           _07865_ (net)
                  0.14    0.00    4.50 v _12731_/D (sky130_fd_sc_hd__or4_2)
                  0.16    0.68    5.18 v _12731_/X (sky130_fd_sc_hd__or4_2)
     5    0.02                           _07866_ (net)
                  0.16    0.00    5.18 v _12732_/D (sky130_fd_sc_hd__nor4_2)
                  0.28    0.24    5.42 ^ _12732_/Y (sky130_fd_sc_hd__nor4_2)
     4    0.01                           _07867_ (net)
                  0.28    0.00    5.42 ^ _12733_/D_N (sky130_fd_sc_hd__or4b_2)
                  0.15    0.72    6.14 v _12733_/X (sky130_fd_sc_hd__or4b_2)
     5    0.01                           _07868_ (net)
                  0.15    0.00    6.14 v _12738_/C (sky130_fd_sc_hd__or4_2)
                  0.14    0.73    6.87 v _12738_/X (sky130_fd_sc_hd__or4_2)
     4    0.01                           _07873_ (net)
                  0.14    0.00    6.87 v _12739_/D (sky130_fd_sc_hd__or4_2)
                  0.14    0.65    7.52 v _12739_/X (sky130_fd_sc_hd__or4_2)
     4    0.01                           _07874_ (net)
                  0.14    0.00    7.52 v _12740_/D (sky130_fd_sc_hd__or4_2)
                  0.14    0.65    8.17 v _12740_/X (sky130_fd_sc_hd__or4_2)
     4    0.01                           _07875_ (net)
                  0.14    0.00    8.17 v _12741_/D (sky130_fd_sc_hd__or4_2)
                  0.14    0.65    8.82 v _12741_/X (sky130_fd_sc_hd__or4_2)
     4    0.01                           _07876_ (net)
                  0.14    0.00    8.82 v _12742_/D (sky130_fd_sc_hd__or4_2)
                  0.13    0.64    9.46 v _12742_/X (sky130_fd_sc_hd__or4_2)
     4    0.01                           _07877_ (net)
                  0.13    0.00    9.46 v _12743_/C (sky130_fd_sc_hd__or3_2)
                  0.09    0.48    9.94 v _12743_/X (sky130_fd_sc_hd__or3_2)
     3    0.01                           _07878_ (net)
                  0.09    0.00    9.94 v _12744_/C (sky130_fd_sc_hd__or3_2)
                  0.11    0.49   10.43 v _12744_/X (sky130_fd_sc_hd__or3_2)
     4    0.01                           _07879_ (net)
                  0.11    0.00   10.43 v _12745_/D (sky130_fd_sc_hd__or4_2)
                  0.11    0.60   11.03 v _12745_/X (sky130_fd_sc_hd__or4_2)
     2    0.01                           _07880_ (net)
                  0.11    0.00   11.03 v _12746_/B (sky130_fd_sc_hd__or2_2)
                  0.08    0.34   11.37 v _12746_/X (sky130_fd_sc_hd__or2_2)
     3    0.01                           _07881_ (net)
                  0.08    0.00   11.37 v _12747_/C (sky130_fd_sc_hd__or3_2)
                  0.10    0.47   11.84 v _12747_/X (sky130_fd_sc_hd__or3_2)
     4    0.01                           _07882_ (net)
                  0.10    0.00   11.84 v _12748_/D (sky130_fd_sc_hd__or4_2)
                  0.11    0.60   12.44 v _12748_/X (sky130_fd_sc_hd__or4_2)
     2    0.01                           _07883_ (net)
                  0.11    0.00   12.44 v _12749_/B (sky130_fd_sc_hd__or2_2)
                  0.06    0.32   12.76 v _12749_/X (sky130_fd_sc_hd__or2_2)
     2    0.01                           _07884_ (net)
                  0.06    0.00   12.76 v _12750_/B (sky130_fd_sc_hd__or2_2)
                  0.06    0.30   13.06 v _12750_/X (sky130_fd_sc_hd__or2_2)
     2    0.01                           _07885_ (net)
                  0.06    0.00   13.06 v _12751_/B (sky130_fd_sc_hd__or2_2)
                  0.06    0.30   13.37 v _12751_/X (sky130_fd_sc_hd__or2_2)
     2    0.01                           _07886_ (net)
                  0.06    0.00   13.37 v _12752_/B (sky130_fd_sc_hd__or2_2)
                  0.07    0.31   13.67 v _12752_/X (sky130_fd_sc_hd__or2_2)
     2    0.01                           _07887_ (net)
                  0.07    0.00   13.67 v _12754_/A2 (sky130_fd_sc_hd__o21a_2)
                  0.05    0.23   13.91 v _12754_/X (sky130_fd_sc_hd__o21a_2)
     3    0.01                           _07889_ (net)
                  0.05    0.00   13.91 v _12755_/B1 (sky130_fd_sc_hd__a21oi_2)
                  0.14    0.15   14.05 ^ _12755_/Y (sky130_fd_sc_hd__a21oi_2)
     1    0.01                           _07890_ (net)
                  0.14    0.00   14.05 ^ _12756_/B (sky130_fd_sc_hd__xnor2_2)
                  0.04    0.07   14.12 v _12756_/Y (sky130_fd_sc_hd__xnor2_2)
     1    0.00                           _07891_ (net)
                  0.04    0.00   14.12 v _12759_/A1 (sky130_fd_sc_hd__mux2_2)
                  0.04    0.26   14.38 v _12759_/X (sky130_fd_sc_hd__mux2_2)
     1    0.00                           _07894_ (net)
                  0.04    0.00   14.38 v _12763_/A1 (sky130_fd_sc_hd__mux2_2)
                  0.05    0.26   14.64 v _12763_/X (sky130_fd_sc_hd__mux2_2)
     1    0.00                           _07898_ (net)
                  0.05    0.00   14.64 v _12764_/A (sky130_fd_sc_hd__buf_1)
                  0.02    0.09   14.73 v _12764_/X (sky130_fd_sc_hd__buf_1)
     1    0.00                           _02494_ (net)
                  0.02    0.00   14.73 v _19237_/D (sky130_fd_sc_hd__dfrtp_2)
                                 14.73   data arrival time

                  0.15   50.00   50.00   clock i_clk (rise edge)
                          0.00   50.00   clock network delay (ideal)
                         -0.25   49.75   clock uncertainty
                          0.00   49.75   clock reconvergence pessimism
                                 49.75 ^ _19237_/CLK (sky130_fd_sc_hd__dfrtp_2)
                         -0.08   49.67   library setup time
                                 49.67   data required time
-----------------------------------------------------------------------------
                                 49.67   data required time
                                -14.73   data arrival time
-----------------------------------------------------------------------------
                                 34.94   slack (MET)




===========================================================================
report_checks --slack_max -0.01
============================================================================
======================= Typical Corner ===================================

No paths found.


===========================================================================
 report_check_types -max_slew -max_cap -max_fanout -violators
============================================================================
======================= Typical Corner ===================================



===========================================================================
report_parasitic_annotation -report_unannotated
============================================================================
Found 10627 unannotated drivers.
 i_clk
 i_rst
 _09034_/X
 _09035_/Y
 _09036_/X
 _09037_/X
 _09038_/X
 _09039_/Y
 _09040_/X
 _09041_/Y
 _09042_/Y
 _09043_/Y
 _09044_/X
 _09045_/X
 _09046_/X
 _09047_/X
 _09048_/Y
 _09049_/X
 _09050_/X
 _09051_/X
 _09052_/X
 _09053_/Y
 _09054_/Y
 _09055_/X
 _09056_/X
 _09057_/X
 _09058_/X
 _09059_/X
 _09060_/X
 _09061_/X
 _09062_/X
 _09063_/X
 _09064_/X
 _09065_/X
 _09066_/X
 _09067_/X
 _09068_/X
 _09069_/X
 _09070_/X
 _09071_/X
 _09072_/X
 _09073_/X
 _09074_/X
 _09075_/X
 _09076_/X
 _09077_/X
 _09078_/X
 _09079_/X
 _09080_/X
 _09081_/X
 _09082_/X
 _09083_/X
 _09084_/X
 _09085_/X
 _09086_/X
 _09087_/X
 _09088_/X
 _09089_/X
 _09090_/X
 _09091_/X
 _09092_/X
 _09093_/X
 _09094_/X
 _09095_/X
 _09096_/X
 _09097_/X
 _09098_/X
 _09099_/X
 _09100_/X
 _09101_/X
 _09102_/X
 _09103_/X
 _09104_/X
 _09105_/X
 _09106_/X
 _09107_/X
 _09108_/X
 _09109_/X
 _09110_/X
 _09111_/X
 _09112_/X
 _09113_/X
 _09114_/X
 _09115_/X
 _09116_/X
 _09117_/X
 _09118_/X
 _09119_/X
 _09120_/X
 _09121_/X
 _09122_/X
 _09123_/X
 _09124_/X
 _09125_/X
 _09126_/X
 _09127_/X
 _09128_/X
 _09129_/X
 _09130_/X
 _09131_/X
 _09132_/X
 _09133_/X
 _09134_/X
 _09135_/X
 _09136_/X
 _09137_/X
 _09138_/X
 _09139_/X
 _09140_/X
 _09141_/X
 _09142_/X
 _09143_/X
 _09144_/X
 _09145_/X
 _09146_/X
 _09147_/X
 _09148_/X
 _09149_/X
 _09150_/X
 _09151_/X
 _09152_/X
 _09153_/X
 _09154_/X
 _09155_/X
 _09156_/X
 _09157_/X
 _09158_/X
 _09159_/X
 _09160_/X
 _09161_/X
 _09162_/X
 _09163_/X
 _09164_/X
 _09165_/X
 _09166_/X
 _09167_/X
 _09168_/X
 _09169_/X
 _09170_/X
 _09171_/X
 _09172_/X
 _09173_/X
 _09174_/X
 _09175_/X
 _09176_/X
 _09177_/X
 _09178_/X
 _09179_/X
 _09180_/X
 _09181_/X
 _09182_/X
 _09183_/X
 _09184_/X
 _09185_/X
 _09186_/X
 _09187_/X
 _09188_/X
 _09189_/X
 _09190_/X
 _09191_/X
 _09192_/X
 _09193_/X
 _09194_/X
 _09195_/X
 _09196_/X
 _09197_/X
 _09198_/X
 _09199_/X
 _09200_/X
 _09201_/X
 _09202_/X
 _09203_/X
 _09204_/X
 _09205_/X
 _09206_/X
 _09207_/Y
 _09208_/X
 _09209_/X
 _09210_/Y
 _09211_/Y
 _09212_/X
 _09213_/X
 _09214_/X
 _09215_/X
 _09216_/Y
 _09217_/X
 _09218_/X
 _09219_/X
 _09220_/X
 _09221_/Y
 _09222_/X
 _09223_/X
 _09224_/X
 _09225_/X
 _09226_/Y
 _09227_/X
 _09228_/X
 _09229_/X
 _09230_/X
 _09231_/X
 _09232_/X
 _09233_/X
 _09234_/X
 _09235_/X
 _09236_/X
 _09237_/X
 _09238_/X
 _09239_/X
 _09240_/X
 _09241_/X
 _09242_/X
 _09243_/X
 _09244_/X
 _09245_/X
 _09246_/X
 _09247_/X
 _09248_/X
 _09249_/X
 _09250_/X
 _09251_/X
 _09252_/X
 _09253_/X
 _09254_/X
 _09255_/X
 _09256_/X
 _09257_/X
 _09258_/X
 _09259_/X
 _09260_/X
 _09261_/X
 _09262_/X
 _09263_/X
 _09264_/X
 _09265_/X
 _09266_/X
 _09267_/X
 _09268_/X
 _09269_/X
 _09270_/X
 _09271_/X
 _09272_/X
 _09273_/X
 _09274_/X
 _09275_/X
 _09276_/X
 _09277_/X
 _09278_/X
 _09279_/X
 _09280_/X
 _09281_/X
 _09282_/X
 _09283_/X
 _09284_/X
 _09285_/X
 _09286_/X
 _09287_/X
 _09288_/X
 _09289_/X
 _09290_/X
 _09291_/X
 _09292_/X
 _09293_/X
 _09294_/X
 _09295_/X
 _09296_/X
 _09297_/X
 _09298_/X
 _09299_/X
 _09300_/Y
 _09301_/X
 _09302_/X
 _09303_/X
 _09304_/X
 _09305_/X
 _09306_/X
 _09307_/X
 _09308_/X
 _09309_/X
 _09310_/X
 _09311_/X
 _09312_/X
 _09313_/X
 _09314_/X
 _09315_/X
 _09316_/X
 _09317_/X
 _09318_/X
 _09319_/X
 _09320_/X
 _09321_/X
 _09322_/X
 _09323_/X
 _09324_/X
 _09325_/X
 _09326_/X
 _09327_/X
 _09328_/X
 _09329_/X
 _09330_/X
 _09331_/X
 _09332_/X
 _09333_/X
 _09334_/X
 _09335_/X
 _09336_/X
 _09337_/X
 _09338_/X
 _09339_/X
 _09340_/X
 _09341_/X
 _09342_/X
 _09343_/X
 _09344_/X
 _09345_/X
 _09346_/X
 _09347_/X
 _09348_/X
 _09349_/X
 _09350_/X
 _09351_/X
 _09352_/X
 _09353_/X
 _09354_/X
 _09355_/X
 _09356_/X
 _09357_/X
 _09358_/X
 _09359_/X
 _09360_/X
 _09361_/X
 _09362_/X
 _09363_/X
 _09364_/X
 _09365_/X
 _09366_/X
 _09367_/X
 _09368_/X
 _09369_/X
 _09370_/X
 _09371_/X
 _09372_/X
 _09373_/X
 _09374_/X
 _09375_/X
 _09376_/X
 _09377_/X
 _09378_/X
 _09379_/X
 _09380_/X
 _09381_/X
 _09382_/X
 _09383_/X
 _09384_/X
 _09385_/X
 _09386_/X
 _09387_/X
 _09388_/X
 _09389_/X
 _09390_/X
 _09391_/X
 _09392_/X
 _09393_/X
 _09394_/X
 _09395_/X
 _09396_/X
 _09397_/X
 _09398_/X
 _09399_/X
 _09400_/X
 _09401_/X
 _09402_/X
 _09403_/X
 _09404_/X
 _09405_/X
 _09406_/X
 _09407_/X
 _09408_/X
 _09409_/X
 _09410_/X
 _09411_/X
 _09412_/X
 _09413_/X
 _09414_/X
 _09415_/X
 _09416_/X
 _09417_/X
 _09418_/X
 _09419_/X
 _09420_/X
 _09421_/X
 _09422_/X
 _09423_/X
 _09424_/X
 _09425_/X
 _09426_/X
 _09427_/X
 _09428_/X
 _09429_/X
 _09430_/X
 _09431_/X
 _09432_/X
 _09433_/X
 _09434_/X
 _09435_/X
 _09436_/X
 _09437_/X
 _09438_/X
 _09439_/X
 _09440_/X
 _09441_/X
 _09442_/X
 _09443_/X
 _09444_/X
 _09445_/X
 _09446_/X
 _09447_/X
 _09448_/X
 _09449_/X
 _09450_/X
 _09451_/X
 _09452_/X
 _09453_/X
 _09454_/X
 _09455_/X
 _09456_/X
 _09457_/X
 _09458_/X
 _09459_/X
 _09460_/X
 _09461_/X
 _09462_/X
 _09463_/X
 _09464_/X
 _09465_/X
 _09466_/X
 _09467_/X
 _09468_/X
 _09469_/X
 _09470_/X
 _09471_/X
 _09472_/X
 _09473_/X
 _09474_/X
 _09475_/X
 _09476_/X
 _09477_/X
 _09478_/X
 _09479_/X
 _09480_/X
 _09481_/X
 _09482_/X
 _09483_/X
 _09484_/X
 _09485_/X
 _09486_/X
 _09487_/X
 _09488_/X
 _09489_/X
 _09490_/X
 _09491_/X
 _09492_/X
 _09493_/X
 _09494_/X
 _09495_/X
 _09496_/X
 _09497_/X
 _09498_/X
 _09499_/X
 _09500_/X
 _09501_/X
 _09502_/X
 _09503_/X
 _09504_/X
 _09505_/X
 _09506_/X
 _09507_/X
 _09508_/X
 _09509_/X
 _09510_/X
 _09511_/X
 _09512_/X
 _09513_/X
 _09514_/X
 _09515_/X
 _09516_/X
 _09517_/X
 _09518_/X
 _09519_/X
 _09520_/X
 _09521_/X
 _09522_/X
 _09523_/X
 _09524_/X
 _09525_/X
 _09526_/X
 _09527_/X
 _09528_/X
 _09529_/X
 _09530_/X
 _09531_/X
 _09532_/X
 _09533_/X
 _09534_/X
 _09535_/X
 _09536_/X
 _09537_/X
 _09538_/X
 _09539_/X
 _09540_/X
 _09541_/X
 _09542_/X
 _09543_/X
 _09544_/X
 _09545_/X
 _09546_/X
 _09547_/X
 _09548_/X
 _09549_/X
 _09550_/X
 _09551_/X
 _09552_/X
 _09553_/X
 _09554_/X
 _09555_/X
 _09556_/X
 _09557_/X
 _09558_/X
 _09559_/X
 _09560_/X
 _09561_/X
 _09562_/X
 _09563_/X
 _09564_/X
 _09565_/X
 _09566_/X
 _09567_/X
 _09568_/X
 _09569_/X
 _09570_/X
 _09571_/X
 _09572_/X
 _09573_/X
 _09574_/X
 _09575_/X
 _09576_/X
 _09577_/X
 _09578_/X
 _09579_/X
 _09580_/X
 _09581_/X
 _09582_/X
 _09583_/X
 _09584_/X
 _09585_/X
 _09586_/X
 _09587_/X
 _09588_/X
 _09589_/X
 _09590_/X
 _09591_/X
 _09592_/X
 _09593_/X
 _09594_/X
 _09595_/X
 _09596_/X
 _09597_/X
 _09598_/X
 _09599_/X
 _09600_/X
 _09601_/X
 _09602_/X
 _09603_/X
 _09604_/X
 _09605_/X
 _09606_/X
 _09607_/X
 _09608_/X
 _09609_/X
 _09610_/X
 _09611_/X
 _09612_/X
 _09613_/X
 _09614_/X
 _09615_/X
 _09616_/X
 _09617_/X
 _09618_/X
 _09619_/X
 _09620_/X
 _09621_/X
 _09622_/X
 _09623_/X
 _09624_/X
 _09625_/X
 _09626_/X
 _09627_/X
 _09628_/X
 _09629_/X
 _09630_/X
 _09631_/X
 _09632_/X
 _09633_/X
 _09634_/X
 _09635_/X
 _09636_/X
 _09637_/X
 _09638_/X
 _09639_/X
 _09640_/X
 _09641_/X
 _09642_/X
 _09643_/X
 _09644_/X
 _09645_/X
 _09646_/X
 _09647_/X
 _09648_/X
 _09649_/X
 _09650_/X
 _09651_/X
 _09652_/X
 _09653_/X
 _09654_/X
 _09655_/X
 _09656_/X
 _09657_/X
 _09658_/X
 _09659_/X
 _09660_/X
 _09661_/X
 _09662_/X
 _09663_/X
 _09664_/X
 _09665_/X
 _09666_/X
 _09667_/X
 _09668_/X
 _09669_/X
 _09670_/X
 _09671_/X
 _09672_/X
 _09673_/X
 _09674_/X
 _09675_/X
 _09676_/X
 _09677_/X
 _09678_/X
 _09679_/X
 _09680_/X
 _09681_/X
 _09682_/X
 _09683_/X
 _09684_/X
 _09685_/X
 _09686_/X
 _09687_/X
 _09688_/X
 _09689_/X
 _09690_/X
 _09691_/X
 _09692_/X
 _09693_/X
 _09694_/X
 _09695_/X
 _09696_/X
 _09697_/X
 _09698_/X
 _09699_/X
 _09700_/X
 _09701_/X
 _09702_/X
 _09703_/X
 _09704_/X
 _09705_/X
 _09706_/X
 _09707_/X
 _09708_/X
 _09709_/X
 _09710_/X
 _09711_/X
 _09712_/X
 _09713_/X
 _09714_/X
 _09715_/X
 _09716_/X
 _09717_/X
 _09718_/X
 _09719_/X
 _09720_/X
 _09721_/X
 _09722_/X
 _09723_/X
 _09724_/X
 _09725_/X
 _09726_/X
 _09727_/X
 _09728_/X
 _09729_/X
 _09730_/X
 _09731_/X
 _09732_/X
 _09733_/X
 _09734_/X
 _09735_/X
 _09736_/X
 _09737_/X
 _09738_/X
 _09739_/X
 _09740_/X
 _09741_/X
 _09742_/X
 _09743_/X
 _09744_/X
 _09745_/X
 _09746_/X
 _09747_/X
 _09748_/X
 _09749_/X
 _09750_/X
 _09751_/X
 _09752_/X
 _09753_/X
 _09754_/X
 _09755_/X
 _09756_/X
 _09757_/X
 _09758_/X
 _09759_/X
 _09760_/X
 _09761_/X
 _09762_/X
 _09763_/X
 _09764_/X
 _09765_/X
 _09766_/X
 _09767_/X
 _09768_/X
 _09769_/X
 _09770_/X
 _09771_/X
 _09772_/X
 _09773_/X
 _09774_/X
 _09775_/X
 _09776_/X
 _09777_/X
 _09778_/X
 _09779_/X
 _09780_/X
 _09781_/X
 _09782_/X
 _09783_/X
 _09784_/X
 _09785_/X
 _09786_/X
 _09787_/X
 _09788_/X
 _09789_/X
 _09790_/X
 _09791_/X
 _09792_/X
 _09793_/X
 _09794_/X
 _09795_/X
 _09796_/X
 _09797_/X
 _09798_/X
 _09799_/X
 _09800_/X
 _09801_/X
 _09802_/X
 _09803_/X
 _09804_/X
 _09805_/X
 _09806_/X
 _09807_/X
 _09808_/X
 _09809_/X
 _09810_/X
 _09811_/X
 _09812_/X
 _09813_/X
 _09814_/X
 _09815_/X
 _09816_/X
 _09817_/X
 _09818_/X
 _09819_/X
 _09820_/X
 _09821_/X
 _09822_/X
 _09823_/X
 _09824_/X
 _09825_/X
 _09826_/X
 _09827_/X
 _09828_/X
 _09829_/X
 _09830_/X
 _09831_/X
 _09832_/X
 _09833_/X
 _09834_/X
 _09835_/X
 _09836_/X
 _09837_/X
 _09838_/X
 _09839_/X
 _09840_/X
 _09841_/X
 _09842_/X
 _09843_/X
 _09844_/X
 _09845_/X
 _09846_/X
 _09847_/X
 _09848_/X
 _09849_/X
 _09850_/X
 _09851_/X
 _09852_/X
 _09853_/X
 _09854_/X
 _09855_/X
 _09856_/X
 _09857_/X
 _09858_/X
 _09859_/X
 _09860_/X
 _09861_/X
 _09862_/X
 _09863_/X
 _09864_/X
 _09865_/X
 _09866_/X
 _09867_/X
 _09868_/X
 _09869_/X
 _09870_/X
 _09871_/X
 _09872_/X
 _09873_/X
 _09874_/X
 _09875_/X
 _09876_/X
 _09877_/X
 _09878_/X
 _09879_/X
 _09880_/X
 _09881_/X
 _09882_/X
 _09883_/X
 _09884_/X
 _09885_/X
 _09886_/X
 _09887_/X
 _09888_/X
 _09889_/X
 _09890_/X
 _09891_/X
 _09892_/X
 _09893_/X
 _09894_/X
 _09895_/X
 _09896_/X
 _09897_/X
 _09898_/X
 _09899_/X
 _09900_/X
 _09901_/X
 _09902_/X
 _09903_/X
 _09904_/X
 _09905_/X
 _09906_/X
 _09907_/X
 _09908_/X
 _09909_/X
 _09910_/X
 _09911_/X
 _09912_/X
 _09913_/X
 _09914_/X
 _09915_/X
 _09916_/X
 _09917_/X
 _09918_/X
 _09919_/X
 _09920_/X
 _09921_/X
 _09922_/X
 _09923_/X
 _09924_/X
 _09925_/X
 _09926_/X
 _09927_/X
 _09928_/X
 _09929_/X
 _09930_/X
 _09931_/X
 _09932_/X
 _09933_/X
 _09934_/X
 _09935_/X
 _09936_/X
 _09937_/X
 _09938_/X
 _09939_/X
 _09940_/X
 _09941_/X
 _09942_/X
 _09943_/X
 _09944_/X
 _09945_/X
 _09946_/X
 _09947_/X
 _09948_/X
 _09949_/X
 _09950_/X
 _09951_/X
 _09952_/X
 _09953_/X
 _09954_/X
 _09955_/X
 _09956_/X
 _09957_/X
 _09958_/X
 _09959_/X
 _09960_/X
 _09961_/X
 _09962_/X
 _09963_/X
 _09964_/X
 _09965_/X
 _09966_/X
 _09967_/X
 _09968_/X
 _09969_/X
 _09970_/X
 _09971_/X
 _09972_/X
 _09973_/X
 _09974_/X
 _09975_/X
 _09976_/X
 _09977_/X
 _09978_/X
 _09979_/X
 _09980_/X
 _09981_/X
 _09982_/X
 _09983_/X
 _09984_/X
 _09985_/X
 _09986_/X
 _09987_/X
 _09988_/X
 _09989_/X
 _09990_/X
 _09991_/X
 _09992_/X
 _09993_/X
 _09994_/X
 _09995_/X
 _09996_/X
 _09997_/Y
 _09998_/Y
 _09999_/Y
 _10000_/X
 _10001_/X
 _10002_/X
 _10003_/X
 _10004_/Y
 _10005_/Y
 _10006_/Y
 _10007_/Y
 _10008_/Y
 _10009_/X
 _10010_/X
 _10011_/X
 _10012_/X
 _10013_/X
 _10014_/Y
 _10015_/X
 _10016_/Y
 _10017_/Y
 _10018_/X
 _10019_/X
 _10020_/Y
 _10021_/X
 _10022_/X
 _10023_/X
 _10024_/Y
 _10025_/Y
 _10026_/Y
 _10027_/X
 _10028_/X
 _10029_/X
 _10030_/X
 _10031_/X
 _10032_/X
 _10033_/X
 _10034_/Y
 _10035_/X
 _10036_/X
 _10037_/X
 _10038_/Y
 _10039_/X
 _10040_/X
 _10041_/X
 _10042_/X
 _10043_/X
 _10044_/X
 _10045_/X
 _10046_/X
 _10047_/X
 _10048_/Y
 _10049_/Y
 _10050_/X
 _10051_/X
 _10052_/X
 _10053_/X
 _10054_/X
 _10055_/X
 _10056_/Y
 _10057_/Y
 _10058_/X
 _10059_/Y
 _10060_/Y
 _10061_/X
 _10062_/X
 _10063_/X
 _10064_/X
 _10065_/Y
 _10066_/X
 _10067_/Y
 _10068_/X
 _10069_/Y
 _10070_/Y
 _10071_/X
 _10072_/Y
 _10073_/Y
 _10074_/X
 _10075_/Y
 _10076_/Y
 _10077_/X
 _10078_/Y
 _10079_/Y
 _10080_/X
 _10081_/Y
 _10082_/Y
 _10083_/X
 _10084_/Y
 _10085_/Y
 _10086_/X
 _10087_/X
 _10088_/Y
 _10089_/Y
 _10090_/X
 _10091_/X
 _10092_/Y
 _10093_/X
 _10094_/X
 _10095_/Y
 _10096_/Y
 _10097_/X
 _10098_/X
 _10099_/Y
 _10100_/X
 _10101_/X
 _10102_/Y
 _10103_/X
 _10104_/X
 _10105_/Y
 _10106_/X
 _10107_/X
 _10108_/X
 _10109_/Y
 _10110_/X
 _10111_/X
 _10112_/X
 _10113_/Y
 _10114_/X
 _10115_/X
 _10116_/Y
 _10117_/X
 _10118_/Y
 _10119_/X
 _10120_/X
 _10121_/X
 _10122_/Y
 _10123_/Y
 _10124_/X
 _10125_/Y
 _10126_/Y
 _10127_/X
 _10128_/X
 _10129_/Y
 _10130_/X
 _10131_/Y
 _10132_/X
 _10133_/Y
 _10134_/X
 _10135_/X
 _10136_/X
 _10137_/Y
 _10138_/X
 _10139_/X
 _10140_/Y
 _10141_/X
 _10142_/Y
 _10143_/X
 _10144_/X
 _10145_/Y
 _10146_/X
 _10147_/X
 _10148_/Y
 _10149_/X
 _10150_/X
 _10151_/Y
 _10152_/X
 _10153_/X
 _10154_/X
 _10155_/Y
 _10156_/X
 _10157_/X
 _10158_/Y
 _10159_/X
 _10160_/X
 _10161_/X
 _10162_/X
 _10163_/X
 _10164_/X
 _10165_/X
 _10166_/X
 _10167_/X
 _10168_/Y
 _10169_/X
 _10170_/X
 _10171_/Y
 _10172_/Y
 _10173_/X
 _10174_/Y
 _10175_/Y
 _10176_/Y
 _10177_/X
 _10178_/X
 _10179_/Y
 _10180_/Y
 _10181_/X
 _10182_/Y
 _10183_/Y
 _10184_/X
 _10185_/X
 _10186_/Y
 _10187_/Y
 _10188_/X
 _10189_/X
 _10190_/X
 _10191_/X
 _10192_/Y
 _10193_/Y
 _10194_/Y
 _10195_/X
 _10196_/Y
 _10197_/Y
 _10198_/X
 _10199_/X
 _10200_/X
 _10201_/X
 _10202_/Y
 _10203_/X
 _10204_/Y
 _10205_/X
 _10206_/X
 _10207_/X
 _10208_/X
 _10209_/X
 _10210_/X
 _10211_/Y
 _10212_/X
 _10213_/X
 _10214_/Y
 _10215_/X
 _10216_/Y
 _10217_/Y
 _10218_/Y
 _10219_/X
 _10220_/X
 _10221_/X
 _10222_/X
 _10223_/X
 _10224_/X
 _10225_/X
 _10226_/X
 _10227_/Y
 _10228_/Y
 _10229_/X
 _10230_/X
 _10231_/Y
 _10232_/X
 _10233_/Y
 _10234_/X
 _10235_/X
 _10236_/Y
 _10237_/X
 _10238_/Y
 _10239_/X
 _10240_/X
 _10241_/X
 _10242_/X
 _10243_/Y
 _10244_/X
 _10245_/Y
 _10246_/X
 _10247_/X
 _10248_/Y
 _10249_/X
 _10250_/X
 _10251_/X
 _10252_/X
 _10253_/Y
 _10254_/X
 _10255_/X
 _10256_/Y
 _10257_/X
 _10258_/Y
 _10259_/X
 _10260_/Y
 _10261_/X
 _10262_/Y
 _10263_/X
 _10264_/X
 _10265_/Y
 _10266_/X
 _10267_/Y
 _10268_/X
 _10269_/X
 _10270_/X
 _10271_/X
 _10272_/Y
 _10273_/Y
 _10274_/X
 _10275_/Y
 _10276_/X
 _10277_/Y
 _10278_/X
 _10279_/Y
 _10280_/Y
 _10281_/Y
 _10282_/X
 _10283_/X
 _10284_/X
 _10285_/X
 _10286_/X
 _10287_/Y
 _10288_/Y
 _10289_/Y
 _10290_/Y
 _10291_/Y
 _10292_/X
 _10293_/Y
 _10294_/Y
 _10295_/Y
 _10296_/Y
 _10297_/X
 _10298_/X
 _10299_/X
 _10300_/Y
 _10301_/X
 _10302_/Y
 _10303_/X
 _10304_/X
 _10305_/Y
 _10306_/X
 _10307_/X
 _10308_/X
 _10309_/X
 _10310_/X
 _10311_/X
 _10312_/X
 _10313_/X
 _10314_/X
 _10315_/Y
 _10316_/Y
 _10317_/Y
 _10318_/X
 _10319_/Y
 _10320_/X
 _10321_/X
 _10322_/X
 _10323_/X
 _10324_/X
 _10325_/Y
 _10326_/X
 _10327_/X
 _10328_/Y
 _10329_/Y
 _10330_/X
 _10331_/X
 _10332_/Y
 _10333_/Y
 _10334_/Y
 _10335_/X
 _10336_/X
 _10337_/X
 _10338_/Y
 _10339_/X
 _10340_/X
 _10341_/X
 _10342_/Y
 _10343_/X
 _10344_/X
 _10345_/X
 _10346_/Y
 _10347_/Y
 _10348_/Y
 _10349_/X
 _10350_/X
 _10351_/X
 _10352_/Y
 _10353_/Y
 _10354_/X
 _10355_/X
 _10356_/X
 _10357_/X
 _10358_/Y
 _10359_/Y
 _10360_/Y
 _10361_/X
 _10362_/X
 _10363_/X
 _10364_/X
 _10365_/Y
 _10366_/Y
 _10367_/X
 _10368_/X
 _10369_/X
 _10370_/X
 _10371_/Y
 _10372_/X
 _10373_/X
 _10374_/X
 _10375_/X
 _10376_/Y
 _10377_/X
 _10378_/X
 _10379_/X
 _10380_/X
 _10381_/X
 _10382_/Y
 _10383_/X
 _10384_/Y
 _10385_/X
 _10386_/X
 _10387_/Y
 _10388_/X
 _10389_/Y
 _10390_/Y
 _10391_/X
 _10392_/X
 _10393_/X
 _10394_/X
 _10395_/X
 _10396_/X
 _10397_/X
 _10398_/X
 _10399_/Y
 _10400_/Y
 _10401_/X
 _10402_/X
 _10403_/Y
 _10404_/Y
 _10405_/Y
 _10406_/X
 _10407_/X
 _10408_/X
 _10409_/X
 _10410_/X
 _10411_/X
 _10412_/X
 _10413_/X
 _10414_/X
 _10415_/Y
 _10416_/Y
 _10417_/X
 _10418_/X
 _10419_/X
 _10420_/X
 _10421_/X
 _10422_/X
 _10423_/X
 _10424_/X
 _10425_/X
 _10426_/Y
 _10427_/X
 _10428_/X
 _10429_/X
 _10430_/X
 _10431_/Y
 _10432_/X
 _10433_/Y
 _10434_/Y
 _10435_/X
 _10436_/Y
 _10437_/Y
 _10438_/Y
 _10439_/X
 _10440_/X
 _10441_/X
 _10442_/X
 _10443_/Y
 _10444_/X
 _10445_/X
 _10446_/X
 _10447_/Y
 _10448_/Y
 _10449_/X
 _10450_/Y
 _10451_/Y
 _10452_/X
 _10453_/X
 _10454_/X
 _10455_/Y
 _10456_/X
 _10457_/Y
 _10458_/X
 _10459_/Y
 _10460_/Y
 _10461_/X
 _10462_/X
 _10463_/Y
 _10464_/X
 _10465_/X
 _10466_/Y
 _10467_/Y
 _10468_/X
 _10469_/X
 _10470_/X
 _10471_/X
 _10472_/X
 _10473_/X
 _10474_/Y
 _10475_/X
 _10476_/X
 _10477_/X
 _10478_/Y
 _10479_/X
 _10480_/Y
 _10481_/X
 _10482_/X
 _10483_/X
 _10484_/X
 _10485_/X
 _10486_/X
 _10487_/Y
 _10488_/Y
 _10489_/Y
 _10490_/X
 _10491_/Y
 _10492_/X
 _10493_/X
 _10494_/X
 _10495_/X
 _10496_/X
 _10497_/X
 _10498_/X
 _10499_/Y
 _10500_/X
 _10501_/X
 _10502_/X
 _10503_/X
 _10504_/X
 _10505_/X
 _10506_/X
 _10507_/Y
 _10508_/Y
 _10509_/X
 _10510_/Y
 _10511_/Y
 _10512_/X
 _10513_/Y
 _10514_/X
 _10515_/X
 _10516_/X
 _10517_/X
 _10518_/X
 _10519_/Y
 _10520_/X
 _10521_/X
 _10522_/X
 _10523_/X
 _10524_/X
 _10525_/X
 _10526_/X
 _10527_/X
 _10528_/X
 _10529_/X
 _10530_/X
 _10531_/X
 _10532_/X
 _10533_/X
 _10534_/X
 _10535_/X
 _10536_/Y
 _10537_/X
 _10538_/X
 _10539_/X
 _10540_/X
 _10541_/X
 _10542_/X
 _10543_/X
 _10544_/X
 _10545_/X
 _10546_/X
 _10547_/X
 _10548_/X
 _10549_/X
 _10550_/X
 _10551_/X
 _10552_/X
 _10553_/X
 _10554_/X
 _10555_/X
 _10556_/X
 _10557_/X
 _10558_/X
 _10559_/X
 _10560_/X
 _10561_/X
 _10562_/X
 _10563_/X
 _10564_/X
 _10565_/X
 _10566_/X
 _10567_/X
 _10568_/X
 _10569_/X
 _10570_/X
 _10571_/X
 _10572_/X
 _10573_/X
 _10574_/X
 _10575_/X
 _10576_/Y
 _10577_/Y
 _10578_/X
 _10579_/X
 _10580_/X
 _10581_/X
 _10582_/X
 _10583_/X
 _10584_/X
 _10585_/X
 _10586_/X
 _10587_/X
 _10588_/X
 _10589_/X
 _10590_/X
 _10591_/X
 _10592_/X
 _10593_/X
 _10594_/Y
 _10595_/X
 _10596_/Y
 _10597_/Y
 _10598_/Y
 _10599_/Y
 _10600_/X
 _10601_/X
 _10602_/X
 _10603_/Y
 _10604_/Y
 _10605_/Y
 _10606_/Y
 _10607_/Y
 _10608_/X
 _10609_/Y
 _10610_/X
 _10611_/X
 _10612_/X
 _10613_/X
 _10614_/X
 _10615_/X
 _10616_/X
 _10617_/Y
 _10618_/X
 _10619_/X
 _10620_/X
 _10621_/Y
 _10622_/X
 _10623_/Y
 _10624_/Y
 _10625_/X
 _10626_/X
 _10627_/X
 _10628_/X
 _10629_/X
 _10630_/X
 _10631_/X
 _10632_/X
 _10633_/X
 _10634_/X
 _10635_/X
 _10636_/X
 _10637_/X
 _10638_/X
 _10639_/X
 _10640_/Y
 _10641_/X
 _10642_/Y
 _10643_/X
 _10644_/X
 _10645_/X
 _10646_/X
 _10647_/X
 _10648_/X
 _10649_/X
 _10650_/X
 _10651_/X
 _10652_/X
 _10653_/X
 _10654_/X
 _10655_/X
 _10656_/X
 _10657_/Y
 _10658_/X
 _10659_/Y
 _10660_/X
 _10661_/X
 _10662_/X
 _10663_/X
 _10664_/X
 _10665_/X
 _10666_/X
 _10667_/Y
 _10668_/X
 _10669_/Y
 _10670_/Y
 _10671_/Y
 _10672_/Y
 _10673_/Y
 _10674_/X
 _10675_/X
 _10676_/X
 _10677_/X
 _10678_/Y
 _10679_/X
 _10680_/X
 _10681_/Y
 _10682_/X
 _10683_/X
 _10684_/X
 _10685_/X
 _10686_/X
 _10687_/X
 _10688_/X
 _10689_/Y
 _10690_/X
 _10691_/X
 _10692_/X
 _10693_/X
 _10694_/X
 _10695_/X
 _10696_/Y
 _10697_/Y
 _10698_/X
 _10699_/Y
 _10700_/X
 _10701_/X
 _10702_/X
 _10703_/X
 _10704_/X
 _10705_/X
 _10706_/X
 _10707_/X
 _10708_/X
 _10709_/X
 _10710_/X
 _10711_/Y
 _10712_/X
 _10713_/X
 _10714_/X
 _10715_/X
 _10716_/X
 _10717_/X
 _10718_/X
 _10719_/Y
 _10720_/Y
 _10721_/X
 _10722_/X
 _10723_/Y
 _10724_/X
 _10725_/X
 _10726_/Y
 _10727_/Y
 _10728_/X
 _10729_/X
 _10730_/Y
 _10731_/Y
 _10732_/X
 _10733_/Y
 _10734_/Y
 _10735_/X
 _10736_/Y
 _10737_/Y
 _10738_/X
 _10739_/X
 _10740_/X
 _10741_/X
 _10742_/X
 _10743_/X
 _10744_/Y
 _10745_/Y
 _10746_/Y
 _10747_/Y
 _10748_/X
 _10749_/X
 _10750_/Y
 _10751_/X
 _10752_/Y
 _10753_/X
 _10754_/Y
 _10755_/Y
 _10756_/X
 _10757_/X
 _10758_/X
 _10759_/X
 _10760_/X
 _10761_/X
 _10762_/X
 _10763_/X
 _10764_/X
 _10765_/Y
 _10766_/Y
 _10767_/X
 _10768_/X
 _10769_/X
 _10770_/Y
 _10771_/X
 _10772_/Y
 _10773_/X
 _10774_/X
 _10775_/X
 _10776_/Y
 _10777_/X
 _10778_/Y
 _10779_/X
 _10780_/X
 _10781_/X
 _10782_/Y
 _10783_/X
 _10784_/X
 _10785_/Y
 _10786_/X
 _10787_/X
 _10788_/X
 _10789_/Y
 _10790_/X
 _10791_/Y
 _10792_/Y
 _10793_/X
 _10794_/X
 _10795_/X
 _10796_/X
 _10797_/X
 _10798_/Y
 _10799_/Y
 _10800_/X
 _10801_/X
 _10802_/Y
 _10803_/Y
 _10804_/X
 _10805_/X
 _10806_/X
 _10807_/X
 _10808_/X
 _10809_/Y
 _10810_/X
 _10811_/Y
 _10812_/X
 _10813_/X
 _10814_/X
 _10815_/X
 _10816_/Y
 _10817_/Y
 _10818_/Y
 _10819_/Y
 _10820_/X
 _10821_/X
 _10822_/X
 _10823_/X
 _10824_/X
 _10825_/X
 _10826_/X
 _10827_/X
 _10828_/X
 _10829_/X
 _10830_/X
 _10831_/X
 _10832_/X
 _10833_/X
 _10834_/Y
 _10835_/X
 _10836_/X
 _10837_/Y
 _10838_/Y
 _10839_/X
 _10840_/Y
 _10841_/X
 _10842_/X
 _10843_/X
 _10844_/X
 _10845_/X
 _10846_/X
 _10847_/X
 _10848_/Y
 _10849_/Y
 _10850_/X
 _10851_/X
 _10852_/X
 _10853_/X
 _10854_/X
 _10855_/X
 _10856_/Y
 _10857_/Y
 _10858_/X
 _10859_/Y
 _10860_/X
 _10861_/X
 _10862_/X
 _10863_/X
 _10864_/X
 _10865_/X
 _10866_/X
 _10867_/X
 _10868_/X
 _10869_/X
 _10870_/X
 _10871_/X
 _10872_/X
 _10873_/Y
 _10874_/X
 _10875_/X
 _10876_/X
 _10877_/Y
 _10878_/Y
 _10879_/Y
 _10880_/X
 _10881_/X
 _10882_/X
 _10883_/X
 _10884_/X
 _10885_/X
 _10886_/X
 _10887_/X
 _10888_/Y
 _10889_/X
 _10890_/X
 _10891_/X
 _10892_/X
 _10893_/Y
 _10894_/X
 _10895_/X
 _10896_/X
 _10897_/Y
 _10898_/X
 _10899_/Y
 _10900_/X
 _10901_/X
 _10902_/X
 _10903_/X
 _10904_/X
 _10905_/Y
 _10906_/X
 _10907_/X
 _10908_/X
 _10909_/X
 _10910_/X
 _10911_/X
 _10912_/X
 _10913_/X
 _10914_/Y
 _10915_/Y
 _10916_/Y
 _10917_/X
 _10918_/Y
 _10919_/X
 _10920_/X
 _10921_/Y
 _10922_/Y
 _10923_/Y
 _10924_/Y
 _10925_/X
 _10926_/Y
 _10927_/Y
 _10928_/X
 _10929_/X
 _10930_/X
 _10931_/X
 _10932_/X
 _10933_/X
 _10934_/X
 _10935_/X
 _10936_/X
 _10937_/X
 _10938_/Y
 _10939_/Y
 _10940_/Y
 _10941_/X
 _10942_/Y
 _10943_/X
 _10944_/X
 _10945_/X
 _10946_/X
 _10947_/X
 _10948_/Y
 _10949_/X
 _10950_/X
 _10951_/X
 _10952_/X
 _10953_/X
 _10954_/X
 _10955_/X
 _10956_/X
 _10957_/X
 _10958_/X
 _10959_/X
 _10960_/Y
 _10961_/X
 _10962_/X
 _10963_/X
 _10964_/X
 _10965_/X
 _10966_/Y
 _10967_/X
 _10968_/Y
 _10969_/X
 _10970_/Y
 _10971_/X
 _10972_/X
 _10973_/Y
 _10974_/Y
 _10975_/X
 _10976_/X
 _10977_/Y
 _10978_/X
 _10979_/Y
 _10980_/X
 _10981_/X
 _10982_/X
 _10983_/X
 _10984_/X
 _10985_/X
 _10986_/X
 _10987_/X
 _10988_/X
 _10989_/X
 _10990_/Y
 _10991_/X
 _10992_/X
 _10993_/X
 _10994_/Y
 _10995_/X
 _10996_/Y
 _10997_/X
 _10998_/X
 _10999_/X
 _11000_/X
 _11001_/Y
 _11002_/X
 _11003_/Y
 _11004_/X
 _11005_/X
 _11006_/X
 _11007_/X
 _11008_/X
 _11009_/X
 _11010_/X
 _11011_/X
 _11012_/X
 _11013_/Y
 _11014_/Y
 _11015_/X
 _11016_/X
 _11017_/Y
 _11018_/Y
 _11019_/X
 _11020_/X
 _11021_/X
 _11022_/Y
 _11023_/Y
 _11024_/Y
 _11025_/X
 _11026_/X
 _11027_/X
 _11028_/Y
 _11029_/X
 _11030_/X
 _11031_/X
 _11032_/X
 _11033_/X
 _11034_/X
 _11035_/X
 _11036_/X
 _11037_/Y
 _11038_/Y
 _11039_/X
 _11040_/X
 _11041_/X
 _11042_/X
 _11043_/X
 _11044_/X
 _11045_/X
 _11046_/X
 _11047_/X
 _11048_/Y
 _11049_/X
 _11050_/Y
 _11051_/Y
 _11052_/X
 _11053_/X
 _11054_/X
 _11055_/X
 _11056_/X
 _11057_/X
 _11058_/X
 _11059_/Y
 _11060_/Y
 _11061_/X
 _11062_/X
 _11063_/X
 _11064_/X
 _11065_/X
 _11066_/X
 _11067_/X
 _11068_/Y
 _11069_/X
 _11070_/X
 _11071_/X
 _11072_/Y
 _11073_/Y
 _11074_/X
 _11075_/X
 _11076_/X
 _11077_/X
 _11078_/X
 _11079_/X
 _11080_/Y
 _11081_/X
 _11082_/X
 _11083_/Y
 _11084_/Y
 _11085_/X
 _11086_/X
 _11087_/X
 _11088_/X
 _11089_/X
 _11090_/X
 _11091_/X
 _11092_/Y
 _11093_/Y
 _11094_/X
 _11095_/X
 _11096_/X
 _11097_/X
 _11098_/X
 _11099_/X
 _11100_/X
 _11101_/X
 _11102_/Y
 _11103_/X
 _11104_/X
 _11105_/X
 _11106_/X
 _11107_/X
 _11108_/Y
 _11109_/X
 _11110_/X
 _11111_/X
 _11112_/X
 _11113_/X
 _11114_/Y
 _11115_/X
 _11116_/X
 _11117_/X
 _11118_/X
 _11119_/X
 _11120_/X
 _11121_/X
 _11122_/X
 _11123_/X
 _11124_/X
 _11125_/X
 _11126_/X
 _11127_/X
 _11128_/X
 _11129_/X
 _11130_/Y
 _11131_/Y
 _11132_/X
 _11133_/X
 _11134_/X
 _11135_/X
 _11136_/X
 _11137_/Y
 _11138_/X
 _11139_/Y
 _11140_/X
 _11141_/Y
 _11142_/Y
 _11143_/X
 _11144_/X
 _11145_/X
 _11146_/X
 _11147_/Y
 _11148_/X
 _11149_/X
 _11150_/X
 _11151_/X
 _11152_/Y
 _11153_/X
 _11154_/X
 _11155_/X
 _11156_/X
 _11157_/X
 _11158_/X
 _11159_/X
 _11160_/Y
 _11161_/Y
 _11162_/Y
 _11163_/Y
 _11164_/X
 _11165_/X
 _11166_/X
 _11167_/Y
 _11168_/X
 _11169_/X
 _11170_/X
 _11171_/Y
 _11172_/X
 _11173_/X
 _11174_/X
 _11175_/X
 _11176_/X
 _11177_/X
 _11178_/X
 _11179_/Y
 _11180_/Y
 _11181_/X
 _11182_/Y
 _11183_/Y
 _11184_/Y
 _11185_/X
 _11186_/X
 _11187_/X
 _11188_/X
 _11189_/X
 _11190_/X
 _11191_/Y
 _11192_/X
 _11193_/Y
 _11194_/X
 _11195_/X
 _11196_/X
 _11197_/X
 _11198_/X
 _11199_/Y
 _11200_/Y
 _11201_/X
 _11202_/X
 _11203_/X
 _11204_/X
 _11205_/X
 _11206_/X
 _11207_/X
 _11208_/Y
 _11209_/Y
 _11210_/X
 _11211_/Y
 _11212_/Y
 _11213_/X
 _11214_/X
 _11215_/X
 _11216_/Y
 _11217_/X
 _11218_/Y
 _11219_/X
 _11220_/X
 _11221_/X
 _11222_/X
 _11223_/X
 _11224_/X
 _11225_/X
 _11226_/X
 _11227_/X
 _11228_/X
 _11229_/X
 _11230_/X
 _11231_/X
 _11232_/X
 _11233_/X
 _11234_/Y
 _11235_/X
 _11236_/Y
 _11237_/X
 _11238_/X
 _11239_/X
 _11240_/X
 _11241_/X
 _11242_/Y
 _11243_/X
 _11244_/X
 _11245_/X
 _11246_/Y
 _11247_/X
 _11248_/X
 _11249_/X
 _11250_/Y
 _11251_/X
 _11252_/Y
 _11253_/X
 _11254_/X
 _11255_/X
 _11256_/X
 _11257_/X
 _11258_/Y
 _11259_/X
 _11260_/Y
 _11261_/X
 _11262_/Y
 _11263_/X
 _11264_/X
 _11265_/X
 _11266_/X
 _11267_/X
 _11268_/Y
 _11269_/X
 _11270_/X
 _11271_/X
 _11272_/X
 _11273_/X
 _11274_/X
 _11275_/X
 _11276_/X
 _11277_/X
 _11278_/Y
 _11279_/X
 _11280_/X
 _11281_/X
 _11282_/X
 _11283_/X
 _11284_/Y
 _11285_/X
 _11286_/Y
 _11287_/Y
 _11288_/X
 _11289_/Y
 _11290_/X
 _11291_/X
 _11292_/X
 _11293_/X
 _11294_/X
 _11295_/X
 _11296_/X
 _11297_/X
 _11298_/X
 _11299_/X
 _11300_/X
 _11301_/Y
 _11302_/Y
 _11303_/X
 _11304_/X
 _11305_/X
 _11306_/X
 _11307_/X
 _11308_/X
 _11309_/X
 _11310_/X
 _11311_/Y
 _11312_/X
 _11313_/X
 _11314_/X
 _11315_/X
 _11316_/X
 _11317_/X
 _11318_/X
 _11319_/X
 _11320_/X
 _11321_/X
 _11322_/X
 _11323_/Y
 _11324_/X
 _11325_/Y
 _11326_/X
 _11327_/X
 _11328_/X
 _11329_/X
 _11330_/X
 _11331_/X
 _11332_/Y
 _11333_/Y
 _11334_/X
 _11335_/X
 _11336_/X
 _11337_/X
 _11338_/X
 _11339_/Y
 _11340_/Y
 _11341_/X
 _11342_/X
 _11343_/X
 _11344_/X
 _11345_/X
 _11346_/Y
 _11347_/Y
 _11348_/X
 _11349_/X
 _11350_/X
 _11351_/Y
 _11352_/X
 _11353_/X
 _11354_/X
 _11355_/X
 _11356_/X
 _11357_/X
 _11358_/X
 _11359_/X
 _11360_/X
 _11361_/X
 _11362_/X
 _11363_/Y
 _11364_/Y
 _11365_/X
 _11366_/Y
 _11367_/X
 _11368_/X
 _11369_/X
 _11370_/Y
 _11371_/X
 _11372_/X
 _11373_/X
 _11374_/X
 _11375_/X
 _11376_/X
 _11377_/X
 _11378_/Y
 _11379_/X
 _11380_/X
 _11381_/X
 _11382_/X
 _11383_/X
 _11384_/Y
 _11385_/X
 _11386_/Y
 _11387_/X
 _11388_/Y
 _11389_/Y
 _11390_/Y
 _11391_/X
 _11392_/X
 _11393_/Y
 _11394_/X
 _11395_/X
 _11396_/X
 _11397_/X
 _11398_/X
 _11399_/X
 _11400_/X
 _11401_/X
 _11402_/X
 _11403_/X
 _11404_/Y
 _11405_/X
 _11406_/X
 _11407_/X
 _11408_/Y
 _11409_/Y
 _11410_/X
 _11411_/X
 _11412_/X
 _11413_/X
 _11414_/X
 _11415_/X
 _11416_/X
 _11417_/X
 _11418_/X
 _11419_/X
 _11420_/Y
 _11421_/Y
 _11422_/Y
 _11423_/X
 _11424_/Y
 _11425_/Y
 _11426_/X
 _11427_/Y
 _11428_/Y
 _11429_/Y
 _11430_/Y
 _11431_/X
 _11432_/X
 _11433_/X
 _11434_/Y
 _11435_/X
 _11436_/Y
 _11437_/Y
 _11438_/X
 _11439_/X
 _11440_/X
 _11441_/X
 _11442_/X
 _11443_/X
 _11444_/X
 _11445_/X
 _11446_/Y
 _11447_/X
 _11448_/X
 _11449_/Y
 _11450_/Y
 _11451_/X
 _11452_/X
 _11453_/X
 _11454_/X
 _11455_/Y
 _11456_/X
 _11457_/X
 _11458_/X
 _11459_/X
 _11460_/Y
 _11461_/X
 _11462_/X
 _11463_/X
 _11464_/X
 _11465_/Y
 _11466_/X
 _11467_/X
 _11468_/X
 _11469_/X
 _11470_/X
 _11471_/X
 _11472_/X
 _11473_/X
 _11474_/X
 _11475_/X
 _11476_/X
 _11477_/X
 _11478_/X
 _11479_/X
 _11480_/X
 _11481_/X
 _11482_/X
 _11483_/X
 _11484_/X
 _11485_/X
 _11486_/X
 _11487_/X
 _11488_/X
 _11489_/X
 _11490_/X
 _11491_/X
 _11492_/X
 _11493_/X
 _11494_/X
 _11495_/X
 _11496_/X
 _11497_/X
 _11498_/X
 _11499_/X
 _11500_/X
 _11501_/X
 _11502_/X
 _11503_/X
 _11504_/X
 _11505_/X
 _11506_/X
 _11507_/X
 _11508_/X
 _11509_/X
 _11510_/X
 _11511_/X
 _11512_/X
 _11513_/X
 _11514_/X
 _11515_/X
 _11516_/X
 _11517_/X
 _11518_/X
 _11519_/X
 _11520_/X
 _11521_/X
 _11522_/X
 _11523_/X
 _11524_/X
 _11525_/X
 _11526_/X
 _11527_/X
 _11528_/X
 _11529_/X
 _11530_/X
 _11531_/X
 _11532_/X
 _11533_/X
 _11534_/X
 _11535_/X
 _11536_/X
 _11537_/X
 _11538_/X
 _11539_/X
 _11540_/X
 _11541_/X
 _11542_/X
 _11543_/X
 _11544_/X
 _11545_/X
 _11546_/X
 _11547_/X
 _11548_/X
 _11549_/X
 _11550_/X
 _11551_/X
 _11552_/X
 _11553_/X
 _11554_/X
 _11555_/X
 _11556_/X
 _11557_/X
 _11558_/X
 _11559_/X
 _11560_/X
 _11561_/X
 _11562_/X
 _11563_/X
 _11564_/X
 _11565_/X
 _11566_/X
 _11567_/X
 _11568_/X
 _11569_/X
 _11570_/X
 _11571_/X
 _11572_/X
 _11573_/X
 _11574_/X
 _11575_/X
 _11576_/X
 _11577_/X
 _11578_/X
 _11579_/X
 _11580_/X
 _11581_/X
 _11582_/X
 _11583_/X
 _11584_/X
 _11585_/X
 _11586_/X
 _11587_/X
 _11588_/X
 _11589_/X
 _11590_/X
 _11591_/X
 _11592_/X
 _11593_/X
 _11594_/X
 _11595_/X
 _11596_/X
 _11597_/X
 _11598_/X
 _11599_/X
 _11600_/X
 _11601_/X
 _11602_/X
 _11603_/X
 _11604_/X
 _11605_/X
 _11606_/X
 _11607_/X
 _11608_/X
 _11609_/X
 _11610_/X
 _11611_/X
 _11612_/X
 _11613_/X
 _11614_/X
 _11615_/X
 _11616_/X
 _11617_/X
 _11618_/X
 _11619_/X
 _11620_/X
 _11621_/X
 _11622_/X
 _11623_/X
 _11624_/X
 _11625_/X
 _11626_/X
 _11627_/X
 _11628_/X
 _11629_/X
 _11630_/X
 _11631_/X
 _11632_/X
 _11633_/X
 _11634_/X
 _11635_/X
 _11636_/X
 _11637_/X
 _11638_/X
 _11639_/X
 _11640_/X
 _11641_/X
 _11642_/X
 _11643_/X
 _11644_/X
 _11645_/X
 _11646_/X
 _11647_/X
 _11648_/X
 _11649_/X
 _11650_/X
 _11651_/X
 _11652_/X
 _11653_/X
 _11654_/X
 _11655_/X
 _11656_/X
 _11657_/X
 _11658_/X
 _11659_/X
 _11660_/X
 _11661_/X
 _11662_/X
 _11663_/X
 _11664_/X
 _11665_/X
 _11666_/X
 _11667_/X
 _11668_/X
 _11669_/X
 _11670_/X
 _11671_/X
 _11672_/X
 _11673_/X
 _11674_/X
 _11675_/X
 _11676_/X
 _11677_/X
 _11678_/X
 _11679_/X
 _11680_/X
 _11681_/X
 _11682_/X
 _11683_/X
 _11684_/X
 _11685_/X
 _11686_/X
 _11687_/X
 _11688_/X
 _11689_/X
 _11690_/X
 _11691_/X
 _11692_/X
 _11693_/X
 _11694_/X
 _11695_/X
 _11696_/X
 _11697_/X
 _11698_/X
 _11699_/X
 _11700_/X
 _11701_/X
 _11702_/X
 _11703_/X
 _11704_/X
 _11705_/X
 _11706_/X
 _11707_/X
 _11708_/X
 _11709_/X
 _11710_/X
 _11711_/X
 _11712_/X
 _11713_/X
 _11714_/X
 _11715_/X
 _11716_/X
 _11717_/X
 _11718_/X
 _11719_/X
 _11720_/X
 _11721_/X
 _11722_/X
 _11723_/X
 _11724_/X
 _11725_/X
 _11726_/X
 _11727_/X
 _11728_/X
 _11729_/X
 _11730_/X
 _11731_/X
 _11732_/X
 _11733_/X
 _11734_/X
 _11735_/X
 _11736_/X
 _11737_/X
 _11738_/X
 _11739_/X
 _11740_/X
 _11741_/X
 _11742_/X
 _11743_/X
 _11744_/X
 _11745_/X
 _11746_/X
 _11747_/X
 _11748_/X
 _11749_/X
 _11750_/X
 _11751_/X
 _11752_/X
 _11753_/X
 _11754_/X
 _11755_/X
 _11756_/X
 _11757_/X
 _11758_/X
 _11759_/X
 _11760_/X
 _11761_/X
 _11762_/X
 _11763_/X
 _11764_/X
 _11765_/X
 _11766_/X
 _11767_/X
 _11768_/X
 _11769_/X
 _11770_/X
 _11771_/X
 _11772_/X
 _11773_/X
 _11774_/X
 _11775_/X
 _11776_/X
 _11777_/X
 _11778_/X
 _11779_/X
 _11780_/X
 _11781_/X
 _11782_/X
 _11783_/X
 _11784_/X
 _11785_/X
 _11786_/X
 _11787_/X
 _11788_/X
 _11789_/X
 _11790_/X
 _11791_/X
 _11792_/X
 _11793_/X
 _11794_/X
 _11795_/X
 _11796_/X
 _11797_/X
 _11798_/X
 _11799_/X
 _11800_/X
 _11801_/X
 _11802_/X
 _11803_/X
 _11804_/X
 _11805_/X
 _11806_/X
 _11807_/X
 _11808_/X
 _11809_/X
 _11810_/X
 _11811_/X
 _11812_/X
 _11813_/X
 _11814_/X
 _11815_/X
 _11816_/X
 _11817_/X
 _11818_/X
 _11819_/X
 _11820_/X
 _11821_/X
 _11822_/X
 _11823_/X
 _11824_/X
 _11825_/X
 _11826_/X
 _11827_/X
 _11828_/X
 _11829_/X
 _11830_/X
 _11831_/X
 _11832_/X
 _11833_/X
 _11834_/X
 _11835_/X
 _11836_/X
 _11837_/X
 _11838_/X
 _11839_/X
 _11840_/X
 _11841_/X
 _11842_/X
 _11843_/X
 _11844_/X
 _11845_/X
 _11846_/X
 _11847_/X
 _11848_/X
 _11849_/X
 _11850_/X
 _11851_/X
 _11852_/X
 _11853_/X
 _11854_/X
 _11855_/X
 _11856_/X
 _11857_/X
 _11858_/X
 _11859_/X
 _11860_/X
 _11861_/X
 _11862_/X
 _11863_/X
 _11864_/X
 _11865_/X
 _11866_/X
 _11867_/X
 _11868_/X
 _11869_/X
 _11870_/X
 _11871_/X
 _11872_/X
 _11873_/X
 _11874_/X
 _11875_/X
 _11876_/X
 _11877_/X
 _11878_/X
 _11879_/X
 _11880_/X
 _11881_/X
 _11882_/X
 _11883_/X
 _11884_/X
 _11885_/X
 _11886_/X
 _11887_/X
 _11888_/X
 _11889_/X
 _11890_/X
 _11891_/X
 _11892_/X
 _11893_/X
 _11894_/X
 _11895_/X
 _11896_/X
 _11897_/X
 _11898_/X
 _11899_/X
 _11900_/X
 _11901_/X
 _11902_/X
 _11903_/X
 _11904_/X
 _11905_/X
 _11906_/X
 _11907_/X
 _11908_/X
 _11909_/X
 _11910_/X
 _11911_/X
 _11912_/X
 _11913_/X
 _11914_/X
 _11915_/X
 _11916_/X
 _11917_/X
 _11918_/X
 _11919_/X
 _11920_/X
 _11921_/X
 _11922_/X
 _11923_/X
 _11924_/X
 _11925_/X
 _11926_/X
 _11927_/X
 _11928_/X
 _11929_/X
 _11930_/X
 _11931_/X
 _11932_/X
 _11933_/X
 _11934_/X
 _11935_/X
 _11936_/X
 _11937_/X
 _11938_/X
 _11939_/X
 _11940_/X
 _11941_/X
 _11942_/X
 _11943_/X
 _11944_/X
 _11945_/X
 _11946_/X
 _11947_/X
 _11948_/X
 _11949_/X
 _11950_/X
 _11951_/X
 _11952_/X
 _11953_/X
 _11954_/X
 _11955_/X
 _11956_/X
 _11957_/X
 _11958_/X
 _11959_/X
 _11960_/X
 _11961_/X
 _11962_/X
 _11963_/X
 _11964_/X
 _11965_/X
 _11966_/X
 _11967_/X
 _11968_/X
 _11969_/X
 _11970_/X
 _11971_/X
 _11972_/X
 _11973_/X
 _11974_/X
 _11975_/X
 _11976_/X
 _11977_/X
 _11978_/X
 _11979_/X
 _11980_/X
 _11981_/X
 _11982_/X
 _11983_/X
 _11984_/X
 _11985_/X
 _11986_/X
 _11987_/X
 _11988_/X
 _11989_/X
 _11990_/X
 _11991_/X
 _11992_/X
 _11993_/X
 _11994_/X
 _11995_/X
 _11996_/X
 _11997_/X
 _11998_/X
 _11999_/X
 _12000_/X
 _12001_/X
 _12002_/X
 _12003_/X
 _12004_/X
 _12005_/X
 _12006_/X
 _12007_/X
 _12008_/X
 _12009_/X
 _12010_/X
 _12011_/X
 _12012_/X
 _12013_/X
 _12014_/X
 _12015_/X
 _12016_/X
 _12017_/X
 _12018_/X
 _12019_/X
 _12020_/X
 _12021_/X
 _12022_/X
 _12023_/X
 _12024_/X
 _12025_/X
 _12026_/X
 _12027_/X
 _12028_/X
 _12029_/X
 _12030_/X
 _12031_/X
 _12032_/X
 _12033_/X
 _12034_/X
 _12035_/X
 _12036_/X
 _12037_/X
 _12038_/X
 _12039_/X
 _12040_/X
 _12041_/X
 _12042_/X
 _12043_/X
 _12044_/X
 _12045_/X
 _12046_/X
 _12047_/X
 _12048_/X
 _12049_/X
 _12050_/X
 _12051_/X
 _12052_/X
 _12053_/X
 _12054_/X
 _12055_/X
 _12056_/X
 _12057_/X
 _12058_/X
 _12059_/X
 _12060_/X
 _12061_/X
 _12062_/X
 _12063_/X
 _12064_/X
 _12065_/X
 _12066_/X
 _12067_/X
 _12068_/X
 _12069_/X
 _12070_/X
 _12071_/X
 _12072_/X
 _12073_/X
 _12074_/X
 _12075_/X
 _12076_/X
 _12077_/X
 _12078_/X
 _12079_/X
 _12080_/X
 _12081_/X
 _12082_/X
 _12083_/X
 _12084_/X
 _12085_/X
 _12086_/X
 _12087_/X
 _12088_/X
 _12089_/X
 _12090_/X
 _12091_/X
 _12092_/X
 _12093_/X
 _12094_/X
 _12095_/X
 _12096_/X
 _12097_/X
 _12098_/X
 _12099_/X
 _12100_/X
 _12101_/X
 _12102_/X
 _12103_/X
 _12104_/X
 _12105_/X
 _12106_/X
 _12107_/X
 _12108_/X
 _12109_/X
 _12110_/X
 _12111_/X
 _12112_/X
 _12113_/X
 _12114_/X
 _12115_/X
 _12116_/X
 _12117_/X
 _12118_/X
 _12119_/X
 _12120_/X
 _12121_/X
 _12122_/X
 _12123_/X
 _12124_/X
 _12125_/X
 _12126_/X
 _12127_/X
 _12128_/X
 _12129_/X
 _12130_/X
 _12131_/X
 _12132_/X
 _12133_/X
 _12134_/X
 _12135_/X
 _12136_/X
 _12137_/X
 _12138_/X
 _12139_/X
 _12140_/X
 _12141_/X
 _12142_/X
 _12143_/X
 _12144_/X
 _12145_/X
 _12146_/X
 _12147_/X
 _12148_/X
 _12149_/X
 _12150_/X
 _12151_/X
 _12152_/X
 _12153_/X
 _12154_/X
 _12155_/X
 _12156_/X
 _12157_/X
 _12158_/X
 _12159_/X
 _12160_/X
 _12161_/X
 _12162_/X
 _12163_/X
 _12164_/X
 _12165_/X
 _12166_/X
 _12167_/X
 _12168_/X
 _12169_/X
 _12170_/X
 _12171_/X
 _12172_/X
 _12173_/X
 _12174_/X
 _12175_/X
 _12176_/X
 _12177_/X
 _12178_/X
 _12179_/X
 _12180_/X
 _12181_/X
 _12182_/X
 _12183_/X
 _12184_/X
 _12185_/X
 _12186_/X
 _12187_/X
 _12188_/X
 _12189_/X
 _12190_/X
 _12191_/X
 _12192_/X
 _12193_/X
 _12194_/X
 _12195_/X
 _12196_/X
 _12197_/X
 _12198_/X
 _12199_/X
 _12200_/X
 _12201_/X
 _12202_/X
 _12203_/X
 _12204_/X
 _12205_/X
 _12206_/X
 _12207_/X
 _12208_/X
 _12209_/X
 _12210_/X
 _12211_/X
 _12212_/X
 _12213_/X
 _12214_/X
 _12215_/X
 _12216_/X
 _12217_/X
 _12218_/X
 _12219_/X
 _12220_/X
 _12221_/X
 _12222_/X
 _12223_/X
 _12224_/X
 _12225_/X
 _12226_/X
 _12227_/X
 _12228_/X
 _12229_/X
 _12230_/X
 _12231_/Y
 _12232_/Y
 _12233_/Y
 _12234_/X
 _12235_/X
 _12236_/X
 _12237_/X
 _12238_/X
 _12239_/Y
 _12240_/Y
 _12241_/X
 _12242_/Y
 _12243_/Y
 _12244_/Y
 _12245_/Y
 _12246_/Y
 _12247_/X
 _12248_/X
 _12249_/Y
 _12250_/X
 _12251_/X
 _12252_/X
 _12253_/X
 _12254_/Y
 _12255_/Y
 _12256_/X
 _12257_/X
 _12258_/Y
 _12259_/Y
 _12260_/X
 _12261_/X
 _12262_/Y
 _12263_/X
 _12264_/X
 _12265_/X
 _12266_/Y
 _12267_/Y
 _12268_/Y
 _12269_/X
 _12270_/X
 _12271_/X
 _12272_/Y
 _12273_/Y
 _12274_/X
 _12275_/X
 _12276_/Y
 _12277_/Y
 _12278_/X
 _12279_/X
 _12280_/Y
 _12281_/Y
 _12282_/X
 _12283_/Y
 _12284_/Y
 _12285_/X
 _12286_/Y
 _12287_/X
 _12288_/X
 _12289_/Y
 _12290_/X
 _12291_/Y
 _12292_/X
 _12293_/Y
 _12294_/X
 _12295_/Y
 _12296_/X
 _12297_/Y
 _12298_/Y
 _12299_/X
 _12300_/Y
 _12301_/Y
 _12302_/Y
 _12303_/Y
 _12304_/X
 _12305_/Y
 _12306_/Y
 _12307_/X
 _12308_/Y
 _12309_/X
 _12310_/Y
 _12311_/X
 _12312_/X
 _12313_/X
 _12314_/Y
 _12315_/X
 _12316_/Y
 _12317_/Y
 _12318_/X
 _12319_/Y
 _12320_/Y
 _12321_/Y
 _12322_/Y
 _12323_/X
 _12324_/Y
 _12325_/Y
 _12326_/X
 _12327_/Y
 _12328_/X
 _12329_/X
 _12330_/Y
 _12331_/X
 _12332_/X
 _12333_/Y
 _12334_/X
 _12335_/Y
 _12336_/Y
 _12337_/X
 _12338_/Y
 _12339_/Y
 _12340_/Y
 _12341_/Y
 _12342_/X
 _12343_/Y
 _12344_/Y
 _12345_/X
 _12346_/Y
 _12347_/X
 _12348_/X
 _12349_/Y
 _12350_/X
 _12351_/X
 _12352_/Y
 _12353_/X
 _12354_/Y
 _12355_/Y
 _12356_/X
 _12357_/Y
 _12358_/Y
 _12359_/Y
 _12360_/Y
 _12361_/X
 _12362_/Y
 _12363_/Y
 _12364_/X
 _12365_/Y
 _12366_/X
 _12367_/X
 _12368_/Y
 _12369_/X
 _12370_/X
 _12371_/Y
 _12372_/X
 _12373_/Y
 _12374_/Y
 _12375_/X
 _12376_/Y
 _12377_/Y
 _12378_/Y
 _12379_/Y
 _12380_/X
 _12381_/Y
 _12382_/Y
 _12383_/X
 _12384_/Y
 _12385_/X
 _12386_/X
 _12387_/Y
 _12388_/X
 _12389_/X
 _12390_/Y
 _12391_/X
 _12392_/Y
 _12393_/Y
 _12394_/X
 _12395_/Y
 _12396_/Y
 _12397_/Y
 _12398_/Y
 _12399_/X
 _12400_/Y
 _12401_/Y
 _12402_/X
 _12403_/Y
 _12404_/X
 _12405_/X
 _12406_/Y
 _12407_/X
 _12408_/X
 _12409_/Y
 _12410_/X
 _12411_/Y
 _12412_/Y
 _12413_/X
 _12414_/Y
 _12415_/X
 _12416_/Y
 _12417_/X
 _12418_/Y
 _12419_/Y
 _12420_/X
 _12421_/Y
 _12422_/X
 _12423_/X
 _12424_/Y
 _12425_/X
 _12426_/X
 _12427_/Y
 _12428_/X
 _12429_/Y
 _12430_/Y
 _12431_/Y
 _12432_/Y
 _12433_/Y
 _12434_/X
 _12435_/X
 _12436_/X
 _12437_/X
 _12438_/Y
 _12439_/Y
 _12440_/Y
 _12441_/X
 _12442_/X
 _12443_/X
 _12444_/X
 _12445_/Y
 _12446_/Y
 _12447_/Y
 _12448_/X
 _12449_/X
 _12450_/X
 _12451_/X
 _12452_/Y
 _12453_/Y
 _12454_/Y
 _12455_/X
 _12456_/X
 _12457_/X
 _12458_/X
 _12459_/Y
 _12460_/Y
 _12461_/X
 _12462_/X
 _12463_/X
 _12464_/Y
 _12465_/Y
 _12466_/Y
 _12467_/Y
 _12468_/X
 _12469_/Y
 _12470_/Y
 _12471_/Y
 _12472_/X
 _12473_/X
 _12474_/Y
 _12475_/Y
 _12476_/Y
 _12477_/X
 _12478_/X
 _12479_/X
 _12480_/Y
 _12481_/X
 _12482_/Y
 _12483_/X
 _12484_/Y
 _12485_/Y
 _12486_/X
 _12487_/X
 _12488_/X
 _12489_/X
 _12490_/X
 _12491_/X
 _12492_/X
 _12493_/X
 _12494_/Y
 _12495_/X
 _12496_/X
 _12497_/X
 _12498_/Y
 _12499_/X
 _12500_/X
 _12501_/X
 _12502_/Y
 _12503_/Y
 _12504_/X
 _12505_/X
 _12506_/X
 _12507_/X
 _12508_/X
 _12509_/Y
 _12510_/X
 _12511_/Y
 _12512_/Y
 _12513_/Y
 _12514_/X
 _12515_/X
 _12516_/X
 _12517_/X
 _12518_/Y
 _12519_/Y
 _12520_/X
 _12521_/X
 _12522_/X
 _12523_/X
 _12524_/X
 _12525_/X
 _12526_/Y
 _12527_/Y
 _12528_/X
 _12529_/X
 _12530_/X
 _12531_/X
 _12532_/X
 _12533_/X
 _12534_/X
 _12535_/Y
 _12536_/Y
 _12537_/X
 _12538_/X
 _12539_/X
 _12540_/X
 _12541_/X
 _12542_/Y
 _12543_/X
 _12544_/Y
 _12545_/Y
 _12546_/X
 _12547_/Y
 _12548_/X
 _12549_/X
 _12550_/X
 _12551_/X
 _12552_/X
 _12553_/Y
 _12554_/X
 _12555_/Y
 _12556_/X
 _12557_/X
 _12558_/Y
 _12559_/Y
 _12560_/X
 _12561_/Y
 _12562_/X
 _12563_/X
 _12564_/X
 _12565_/X
 _12566_/X
 _12567_/Y
 _12568_/X
 _12569_/Y
 _12570_/X
 _12571_/X
 _12572_/X
 _12573_/Y
 _12574_/X
 _12575_/X
 _12576_/X
 _12577_/X
 _12578_/X
 _12579_/X
 _12580_/X
 _12581_/X
 _12582_/X
 _12583_/Y
 _12584_/X
 _12585_/Y
 _12586_/X
 _12587_/X
 _12588_/Y
 _12589_/X
 _12590_/X
 _12591_/X
 _12592_/X
 _12593_/X
 _12594_/X
 _12595_/X
 _12596_/X
 _12597_/Y
 _12598_/X
 _12599_/Y
 _12600_/X
 _12601_/X
 _12602_/Y
 _12603_/X
 _12604_/X
 _12605_/X
 _12606_/X
 _12607_/X
 _12608_/X
 _12609_/X
 _12610_/X
 _12611_/Y
 _12612_/X
 _12613_/Y
 _12614_/X
 _12615_/X
 _12616_/X
 _12617_/Y
 _12618_/X
 _12619_/Y
 _12620_/X
 _12621_/X
 _12622_/X
 _12623_/X
 _12624_/X
 _12625_/X
 _12626_/Y
 _12627_/X
 _12628_/Y
 _12629_/X
 _12630_/X
 _12631_/X
 _12632_/Y
 _12633_/X
 _12634_/Y
 _12635_/X
 _12636_/X
 _12637_/X
 _12638_/X
 _12639_/X
 _12640_/Y
 _12641_/X
 _12642_/Y
 _12643_/X
 _12644_/Y
 _12645_/Y
 _12646_/X
 _12647_/X
 _12648_/X
 _12649_/X
 _12650_/X
 _12651_/X
 _12652_/Y
 _12653_/Y
 _12654_/X
 _12655_/X
 _12656_/X
 _12657_/X
 _12658_/X
 _12659_/Y
 _12660_/Y
 _12661_/X
 _12662_/Y
 _12663_/X
 _12664_/X
 _12665_/X
 _12666_/Y
 _12667_/X
 _12668_/X
 _12669_/X
 _12670_/X
 _12671_/Y
 _12672_/Y
 _12673_/Y
 _12674_/Y
 _12675_/X
 _12676_/X
 _12677_/X
 _12678_/X
 _12679_/Y
 _12680_/X
 _12681_/Y
 _12682_/X
 _12683_/X
 _12684_/X
 _12685_/Y
 _12686_/Y
 _12687_/X
 _12688_/Y
 _12689_/Y
 _12690_/Y
 _12691_/X
 _12692_/X
 _12693_/X
 _12694_/X
 _12695_/Y
 _12696_/Y
 _12697_/X
 _12698_/Y
 _12699_/Y
 _12700_/Y
 _12701_/X
 _12702_/X
 _12703_/Y
 _12704_/Y
 _12705_/X
 _12706_/Y
 _12707_/Y
 _12708_/Y
 _12709_/X
 _12710_/X
 _12711_/Y
 _12712_/X
 _12713_/X
 _12714_/X
 _12715_/Y
 _12716_/X
 _12717_/Y
 _12718_/X
 _12719_/X
 _12720_/X
 _12721_/Y
 _12722_/X
 _12723_/X
 _12724_/X
 _12725_/X
 _12726_/X
 _12727_/X
 _12728_/X
 _12729_/X
 _12730_/X
 _12731_/X
 _12732_/Y
 _12733_/X
 _12734_/X
 _12735_/X
 _12736_/X
 _12737_/X
 _12738_/X
 _12739_/X
 _12740_/X
 _12741_/X
 _12742_/X
 _12743_/X
 _12744_/X
 _12745_/X
 _12746_/X
 _12747_/X
 _12748_/X
 _12749_/X
 _12750_/X
 _12751_/X
 _12752_/X
 _12753_/X
 _12754_/X
 _12755_/Y
 _12756_/Y
 _12757_/X
 _12758_/X
 _12759_/X
 _12760_/X
 _12761_/X
 _12762_/X
 _12763_/X
 _12764_/X
 _12765_/X
 _12766_/Y
 _12767_/Y
 _12768_/X
 _12769_/X
 _12770_/X
 _12771_/X
 _12772_/X
 _12773_/Y
 _12774_/Y
 _12775_/X
 _12776_/Y
 _12777_/Y
 _12778_/X
 _12779_/X
 _12780_/X
 _12781_/X
 _12782_/Y
 _12783_/Y
 _12784_/Y
 _12785_/Y
 _12786_/X
 _12787_/X
 _12788_/X
 _12789_/X
 _12790_/Y
 _12791_/Y
 _12792_/Y
 _12793_/Y
 _12794_/X
 _12795_/X
 _12796_/X
 _12797_/Y
 _12798_/X
 _12799_/Y
 _12800_/Y
 _12801_/Y
 _12802_/X
 _12803_/X
 _12804_/X
 _12805_/X
 _12806_/Y
 _12807_/Y
 _12808_/Y
 _12809_/X
 _12810_/X
 _12811_/X
 _12812_/X
 _12813_/X
 _12814_/X
 _12815_/X
 _12816_/X
 _12817_/X
 _12818_/X
 _12819_/X
 _12820_/X
 _12821_/X
 _12822_/Y
 _12823_/Y
 _12824_/X
 _12825_/Y
 _12826_/Y
 _12827_/X
 _12828_/X
 _12829_/X
 _12830_/X
 _12831_/Y
 _12832_/Y
 _12833_/Y
 _12834_/X
 _12835_/Y
 _12836_/X
 _12837_/X
 _12838_/X
 _12839_/Y
 _12840_/Y
 _12841_/X
 _12842_/X
 _12843_/X
 _12844_/Y
 _12845_/Y
 _12846_/Y
 _12847_/Y
 _12848_/X
 _12849_/X
 _12850_/X
 _12851_/Y
 _12852_/Y
 _12853_/Y
 _12854_/Y
 _12855_/X
 _12856_/X
 _12857_/X
 _12858_/X
 _12859_/X
 _12860_/X
 _12861_/X
 _12862_/X
 _12863_/X
 _12864_/X
 _12865_/Y
 _12866_/Y
 _12867_/Y
 _12868_/Y
 _12869_/X
 _12870_/X
 _12871_/X
 _12872_/Y
 _12873_/Y
 _12874_/Y
 _12875_/Y
 _12876_/X
 _12877_/X
 _12878_/X
 _12879_/X
 _12880_/X
 _12881_/Y
 _12882_/Y
 _12883_/X
 _12884_/X
 _12885_/X
 _12886_/X
 _12887_/Y
 _12888_/X
 _12889_/Y
 _12890_/X
 _12891_/X
 _12892_/X
 _12893_/X
 _12894_/Y
 _12895_/Y
 _12896_/Y
 _12897_/Y
 _12898_/X
 _12899_/X
 _12900_/X
 _12901_/X
 _12902_/X
 _12903_/X
 _12904_/Y
 _12905_/X
 _12906_/Y
 _12907_/X
 _12908_/Y
 _12909_/X
 _12910_/X
 _12911_/Y
 _12912_/Y
 _12913_/X
 _12914_/X
 _12915_/X
 _12916_/X
 _12917_/X
 _12918_/Y
 _12919_/Y
 _12920_/Y
 _12921_/Y
 _12922_/X
 _12923_/X
 _12924_/X
 _12925_/X
 _12926_/X
 _12927_/Y
 _12928_/Y
 _12929_/X
 _12930_/X
 _12931_/X
 _12932_/Y
 _12933_/Y
 _12934_/X
 _12935_/X
 _12936_/X
 _12937_/X
 _12938_/X
 _12939_/Y
 _12940_/Y
 _12941_/Y
 _12942_/Y
 _12943_/X
 _12944_/X
 _12945_/X
 _12946_/X
 _12947_/X
 _12948_/Y
 _12949_/Y
 _12950_/X
 _12951_/X
 _12952_/X
 _12953_/Y
 _12954_/Y
 _12955_/X
 _12956_/X
 _12957_/X
 _12958_/X
 _12959_/X
 _12960_/Y
 _12961_/Y
 _12962_/Y
 _12963_/Y
 _12964_/X
 _12965_/X
 _12966_/X
 _12967_/X
 _12968_/X
 _12969_/Y
 _12970_/Y
 _12971_/X
 _12972_/X
 _12973_/X
 _12974_/Y
 _12975_/Y
 _12976_/X
 _12977_/X
 _12978_/X
 _12979_/X
 _12980_/X
 _12981_/Y
 _12982_/Y
 _12983_/Y
 _12984_/Y
 _12985_/X
 _12986_/X
 _12987_/X
 _12988_/Y
 _12989_/Y
 _12990_/X
 _12991_/X
 _12992_/X
 _12993_/X
 _12994_/X
 _12995_/Y
 _12996_/X
 _12997_/Y
 _12998_/X
 _12999_/X
 _13000_/Y
 _13001_/X
 _13002_/X
 _13003_/X
 _13004_/X
 _13005_/X
 _13006_/X
 _13007_/X
 _13008_/X
 _13009_/X
 _13010_/X
 _13011_/Y
 _13012_/Y
 _13013_/Y
 _13014_/X
 _13015_/Y
 _13016_/X
 _13017_/X
 _13018_/X
 _13019_/X
 _13020_/X
 _13021_/X
 _13022_/X
 _13023_/X
 _13024_/X
 _13025_/X
 _13026_/X
 _13027_/X
 _13028_/X
 _13029_/Y
 _13030_/Y
 _13031_/Y
 _13032_/Y
 _13033_/Y
 _13034_/X
 _13035_/X
 _13036_/X
 _13037_/X
 _13038_/X
 _13039_/X
 _13040_/X
 _13041_/X
 _13042_/X
 _13043_/X
 _13044_/X
 _13045_/X
 _13046_/X
 _13047_/X
 _13048_/X
 _13049_/X
 _13050_/X
 _13051_/X
 _13052_/X
 _13053_/X
 _13054_/X
 _13055_/X
 _13056_/X
 _13057_/X
 _13058_/X
 _13059_/X
 _13060_/X
 _13061_/X
 _13062_/X
 _13063_/X
 _13064_/X
 _13065_/X
 _13066_/X
 _13067_/X
 _13068_/X
 _13069_/X
 _13070_/X
 _13071_/X
 _13072_/X
 _13073_/X
 _13074_/X
 _13075_/X
 _13076_/X
 _13077_/X
 _13078_/X
 _13079_/X
 _13080_/X
 _13081_/X
 _13082_/X
 _13083_/X
 _13084_/X
 _13085_/X
 _13086_/X
 _13087_/X
 _13088_/Y
 _13089_/Y
 _13090_/X
 _13091_/Y
 _13092_/Y
 _13093_/X
 _13094_/Y
 _13095_/Y
 _13096_/X
 _13097_/Y
 _13098_/Y
 _13099_/X
 _13100_/Y
 _13101_/X
 _13102_/Y
 _13103_/X
 _13104_/X
 _13105_/X
 _13106_/Y
 _13107_/Y
 _13108_/X
 _13109_/X
 _13110_/X
 _13111_/Y
 _13112_/Y
 _13113_/X
 _13114_/X
 _13115_/X
 _13116_/Y
 _13117_/Y
 _13118_/X
 _13119_/X
 _13120_/X
 _13121_/Y
 _13122_/Y
 _13123_/X
 _13124_/X
 _13125_/X
 _13126_/Y
 _13127_/Y
 _13128_/X
 _13129_/X
 _13130_/X
 _13131_/Y
 _13132_/Y
 _13133_/X
 _13134_/X
 _13135_/X
 _13136_/X
 _13137_/Y
 _13138_/Y
 _13139_/X
 _13140_/X
 _13141_/X
 _13142_/Y
 _13143_/Y
 _13144_/X
 _13145_/X
 _13146_/X
 _13147_/Y
 _13148_/Y
 _13149_/X
 _13150_/X
 _13151_/X
 _13152_/X
 _13153_/X
 _13154_/Y
 _13155_/Y
 _13156_/X
 _13157_/X
 _13158_/X
 _13159_/Y
 _13160_/Y
 _13161_/X
 _13162_/X
 _13163_/X
 _13164_/Y
 _13165_/Y
 _13166_/X
 _13167_/X
 _13168_/X
 _13169_/Y
 _13170_/Y
 _13171_/X
 _13172_/X
 _13173_/X
 _13174_/Y
 _13175_/Y
 _13176_/X
 _13177_/X
 _13178_/X
 _13179_/Y
 _13180_/Y
 _13181_/X
 _13182_/X
 _13183_/X
 _13184_/X
 _13185_/Y
 _13186_/Y
 _13187_/X
 _13188_/X
 _13189_/X
 _13190_/X
 _13191_/Y
 _13192_/Y
 _13193_/X
 _13194_/X
 _13195_/X
 _13196_/Y
 _13197_/Y
 _13198_/X
 _13199_/X
 _13200_/X
 _13201_/Y
 _13202_/Y
 _13203_/X
 _13204_/X
 _13205_/X
 _13206_/X
 _13207_/Y
 _13208_/Y
 _13209_/X
 _13210_/X
 _13211_/X
 _13212_/Y
 _13213_/Y
 _13214_/X
 _13215_/X
 _13216_/X
 _13217_/X
 _13218_/X
 _13219_/X
 _13220_/X
 _13221_/X
 _13222_/Y
 _13223_/Y
 _13224_/X
 _13225_/X
 _13226_/X
 _13227_/Y
 _13228_/Y
 _13229_/X
 _13230_/X
 _13231_/X
 _13232_/X
 _13233_/X
 _13234_/X
 _13235_/X
 _13236_/X
 _13237_/Y
 _13238_/Y
 _13239_/X
 _13240_/X
 _13241_/X
 _13242_/X
 _13243_/Y
 _13244_/Y
 _13245_/X
 _13246_/X
 _13247_/X
 _13248_/Y
 _13249_/X
 _13250_/Y
 _13251_/X
 _13252_/X
 _13253_/X
 _13254_/Y
 _13255_/Y
 _13256_/X
 _13257_/X
 _13258_/X
 _13259_/X
 _13260_/Y
 _13261_/Y
 _13262_/X
 _13263_/X
 _13264_/X
 _13265_/X
 _13266_/X
 _13267_/X
 _13268_/X
 _13269_/X
 _13270_/X
 _13271_/X
 _13272_/X
 _13273_/X
 _13274_/X
 _13275_/X
 _13276_/X
 _13277_/X
 _13278_/X
 _13279_/X
 _13280_/X
 _13281_/X
 _13282_/X
 _13283_/X
 _13284_/X
 _13285_/X
 _13286_/X
 _13287_/X
 _13288_/X
 _13289_/X
 _13290_/X
 _13291_/X
 _13292_/X
 _13293_/X
 _13294_/X
 _13295_/X
 _13296_/X
 _13297_/X
 _13298_/X
 _13299_/Y
 _13300_/X
 _13301_/X
 _13302_/Y
 _13303_/Y
 _13304_/X
 _13305_/X
 _13306_/X
 _13307_/X
 _13308_/X
 _13309_/Y
 _13310_/Y
 _13311_/X
 _13312_/X
 _13313_/X
 _13314_/X
 _13315_/X
 _13316_/X
 _13317_/X
 _13318_/Y
 _13319_/X
 _13320_/X
 _13321_/Y
 _13322_/Y
 _13323_/X
 _13324_/X
 _13325_/X
 _13326_/X
 _13327_/X
 _13328_/Y
 _13329_/Y
 _13330_/X
 _13331_/X
 _13332_/X
 _13333_/X
 _13334_/X
 _13335_/X
 _13336_/X
 _13337_/Y
 _13338_/Y
 _13339_/X
 _13340_/X
 _13341_/X
 _13342_/Y
 _13343_/Y
 _13344_/X
 _13345_/X
 _13346_/X
 _13347_/X
 _13348_/X
 _13349_/X
 _13350_/X
 _13351_/X
 _13352_/X
 _13353_/X
 _13354_/X
 _13355_/X
 _13356_/X
 _13357_/X
 _13358_/Y
 _13359_/X
 _13360_/X
 _13361_/X
 _13362_/X
 _13363_/X
 _13364_/X
 _13365_/X
 _13366_/X
 _13367_/Y
 _13368_/Y
 _13369_/X
 _13370_/X
 _13371_/X
 _13372_/Y
 _13373_/X
 _13374_/X
 _13375_/X
 _13376_/X
 _13377_/X
 _13378_/Y
 _13379_/X
 _13380_/X
 _13381_/X
 _13382_/X
 _13383_/Y
 _13384_/X
 _13385_/X
 _13386_/X
 _13387_/X
 _13388_/Y
 _13389_/X
 _13390_/Y
 _13391_/X
 _13392_/X
 _13393_/Y
 _13394_/X
 _13395_/Y
 _13396_/Y
 _13397_/X
 _13398_/X
 _13399_/X
 _13400_/Y
 _13401_/Y
 _13402_/X
 _13403_/X
 _13404_/X
 _13405_/X
 _13406_/X
 _13407_/Y
 _13408_/X
 _13409_/X
 _13410_/X
 _13411_/X
 _13412_/X
 _13413_/X
 _13414_/X
 _13415_/X
 _13416_/X
 _13417_/X
 _13418_/X
 _13419_/X
 _13420_/X
 _13421_/X
 _13422_/X
 _13423_/X
 _13424_/X
 _13425_/X
 _13426_/X
 _13427_/X
 _13428_/X
 _13429_/X
 _13430_/X
 _13431_/X
 _13432_/X
 _13433_/X
 _13434_/X
 _13435_/X
 _13436_/X
 _13437_/X
 _13438_/X
 _13439_/X
 _13440_/X
 _13441_/X
 _13442_/X
 _13443_/X
 _13444_/X
 _13445_/X
 _13446_/X
 _13447_/X
 _13448_/X
 _13449_/X
 _13450_/X
 _13451_/X
 _13452_/X
 _13453_/X
 _13454_/X
 _13455_/X
 _13456_/X
 _13457_/X
 _13458_/X
 _13459_/X
 _13460_/X
 _13461_/X
 _13462_/X
 _13463_/X
 _13464_/X
 _13465_/X
 _13466_/X
 _13467_/X
 _13468_/X
 _13469_/X
 _13470_/X
 _13471_/X
 _13472_/X
 _13473_/X
 _13474_/X
 _13475_/X
 _13476_/Y
 _13477_/X
 _13478_/X
 _13479_/X
 _13480_/X
 _13481_/X
 _13482_/X
 _13483_/X
 _13484_/X
 _13485_/X
 _13486_/X
 _13487_/X
 _13488_/X
 _13489_/X
 _13490_/X
 _13491_/X
 _13492_/X
 _13493_/X
 _13494_/X
 _13495_/X
 _13496_/X
 _13497_/X
 _13498_/X
 _13499_/X
 _13500_/X
 _13501_/X
 _13502_/X
 _13503_/X
 _13504_/X
 _13505_/X
 _13506_/X
 _13507_/X
 _13508_/X
 _13509_/X
 _13510_/X
 _13511_/X
 _13512_/X
 _13513_/X
 _13514_/X
 _13515_/X
 _13516_/X
 _13517_/X
 _13518_/X
 _13519_/X
 _13520_/X
 _13521_/X
 _13522_/X
 _13523_/X
 _13524_/X
 _13525_/X
 _13526_/X
 _13527_/X
 _13528_/X
 _13529_/X
 _13530_/X
 _13531_/X
 _13532_/X
 _13533_/X
 _13534_/X
 _13535_/X
 _13536_/X
 _13537_/X
 _13538_/X
 _13539_/X
 _13540_/X
 _13541_/X
 _13542_/X
 _13543_/X
 _13544_/X
 _13545_/Y
 _13546_/X
 _13547_/X
 _13548_/X
 _13549_/X
 _13550_/X
 _13551_/X
 _13552_/X
 _13553_/X
 _13554_/X
 _13555_/X
 _13556_/X
 _13557_/X
 _13558_/X
 _13559_/X
 _13560_/X
 _13561_/X
 _13562_/X
 _13563_/X
 _13564_/X
 _13565_/X
 _13566_/X
 _13567_/X
 _13568_/X
 _13569_/X
 _13570_/X
 _13571_/X
 _13572_/X
 _13573_/X
 _13574_/X
 _13575_/X
 _13576_/X
 _13577_/X
 _13578_/X
 _13579_/X
 _13580_/X
 _13581_/X
 _13582_/X
 _13583_/X
 _13584_/X
 _13585_/X
 _13586_/X
 _13587_/X
 _13588_/X
 _13589_/X
 _13590_/X
 _13591_/X
 _13592_/X
 _13593_/X
 _13594_/X
 _13595_/X
 _13596_/X
 _13597_/X
 _13598_/X
 _13599_/X
 _13600_/X
 _13601_/X
 _13602_/X
 _13603_/X
 _13604_/X
 _13605_/X
 _13606_/X
 _13607_/X
 _13608_/X
 _13609_/X
 _13610_/X
 _13611_/X
 _13612_/X
 _13613_/X
 _13614_/Y
 _13615_/X
 _13616_/X
 _13617_/X
 _13618_/X
 _13619_/X
 _13620_/X
 _13621_/X
 _13622_/X
 _13623_/X
 _13624_/X
 _13625_/X
 _13626_/X
 _13627_/X
 _13628_/X
 _13629_/X
 _13630_/X
 _13631_/X
 _13632_/X
 _13633_/X
 _13634_/X
 _13635_/X
 _13636_/X
 _13637_/X
 _13638_/X
 _13639_/X
 _13640_/X
 _13641_/X
 _13642_/X
 _13643_/X
 _13644_/X
 _13645_/X
 _13646_/X
 _13647_/X
 _13648_/X
 _13649_/X
 _13650_/X
 _13651_/X
 _13652_/X
 _13653_/X
 _13654_/X
 _13655_/X
 _13656_/X
 _13657_/X
 _13658_/X
 _13659_/X
 _13660_/X
 _13661_/X
 _13662_/X
 _13663_/X
 _13664_/X
 _13665_/X
 _13666_/X
 _13667_/X
 _13668_/X
 _13669_/X
 _13670_/X
 _13671_/X
 _13672_/X
 _13673_/X
 _13674_/X
 _13675_/X
 _13676_/X
 _13677_/X
 _13678_/X
 _13679_/X
 _13680_/X
 _13681_/X
 _13682_/X
 _13683_/X
 _13684_/X
 _13685_/X
 _13686_/X
 _13687_/X
 _13688_/X
 _13689_/X
 _13690_/X
 _13691_/X
 _13692_/X
 _13693_/X
 _13694_/X
 _13695_/X
 _13696_/X
 _13697_/X
 _13698_/X
 _13699_/X
 _13700_/X
 _13701_/X
 _13702_/X
 _13703_/X
 _13704_/X
 _13705_/X
 _13706_/X
 _13707_/X
 _13708_/X
 _13709_/X
 _13710_/X
 _13711_/X
 _13712_/X
 _13713_/X
 _13714_/X
 _13715_/X
 _13716_/X
 _13717_/X
 _13718_/X
 _13719_/X
 _13720_/X
 _13721_/X
 _13722_/X
 _13723_/X
 _13724_/X
 _13725_/X
 _13726_/X
 _13727_/X
 _13728_/X
 _13729_/X
 _13730_/X
 _13731_/X
 _13732_/X
 _13733_/X
 _13734_/X
 _13735_/X
 _13736_/X
 _13737_/X
 _13738_/X
 _13739_/X
 _13740_/X
 _13741_/X
 _13742_/X
 _13743_/X
 _13744_/X
 _13745_/X
 _13746_/X
 _13747_/X
 _13748_/X
 _13749_/X
 _13750_/X
 _13751_/X
 _13752_/X
 _13753_/X
 _13754_/X
 _13755_/X
 _13756_/X
 _13757_/X
 _13758_/X
 _13759_/X
 _13760_/X
 _13761_/X
 _13762_/X
 _13763_/X
 _13764_/X
 _13765_/X
 _13766_/X
 _13767_/X
 _13768_/X
 _13769_/X
 _13770_/X
 _13771_/X
 _13772_/X
 _13773_/X
 _13774_/X
 _13775_/X
 _13776_/X
 _13777_/X
 _13778_/X
 _13779_/X
 _13780_/X
 _13781_/X
 _13782_/X
 _13783_/X
 _13784_/X
 _13785_/X
 _13786_/X
 _13787_/X
 _13788_/X
 _13789_/X
 _13790_/X
 _13791_/X
 _13792_/X
 _13793_/X
 _13794_/X
 _13795_/X
 _13796_/X
 _13797_/X
 _13798_/X
 _13799_/X
 _13800_/X
 _13801_/X
 _13802_/X
 _13803_/X
 _13804_/X
 _13805_/X
 _13806_/X
 _13807_/X
 _13808_/X
 _13809_/X
 _13810_/X
 _13811_/X
 _13812_/X
 _13813_/X
 _13814_/X
 _13815_/X
 _13816_/X
 _13817_/X
 _13818_/X
 _13819_/X
 _13820_/X
 _13821_/X
 _13822_/X
 _13823_/X
 _13824_/X
 _13825_/X
 _13826_/X
 _13827_/X
 _13828_/X
 _13829_/X
 _13830_/X
 _13831_/X
 _13832_/X
 _13833_/X
 _13834_/X
 _13835_/X
 _13836_/X
 _13837_/X
 _13838_/X
 _13839_/X
 _13840_/X
 _13841_/X
 _13842_/X
 _13843_/X
 _13844_/X
 _13845_/X
 _13846_/X
 _13847_/X
 _13848_/X
 _13849_/X
 _13850_/X
 _13851_/X
 _13852_/X
 _13853_/X
 _13854_/X
 _13855_/X
 _13856_/X
 _13857_/X
 _13858_/X
 _13859_/X
 _13860_/X
 _13861_/X
 _13862_/X
 _13863_/X
 _13864_/X
 _13865_/X
 _13866_/X
 _13867_/X
 _13868_/X
 _13869_/X
 _13870_/X
 _13871_/X
 _13872_/X
 _13873_/X
 _13874_/X
 _13875_/X
 _13876_/X
 _13877_/X
 _13878_/X
 _13879_/X
 _13880_/X
 _13881_/X
 _13882_/X
 _13883_/X
 _13884_/X
 _13885_/X
 _13886_/X
 _13887_/X
 _13888_/X
 _13889_/X
 _13890_/X
 _13891_/X
 _13892_/X
 _13893_/X
 _13894_/X
 _13895_/X
 _13896_/X
 _13897_/X
 _13898_/X
 _13899_/X
 _13900_/X
 _13901_/X
 _13902_/X
 _13903_/X
 _13904_/X
 _13905_/X
 _13906_/X
 _13907_/X
 _13908_/X
 _13909_/X
 _13910_/X
 _13911_/X
 _13912_/X
 _13913_/X
 _13914_/X
 _13915_/X
 _13916_/X
 _13917_/X
 _13918_/X
 _13919_/X
 _13920_/X
 _13921_/X
 _13922_/X
 _13923_/X
 _13924_/X
 _13925_/X
 _13926_/X
 _13927_/X
 _13928_/X
 _13929_/X
 _13930_/X
 _13931_/X
 _13932_/X
 _13933_/X
 _13934_/X
 _13935_/X
 _13936_/X
 _13937_/X
 _13938_/X
 _13939_/X
 _13940_/X
 _13941_/X
 _13942_/X
 _13943_/X
 _13944_/X
 _13945_/X
 _13946_/X
 _13947_/X
 _13948_/X
 _13949_/X
 _13950_/X
 _13951_/X
 _13952_/X
 _13953_/X
 _13954_/X
 _13955_/X
 _13956_/X
 _13957_/X
 _13958_/X
 _13959_/X
 _13960_/X
 _13961_/X
 _13962_/X
 _13963_/X
 _13964_/X
 _13965_/X
 _13966_/X
 _13967_/X
 _13968_/X
 _13969_/X
 _13970_/X
 _13971_/X
 _13972_/X
 _13973_/X
 _13974_/X
 _13975_/X
 _13976_/X
 _13977_/X
 _13978_/X
 _13979_/X
 _13980_/X
 _13981_/X
 _13982_/X
 _13983_/X
 _13984_/X
 _13985_/X
 _13986_/X
 _13987_/X
 _13988_/X
 _13989_/X
 _13990_/X
 _13991_/X
 _13992_/X
 _13993_/X
 _13994_/X
 _13995_/X
 _13996_/X
 _13997_/X
 _13998_/X
 _13999_/X
 _14000_/X
 _14001_/X
 _14002_/X
 _14003_/X
 _14004_/X
 _14005_/X
 _14006_/X
 _14007_/X
 _14008_/X
 _14009_/X
 _14010_/X
 _14011_/X
 _14012_/X
 _14013_/X
 _14014_/X
 _14015_/X
 _14016_/X
 _14017_/X
 _14018_/X
 _14019_/X
 _14020_/X
 _14021_/X
 _14022_/X
 _14023_/X
 _14024_/X
 _14025_/X
 _14026_/X
 _14027_/X
 _14028_/X
 _14029_/X
 _14030_/X
 _14031_/X
 _14032_/X
 _14033_/X
 _14034_/X
 _14035_/X
 _14036_/X
 _14037_/X
 _14038_/X
 _14039_/X
 _14040_/X
 _14041_/X
 _14042_/X
 _14043_/X
 _14044_/X
 _14045_/X
 _14046_/X
 _14047_/X
 _14048_/X
 _14049_/X
 _14050_/X
 _14051_/X
 _14052_/X
 _14053_/X
 _14054_/X
 _14055_/X
 _14056_/X
 _14057_/X
 _14058_/X
 _14059_/X
 _14060_/X
 _14061_/X
 _14062_/X
 _14063_/X
 _14064_/X
 _14065_/X
 _14066_/X
 _14067_/X
 _14068_/X
 _14069_/X
 _14070_/X
 _14071_/X
 _14072_/X
 _14073_/X
 _14074_/X
 _14075_/X
 _14076_/X
 _14077_/X
 _14078_/X
 _14079_/X
 _14080_/X
 _14081_/X
 _14082_/X
 _14083_/X
 _14084_/X
 _14085_/X
 _14086_/X
 _14087_/X
 _14088_/X
 _14089_/X
 _14090_/X
 _14091_/X
 _14092_/X
 _14093_/X
 _14094_/X
 _14095_/X
 _14096_/X
 _14097_/X
 _14098_/X
 _14099_/X
 _14100_/X
 _14101_/X
 _14102_/X
 _14103_/X
 _14104_/X
 _14105_/X
 _14106_/X
 _14107_/X
 _14108_/X
 _14109_/X
 _14110_/X
 _14111_/X
 _14112_/X
 _14113_/X
 _14114_/X
 _14115_/X
 _14116_/X
 _14117_/X
 _14118_/X
 _14119_/X
 _14120_/X
 _14121_/X
 _14122_/X
 _14123_/X
 _14124_/X
 _14125_/X
 _14126_/Y
 _14127_/X
 _14128_/Y
 _14129_/X
 _14130_/X
 _14131_/X
 _14132_/X
 _14133_/X
 _14134_/X
 _14135_/X
 _14136_/X
 _14137_/X
 _14138_/X
 _14139_/X
 _14140_/X
 _14141_/X
 _14142_/X
 _14143_/X
 _14144_/X
 _14145_/X
 _14146_/X
 _14147_/X
 _14148_/X
 _14149_/X
 _14150_/X
 _14151_/X
 _14152_/X
 _14153_/X
 _14154_/X
 _14155_/X
 _14156_/X
 _14157_/X
 _14158_/X
 _14159_/X
 _14160_/X
 _14161_/X
 _14162_/X
 _14163_/X
 _14164_/X
 _14165_/X
 _14166_/X
 _14167_/X
 _14168_/X
 _14169_/X
 _14170_/X
 _14171_/X
 _14172_/X
 _14173_/X
 _14174_/X
 _14175_/X
 _14176_/X
 _14177_/X
 _14178_/X
 _14179_/X
 _14180_/X
 _14181_/X
 _14182_/X
 _14183_/X
 _14184_/X
 _14185_/X
 _14186_/X
 _14187_/X
 _14188_/X
 _14189_/X
 _14190_/X
 _14191_/X
 _14192_/X
 _14193_/X
 _14194_/X
 _14195_/X
 _14196_/Y
 _14197_/X
 _14198_/X
 _14199_/X
 _14200_/X
 _14201_/X
 _14202_/X
 _14203_/X
 _14204_/X
 _14205_/X
 _14206_/X
 _14207_/X
 _14208_/X
 _14209_/X
 _14210_/X
 _14211_/X
 _14212_/X
 _14213_/X
 _14214_/X
 _14215_/X
 _14216_/X
 _14217_/X
 _14218_/X
 _14219_/X
 _14220_/X
 _14221_/X
 _14222_/X
 _14223_/X
 _14224_/X
 _14225_/X
 _14226_/X
 _14227_/X
 _14228_/X
 _14229_/X
 _14230_/X
 _14231_/X
 _14232_/X
 _14233_/X
 _14234_/X
 _14235_/X
 _14236_/X
 _14237_/X
 _14238_/X
 _14239_/X
 _14240_/X
 _14241_/X
 _14242_/X
 _14243_/X
 _14244_/X
 _14245_/X
 _14246_/X
 _14247_/X
 _14248_/X
 _14249_/X
 _14250_/X
 _14251_/X
 _14252_/X
 _14253_/X
 _14254_/X
 _14255_/X
 _14256_/X
 _14257_/X
 _14258_/X
 _14259_/X
 _14260_/X
 _14261_/X
 _14262_/X
 _14263_/X
 _14264_/X
 _14265_/X
 _14266_/X
 _14267_/X
 _14268_/X
 _14269_/X
 _14270_/X
 _14271_/X
 _14272_/X
 _14273_/X
 _14274_/X
 _14275_/X
 _14276_/X
 _14277_/X
 _14278_/X
 _14279_/X
 _14280_/X
 _14281_/X
 _14282_/X
 _14283_/X
 _14284_/X
 _14285_/X
 _14286_/X
 _14287_/X
 _14288_/X
 _14289_/X
 _14290_/X
 _14291_/X
 _14292_/X
 _14293_/X
 _14294_/X
 _14295_/X
 _14296_/X
 _14297_/X
 _14298_/X
 _14299_/X
 _14300_/X
 _14301_/X
 _14302_/X
 _14303_/X
 _14304_/X
 _14305_/X
 _14306_/X
 _14307_/X
 _14308_/X
 _14309_/X
 _14310_/X
 _14311_/X
 _14312_/X
 _14313_/X
 _14314_/X
 _14315_/X
 _14316_/X
 _14317_/X
 _14318_/X
 _14319_/X
 _14320_/X
 _14321_/X
 _14322_/X
 _14323_/X
 _14324_/X
 _14325_/X
 _14326_/X
 _14327_/X
 _14328_/X
 _14329_/X
 _14330_/X
 _14331_/X
 _14332_/X
 _14333_/X
 _14334_/X
 _14335_/X
 _14336_/X
 _14337_/X
 _14338_/X
 _14339_/X
 _14340_/X
 _14341_/X
 _14342_/X
 _14343_/X
 _14344_/X
 _14345_/X
 _14346_/X
 _14347_/X
 _14348_/X
 _14349_/X
 _14350_/X
 _14351_/X
 _14352_/X
 _14353_/X
 _14354_/X
 _14355_/X
 _14356_/X
 _14357_/X
 _14358_/X
 _14359_/X
 _14360_/X
 _14361_/X
 _14362_/X
 _14363_/X
 _14364_/X
 _14365_/X
 _14366_/X
 _14367_/X
 _14368_/X
 _14369_/X
 _14370_/X
 _14371_/X
 _14372_/X
 _14373_/X
 _14374_/X
 _14375_/X
 _14376_/X
 _14377_/X
 _14378_/X
 _14379_/X
 _14380_/X
 _14381_/X
 _14382_/X
 _14383_/X
 _14384_/X
 _14385_/X
 _14386_/X
 _14387_/X
 _14388_/X
 _14389_/X
 _14390_/X
 _14391_/X
 _14392_/X
 _14393_/X
 _14394_/X
 _14395_/X
 _14396_/X
 _14397_/X
 _14398_/X
 _14399_/X
 _14400_/X
 _14401_/X
 _14402_/Y
 _14403_/X
 _14404_/X
 _14405_/X
 _14406_/X
 _14407_/X
 _14408_/X
 _14409_/X
 _14410_/X
 _14411_/X
 _14412_/X
 _14413_/X
 _14414_/X
 _14415_/X
 _14416_/X
 _14417_/X
 _14418_/X
 _14419_/X
 _14420_/X
 _14421_/X
 _14422_/X
 _14423_/X
 _14424_/X
 _14425_/X
 _14426_/X
 _14427_/X
 _14428_/X
 _14429_/X
 _14430_/X
 _14431_/X
 _14432_/X
 _14433_/X
 _14434_/X
 _14435_/X
 _14436_/X
 _14437_/X
 _14438_/X
 _14439_/X
 _14440_/X
 _14441_/X
 _14442_/X
 _14443_/X
 _14444_/X
 _14445_/X
 _14446_/X
 _14447_/X
 _14448_/X
 _14449_/X
 _14450_/X
 _14451_/X
 _14452_/X
 _14453_/X
 _14454_/X
 _14455_/X
 _14456_/X
 _14457_/X
 _14458_/X
 _14459_/X
 _14460_/X
 _14461_/X
 _14462_/X
 _14463_/X
 _14464_/X
 _14465_/X
 _14466_/X
 _14467_/X
 _14468_/X
 _14469_/X
 _14470_/X
 _14471_/X
 _14472_/X
 _14473_/X
 _14474_/X
 _14475_/X
 _14476_/X
 _14477_/X
 _14478_/X
 _14479_/X
 _14480_/X
 _14481_/X
 _14482_/X
 _14483_/X
 _14484_/X
 _14485_/X
 _14486_/X
 _14487_/X
 _14488_/X
 _14489_/X
 _14490_/X
 _14491_/X
 _14492_/X
 _14493_/X
 _14494_/X
 _14495_/X
 _14496_/X
 _14497_/X
 _14498_/X
 _14499_/X
 _14500_/X
 _14501_/X
 _14502_/X
 _14503_/X
 _14504_/X
 _14505_/X
 _14506_/X
 _14507_/X
 _14508_/X
 _14509_/X
 _14510_/X
 _14511_/X
 _14512_/X
 _14513_/X
 _14514_/X
 _14515_/X
 _14516_/X
 _14517_/X
 _14518_/X
 _14519_/X
 _14520_/X
 _14521_/X
 _14522_/X
 _14523_/X
 _14524_/X
 _14525_/X
 _14526_/X
 _14527_/X
 _14528_/X
 _14529_/X
 _14530_/X
 _14531_/X
 _14532_/X
 _14533_/X
 _14534_/X
 _14535_/X
 _14536_/X
 _14537_/X
 _14538_/X
 _14539_/X
 _14540_/X
 _14541_/X
 _14542_/X
 _14543_/X
 _14544_/X
 _14545_/X
 _14546_/X
 _14547_/X
 _14548_/X
 _14549_/X
 _14550_/X
 _14551_/X
 _14552_/X
 _14553_/X
 _14554_/X
 _14555_/X
 _14556_/X
 _14557_/X
 _14558_/X
 _14559_/X
 _14560_/X
 _14561_/X
 _14562_/X
 _14563_/X
 _14564_/X
 _14565_/X
 _14566_/X
 _14567_/X
 _14568_/X
 _14569_/X
 _14570_/X
 _14571_/X
 _14572_/X
 _14573_/X
 _14574_/X
 _14575_/X
 _14576_/X
 _14577_/X
 _14578_/X
 _14579_/X
 _14580_/X
 _14581_/X
 _14582_/X
 _14583_/X
 _14584_/X
 _14585_/X
 _14586_/X
 _14587_/X
 _14588_/X
 _14589_/X
 _14590_/X
 _14591_/X
 _14592_/X
 _14593_/X
 _14594_/X
 _14595_/X
 _14596_/X
 _14597_/X
 _14598_/X
 _14599_/X
 _14600_/X
 _14601_/X
 _14602_/X
 _14603_/X
 _14604_/X
 _14605_/X
 _14606_/X
 _14607_/X
 _14608_/X
 _14609_/X
 _14610_/X
 _14611_/X
 _14612_/X
 _14613_/X
 _14614_/X
 _14615_/X
 _14616_/X
 _14617_/X
 _14618_/X
 _14619_/X
 _14620_/X
 _14621_/X
 _14622_/X
 _14623_/X
 _14624_/X
 _14625_/X
 _14626_/X
 _14627_/X
 _14628_/X
 _14629_/X
 _14630_/X
 _14631_/X
 _14632_/X
 _14633_/X
 _14634_/X
 _14635_/X
 _14636_/X
 _14637_/X
 _14638_/X
 _14639_/X
 _14640_/X
 _14641_/X
 _14642_/X
 _14643_/X
 _14644_/X
 _14645_/X
 _14646_/X
 _14647_/X
 _14648_/X
 _14649_/X
 _14650_/X
 _14651_/X
 _14652_/X
 _14653_/X
 _14654_/X
 _14655_/X
 _14656_/X
 _14657_/X
 _14658_/X
 _14659_/X
 _14660_/X
 _14661_/X
 _14662_/X
 _14663_/X
 _14664_/X
 _14665_/X
 _14666_/X
 _14667_/X
 _14668_/X
 _14669_/X
 _14670_/X
 _14671_/X
 _14672_/X
 _14673_/X
 _14674_/X
 _14675_/X
 _14676_/X
 _14677_/X
 _14678_/X
 _14679_/X
 _14680_/X
 _14681_/X
 _14682_/X
 _14683_/X
 _14684_/X
 _14685_/X
 _14686_/X
 _14687_/X
 _14688_/X
 _14689_/X
 _14690_/X
 _14691_/X
 _14692_/X
 _14693_/X
 _14694_/X
 _14695_/X
 _14696_/X
 _14697_/X
 _14698_/X
 _14699_/X
 _14700_/X
 _14701_/X
 _14702_/X
 _14703_/X
 _14704_/X
 _14705_/X
 _14706_/X
 _14707_/X
 _14708_/X
 _14709_/X
 _14710_/X
 _14711_/X
 _14712_/X
 _14713_/X
 _14714_/X
 _14715_/X
 _14716_/X
 _14717_/X
 _14718_/X
 _14719_/X
 _14720_/X
 _14721_/X
 _14722_/X
 _14723_/X
 _14724_/X
 _14725_/X
 _14726_/X
 _14727_/X
 _14728_/X
 _14729_/X
 _14730_/X
 _14731_/X
 _14732_/X
 _14733_/X
 _14734_/X
 _14735_/X
 _14736_/X
 _14737_/X
 _14738_/X
 _14739_/X
 _14740_/X
 _14741_/X
 _14742_/X
 _14743_/X
 _14744_/X
 _14745_/X
 _14746_/X
 _14747_/X
 _14748_/X
 _14749_/X
 _14750_/X
 _14751_/X
 _14752_/X
 _14753_/X
 _14754_/X
 _14755_/X
 _14756_/X
 _14757_/X
 _14758_/X
 _14759_/X
 _14760_/X
 _14761_/X
 _14762_/X
 _14763_/X
 _14764_/X
 _14765_/X
 _14766_/X
 _14767_/X
 _14768_/X
 _14769_/X
 _14770_/X
 _14771_/X
 _14772_/X
 _14773_/X
 _14774_/X
 _14775_/X
 _14776_/X
 _14777_/X
 _14778_/X
 _14779_/X
 _14780_/X
 _14781_/X
 _14782_/X
 _14783_/X
 _14784_/X
 _14785_/X
 _14786_/X
 _14787_/X
 _14788_/X
 _14789_/X
 _14790_/X
 _14791_/X
 _14792_/X
 _14793_/X
 _14794_/X
 _14795_/X
 _14796_/X
 _14797_/X
 _14798_/X
 _14799_/X
 _14800_/X
 _14801_/X
 _14802_/X
 _14803_/X
 _14804_/X
 _14805_/X
 _14806_/X
 _14807_/X
 _14808_/X
 _14809_/X
 _14810_/X
 _14811_/X
 _14812_/X
 _14813_/X
 _14814_/X
 _14815_/X
 _14816_/X
 _14817_/X
 _14818_/X
 _14819_/X
 _14820_/X
 _14821_/X
 _14822_/X
 _14823_/X
 _14824_/X
 _14825_/X
 _14826_/X
 _14827_/X
 _14828_/X
 _14829_/X
 _14830_/X
 _14831_/X
 _14832_/X
 _14833_/X
 _14834_/X
 _14835_/X
 _14836_/X
 _14837_/X
 _14838_/X
 _14839_/X
 _14840_/X
 _14841_/X
 _14842_/X
 _14843_/X
 _14844_/X
 _14845_/X
 _14846_/X
 _14847_/X
 _14848_/X
 _14849_/X
 _14850_/X
 _14851_/X
 _14852_/X
 _14853_/X
 _14854_/X
 _14855_/X
 _14856_/X
 _14857_/X
 _14858_/X
 _14859_/X
 _14860_/X
 _14861_/X
 _14862_/X
 _14863_/X
 _14864_/X
 _14865_/X
 _14866_/X
 _14867_/X
 _14868_/X
 _14869_/X
 _14870_/X
 _14871_/X
 _14872_/X
 _14873_/X
 _14874_/X
 _14875_/X
 _14876_/X
 _14877_/X
 _14878_/X
 _14879_/X
 _14880_/X
 _14881_/X
 _14882_/X
 _14883_/X
 _14884_/X
 _14885_/X
 _14886_/X
 _14887_/X
 _14888_/X
 _14889_/X
 _14890_/X
 _14891_/X
 _14892_/X
 _14893_/X
 _14894_/X
 _14895_/X
 _14896_/X
 _14897_/X
 _14898_/X
 _14899_/X
 _14900_/X
 _14901_/X
 _14902_/X
 _14903_/X
 _14904_/X
 _14905_/X
 _14906_/X
 _14907_/X
 _14908_/X
 _14909_/X
 _14910_/X
 _14911_/X
 _14912_/X
 _14913_/X
 _14914_/X
 _14915_/X
 _14916_/X
 _14917_/X
 _14918_/X
 _14919_/X
 _14920_/X
 _14921_/X
 _14922_/X
 _14923_/X
 _14924_/X
 _14925_/X
 _14926_/X
 _14927_/X
 _14928_/X
 _14929_/X
 _14930_/X
 _14931_/X
 _14932_/X
 _14933_/X
 _14934_/X
 _14935_/X
 _14936_/X
 _14937_/X
 _14938_/X
 _14939_/X
 _14940_/X
 _14941_/X
 _14942_/X
 _14943_/X
 _14944_/X
 _14945_/X
 _14946_/X
 _14947_/X
 _14948_/X
 _14949_/X
 _14950_/X
 _14951_/X
 _14952_/X
 _14953_/X
 _14954_/X
 _14955_/X
 _14956_/X
 _14957_/X
 _14958_/X
 _14959_/X
 _14960_/X
 _14961_/X
 _14962_/X
 _14963_/X
 _14964_/X
 _14965_/X
 _14966_/X
 _14967_/X
 _14968_/X
 _14969_/X
 _14970_/X
 _14971_/X
 _14972_/X
 _14973_/X
 _14974_/X
 _14975_/X
 _14976_/X
 _14977_/X
 _14978_/X
 _14979_/X
 _14980_/X
 _14981_/X
 _14982_/X
 _14983_/X
 _14984_/X
 _14985_/X
 _14986_/X
 _14987_/X
 _14988_/X
 _14989_/X
 _14990_/X
 _14991_/X
 _14992_/X
 _14993_/X
 _14994_/X
 _14995_/X
 _14996_/X
 _14997_/X
 _14998_/X
 _14999_/X
 _15000_/X
 _15001_/X
 _15002_/X
 _15003_/X
 _15004_/X
 _15005_/X
 _15006_/X
 _15007_/X
 _15008_/X
 _15009_/X
 _15010_/X
 _15011_/X
 _15012_/X
 _15013_/X
 _15014_/X
 _15015_/X
 _15016_/X
 _15017_/X
 _15018_/X
 _15019_/X
 _15020_/X
 _15021_/X
 _15022_/X
 _15023_/X
 _15024_/X
 _15025_/X
 _15026_/X
 _15027_/X
 _15028_/X
 _15029_/X
 _15030_/X
 _15031_/X
 _15032_/X
 _15033_/X
 _15034_/X
 _15035_/X
 _15036_/X
 _15037_/X
 _15038_/X
 _15039_/X
 _15040_/X
 _15041_/X
 _15042_/X
 _15043_/X
 _15044_/X
 _15045_/X
 _15046_/X
 _15047_/X
 _15048_/X
 _15049_/X
 _15050_/X
 _15051_/X
 _15052_/X
 _15053_/X
 _15054_/X
 _15055_/X
 _15056_/X
 _15057_/X
 _15058_/X
 _15059_/X
 _15060_/X
 _15061_/X
 _15062_/X
 _15063_/X
 _15064_/X
 _15065_/X
 _15066_/X
 _15067_/X
 _15068_/X
 _15069_/X
 _15070_/X
 _15071_/X
 _15072_/X
 _15073_/X
 _15074_/X
 _15075_/X
 _15076_/X
 _15077_/X
 _15078_/X
 _15079_/X
 _15080_/X
 _15081_/X
 _15082_/X
 _15083_/X
 _15084_/X
 _15085_/X
 _15086_/X
 _15087_/X
 _15088_/X
 _15089_/X
 _15090_/X
 _15091_/X
 _15092_/X
 _15093_/X
 _15094_/X
 _15095_/X
 _15096_/X
 _15097_/X
 _15098_/X
 _15099_/X
 _15100_/X
 _15101_/X
 _15102_/X
 _15103_/X
 _15104_/X
 _15105_/X
 _15106_/X
 _15107_/X
 _15108_/X
 _15109_/X
 _15110_/X
 _15111_/X
 _15112_/X
 _15113_/X
 _15114_/X
 _15115_/X
 _15116_/X
 _15117_/X
 _15118_/X
 _15119_/X
 _15120_/X
 _15121_/X
 _15122_/X
 _15123_/X
 _15124_/X
 _15125_/X
 _15126_/X
 _15127_/X
 _15128_/X
 _15129_/X
 _15130_/X
 _15131_/X
 _15132_/X
 _15133_/X
 _15134_/X
 _15135_/X
 _15136_/X
 _15137_/X
 _15138_/X
 _15139_/X
 _15140_/X
 _15141_/X
 _15142_/X
 _15143_/X
 _15144_/X
 _15145_/X
 _15146_/X
 _15147_/X
 _15148_/X
 _15149_/X
 _15150_/X
 _15151_/X
 _15152_/X
 _15153_/X
 _15154_/X
 _15155_/X
 _15156_/X
 _15157_/X
 _15158_/X
 _15159_/X
 _15160_/X
 _15161_/X
 _15162_/X
 _15163_/X
 _15164_/X
 _15165_/X
 _15166_/X
 _15167_/X
 _15168_/X
 _15169_/X
 _15170_/X
 _15171_/X
 _15172_/X
 _15173_/X
 _15174_/X
 _15175_/X
 _15176_/X
 _15177_/X
 _15178_/X
 _15179_/X
 _15180_/X
 _15181_/X
 _15182_/X
 _15183_/X
 _15184_/X
 _15185_/X
 _15186_/X
 _15187_/X
 _15188_/X
 _15189_/X
 _15190_/X
 _15191_/X
 _15192_/X
 _15193_/X
 _15194_/X
 _15195_/X
 _15196_/X
 _15197_/X
 _15198_/X
 _15199_/X
 _15200_/X
 _15201_/X
 _15202_/X
 _15203_/X
 _15204_/X
 _15205_/X
 _15206_/X
 _15207_/X
 _15208_/X
 _15209_/X
 _15210_/X
 _15211_/X
 _15212_/X
 _15213_/X
 _15214_/X
 _15215_/X
 _15216_/X
 _15217_/X
 _15218_/X
 _15219_/X
 _15220_/X
 _15221_/X
 _15222_/X
 _15223_/X
 _15224_/X
 _15225_/X
 _15226_/X
 _15227_/X
 _15228_/X
 _15229_/X
 _15230_/X
 _15231_/X
 _15232_/X
 _15233_/X
 _15234_/X
 _15235_/X
 _15236_/X
 _15237_/X
 _15238_/X
 _15239_/X
 _15240_/X
 _15241_/X
 _15242_/X
 _15243_/X
 _15244_/X
 _15245_/X
 _15246_/X
 _15247_/X
 _15248_/X
 _15249_/X
 _15250_/X
 _15251_/X
 _15252_/X
 _15253_/X
 _15254_/X
 _15255_/Y
 _15256_/X
 _15257_/X
 _15258_/X
 _15259_/X
 _15260_/X
 _15261_/X
 _15262_/X
 _15263_/X
 _15264_/X
 _15265_/X
 _15266_/X
 _15267_/X
 _15268_/X
 _15269_/X
 _15270_/X
 _15271_/X
 _15272_/X
 _15273_/X
 _15274_/X
 _15275_/X
 _15276_/X
 _15277_/X
 _15278_/X
 _15279_/X
 _15280_/X
 _15281_/X
 _15282_/X
 _15283_/X
 _15284_/X
 _15285_/X
 _15286_/X
 _15287_/X
 _15288_/X
 _15289_/X
 _15290_/X
 _15291_/X
 _15292_/X
 _15293_/X
 _15294_/X
 _15295_/X
 _15296_/X
 _15297_/X
 _15298_/X
 _15299_/X
 _15300_/X
 _15301_/X
 _15302_/X
 _15303_/X
 _15304_/X
 _15305_/X
 _15306_/X
 _15307_/X
 _15308_/X
 _15309_/X
 _15310_/X
 _15311_/X
 _15312_/X
 _15313_/X
 _15314_/X
 _15315_/X
 _15316_/X
 _15317_/X
 _15318_/X
 _15319_/X
 _15320_/X
 _15321_/X
 _15322_/X
 _15323_/X
 _15324_/X
 _15325_/X
 _15326_/X
 _15327_/X
 _15328_/X
 _15329_/X
 _15330_/X
 _15331_/X
 _15332_/X
 _15333_/X
 _15334_/X
 _15335_/X
 _15336_/X
 _15337_/X
 _15338_/X
 _15339_/X
 _15340_/X
 _15341_/X
 _15342_/X
 _15343_/X
 _15344_/X
 _15345_/X
 _15346_/X
 _15347_/X
 _15348_/X
 _15349_/X
 _15350_/X
 _15351_/X
 _15352_/X
 _15353_/X
 _15354_/X
 _15355_/X
 _15356_/X
 _15357_/X
 _15358_/X
 _15359_/X
 _15360_/X
 _15361_/X
 _15362_/X
 _15363_/X
 _15364_/X
 _15365_/X
 _15366_/X
 _15367_/X
 _15368_/X
 _15369_/X
 _15370_/X
 _15371_/X
 _15372_/X
 _15373_/X
 _15374_/X
 _15375_/X
 _15376_/X
 _15377_/X
 _15378_/X
 _15379_/X
 _15380_/X
 _15381_/X
 _15382_/X
 _15383_/X
 _15384_/X
 _15385_/X
 _15386_/X
 _15387_/X
 _15388_/X
 _15389_/X
 _15390_/X
 _15391_/X
 _15392_/X
 _15393_/X
 _15394_/X
 _15395_/X
 _15396_/X
 _15397_/X
 _15398_/X
 _15399_/X
 _15400_/X
 _15401_/X
 _15402_/X
 _15403_/X
 _15404_/X
 _15405_/X
 _15406_/X
 _15407_/X
 _15408_/X
 _15409_/X
 _15410_/X
 _15411_/X
 _15412_/X
 _15413_/X
 _15414_/X
 _15415_/X
 _15416_/X
 _15417_/X
 _15418_/X
 _15419_/X
 _15420_/X
 _15421_/X
 _15422_/X
 _15423_/X
 _15424_/X
 _15425_/X
 _15426_/X
 _15427_/X
 _15428_/X
 _15429_/X
 _15430_/X
 _15431_/X
 _15432_/X
 _15433_/X
 _15434_/X
 _15435_/X
 _15436_/X
 _15437_/X
 _15438_/X
 _15439_/X
 _15440_/X
 _15441_/X
 _15442_/X
 _15443_/X
 _15444_/X
 _15445_/X
 _15446_/X
 _15447_/X
 _15448_/X
 _15449_/X
 _15450_/X
 _15451_/X
 _15452_/X
 _15453_/X
 _15454_/X
 _15455_/X
 _15456_/X
 _15457_/X
 _15458_/X
 _15459_/X
 _15460_/X
 _15461_/X
 _15462_/X
 _15463_/X
 _15464_/X
 _15465_/X
 _15466_/X
 _15467_/X
 _15468_/X
 _15469_/X
 _15470_/X
 _15471_/X
 _15472_/X
 _15473_/X
 _15474_/X
 _15475_/X
 _15476_/X
 _15477_/X
 _15478_/X
 _15479_/X
 _15480_/X
 _15481_/X
 _15482_/X
 _15483_/X
 _15484_/X
 _15485_/X
 _15486_/X
 _15487_/X
 _15488_/X
 _15489_/X
 _15490_/X
 _15491_/X
 _15492_/X
 _15493_/X
 _15494_/X
 _15495_/X
 _15496_/X
 _15497_/X
 _15498_/X
 _15499_/X
 _15500_/X
 _15501_/X
 _15502_/X
 _15503_/X
 _15504_/X
 _15505_/X
 _15506_/X
 _15507_/X
 _15508_/X
 _15509_/X
 _15510_/X
 _15511_/X
 _15512_/X
 _15513_/X
 _15514_/X
 _15515_/X
 _15516_/X
 _15517_/X
 _15518_/X
 _15519_/X
 _15520_/X
 _15521_/X
 _15522_/X
 _15523_/X
 _15524_/X
 _15525_/X
 _15526_/X
 _15527_/X
 _15528_/X
 _15529_/X
 _15530_/X
 _15531_/X
 _15532_/X
 _15533_/X
 _15534_/X
 _15535_/X
 _15536_/X
 _15537_/X
 _15538_/X
 _15539_/X
 _15540_/X
 _15541_/X
 _15542_/X
 _15543_/X
 _15544_/X
 _15545_/X
 _15546_/X
 _15547_/X
 _15548_/X
 _15549_/X
 _15550_/X
 _15551_/X
 _15552_/X
 _15553_/X
 _15554_/X
 _15555_/X
 _15556_/X
 _15557_/X
 _15558_/X
 _15559_/X
 _15560_/X
 _15561_/X
 _15562_/X
 _15563_/X
 _15564_/X
 _15565_/X
 _15566_/X
 _15567_/X
 _15568_/X
 _15569_/X
 _15570_/X
 _15571_/X
 _15572_/X
 _15573_/X
 _15574_/X
 _15575_/X
 _15576_/X
 _15577_/X
 _15578_/X
 _15579_/X
 _15580_/X
 _15581_/X
 _15582_/X
 _15583_/X
 _15584_/X
 _15585_/X
 _15586_/X
 _15587_/X
 _15588_/X
 _15589_/X
 _15590_/X
 _15591_/X
 _15592_/X
 _15593_/X
 _15594_/Y
 _15595_/X
 _15596_/Y
 _15597_/Y
 _15598_/Y
 _15599_/X
 _15600_/X
 _15601_/Y
 _15602_/Y
 _15603_/Y
 _15604_/X
 _15605_/Y
 _15606_/Y
 _15607_/Y
 _15608_/Y
 _15609_/Y
 _15610_/Y
 _15611_/Y
 _15612_/Y
 _15613_/Y
 _15614_/X
 _15615_/Y
 _15616_/Y
 _15617_/Y
 _15618_/Y
 _15619_/X
 _15620_/Y
 _15621_/X
 _15622_/Y
 _15623_/Y
 _15624_/Y
 _15625_/Y
 _15626_/Y
 _15627_/X
 _15628_/Y
 _15629_/Y
 _15630_/Y
 _15631_/Y
 _15632_/Y
 _15633_/X
 _15634_/Y
 _15635_/X
 _15636_/Y
 _15637_/Y
 _15638_/Y
 _15639_/X
 _15640_/Y
 _15641_/Y
 _15642_/Y
 _15643_/Y
 _15644_/X
 _15645_/Y
 _15646_/Y
 _15647_/Y
 _15648_/Y
 _15649_/X
 _15650_/Y
 _15651_/Y
 _15652_/Y
 _15653_/Y
 _15654_/X
 _15655_/Y
 _15656_/Y
 _15657_/Y
 _15658_/Y
 _15659_/X
 _15660_/Y
 _15661_/Y
 _15662_/Y
 _15663_/Y
 _15664_/Y
 _15665_/Y
 _15666_/Y
 _15667_/Y
 _15668_/Y
 _15669_/Y
 _15670_/Y
 _15671_/Y
 _15672_/Y
 _15673_/Y
 _15674_/Y
 _15675_/X
 _15676_/Y
 _15677_/Y
 _15678_/X
 _15679_/Y
 _15680_/Y
 _15681_/Y
 _15682_/Y
 _15683_/Y
 _15684_/Y
 _15685_/Y
 _15686_/Y
 _15687_/Y
 _15688_/Y
 _15689_/X
 _15690_/Y
 _15691_/X
 _15692_/Y
 _15693_/X
 _15694_/Y
 _15695_/X
 _15696_/Y
 _15697_/Y
 _15698_/Y
 _15699_/Y
 _15700_/Y
 _15701_/Y
 _15702_/Y
 _15703_/Y
 _15704_/Y
 _15705_/Y
 _15706_/Y
 _15707_/Y
 _15708_/Y
 _15709_/Y
 _15710_/X
 _15711_/Y
 _15712_/Y
 _15713_/Y
 _15714_/Y
 _15715_/Y
 _15716_/Y
 _15717_/X
 _15718_/Y
 _15719_/Y
 _15720_/X
 _15721_/X
 _15722_/Y
 _15723_/X
 _15724_/X
 _15725_/X
 _15726_/Y
 _15727_/Y
 _15728_/X
 _15729_/X
 _15730_/Y
 _15731_/Y
 _15732_/Y
 _15733_/Y
 _15734_/Y
 _15735_/Y
 _15736_/Y
 _15737_/Y
 _15738_/X
 _15739_/Y
 _15740_/Y
 _15741_/Y
 _15742_/Y
 _15743_/Y
 _15744_/Y
 _15745_/Y
 _15746_/Y
 _15747_/Y
 _15748_/X
 _15749_/Y
 _15750_/Y
 _15751_/Y
 _15752_/Y
 _15753_/X
 _15754_/Y
 _15755_/X
 _15756_/Y
 _15757_/X
 _15758_/Y
 _15759_/X
 _15760_/X
 _15761_/Y
 _15762_/Y
 _15763_/Y
 _15764_/Y
 _15765_/Y
 _15766_/X
 _15767_/Y
 _15768_/Y
 _15769_/Y
 _15770_/Y
 _15771_/Y
 _15772_/Y
 _15773_/Y
 _15774_/X
 _15775_/Y
 _15776_/X
 _15777_/X
 _15778_/Y
 _15779_/Y
 _15780_/Y
 _15781_/Y
 _15782_/Y
 _15783_/Y
 _15784_/Y
 _15785_/X
 _15786_/Y
 _15787_/X
 _15788_/X
 _15789_/X
 _15790_/Y
 _15791_/X
 _15792_/X
 _15793_/X
 _15794_/Y
 _15795_/X
 _15796_/X
 _15797_/X
 _15798_/X
 _15799_/X
 _15800_/Y
 _15801_/Y
 _15802_/X
 _15803_/X
 _15804_/X
 _15805_/X
 _15806_/X
 _15807_/Y
 _15808_/X
 _15809_/X
 _15810_/X
 _15811_/Y
 _15812_/Y
 _15813_/Y
 _15814_/Y
 _15815_/X
 _15816_/Y
 _15817_/Y
 _15818_/X
 _15819_/Y
 _15820_/X
 _15821_/X
 _15822_/X
 _15823_/X
 _15824_/Y
 _15825_/X
 _15826_/X
 _15827_/X
 _15828_/X
 _15829_/Y
 _15830_/Y
 _15831_/X
 _15832_/X
 _15833_/X
 _15834_/X
 _15835_/Y
 _15836_/X
 _15837_/Y
 _15838_/X
 _15839_/Y
 _15840_/X
 _15841_/Y
 _15842_/X
 _15843_/X
 _15844_/X
 _15845_/Y
 _15846_/X
 _15847_/X
 _15848_/Y
 _15849_/Y
 _15850_/X
 _15851_/Y
 _15852_/X
 _15853_/Y
 _15854_/X
 _15855_/X
 _15856_/X
 _15857_/Y
 _15858_/X
 _15859_/Y
 _15860_/X
 _15861_/X
 _15862_/X
 _15863_/X
 _15864_/X
 _15865_/X
 _15866_/X
 _15867_/X
 _15868_/X
 _15869_/X
 _15870_/X
 _15871_/X
 _15872_/X
 _15873_/X
 _15874_/X
 _15875_/X
 _15876_/X
 _15877_/X
 _15878_/X
 _15879_/X
 _15880_/X
 _15881_/X
 _15882_/Y
 _15883_/X
 _15884_/Y
 _15885_/X
 _15886_/X
 _15887_/Y
 _15888_/Y
 _15889_/X
 _15890_/X
 _15891_/X
 _15892_/X
 _15893_/X
 _15894_/X
 _15895_/Y
 _15896_/Y
 _15897_/X
 _15898_/X
 _15899_/X
 _15900_/X
 _15901_/X
 _15902_/X
 _15903_/X
 _15904_/X
 _15905_/X
 _15906_/X
 _15907_/X
 _15908_/X
 _15909_/X
 _15910_/X
 _15911_/X
 _15912_/X
 _15913_/X
 _15914_/X
 _15915_/Y
 _15916_/X
 _15917_/X
 _15918_/Y
 _15919_/Y
 _15920_/X
 _15921_/X
 _15922_/X
 _15923_/X
 _15924_/Y
 _15925_/X
 _15926_/X
 _15927_/X
 _15928_/X
 _15929_/Y
 _15930_/Y
 _15931_/Y
 _15932_/Y
 _15933_/Y
 _15934_/Y
 _15935_/Y
 _15936_/Y
 _15937_/Y
 _15938_/Y
 _15939_/X
 _15940_/Y
 _15941_/Y
 _15942_/Y
 _15943_/Y
 _15944_/Y
 _15945_/Y
 _15946_/Y
 _15947_/Y
 _15948_/Y
 _15949_/Y
 _15950_/X
 _15951_/Y
 _15952_/Y
 _15953_/Y
 _15954_/Y
 _15955_/Y
 _15956_/Y
 _15957_/Y
 _15958_/Y
 _15959_/Y
 _15960_/Y
 _15961_/X
 _15962_/Y
 _15963_/Y
 _15964_/Y
 _15965_/Y
 _15966_/Y
 _15967_/Y
 _15968_/Y
 _15969_/Y
 _15970_/Y
 _15971_/Y
 _15972_/X
 _15973_/Y
 _15974_/Y
 _15975_/Y
 _15976_/Y
 _15977_/Y
 _15978_/Y
 _15979_/Y
 _15980_/Y
 _15981_/Y
 _15982_/Y
 _15983_/X
 _15984_/X
 _15985_/Y
 _15986_/Y
 _15987_/Y
 _15988_/Y
 _15989_/Y
 _15990_/Y
 _15991_/Y
 _15992_/Y
 _15993_/Y
 _15994_/Y
 _15995_/X
 _15996_/Y
 _15997_/Y
 _15998_/Y
 _15999_/Y
 _16000_/Y
 _16001_/Y
 _16002_/Y
 _16003_/Y
 _16004_/Y
 _16005_/Y
 _16006_/X
 _16007_/Y
 _16008_/Y
 _16009_/Y
 _16010_/Y
 _16011_/Y
 _16012_/Y
 _16013_/Y
 _16014_/Y
 _16015_/Y
 _16016_/Y
 _16017_/X
 _16018_/Y
 _16019_/Y
 _16020_/Y
 _16021_/Y
 _16022_/Y
 _16023_/Y
 _16024_/Y
 _16025_/Y
 _16026_/Y
 _16027_/Y
 _16028_/X
 _16029_/Y
 _16030_/Y
 _16031_/Y
 _16032_/Y
 _16033_/Y
 _16034_/Y
 _16035_/Y
 _16036_/Y
 _16037_/Y
 _16038_/Y
 _16039_/X
 _16040_/Y
 _16041_/Y
 _16042_/Y
 _16043_/Y
 _16044_/Y
 _16045_/Y
 _16046_/Y
 _16047_/Y
 _16048_/Y
 _16049_/Y
 _16050_/X
 _16051_/Y
 _16052_/Y
 _16053_/Y
 _16054_/Y
 _16055_/Y
 _16056_/Y
 _16057_/Y
 _16058_/Y
 _16059_/Y
 _16060_/Y
 _16061_/X
 _16062_/Y
 _16063_/Y
 _16064_/Y
 _16065_/Y
 _16066_/Y
 _16067_/Y
 _16068_/Y
 _16069_/Y
 _16070_/Y
 _16071_/Y
 _16072_/X
 _16073_/Y
 _16074_/Y
 _16075_/Y
 _16076_/Y
 _16077_/Y
 _16078_/Y
 _16079_/Y
 _16080_/Y
 _16081_/Y
 _16082_/Y
 _16083_/X
 _16084_/Y
 _16085_/Y
 _16086_/Y
 _16087_/Y
 _16088_/Y
 _16089_/Y
 _16090_/Y
 _16091_/Y
 _16092_/Y
 _16093_/Y
 _16094_/X
 _16095_/X
 _16096_/Y
 _16097_/Y
 _16098_/Y
 _16099_/Y
 _16100_/Y
 _16101_/Y
 _16102_/Y
 _16103_/Y
 _16104_/Y
 _16105_/Y
 _16106_/X
 _16107_/Y
 _16108_/Y
 _16109_/Y
 _16110_/Y
 _16111_/Y
 _16112_/Y
 _16113_/Y
 _16114_/Y
 _16115_/Y
 _16116_/Y
 _16117_/X
 _16118_/Y
 _16119_/Y
 _16120_/Y
 _16121_/Y
 _16122_/Y
 _16123_/Y
 _16124_/Y
 _16125_/Y
 _16126_/Y
 _16127_/Y
 _16128_/X
 _16129_/Y
 _16130_/Y
 _16131_/Y
 _16132_/Y
 _16133_/Y
 _16134_/Y
 _16135_/Y
 _16136_/Y
 _16137_/Y
 _16138_/Y
 _16139_/X
 _16140_/Y
 _16141_/Y
 _16142_/Y
 _16143_/Y
 _16144_/Y
 _16145_/Y
 _16146_/Y
 _16147_/Y
 _16148_/Y
 _16149_/Y
 _16150_/X
 _16151_/Y
 _16152_/Y
 _16153_/Y
 _16154_/Y
 _16155_/Y
 _16156_/Y
 _16157_/Y
 _16158_/Y
 _16159_/Y
 _16160_/Y
 _16161_/X
 _16162_/Y
 _16163_/Y
 _16164_/Y
 _16165_/Y
 _16166_/Y
 _16167_/Y
 _16168_/Y
 _16169_/Y
 _16170_/Y
 _16171_/Y
 _16172_/X
 _16173_/Y
 _16174_/Y
 _16175_/Y
 _16176_/Y
 _16177_/Y
 _16178_/Y
 _16179_/Y
 _16180_/Y
 _16181_/Y
 _16182_/Y
 _16183_/X
 _16184_/Y
 _16185_/Y
 _16186_/Y
 _16187_/Y
 _16188_/Y
 _16189_/Y
 _16190_/Y
 _16191_/Y
 _16192_/Y
 _16193_/Y
 _16194_/X
 _16195_/Y
 _16196_/Y
 _16197_/Y
 _16198_/Y
 _16199_/Y
 _16200_/Y
 _16201_/Y
 _16202_/Y
 _16203_/Y
 _16204_/Y
 _16205_/X
 _16206_/X
 _16207_/Y
 _16208_/Y
 _16209_/Y
 _16210_/Y
 _16211_/Y
 _16212_/Y
 _16213_/Y
 _16214_/Y
 _16215_/Y
 _16216_/Y
 _16217_/X
 _16218_/Y
 _16219_/Y
 _16220_/Y
 _16221_/Y
 _16222_/Y
 _16223_/Y
 _16224_/Y
 _16225_/Y
 _16226_/Y
 _16227_/Y
 _16228_/X
 _16229_/Y
 _16230_/Y
 _16231_/Y
 _16232_/Y
 _16233_/Y
 _16234_/Y
 _16235_/Y
 _16236_/Y
 _16237_/Y
 _16238_/Y
 _16239_/X
 _16240_/Y
 _16241_/Y
 _16242_/Y
 _16243_/Y
 _16244_/Y
 _16245_/Y
 _16246_/Y
 _16247_/Y
 _16248_/Y
 _16249_/Y
 _16250_/X
 _16251_/Y
 _16252_/Y
 _16253_/Y
 _16254_/Y
 _16255_/Y
 _16256_/Y
 _16257_/Y
 _16258_/Y
 _16259_/Y
 _16260_/Y
 _16261_/X
 _16262_/Y
 _16263_/Y
 _16264_/Y
 _16265_/Y
 _16266_/Y
 _16267_/Y
 _16268_/Y
 _16269_/Y
 _16270_/Y
 _16271_/Y
 _16272_/X
 _16273_/Y
 _16274_/Y
 _16275_/Y
 _16276_/Y
 _16277_/Y
 _16278_/Y
 _16279_/Y
 _16280_/Y
 _16281_/Y
 _16282_/Y
 _16283_/X
 _16284_/Y
 _16285_/Y
 _16286_/Y
 _16287_/Y
 _16288_/Y
 _16289_/Y
 _16290_/Y
 _16291_/Y
 _16292_/Y
 _16293_/Y
 _16294_/X
 _16295_/Y
 _16296_/Y
 _16297_/Y
 _16298_/Y
 _16299_/Y
 _16300_/Y
 _16301_/Y
 _16302_/Y
 _16303_/Y
 _16304_/Y
 _16305_/X
 _16306_/Y
 _16307_/Y
 _16308_/Y
 _16309_/Y
 _16310_/Y
 _16311_/Y
 _16312_/Y
 _16313_/Y
 _16314_/Y
 _16315_/Y
 _16316_/X
 _16317_/X
 _16318_/Y
 _16319_/Y
 _16320_/Y
 _16321_/Y
 _16322_/Y
 _16323_/Y
 _16324_/Y
 _16325_/Y
 _16326_/Y
 _16327_/Y
 _16328_/X
 _16329_/Y
 _16330_/Y
 _16331_/Y
 _16332_/Y
 _16333_/Y
 _16334_/Y
 _16335_/Y
 _16336_/Y
 _16337_/Y
 _16338_/Y
 _16339_/X
 _16340_/Y
 _16341_/Y
 _16342_/Y
 _16343_/Y
 _16344_/Y
 _16345_/Y
 _16346_/Y
 _16347_/Y
 _16348_/Y
 _16349_/Y
 _16350_/X
 _16351_/Y
 _16352_/Y
 _16353_/Y
 _16354_/Y
 _16355_/Y
 _16356_/Y
 _16357_/Y
 _16358_/Y
 _16359_/Y
 _16360_/Y
 _16361_/X
 _16362_/Y
 _16363_/Y
 _16364_/Y
 _16365_/Y
 _16366_/Y
 _16367_/Y
 _16368_/Y
 _16369_/Y
 _16370_/Y
 _16371_/Y
 _16372_/X
 _16373_/Y
 _16374_/Y
 _16375_/Y
 _16376_/Y
 _16377_/Y
 _16378_/Y
 _16379_/Y
 _16380_/Y
 _16381_/Y
 _16382_/Y
 _16383_/X
 _16384_/Y
 _16385_/Y
 _16386_/Y
 _16387_/Y
 _16388_/Y
 _16389_/Y
 _16390_/Y
 _16391_/Y
 _16392_/Y
 _16393_/Y
 _16394_/X
 _16395_/Y
 _16396_/Y
 _16397_/Y
 _16398_/Y
 _16399_/Y
 _16400_/Y
 _16401_/Y
 _16402_/Y
 _16403_/Y
 _16404_/Y
 _16405_/X
 _16406_/Y
 _16407_/Y
 _16408_/Y
 _16409_/Y
 _16410_/Y
 _16411_/Y
 _16412_/Y
 _16413_/Y
 _16414_/Y
 _16415_/Y
 _16416_/X
 _16417_/Y
 _16418_/Y
 _16419_/Y
 _16420_/Y
 _16421_/Y
 _16422_/Y
 _16423_/Y
 _16424_/Y
 _16425_/Y
 _16426_/Y
 _16427_/X
 _16428_/X
 _16429_/Y
 _16430_/Y
 _16431_/Y
 _16432_/Y
 _16433_/Y
 _16434_/Y
 _16435_/Y
 _16436_/Y
 _16437_/Y
 _16438_/Y
 _16439_/X
 _16440_/Y
 _16441_/Y
 _16442_/Y
 _16443_/Y
 _16444_/Y
 _16445_/Y
 _16446_/Y
 _16447_/Y
 _16448_/Y
 _16449_/Y
 _16450_/X
 _16451_/Y
 _16452_/Y
 _16453_/Y
 _16454_/Y
 _16455_/Y
 _16456_/Y
 _16457_/Y
 _16458_/Y
 _16459_/Y
 _16460_/Y
 _16461_/X
 _16462_/Y
 _16463_/Y
 _16464_/Y
 _16465_/Y
 _16466_/Y
 _16467_/Y
 _16468_/Y
 _16469_/Y
 _16470_/Y
 _16471_/Y
 _16472_/X
 _16473_/Y
 _16474_/Y
 _16475_/Y
 _16476_/Y
 _16477_/Y
 _16478_/Y
 _16479_/Y
 _16480_/Y
 _16481_/Y
 _16482_/Y
 _16483_/X
 _16484_/Y
 _16485_/Y
 _16486_/Y
 _16487_/Y
 _16488_/Y
 _16489_/Y
 _16490_/Y
 _16491_/Y
 _16492_/Y
 _16493_/Y
 _16494_/X
 _16495_/Y
 _16496_/Y
 _16497_/Y
 _16498_/Y
 _16499_/Y
 _16500_/Y
 _16501_/Y
 _16502_/Y
 _16503_/Y
 _16504_/Y
 _16505_/X
 _16506_/Y
 _16507_/Y
 _16508_/Y
 _16509_/Y
 _16510_/Y
 _16511_/Y
 _16512_/Y
 _16513_/Y
 _16514_/Y
 _16515_/Y
 _16516_/X
 _16517_/Y
 _16518_/Y
 _16519_/Y
 _16520_/Y
 _16521_/Y
 _16522_/Y
 _16523_/Y
 _16524_/Y
 _16525_/Y
 _16526_/Y
 _16527_/X
 _16528_/Y
 _16529_/Y
 _16530_/Y
 _16531_/Y
 _16532_/Y
 _16533_/Y
 _16534_/Y
 _16535_/Y
 _16536_/Y
 _16537_/Y
 _16538_/X
 _16539_/X
 _16540_/Y
 _16541_/Y
 _16542_/Y
 _16543_/Y
 _16544_/Y
 _16545_/Y
 _16546_/Y
 _16547_/Y
 _16548_/Y
 _16549_/Y
 _16550_/X
 _16551_/Y
 _16552_/Y
 _16553_/Y
 _16554_/Y
 _16555_/Y
 _16556_/Y
 _16557_/Y
 _16558_/Y
 _16559_/Y
 _16560_/Y
 _16561_/X
 _16562_/Y
 _16563_/Y
 _16564_/Y
 _16565_/Y
 _16566_/Y
 _16567_/Y
 _16568_/Y
 _16569_/Y
 _16570_/Y
 _16571_/Y
 _16572_/X
 _16573_/Y
 _16574_/Y
 _16575_/Y
 _16576_/Y
 _16577_/Y
 _16578_/Y
 _16579_/Y
 _16580_/Y
 _16581_/Y
 _16582_/Y
 _16583_/X
 _16584_/Y
 _16585_/Y
 _16586_/Y
 _16587_/Y
 _16588_/Y
 _16589_/Y
 _16590_/Y
 _16591_/Y
 _16592_/Y
 _16593_/Y
 _16594_/X
 _16595_/Y
 _16596_/Y
 _16597_/Y
 _16598_/Y
 _16599_/Y
 _16600_/Y
 _16601_/Y
 _16602_/Y
 _16603_/Y
 _16604_/Y
 _16605_/X
 _16606_/Y
 _16607_/Y
 _16608_/Y
 _16609_/Y
 _16610_/Y
 _16611_/Y
 _16612_/Y
 _16613_/Y
 _16614_/Y
 _16615_/Y
 _16616_/X
 _16617_/Y
 _16618_/Y
 _16619_/Y
 _16620_/Y
 _16621_/Y
 _16622_/Y
 _16623_/Y
 _16624_/Y
 _16625_/Y
 _16626_/Y
 _16627_/X
 _16628_/Y
 _16629_/Y
 _16630_/Y
 _16631_/Y
 _16632_/Y
 _16633_/Y
 _16634_/Y
 _16635_/Y
 _16636_/Y
 _16637_/Y
 _16638_/X
 _16639_/Y
 _16640_/Y
 _16641_/Y
 _16642_/Y
 _16643_/Y
 _16644_/Y
 _16645_/Y
 _16646_/Y
 _16647_/Y
 _16648_/Y
 _16649_/X
 _16650_/X
 _16651_/Y
 _16652_/Y
 _16653_/Y
 _16654_/Y
 _16655_/Y
 _16656_/Y
 _16657_/Y
 _16658_/Y
 _16659_/Y
 _16660_/Y
 _16661_/X
 _16662_/Y
 _16663_/Y
 _16664_/Y
 _16665_/Y
 _16666_/Y
 _16667_/Y
 _16668_/Y
 _16669_/Y
 _16670_/Y
 _16671_/Y
 _16672_/X
 _16673_/Y
 _16674_/Y
 _16675_/Y
 _16676_/Y
 _16677_/Y
 _16678_/Y
 _16679_/Y
 _16680_/Y
 _16681_/Y
 _16682_/Y
 _16683_/X
 _16684_/Y
 _16685_/Y
 _16686_/Y
 _16687_/Y
 _16688_/Y
 _16689_/Y
 _16690_/Y
 _16691_/Y
 _16692_/Y
 _16693_/Y
 _16694_/X
 _16695_/Y
 _16696_/Y
 _16697_/Y
 _16698_/Y
 _16699_/Y
 _16700_/Y
 _16701_/Y
 _16702_/Y
 _16703_/Y
 _16704_/Y
 _16705_/X
 _16706_/Y
 _16707_/Y
 _16708_/Y
 _16709_/Y
 _16710_/Y
 _16711_/Y
 _16712_/Y
 _16713_/Y
 _16714_/Y
 _16715_/Y
 _16716_/X
 _16717_/Y
 _16718_/Y
 _16719_/Y
 _16720_/Y
 _16721_/Y
 _16722_/Y
 _16723_/Y
 _16724_/Y
 _16725_/Y
 _16726_/Y
 _16727_/X
 _16728_/Y
 _16729_/Y
 _16730_/Y
 _16731_/Y
 _16732_/Y
 _16733_/Y
 _16734_/Y
 _16735_/Y
 _16736_/Y
 _16737_/Y
 _16738_/X
 _16739_/Y
 _16740_/Y
 _16741_/Y
 _16742_/Y
 _16743_/Y
 _16744_/Y
 _16745_/Y
 _16746_/Y
 _16747_/Y
 _16748_/Y
 _16749_/X
 _16750_/Y
 _16751_/Y
 _16752_/Y
 _16753_/Y
 _16754_/Y
 _16755_/Y
 _16756_/Y
 _16757_/Y
 _16758_/Y
 _16759_/Y
 _16760_/X
 _16761_/X
 _16762_/Y
 _16763_/Y
 _16764_/Y
 _16765_/Y
 _16766_/Y
 _16767_/Y
 _16768_/Y
 _16769_/Y
 _16770_/Y
 _16771_/Y
 _16772_/X
 _16773_/Y
 _16774_/Y
 _16775_/Y
 _16776_/Y
 _16777_/Y
 _16778_/Y
 _16779_/Y
 _16780_/Y
 _16781_/Y
 _16782_/Y
 _16783_/X
 _16784_/Y
 _16785_/Y
 _16786_/Y
 _16787_/Y
 _16788_/Y
 _16789_/Y
 _16790_/Y
 _16791_/Y
 _16792_/Y
 _16793_/Y
 _16794_/X
 _16795_/Y
 _16796_/Y
 _16797_/Y
 _16798_/Y
 _16799_/Y
 _16800_/Y
 _16801_/Y
 _16802_/Y
 _16803_/Y
 _16804_/Y
 _16805_/X
 _16806_/Y
 _16807_/Y
 _16808_/Y
 _16809_/Y
 _16810_/Y
 _16811_/Y
 _16812_/Y
 _16813_/Y
 _16814_/Y
 _16815_/Y
 _16816_/X
 _16817_/Y
 _16818_/Y
 _16819_/Y
 _16820_/Y
 _16821_/Y
 _16822_/Y
 _16823_/Y
 _16824_/Y
 _16825_/Y
 _16826_/Y
 _16827_/X
 _16828_/Y
 _16829_/Y
 _16830_/Y
 _16831_/Y
 _16832_/Y
 _16833_/Y
 _16834_/Y
 _16835_/Y
 _16836_/Y
 _16837_/Y
 _16838_/X
 _16839_/Y
 _16840_/Y
 _16841_/Y
 _16842_/Y
 _16843_/Y
 _16844_/Y
 _16845_/Y
 _16846_/Y
 _16847_/Y
 _16848_/Y
 _16849_/X
 _16850_/Y
 _16851_/Y
 _16852_/Y
 _16853_/Y
 _16854_/Y
 _16855_/Y
 _16856_/Y
 _16857_/Y
 _16858_/Y
 _16859_/Y
 _16860_/X
 _16861_/Y
 _16862_/Y
 _16863_/Y
 _16864_/Y
 _16865_/Y
 _16866_/Y
 _16867_/Y
 _16868_/Y
 _16869_/Y
 _16870_/Y
 _16871_/X
 _16872_/X
 _16873_/Y
 _16874_/Y
 _16875_/Y
 _16876_/Y
 _16877_/Y
 _16878_/Y
 _16879_/Y
 _16880_/Y
 _16881_/Y
 _16882_/Y
 _16883_/X
 _16884_/Y
 _16885_/Y
 _16886_/Y
 _16887_/Y
 _16888_/Y
 _16889_/Y
 _16890_/Y
 _16891_/Y
 _16892_/Y
 _16893_/Y
 _16894_/X
 _16895_/Y
 _16896_/Y
 _16897_/Y
 _16898_/Y
 _16899_/Y
 _16900_/Y
 _16901_/Y
 _16902_/Y
 _16903_/Y
 _16904_/Y
 _16905_/X
 _16906_/Y
 _16907_/Y
 _16908_/Y
 _16909_/Y
 _16910_/Y
 _16911_/Y
 _16912_/Y
 _16913_/Y
 _16914_/Y
 _16915_/Y
 _16916_/X
 _16917_/Y
 _16918_/Y
 _16919_/Y
 _16920_/Y
 _16921_/Y
 _16922_/Y
 _16923_/Y
 _16924_/Y
 _16925_/Y
 _16926_/Y
 _16927_/X
 _16928_/Y
 _16929_/Y
 _16930_/Y
 _16931_/Y
 _16932_/Y
 _16933_/Y
 _16934_/Y
 _16935_/Y
 _16936_/Y
 _16937_/Y
 _16938_/X
 _16939_/Y
 _16940_/Y
 _16941_/Y
 _16942_/Y
 _16943_/Y
 _16944_/Y
 _16945_/Y
 _16946_/Y
 _16947_/Y
 _16948_/Y
 _16949_/X
 _16950_/Y
 _16951_/Y
 _16952_/Y
 _16953_/Y
 _16954_/Y
 _16955_/Y
 _16956_/Y
 _16957_/Y
 _16958_/Y
 _16959_/Y
 _16960_/X
 _16961_/Y
 _16962_/Y
 _16963_/Y
 _16964_/Y
 _16965_/Y
 _16966_/Y
 _16967_/Y
 _16968_/Y
 _16969_/Y
 _16970_/Y
 _16971_/X
 _16972_/Y
 _16973_/Y
 _16974_/Y
 _16975_/Y
 _16976_/Y
 _16977_/Y
 _16978_/Y
 _16979_/Y
 _16980_/Y
 _16981_/Y
 _16982_/X
 _16983_/X
 _16984_/Y
 _16985_/Y
 _16986_/Y
 _16987_/Y
 _16988_/Y
 _16989_/Y
 _16990_/Y
 _16991_/Y
 _16992_/Y
 _16993_/Y
 _16994_/X
 _16995_/Y
 _16996_/Y
 _16997_/Y
 _16998_/Y
 _16999_/Y
 _17000_/Y
 _17001_/Y
 _17002_/Y
 _17003_/Y
 _17004_/Y
 _17005_/X
 _17006_/Y
 _17007_/Y
 _17008_/Y
 _17009_/Y
 _17010_/Y
 _17011_/Y
 _17012_/Y
 _17013_/Y
 _17014_/Y
 _17015_/Y
 _17016_/X
 _17017_/Y
 _17018_/Y
 _17019_/Y
 _17020_/Y
 _17021_/Y
 _17022_/Y
 _17023_/Y
 _17024_/Y
 _17025_/Y
 _17026_/Y
 _17027_/X
 _17028_/Y
 _17029_/Y
 _17030_/Y
 _17031_/Y
 _17032_/Y
 _17033_/Y
 _17034_/Y
 _17035_/Y
 _17036_/Y
 _17037_/Y
 _17038_/X
 _17039_/Y
 _17040_/Y
 _17041_/Y
 _17042_/Y
 _17043_/Y
 _17044_/Y
 _17045_/Y
 _17046_/Y
 _17047_/Y
 _17048_/Y
 _17049_/X
 _17050_/Y
 _17051_/Y
 _17052_/Y
 _17053_/Y
 _17054_/Y
 _17055_/Y
 _17056_/Y
 _17057_/Y
 _17058_/Y
 _17059_/Y
 _17060_/X
 _17061_/Y
 _17062_/Y
 _17063_/Y
 _17064_/Y
 _17065_/Y
 _17066_/Y
 _17067_/Y
 _17068_/Y
 _17069_/Y
 _17070_/Y
 _17071_/X
 _17072_/Y
 _17073_/Y
 _17074_/Y
 _17075_/Y
 _17076_/Y
 _17077_/Y
 _17078_/Y
 _17079_/Y
 _17080_/Y
 _17081_/Y
 _17082_/X
 _17083_/Y
 _17084_/Y
 _17085_/Y
 _17086_/Y
 _17087_/Y
 _17088_/Y
 _17089_/Y
 _17090_/Y
 _17091_/Y
 _17092_/Y
 _17093_/X
 _17094_/X
 _17095_/Y
 _17096_/Y
 _17097_/Y
 _17098_/Y
 _17099_/Y
 _17100_/Y
 _17101_/Y
 _17102_/Y
 _17103_/Y
 _17104_/Y
 _17105_/X
 _17106_/Y
 _17107_/Y
 _17108_/Y
 _17109_/Y
 _17110_/Y
 _17111_/Y
 _17112_/Y
 _17113_/Y
 _17114_/Y
 _17115_/Y
 _17116_/X
 _17117_/Y
 _17118_/Y
 _17119_/Y
 _17120_/Y
 _17121_/Y
 _17122_/Y
 _17123_/Y
 _17124_/Y
 _17125_/Y
 _17126_/Y
 _17127_/X
 _17128_/Y
 _17129_/Y
 _17130_/Y
 _17131_/Y
 _17132_/Y
 _17133_/Y
 _17134_/Y
 _17135_/Y
 _17136_/Y
 _17137_/Y
 _17138_/X
 _17139_/Y
 _17140_/Y
 _17141_/Y
 _17142_/Y
 _17143_/Y
 _17144_/Y
 _17145_/Y
 _17146_/Y
 _17147_/Y
 _17148_/Y
 _17149_/X
 _17150_/Y
 _17151_/Y
 _17152_/Y
 _17153_/Y
 _17154_/Y
 _17155_/Y
 _17156_/Y
 _17157_/Y
 _17158_/Y
 _17159_/Y
 _17160_/X
 _17161_/Y
 _17162_/Y
 _17163_/Y
 _17164_/Y
 _17165_/Y
 _17166_/Y
 _17167_/Y
 _17168_/Y
 _17169_/Y
 _17170_/Y
 _17171_/X
 _17172_/Y
 _17173_/Y
 _17174_/Y
 _17175_/Y
 _17176_/Y
 _17177_/Y
 _17178_/Y
 _17179_/Y
 _17180_/Y
 _17181_/Y
 _17182_/X
 _17183_/Y
 _17184_/Y
 _17185_/Y
 _17186_/Y
 _17187_/Y
 _17188_/Y
 _17189_/Y
 _17190_/Y
 _17191_/Y
 _17192_/Y
 _17193_/X
 _17194_/Y
 _17195_/Y
 _17196_/Y
 _17197_/Y
 _17198_/Y
 _17199_/Y
 _17200_/Y
 _17201_/Y
 _17202_/Y
 _17203_/Y
 _17204_/X
 _17205_/X
 _17206_/Y
 _17207_/Y
 _17208_/Y
 _17209_/Y
 _17210_/Y
 _17211_/Y
 _17212_/Y
 _17213_/Y
 _17214_/Y
 _17215_/Y
 _17216_/X
 _17217_/Y
 _17218_/Y
 _17219_/Y
 _17220_/Y
 _17221_/Y
 _17222_/X
 _17223_/X
 _17224_/X
 _17225_/X
 _17226_/X
 _17227_/X
 _17228_/Y
 _17229_/X
 _17230_/X
 _17231_/X
 _17232_/Y
 _17233_/Y
 _17234_/X
 _17235_/X
 _17236_/X
 _17237_/X
 _17238_/X
 _17239_/Y
 _17240_/X
 _17241_/X
 _17242_/X
 _17243_/X
 _17244_/X
 _17245_/X
 _17246_/Y
 _17247_/X
 _17248_/X
 _17249_/X
 _17250_/X
 _17251_/X
 _17252_/Y
 _17253_/Y
 _17254_/X
 _17255_/X
 _17256_/X
 _17257_/X
 _17258_/X
 _17259_/X
 _17260_/X
 _17261_/X
 _17262_/X
 _17263_/X
 _17264_/X
 _17265_/X
 _17266_/X
 _17267_/X
 _17268_/X
 _17269_/X
 _17270_/X
 _17271_/X
 _17272_/X
 _17273_/X
 _17274_/X
 _17275_/X
 _17276_/X
 _17277_/Y
 _17278_/X
 _17279_/X
 _17280_/X
 _17281_/X
 _17282_/Y
 _17283_/Y
 _17284_/X
 _17285_/X
 _17286_/X
 _17287_/X
 _17288_/X
 _17289_/X
 _17290_/X
 _17291_/X
 _17292_/X
 _17293_/X
 _17294_/X
 _17295_/X
 _17296_/X
 _17297_/X
 _17298_/X
 _17299_/X
 _17300_/X
 _17301_/X
 _17302_/X
 _17303_/X
 _17304_/X
 _17305_/X
 _17306_/X
 _17307_/Y
 _17308_/Y
 _17309_/Y
 _17310_/Y
 _17311_/Y
 _17312_/Y
 _17313_/X
 _17314_/Y
 _17315_/Y
 _17316_/Y
 _17317_/Y
 _17318_/Y
 _17319_/Y
 _17320_/Y
 _17321_/Y
 _17322_/Y
 _17323_/Y
 _17324_/X
 _17325_/Y
 _17326_/Y
 _17327_/Y
 _17328_/Y
 _17329_/Y
 _17330_/Y
 _17331_/Y
 _17332_/Y
 _17333_/Y
 _17334_/Y
 _17335_/X
 _17336_/Y
 _17337_/Y
 _17338_/Y
 _17339_/Y
 _17340_/Y
 _17341_/Y
 _17342_/Y
 _17343_/Y
 _17344_/Y
 _17345_/Y
 _17346_/X
 _17347_/Y
 _17348_/Y
 _17349_/Y
 _17350_/Y
 _17351_/Y
 _17352_/Y
 _17353_/Y
 _17354_/Y
 _17355_/Y
 _17356_/Y
 _17357_/X
 _17358_/Y
 _17359_/Y
 _17360_/Y
 _17361_/Y
 _17362_/Y
 _17363_/Y
 _17364_/Y
 _17365_/Y
 _17366_/Y
 _17367_/Y
 _17368_/X
 _17369_/Y
 _17370_/Y
 _17371_/Y
 _17372_/Y
 _17373_/Y
 _17374_/Y
 _17375_/Y
 _17376_/Y
 _17377_/Y
 _17378_/Y
 _17379_/X
 _17380_/Y
 _17381_/Y
 _17382_/Y
 _17383_/X
 _17384_/Y
 _17385_/X
 _17386_/X
 _17387_/X
 _17388_/X
 _17389_/X
 _17390_/Y
 _17391_/Y
 _17392_/X
 _17393_/X
 _17394_/X
 _17395_/X
 _17396_/X
 _17397_/X
 _17398_/X
 _17399_/X
 _17400_/X
 _17401_/X
 _17402_/X
 _17403_/X
 _17404_/X
 _17405_/X
 _17406_/X
 _17407_/X
 _17408_/X
 _17409_/X
 _17410_/X
 _17411_/X
 _17412_/X
 _17413_/X
 _17414_/X
 _17415_/Y
 _17416_/X
 _17417_/X
 _17418_/X
 _17419_/X
 _17420_/X
 _17421_/X
 _17422_/X
 _17423_/X
 _17424_/X
 _17425_/X
 _17426_/X
 _17427_/X
 _17428_/X
 _17429_/X
 _17430_/X
 _17431_/X
 _17432_/X
 _17433_/Y
 _17434_/X
 _17435_/X
 _17436_/X
 _17437_/X
 _17438_/X
 _17439_/X
 _17440_/X
 _17441_/X
 _17442_/X
 _17443_/X
 _17444_/X
 _17445_/X
 _17446_/X
 _17447_/X
 _17448_/X
 _17449_/X
 _17450_/X
 _17451_/X
 _17452_/X
 _17453_/Y
 _17454_/Y
 _17455_/X
 _17456_/X
 _17457_/X
 _17458_/X
 _17459_/X
 _17460_/X
 _17461_/X
 _17462_/X
 _17463_/X
 _17464_/X
 _17465_/X
 _17466_/X
 _17467_/X
 _17468_/X
 _17469_/X
 _17470_/X
 _17471_/X
 _17472_/X
 _17473_/X
 _17474_/X
 _17475_/X
 _17476_/X
 _17477_/X
 _17478_/X
 _17479_/X
 _17480_/X
 _17481_/X
 _17482_/X
 _17483_/X
 _17484_/X
 _17485_/Y
 _17486_/X
 _17487_/X
 _17488_/X
 _17489_/X
 _17490_/X
 _17491_/X
 _17492_/X
 _17493_/X
 _17494_/X
 _17495_/X
 _17496_/X
 _17497_/X
 _17498_/X
 _17499_/X
 _17500_/X
 _17501_/X
 _17502_/X
 _17503_/X
 _17504_/X
 _17505_/X
 _17506_/X
 _17507_/X
 _17508_/X
 _17509_/X
 _17510_/X
 _17511_/X
 _17512_/X
 _17513_/X
 _17514_/X
 _17515_/X
 _17516_/X
 _17517_/X
 _17518_/X
 _17519_/X
 _17520_/X
 _17521_/X
 _17522_/X
 _17523_/X
 _17524_/X
 _17525_/X
 _17526_/X
 _17527_/X
 _17528_/X
 _17529_/X
 _17530_/X
 _17531_/X
 _17532_/X
 _17533_/X
 _17534_/X
 _17535_/X
 _17536_/X
 _17537_/X
 _17538_/X
 _17539_/X
 _17540_/X
 _17541_/X
 _17542_/X
 _17543_/X
 _17544_/X
 _17545_/X
 _17546_/X
 _17547_/X
 _17548_/X
 _17549_/X
 _17550_/X
 _17551_/X
 _17552_/X
 _17553_/X
 _17554_/X
 _17555_/X
 _17556_/X
 _17557_/X
 _17558_/X
 _17559_/X
 _17560_/X
 _17561_/X
 _17562_/X
 _17563_/X
 _17564_/X
 _17565_/X
 _17566_/X
 _17567_/X
 _17568_/X
 _17569_/X
 _17570_/X
 _17571_/X
 _17572_/X
 _17573_/X
 _17574_/X
 _17575_/X
 _17576_/X
 _17577_/X
 _17578_/X
 _17579_/Y
 _17580_/X
 _17581_/X
 _17582_/X
 _17583_/X
 _17584_/X
 _17585_/X
 _17586_/X
 _17587_/X
 _17588_/X
 _17589_/X
 _17590_/X
 _17591_/X
 _17592_/X
 _17593_/X
 _17594_/X
 _17595_/X
 _17596_/Y
 _17597_/X
 _17598_/X
 _17599_/X
 _17600_/X
 _17601_/X
 _17602_/X
 _17603_/X
 _17604_/X
 _17605_/X
 _17606_/X
 _17607_/X
 _17608_/X
 _17609_/X
 _17610_/X
 _17611_/X
 _17612_/X
 _17613_/Y
 _17614_/X
 _17615_/X
 _17616_/X
 _17617_/X
 _17618_/X
 _17619_/X
 _17620_/X
 _17621_/X
 _17622_/X
 _17623_/X
 _17624_/X
 _17625_/X
 _17626_/X
 _17627_/X
 _17628_/X
 _17629_/X
 _17630_/Y
 _17631_/X
 _17632_/X
 _17633_/X
 _17634_/X
 _17635_/X
 _17636_/X
 _17637_/X
 _17638_/X
 _17639_/X
 _17640_/X
 _17641_/X
 _17642_/X
 _17643_/X
 _17644_/X
 _17645_/X
 _17646_/X
 _17647_/Y
 _17648_/Y
 _17649_/Y
 _17650_/Y
 _17651_/Y
 _17652_/Y
 _17653_/Y
 _17654_/X
 _17655_/Y
 _17656_/Y
 _17657_/Y
 _17658_/Y
 _17659_/Y
 _17660_/Y
 _17661_/Y
 _17662_/Y
 _17663_/Y
 _17664_/Y
 _17665_/X
 _17666_/X
 _17667_/Y
 _17668_/Y
 _17669_/Y
 _17670_/Y
 _17671_/Y
 _17672_/Y
 _17673_/Y
 _17674_/Y
 _17675_/Y
 _17676_/Y
 _17677_/X
 _17678_/Y
 _17679_/Y
 _17680_/Y
 _17681_/Y
 _17682_/Y
 _17683_/X
 _17684_/X
 _17685_/X
 _17686_/X
 _17687_/X
 _17688_/X
 _17689_/Y
 _17690_/Y
 _17691_/Y
 _17692_/Y
 _17693_/X
 _17694_/X
 _17695_/X
 _17696_/X
 _17697_/X
 _17698_/X
 _17699_/X
 _17700_/X
 _17701_/X
 _17702_/X
 _17703_/X
 _17704_/X
 _17705_/X
 _17706_/X
 _17707_/X
 _17708_/X
 _17709_/X
 _17710_/X
 _17711_/X
 _17712_/X
 _17713_/X
 _17714_/X
 _17715_/X
 _17716_/X
 _17717_/X
 _17718_/X
 _17719_/X
 _17720_/Y
 _17721_/X
 _17722_/X
 _17723_/Y
 _17724_/X
 _17725_/Y
 _17726_/X
 _17727_/X
 _17728_/X
 _17729_/X
 _17730_/X
 _17731_/X
 _17732_/X
 _17733_/Y
 _17734_/X
 _17735_/Y
 _17736_/Y
 _17737_/X
 _17738_/Y
 _17739_/X
 _17740_/X
 _17741_/X
 _17742_/Y
 _17743_/Y
 _17744_/X
 _17745_/X
 _17746_/X
 _17747_/X
 _17748_/X
 _17749_/X
 _17750_/X
 _17751_/X
 _17752_/X
 _17753_/X
 _17754_/X
 _17755_/X
 _17756_/X
 _17757_/X
 _17758_/X
 _17759_/X
 _17760_/Y
 _17761_/Y
 _17762_/X
 _17763_/X
 _17764_/X
 _17765_/Y
 _17766_/Y
 _17767_/X
 _17768_/X
 _17769_/X
 _17770_/X
 _17771_/X
 _17772_/X
 _17773_/X
 _17774_/Y
 _17775_/X
 _17776_/Y
 _17777_/Y
 _17778_/X
 _17779_/Y
 _17780_/Y
 _17781_/X
 _17782_/X
 _17783_/X
 _17784_/Y
 _17785_/X
 _17786_/Y
 _17787_/Y
 _17788_/X
 _17789_/Y
 _17790_/Y
 _17791_/X
 _17792_/X
 _17793_/X
 _17794_/X
 _17795_/X
 _17796_/X
 _17797_/X
 _17798_/Y
 _17799_/Y
 _17800_/X
 _17801_/Y
 _17802_/Y
 _17803_/X
 _17804_/Y
 _17805_/Y
 _17806_/X
 _17807_/Y
 _17808_/Y
 _17809_/X
 _17810_/X
 _17811_/X
 _17812_/Y
 _17813_/X
 _17814_/X
 _17815_/X
 _17816_/Y
 _17817_/Y
 _17818_/Y
 _17819_/Y
 _17820_/X
 _17821_/X
 _17822_/X
 _17823_/X
 _17824_/X
 _17825_/X
 _17826_/X
 _17827_/X
 _17828_/X
 _17829_/X
 _17830_/Y
 _17831_/Y
 _17832_/X
 _17833_/Y
 _17834_/X
 _17835_/Y
 _17836_/X
 _17837_/X
 _17838_/X
 _17839_/X
 _17840_/X
 _17841_/X
 _17842_/X
 _17843_/X
 _17844_/X
 _17845_/X
 _17846_/X
 _17847_/X
 _17848_/X
 _17849_/X
 _17850_/Y
 _17851_/X
 _17852_/Y
 _17853_/Y
 _17854_/X
 _17855_/X
 _17856_/X
 _17857_/X
 _17858_/X
 _17859_/Y
 _17860_/Y
 _17861_/Y
 _17862_/X
 _17863_/X
 _17864_/X
 _17865_/X
 _17866_/X
 _17867_/Y
 _17868_/X
 _17869_/Y
 _17870_/Y
 _17871_/X
 _17872_/X
 _17873_/X
 _17874_/X
 _17875_/X
 _17876_/Y
 _17877_/X
 _17878_/X
 _17879_/X
 _17880_/X
 _17881_/X
 _17882_/X
 _17883_/Y
 _17884_/Y
 _17885_/Y
 _17886_/X
 _17887_/Y
 _17888_/Y
 _17889_/Y
 _17890_/X
 _17891_/X
 _17892_/Y
 _17893_/X
 _17894_/X
 _17895_/X
 _17896_/X
 _17897_/X
 _17898_/X
 _17899_/X
 _17900_/X
 _17901_/X
 _17902_/Y
 _17903_/X
 _17904_/X
 _17905_/Y
 _17906_/Y
 _17907_/Y
 _17908_/X
 _17909_/Y
 _17910_/Y
 _17911_/Y
 _17912_/X
 _17913_/Y
 _17914_/Y
 _17915_/Y
 _17916_/Y
 _17917_/X
 _17918_/Y
 _17919_/Y
 _17920_/X
 _17921_/X
 _17922_/X
 _17923_/X
 _17924_/X
 _17925_/X
 _17926_/X
 _17927_/X
 _17928_/X
 _17929_/Y
 _17930_/X
 _17931_/X
 _17932_/X
 _17933_/X
 _17934_/X
 _17935_/X
 _17936_/X
 _17937_/X
 _17938_/X
 _17939_/X
 _17940_/X
 _17941_/Y
 _17942_/X
 _17943_/X
 _17944_/Y
 _17945_/X
 _17946_/X
 _17947_/Y
 _17948_/X
 _17949_/X
 _17950_/Y
 _17951_/X
 _17952_/X
 _17953_/X
 _17954_/X
 _17955_/X
 _17956_/X
 _17957_/X
 _17958_/X
 _17959_/X
 _17960_/X
 _17961_/X
 _17962_/X
 _17963_/X
 _17964_/X
 _17965_/X
 _17966_/X
 _17967_/X
 _17968_/X
 _17969_/X
 _17970_/X
 _17971_/X
 _17972_/X
 _17973_/X
 _17974_/X
 _17975_/X
 _17976_/X
 _17977_/X
 _17978_/X
 _17979_/X
 _17980_/X
 _17981_/X
 _17982_/X
 _17983_/Y
 _17984_/Y
 _17985_/Y
 _17986_/Y
 _17987_/Y
 _17988_/X
 _17989_/Y
 _17990_/Y
 _17991_/Y
 _17992_/Y
 _17993_/Y
 _17994_/Y
 _17995_/Y
 _17996_/Y
 _17997_/Y
 _17998_/Y
 _17999_/X
 _18000_/Y
 _18001_/Y
 _18002_/Y
 _18003_/Y
 _18004_/Y
 _18005_/Y
 _18006_/Y
 _18007_/Y
 _18008_/Y
 _18009_/Y
 _18010_/X
 _18011_/Y
 _18012_/Y
 _18013_/Y
 _18014_/Y
 _18015_/Y
 _18016_/Y
 _18017_/Y
 _18018_/Y
 _18019_/X
 _18020_/X
 _18021_/X
 _18022_/X
 _18023_/X
 _18024_/X
 _18025_/X
 _18026_/X
 _18027_/X
 _18028_/X
 _18029_/X
 _18030_/X
 _18031_/X
 _18032_/X
 _18033_/X
 _18034_/X
 _18035_/Y
 _18036_/Y
 _18037_/Y
 _18038_/X
 _18039_/Y
 _18040_/Y
 _18041_/Y
 _18042_/Y
 _18043_/Y
 _18044_/Y
 _18045_/Y
 _18046_/Y
 _18047_/Y
 _18048_/Y
 _18049_/X
 _18050_/Y
 _18051_/Y
 _18052_/Y
 _18053_/Y
 _18054_/Y
 _18055_/Y
 _18056_/Y
 _18057_/Y
 _18058_/Y
 _18059_/Y
 _18060_/X
 _18061_/Y
 _18062_/Y
 _18063_/Y
 _18064_/Y
 _18065_/Y
 _18066_/Y
 _18067_/Y
 _18068_/Y
 _18069_/Y
 _18070_/Y
 _18071_/X
 _18072_/Y
 _18073_/Y
 _18074_/Y
 _18075_/Y
 _18076_/Y
 _18077_/Y
 _18078_/Y
 _18079_/Y
 _18080_/Y
 _18081_/Y
 _18082_/X
 _18083_/Y
 _18084_/Y
 _18085_/Y
 _18086_/Y
 _18087_/Y
 _18088_/Y
 _18089_/Y
 _18090_/Y
 _18091_/Y
 _18092_/Y
 _18093_/X
 _18094_/Y
 _18095_/Y
 _18096_/Y
 _18097_/Y
 _18098_/Y
 _18099_/Y
 _18100_/Y
 _18101_/Y
 _18102_/Y
 _18103_/Y
 _18104_/Y
 _18105_/Q
 _18106_/Q
 _18107_/Q
 _18108_/Q
 _18109_/Q
 _18110_/Q
 _18111_/Q
 _18112_/Q
 _18113_/Q
 _18114_/Q
 _18115_/Q
 _18116_/Q
 _18117_/Q
 _18118_/Q
 _18119_/Q
 _18120_/Q
 _18121_/Q
 _18122_/Q
 _18123_/Q
 _18124_/Q
 _18125_/Q
 _18126_/Q
 _18127_/Q
 _18128_/Q
 _18129_/Q
 _18130_/Q
 _18131_/Q
 _18132_/Q
 _18133_/Q
 _18134_/Q
 _18135_/Q
 _18136_/Q
 _18137_/Q
 _18138_/Q
 _18139_/Q
 _18140_/Q
 _18141_/Q
 _18142_/Q
 _18143_/Q
 _18144_/Q
 _18145_/Q
 _18146_/Q
 _18147_/Q
 _18148_/Q
 _18149_/Q
 _18150_/Q
 _18151_/Q
 _18152_/Q
 _18153_/Q
 _18154_/Q
 _18155_/Q
 _18156_/Q
 _18157_/Q
 _18158_/Q
 _18159_/Q
 _18160_/Q
 _18161_/Q
 _18162_/Q
 _18163_/Q
 _18164_/Q
 _18165_/Q
 _18166_/Q
 _18167_/Q
 _18168_/Q
 _18169_/Q
 _18170_/Q
 _18171_/Q
 _18172_/Q
 _18173_/Q
 _18174_/Q
 _18175_/Q
 _18176_/Q
 _18177_/Q
 _18178_/Q
 _18179_/Q
 _18180_/Q
 _18181_/Q
 _18182_/Q
 _18183_/Q
 _18184_/Q
 _18185_/Q
 _18186_/Q
 _18187_/Q
 _18188_/Q
 _18189_/Q
 _18190_/Q
 _18191_/Q
 _18192_/Q
 _18193_/Q
 _18194_/Q
 _18195_/Q
 _18196_/Q
 _18197_/Q
 _18198_/Q
 _18199_/Q
 _18200_/Q
 _18201_/Q
 _18202_/Q
 _18203_/Q
 _18204_/Q
 _18205_/Q
 _18206_/Q
 _18207_/Q
 _18208_/Q
 _18209_/Q
 _18210_/Q
 _18211_/Q
 _18212_/Q
 _18213_/Q
 _18214_/Q
 _18215_/Q
 _18216_/Q
 _18217_/Q
 _18218_/Q
 _18219_/Q
 _18220_/Q
 _18221_/Q
 _18222_/Q
 _18223_/Q
 _18224_/Q
 _18225_/Q
 _18226_/Q
 _18227_/Q
 _18228_/Q
 _18229_/Q
 _18230_/Q
 _18231_/Q
 _18232_/Q
 _18233_/Q
 _18234_/Q
 _18235_/Q
 _18236_/Q
 _18237_/Q
 _18238_/Q
 _18239_/Q
 _18240_/Q
 _18241_/Q
 _18242_/Q
 _18243_/Q
 _18244_/Q
 _18245_/Q
 _18246_/Q
 _18247_/Q
 _18248_/Q
 _18249_/Q
 _18250_/Q
 _18251_/Q
 _18252_/Q
 _18253_/Q
 _18254_/Q
 _18255_/Q
 _18256_/Q
 _18257_/Q
 _18258_/Q
 _18259_/Q
 _18260_/Q
 _18261_/Q
 _18262_/Q
 _18263_/Q
 _18264_/Q
 _18265_/Q
 _18266_/Q
 _18267_/Q
 _18268_/Q
 _18269_/Q
 _18270_/Q
 _18271_/Q
 _18272_/Q
 _18273_/Q
 _18274_/Q
 _18275_/Q
 _18276_/Q
 _18277_/Q
 _18278_/Q
 _18279_/Q
 _18280_/Q
 _18281_/Q
 _18282_/Q
 _18283_/Q
 _18284_/Q
 _18285_/Q
 _18286_/Q
 _18287_/Q
 _18288_/Q
 _18289_/Q
 _18290_/Q
 _18291_/Q
 _18292_/Q
 _18293_/Q
 _18294_/Q
 _18295_/Q
 _18296_/Q
 _18297_/Q
 _18298_/Q
 _18299_/Q
 _18300_/Q
 _18301_/Q
 _18302_/Q
 _18303_/Q
 _18304_/Q
 _18305_/Q
 _18306_/Q
 _18307_/Q
 _18308_/Q
 _18309_/Q
 _18310_/Q
 _18311_/Q
 _18312_/Q
 _18313_/Q
 _18314_/Q
 _18315_/Q
 _18316_/Q
 _18317_/Q
 _18318_/Q
 _18319_/Q
 _18320_/Q
 _18321_/Q
 _18322_/Q
 _18323_/Q
 _18324_/Q
 _18325_/Q
 _18326_/Q
 _18327_/Q
 _18328_/Q
 _18329_/Q
 _18330_/Q
 _18331_/Q
 _18332_/Q
 _18333_/Q
 _18334_/Q
 _18335_/Q
 _18336_/Q
 _18337_/Q
 _18338_/Q
 _18339_/Q
 _18340_/Q
 _18341_/Q
 _18342_/Q
 _18343_/Q
 _18344_/Q
 _18345_/Q
 _18346_/Q
 _18347_/Q
 _18348_/Q
 _18349_/Q
 _18350_/Q
 _18351_/Q
 _18352_/Q
 _18353_/Q
 _18354_/Q
 _18355_/Q
 _18356_/Q
 _18357_/Q
 _18358_/Q
 _18359_/Q
 _18360_/Q
 _18361_/Q
 _18362_/Q
 _18363_/Q
 _18364_/Q
 _18365_/Q
 _18366_/Q
 _18367_/Q
 _18368_/Q
 _18369_/Q
 _18370_/Q
 _18371_/Q
 _18372_/Q
 _18373_/Q
 _18374_/Q
 _18375_/Q
 _18376_/Q
 _18377_/Q
 _18378_/Q
 _18379_/Q
 _18380_/Q
 _18381_/Q
 _18382_/Q
 _18383_/Q
 _18384_/Q
 _18385_/Q
 _18386_/Q
 _18387_/Q
 _18388_/Q
 _18389_/Q
 _18390_/Q
 _18391_/Q
 _18392_/Q
 _18393_/Q
 _18394_/Q
 _18395_/Q
 _18396_/Q
 _18397_/Q
 _18398_/Q
 _18399_/Q
 _18400_/Q
 _18401_/Q
 _18402_/Q
 _18403_/Q
 _18404_/Q
 _18405_/Q
 _18406_/Q
 _18407_/Q
 _18408_/Q
 _18409_/Q
 _18410_/Q
 _18411_/Q
 _18412_/Q
 _18413_/Q
 _18414_/Q
 _18415_/Q
 _18416_/Q
 _18417_/Q
 _18418_/Q
 _18419_/Q
 _18420_/Q
 _18421_/Q
 _18422_/Q
 _18423_/Q
 _18424_/Q
 _18425_/Q
 _18426_/Q
 _18427_/Q
 _18428_/Q
 _18429_/Q
 _18430_/Q
 _18431_/Q
 _18432_/Q
 _18433_/Q
 _18434_/Q
 _18435_/Q
 _18436_/Q
 _18437_/Q
 _18438_/Q
 _18439_/Q
 _18440_/Q
 _18441_/Q
 _18442_/Q
 _18443_/Q
 _18444_/Q
 _18445_/Q
 _18446_/Q
 _18447_/Q
 _18448_/Q
 _18449_/Q
 _18450_/Q
 _18451_/Q
 _18452_/Q
 _18453_/Q
 _18454_/Q
 _18455_/Q
 _18456_/Q
 _18457_/Q
 _18458_/Q
 _18459_/Q
 _18460_/Q
 _18461_/Q
 _18462_/Q
 _18463_/Q
 _18464_/Q
 _18465_/Q
 _18466_/Q
 _18467_/Q
 _18468_/Q
 _18469_/Q
 _18470_/Q
 _18471_/Q
 _18472_/Q
 _18473_/Q
 _18474_/Q
 _18475_/Q
 _18476_/Q
 _18477_/Q
 _18478_/Q
 _18479_/Q
 _18480_/Q
 _18481_/Q
 _18482_/Q
 _18483_/Q
 _18484_/Q
 _18485_/Q
 _18486_/Q
 _18487_/Q
 _18488_/Q
 _18489_/Q
 _18490_/Q
 _18491_/Q
 _18492_/Q
 _18493_/Q
 _18494_/Q
 _18495_/Q
 _18496_/Q
 _18497_/Q
 _18498_/Q
 _18499_/Q
 _18500_/Q
 _18501_/Q
 _18502_/Q
 _18503_/Q
 _18504_/Q
 _18505_/Q
 _18506_/Q
 _18507_/Q
 _18508_/Q
 _18509_/Q
 _18510_/Q
 _18511_/Q
 _18512_/Q
 _18513_/Q
 _18514_/Q
 _18515_/Q
 _18516_/Q
 _18517_/Q
 _18518_/Q
 _18519_/Q
 _18520_/Q
 _18521_/Q
 _18522_/Q
 _18523_/Q
 _18524_/Q
 _18525_/Q
 _18526_/Q
 _18527_/Q
 _18528_/Q
 _18529_/Q
 _18530_/Q
 _18531_/Q
 _18532_/Q
 _18533_/Q
 _18534_/Q
 _18535_/Q
 _18536_/Q
 _18537_/Q
 _18538_/Q
 _18539_/Q
 _18540_/Q
 _18541_/Q
 _18542_/Q
 _18543_/Q
 _18544_/Q
 _18545_/Q
 _18546_/Q
 _18547_/Q
 _18548_/Q
 _18549_/Q
 _18550_/Q
 _18551_/Q
 _18552_/Q
 _18553_/Q
 _18554_/Q
 _18555_/Q
 _18556_/Q
 _18557_/Q
 _18558_/Q
 _18559_/Q
 _18560_/Q
 _18561_/Q
 _18562_/Q
 _18563_/Q
 _18564_/Q
 _18565_/Q
 _18566_/Q
 _18567_/Q
 _18568_/Q
 _18569_/Q
 _18570_/Q
 _18571_/Q
 _18572_/Q
 _18573_/Q
 _18574_/Q
 _18575_/Q
 _18576_/Q
 _18577_/Q
 _18578_/Q
 _18579_/Q
 _18580_/Q
 _18581_/Q
 _18582_/Q
 _18583_/Q
 _18584_/Q
 _18585_/Q
 _18586_/Q
 _18587_/Q
 _18588_/Q
 _18589_/Q
 _18590_/Q
 _18591_/Q
 _18592_/Q
 _18593_/Q
 _18594_/Q
 _18595_/Q
 _18596_/Q
 _18597_/Q
 _18598_/Q
 _18599_/Q
 _18600_/Q
 _18601_/Q
 _18602_/Q
 _18603_/Q
 _18604_/Q
 _18605_/Q
 _18606_/Q
 _18607_/Q
 _18608_/Q
 _18609_/Q
 _18610_/Q
 _18611_/Q
 _18612_/Q
 _18613_/Q
 _18614_/Q
 _18615_/Q
 _18616_/Q
 _18617_/Q
 _18618_/Q
 _18619_/Q
 _18620_/Q
 _18621_/Q
 _18622_/Q
 _18623_/Q
 _18624_/Q
 _18625_/Q
 _18626_/Q
 _18627_/Q
 _18628_/Q
 _18629_/Q
 _18630_/Q
 _18631_/Q
 _18632_/Q
 _18633_/Q
 _18634_/Q
 _18635_/Q
 _18636_/Q
 _18637_/Q
 _18638_/Q
 _18639_/Q
 _18640_/Q
 _18641_/Q
 _18642_/Q
 _18643_/Q
 _18644_/Q
 _18645_/Q
 _18646_/Q
 _18647_/Q
 _18648_/Q
 _18649_/Q
 _18650_/Q
 _18651_/Q
 _18652_/Q
 _18653_/Q
 _18654_/Q
 _18655_/Q
 _18656_/Q
 _18657_/Q
 _18658_/Q
 _18659_/Q
 _18660_/Q
 _18661_/Q
 _18662_/Q
 _18663_/Q
 _18664_/Q
 _18665_/Q
 _18666_/Q
 _18667_/Q
 _18668_/Q
 _18669_/Q
 _18670_/Q
 _18671_/Q
 _18672_/Q
 _18673_/Q
 _18674_/Q
 _18675_/Q
 _18676_/Q
 _18677_/Q
 _18678_/Q
 _18679_/Q
 _18680_/Q
 _18681_/Q
 _18682_/Q
 _18683_/Q
 _18684_/Q
 _18685_/Q
 _18686_/Q
 _18687_/Q
 _18688_/Q
 _18689_/Q
 _18690_/Q
 _18691_/Q
 _18692_/Q
 _18693_/Q
 _18694_/Q
 _18695_/Q
 _18696_/Q
 _18697_/Q
 _18698_/Q
 _18699_/Q
 _18700_/Q
 _18701_/Q
 _18702_/Q
 _18703_/Q
 _18704_/Q
 _18705_/Q
 _18706_/Q
 _18707_/Q
 _18708_/Q
 _18709_/Q
 _18710_/Q
 _18711_/Q
 _18712_/Q
 _18713_/Q
 _18714_/Q
 _18715_/Q
 _18716_/Q
 _18717_/Q
 _18718_/Q
 _18719_/Q
 _18720_/Q
 _18721_/Q
 _18722_/Q
 _18723_/Q
 _18724_/Q
 _18725_/Q
 _18726_/Q
 _18727_/Q
 _18728_/Q
 _18729_/Q
 _18730_/Q
 _18731_/Q
 _18732_/Q
 _18733_/Q
 _18734_/Q
 _18735_/Q
 _18736_/Q
 _18737_/Q
 _18738_/Q
 _18739_/Q
 _18740_/Q
 _18741_/Q
 _18742_/Q
 _18743_/Q
 _18744_/Q
 _18745_/Q
 _18746_/Q
 _18747_/Q
 _18748_/Q
 _18749_/Q
 _18750_/Q
 _18751_/Q
 _18752_/Q
 _18753_/Q
 _18754_/Q
 _18755_/Q
 _18756_/Q
 _18757_/Q
 _18758_/Q
 _18759_/Q
 _18760_/Q
 _18761_/Q
 _18762_/Q
 _18763_/Q
 _18764_/Q
 _18765_/Q
 _18766_/Q
 _18767_/Q
 _18768_/Q
 _18769_/Q
 _18770_/Q
 _18771_/Q
 _18772_/Q
 _18773_/Q
 _18774_/Q
 _18775_/Q
 _18776_/Q
 _18777_/Q
 _18778_/Q
 _18779_/Q
 _18780_/Q
 _18781_/Q
 _18782_/Q
 _18783_/Q
 _18784_/Q
 _18785_/Q
 _18786_/Q
 _18787_/Q
 _18788_/Q
 _18789_/Q
 _18790_/Q
 _18791_/Q
 _18792_/Q
 _18793_/Q
 _18794_/Q
 _18795_/Q
 _18796_/Q
 _18797_/Q
 _18798_/Q
 _18799_/Q
 _18800_/Q
 _18801_/Q
 _18802_/Q
 _18803_/Q
 _18804_/Q
 _18805_/Q
 _18806_/Q
 _18807_/Q
 _18808_/Q
 _18809_/Q
 _18810_/Q
 _18811_/Q
 _18812_/Q
 _18813_/Q
 _18814_/Q
 _18815_/Q
 _18816_/Q
 _18817_/Q
 _18818_/Q
 _18819_/Q
 _18820_/Q
 _18821_/Q
 _18822_/Q
 _18823_/Q
 _18824_/Q
 _18825_/Q
 _18826_/Q
 _18827_/Q
 _18828_/Q
 _18829_/Q
 _18830_/Q
 _18831_/Q
 _18832_/Q
 _18833_/Q
 _18834_/Q
 _18835_/Q
 _18836_/Q
 _18837_/Q
 _18838_/Q
 _18839_/Q
 _18840_/Q
 _18841_/Q
 _18842_/Q
 _18843_/Q
 _18844_/Q
 _18845_/Q
 _18846_/Q
 _18847_/Q
 _18848_/Q
 _18849_/Q
 _18850_/Q
 _18851_/Q
 _18852_/Q
 _18853_/Q
 _18854_/Q
 _18855_/Q
 _18856_/Q
 _18857_/Q
 _18858_/Q
 _18859_/Q
 _18860_/Q
 _18861_/Q
 _18862_/Q
 _18863_/Q
 _18864_/Q
 _18865_/Q
 _18866_/Q
 _18867_/Q
 _18868_/Q
 _18869_/Q
 _18870_/Q
 _18871_/Q
 _18872_/Q
 _18873_/Q
 _18874_/Q
 _18875_/Q
 _18876_/Q
 _18877_/Q
 _18878_/Q
 _18879_/Q
 _18880_/Q
 _18881_/Q
 _18882_/Q
 _18883_/Q
 _18884_/Q
 _18885_/Q
 _18886_/Q
 _18887_/Q
 _18888_/Q
 _18889_/Q
 _18890_/Q
 _18891_/Q
 _18892_/Q
 _18893_/Q
 _18894_/Q
 _18895_/Q
 _18896_/Q
 _18897_/Q
 _18898_/Q
 _18899_/Q
 _18900_/Q
 _18901_/Q
 _18902_/Q
 _18903_/Q
 _18904_/Q
 _18905_/Q
 _18906_/Q
 _18907_/Q
 _18908_/Q
 _18909_/Q
 _18910_/Q
 _18911_/Q
 _18912_/Q
 _18913_/Q
 _18914_/Q
 _18915_/Q
 _18916_/Q
 _18917_/Q
 _18918_/Q
 _18919_/Q
 _18920_/Q
 _18921_/Q
 _18922_/Q
 _18923_/Q
 _18924_/Q
 _18925_/Q
 _18926_/Q
 _18927_/Q
 _18928_/Q
 _18929_/Q
 _18930_/Q
 _18931_/Q
 _18932_/Q
 _18933_/Q
 _18934_/Q
 _18935_/Q
 _18936_/Q
 _18937_/Q
 _18938_/Q
 _18939_/Q
 _18940_/Q
 _18941_/Q
 _18942_/Q
 _18943_/Q
 _18944_/Q
 _18945_/Q
 _18946_/Q
 _18947_/Q
 _18948_/Q
 _18949_/Q
 _18950_/Q
 _18951_/Q
 _18952_/Q
 _18953_/Q
 _18954_/Q
 _18955_/Q
 _18956_/Q
 _18957_/Q
 _18958_/Q
 _18959_/Q
 _18960_/Q
 _18961_/Q
 _18962_/Q
 _18963_/Q
 _18964_/Q
 _18965_/Q
 _18966_/Q
 _18967_/Q
 _18968_/Q
 _18969_/Q
 _18970_/Q
 _18971_/Q
 _18972_/Q
 _18973_/Q
 _18974_/Q
 _18975_/Q
 _18976_/Q
 _18977_/Q
 _18978_/Q
 _18979_/Q
 _18980_/Q
 _18981_/Q
 _18982_/Q
 _18983_/Q
 _18984_/Q
 _18985_/Q
 _18986_/Q
 _18987_/Q
 _18988_/Q
 _18989_/Q
 _18990_/Q
 _18991_/Q
 _18992_/Q
 _18993_/Q
 _18994_/Q
 _18995_/Q
 _18996_/Q
 _18997_/Q
 _18998_/Q
 _18999_/Q
 _19000_/Q
 _19001_/Q
 _19002_/Q
 _19003_/Q
 _19004_/Q
 _19005_/Q
 _19006_/Q
 _19007_/Q
 _19008_/Q
 _19009_/Q
 _19010_/Q
 _19011_/Q
 _19012_/Q
 _19013_/Q
 _19014_/Q
 _19015_/Q
 _19016_/Q
 _19017_/Q
 _19018_/Q
 _19019_/Q
 _19020_/Q
 _19021_/Q
 _19022_/Q
 _19023_/Q
 _19024_/Q
 _19025_/Q
 _19026_/Q
 _19027_/Q
 _19028_/Q
 _19029_/Q
 _19030_/Q
 _19031_/Q
 _19032_/Q
 _19033_/Q
 _19034_/Q
 _19035_/Q
 _19036_/Q
 _19037_/Q
 _19038_/Q
 _19039_/Q
 _19040_/Q
 _19041_/Q
 _19042_/Q
 _19043_/Q
 _19044_/Q
 _19045_/Q
 _19046_/Q
 _19047_/Q
 _19048_/Q
 _19049_/Q
 _19050_/Q
 _19051_/Q
 _19052_/Q
 _19053_/Q
 _19054_/Q
 _19055_/Q
 _19056_/Q
 _19057_/Q
 _19058_/Q
 _19059_/Q
 _19060_/Q
 _19061_/Q
 _19062_/Q
 _19063_/Q
 _19064_/Q
 _19065_/Q
 _19066_/Q
 _19067_/Q
 _19068_/Q
 _19069_/Q
 _19070_/Q
 _19071_/Q
 _19072_/Q
 _19073_/Q
 _19074_/Q
 _19075_/Q
 _19076_/Q
 _19077_/Q
 _19078_/Q
 _19079_/Q
 _19080_/Q
 _19081_/Q
 _19082_/Q
 _19083_/Q
 _19084_/Q
 _19085_/Q
 _19086_/Q
 _19087_/Q
 _19088_/Q
 _19089_/Q
 _19090_/Q
 _19091_/Q
 _19092_/Q
 _19093_/Q
 _19094_/Q
 _19095_/Q
 _19096_/Q
 _19097_/Q
 _19098_/Q
 _19099_/Q
 _19100_/Q
 _19101_/Q
 _19102_/Q
 _19103_/Q
 _19104_/Q
 _19105_/Q
 _19106_/Q
 _19107_/Q
 _19108_/Q
 _19109_/Q
 _19110_/Q
 _19111_/Q
 _19112_/Q
 _19113_/Q
 _19114_/Q
 _19115_/Q
 _19116_/Q
 _19117_/Q
 _19118_/Q
 _19119_/Q
 _19120_/Q
 _19121_/Q
 _19122_/Q
 _19123_/Q
 _19124_/Q
 _19125_/Q
 _19126_/Q
 _19127_/Q
 _19128_/Q
 _19129_/Q
 _19130_/Q
 _19131_/Q
 _19132_/Q
 _19133_/Q
 _19134_/Q
 _19135_/Q
 _19136_/Q
 _19137_/Q
 _19138_/Q
 _19139_/Q
 _19140_/Q
 _19141_/Q
 _19142_/Q
 _19143_/Q
 _19144_/Q
 _19145_/Q
 _19146_/Q
 _19147_/Q
 _19148_/Q
 _19149_/Q
 _19150_/Q
 _19151_/Q
 _19152_/Q
 _19153_/Q
 _19154_/Q
 _19155_/Q
 _19156_/Q
 _19157_/Q
 _19158_/Q
 _19159_/Q
 _19160_/Q
 _19161_/Q
 _19162_/Q
 _19163_/Q
 _19164_/Q
 _19165_/Q
 _19166_/Q
 _19167_/Q
 _19168_/Q
 _19169_/Q
 _19170_/Q
 _19171_/Q
 _19172_/Q
 _19173_/Q
 _19174_/Q
 _19175_/Q
 _19176_/Q
 _19177_/Q
 _19178_/Q
 _19179_/Q
 _19180_/Q
 _19181_/Q
 _19182_/Q
 _19183_/Q
 _19184_/Q
 _19185_/Q
 _19186_/Q
 _19187_/Q
 _19188_/Q
 _19189_/Q
 _19190_/Q
 _19191_/Q
 _19192_/Q
 _19193_/Q
 _19194_/Q
 _19195_/Q
 _19196_/Q
 _19197_/Q
 _19198_/Q
 _19199_/Q
 _19200_/Q
 _19201_/Q
 _19202_/Q
 _19203_/Q
 _19204_/Q
 _19205_/Q
 _19206_/Q
 _19207_/Q
 _19208_/Q
 _19209_/Q
 _19210_/Q
 _19211_/Q
 _19212_/Q
 _19213_/Q
 _19214_/Q
 _19215_/Q
 _19216_/Q
 _19217_/Q
 _19218_/Q
 _19219_/Q
 _19220_/Q
 _19221_/Q
 _19222_/Q
 _19223_/Q
 _19224_/Q
 _19225_/Q
 _19226_/Q
 _19227_/Q
 _19228_/Q
 _19229_/Q
 _19230_/Q
 _19231_/Q
 _19232_/Q
 _19233_/Q
 _19234_/Q
 _19235_/Q
 _19236_/Q
 _19237_/Q
 _19238_/Q
 _19239_/Q
 _19240_/Q
 _19241_/Q
 _19242_/Q
 _19243_/Q
 _19244_/Q
 _19245_/Q
 _19246_/Q
 _19247_/Q
 _19248_/Q
 _19249_/Q
 _19250_/Q
 _19251_/Q
 _19252_/Q
 _19253_/Q
 _19254_/Q
 _19255_/Q
 _19256_/Q
 _19257_/Q
 _19258_/Q
 _19259_/Q
 _19260_/Q
 _19261_/Q
 _19262_/Q
 _19263_/Q
 _19264_/Q
 _19265_/Q
 _19266_/Q
 _19267_/Q
 _19268_/Q
 _19269_/Q
 _19270_/Q
 _19271_/Q
 _19272_/Q
 _19273_/Q
 _19274_/Q
 _19275_/Q
 _19276_/Q
 _19277_/Q
 _19278_/Q
 _19279_/Q
 _19280_/Q
 _19281_/Q
 _19282_/Q
 _19283_/Q
 _19284_/Q
 _19285_/Q
 _19286_/Q
 _19287_/Q
 _19288_/Q
 _19289_/Q
 _19290_/Q
 _19291_/Q
 _19292_/Q
 _19293_/Q
 _19294_/Q
 _19295_/Q
 _19296_/Q
 _19297_/Q
 _19298_/Q
 _19299_/Q
 _19300_/Q
 _19301_/Q
 _19302_/Q
 _19303_/Q
 _19304_/Q
 _19305_/Q
 _19306_/Q
 _19307_/Q
 _19308_/Q
 _19309_/Q
 _19310_/Q
 _19311_/Q
 _19312_/Q
 _19313_/Q
 _19314_/Q
 _19315_/Q
 _19316_/Q
 _19317_/Q
 _19318_/Q
 _19319_/Q
 _19320_/Q
 _19321_/Q
 _19322_/Q
 _19323_/Q
 _19324_/Q
 _19325_/Q
 _19326_/Q
 _19327_/Q
 _19328_/Q
 _19329_/Q
 _19330_/Q
 _19331_/Q
 _19332_/Q
 _19333_/Q
 _19334_/Q
 _19335_/Q
 _19336_/Q
 _19337_/Q
 _19338_/Q
 _19339_/Q
 _19340_/Q
 _19341_/Q
 _19342_/Q
 _19343_/Q
 _19344_/Q
 _19345_/Q
 _19346_/Q
 _19347_/Q
 _19348_/Q
 _19349_/Q
 _19350_/Q
 _19351_/Q
 _19352_/Q
 _19353_/Q
 _19354_/Q
 _19355_/Q
 _19356_/Q
 _19357_/Q
 _19358_/Q
 _19359_/Q
 _19360_/Q
 _19361_/Q
 _19362_/Q
 _19363_/Q
 _19364_/Q
 _19365_/Q
 _19366_/Q
 _19367_/Q
 _19368_/Q
 _19369_/Q
 _19370_/Q
 _19371_/Q
 _19372_/Q
 _19373_/Q
 _19374_/Q
 _19375_/Q
 _19376_/Q
 _19377_/Q
 _19378_/Q
 _19379_/Q
 _19380_/Q
 _19381_/Q
 _19382_/Q
 _19383_/Q
 _19384_/Q
 _19385_/Q
 _19386_/Q
 _19387_/Q
 _19388_/Q
 _19389_/Q
 _19390_/Q
 _19391_/Q
 _19392_/Q
 _19393_/Q
 _19394_/Q
 _19395_/Q
 _19396_/Q
 _19397_/Q
 _19398_/Q
 _19399_/Q
 _19400_/Q
 _19401_/Q
 _19402_/Q
 _19403_/Q
 _19404_/Q
 _19405_/Q
 _19406_/Q
 _19407_/Q
 _19408_/Q
 _19409_/Q
 _19410_/Q
 _19411_/Q
 _19412_/Q
 _19413_/Q
 _19414_/Q
 _19415_/Q
 _19416_/Q
 _19417_/Q
 _19418_/Q
 _19419_/Q
 _19420_/Q
 _19421_/Q
 _19422_/Q
 _19423_/Q
 _19424_/Q
 _19425_/Q
 _19426_/Q
 _19427_/Q
 _19428_/Q
 _19429_/Q
 _19430_/Q
 _19431_/Q
 _19432_/Q
 _19433_/Q
 _19434_/Q
 _19435_/Q
 _19436_/Q
 _19437_/Q
 _19438_/Q
 _19439_/Q
 _19440_/Q
 _19441_/Q
 _19442_/Q
 _19443_/Q
 _19444_/Q
 _19445_/Q
 _19446_/Q
 _19447_/Q
 _19448_/Q
 _19449_/Q
 _19450_/Q
 _19451_/Q
 _19452_/Q
 _19453_/Q
 _19454_/Q
 _19455_/Q
 _19456_/Q
 _19457_/Q
 _19458_/Q
 _19459_/Q
 _19460_/Q
 _19461_/Q
 _19462_/Q
 _19463_/Q
 _19464_/Q
 _19465_/Q
 _19466_/Q
 _19467_/Q
 _19468_/Q
 _19469_/Q
 _19470_/Q
 _19471_/Q
 _19472_/Q
 _19473_/Q
 _19474_/Q
 _19475_/Q
 _19476_/Q
 _19477_/Q
 _19478_/Q
 _19479_/Q
 _19480_/Q
 _19481_/Q
 _19482_/Q
 _19483_/Q
 _19484_/Q
 _19485_/Q
 _19486_/Q
 _19487_/Q
 _19488_/Q
 _19489_/Q
 _19490_/Q
 _19491_/Q
 _19492_/Q
 _19493_/Q
 _19494_/Q
 _19495_/Q
 _19496_/Q
 _19497_/Q
 _19498_/Q
 _19499_/Q
 _19500_/Q
 _19501_/Q
 _19502_/Q
 _19503_/Q
 _19504_/Q
 _19505_/Q
 _19506_/Q
 _19507_/Q
 _19508_/Q
 _19509_/Q
 _19510_/Q
 _19511_/Q
 _19512_/Q
 _19513_/Q
 _19514_/Q
 _19515_/Q
 _19516_/Q
 _19517_/Q
 _19518_/Q
 _19519_/Q
 _19520_/Q
 _19521_/Q
 _19522_/Q
 _19523_/Q
 _19524_/Q
 _19525_/Q
 _19526_/Q
 _19527_/Q
 _19528_/Q
 _19529_/Q
 _19530_/Q
 _19531_/Q
 _19532_/Q
 _19533_/Q
 _19534_/Q
 _19535_/Q
 _19536_/Q
 _19537_/Q
 _19538_/Q
 _19539_/Q
 _19540_/Q
 _19541_/Q
 _19542_/Q
 _19543_/Q
 _19544_/Q
 _19545_/Q
 _19546_/Q
 _19547_/Q
 _19548_/Q
 _19549_/Q
 _19550_/Q
 _19551_/Q
 _19552_/Q
 _19553_/Q
 _19554_/Q
 _19555_/Q
 _19556_/Q
 _19557_/Q
 _19558_/Q
 _19559_/Q
 _19560_/Q
 _19561_/Q
 _19562_/Q
 _19563_/Q
 _19564_/Q
 _19565_/Q
 _19566_/Q
 _19567_/Q
 _19568_/Q
 _19569_/Q
 _19570_/Q
 _19571_/Q
 _19572_/Q
 _19573_/Q
 _19574_/Q
 _19575_/Q
 _19576_/Q
 _19577_/Q
 _19578_/Q
 _19579_/Q
 _19580_/Q
 _19581_/Q
 _19582_/Q
 _19583_/Q
 _19584_/Q
 _19585_/Q
 _19586_/Q
 _19587_/Q
 _19588_/Q
 _19589_/Q
 _19590_/Q
 _19591_/Q
 _19592_/Q
 _19593_/Q
 _19594_/Q
 _19595_/Q
 _19596_/Q
 _19597_/Q
 _19598_/Q
 _19599_/Q
 _19600_/Q
 _19601_/Q
 _19602_/Q
 _19603_/Q
 _19604_/Q
 _19605_/Q
 _19606_/Q
 _19607_/Q
 _19608_/Q
 _19609_/Q
 _19610_/Q
 _19611_/Q
 _19612_/Q
 _19613_/Q
 _19614_/Q
 _19615_/Q
 _19616_/Q
 _19617_/Q
 _19618_/Q
 _19619_/Q
 _19620_/Q
 _19621_/Q
 _19622_/Q
 _19623_/Q
 _19624_/Q
 _19625_/Q
 _19626_/Q
 _19627_/Q
 _19628_/Q
 _19629_/Q
 _19630_/Q
 _19631_/Q
 _19632_/Q
 _19633_/Q
 _19634_/Q
 _19635_/Q
 _19636_/Q
 _19637_/Q
 _19638_/Q
 _19639_/Q
 _19640_/Q
 _19641_/Q
 _19642_/Q
 _19643_/Q
 _19644_/Q
 _19645_/Q
 _19646_/Q
 _19647_/Q
 _19648_/Q
 _19649_/Q
 _19650_/Q
 _19651_/Q
 _19652_/Q
 _19653_/Q
 _19654_/Q
 _19655_/Q
 _19656_/Q
 _19657_/Q
 _19658_/Q
Found 0 partially unannotated drivers.

===========================================================================
max slew violation count 0
max fanout violation count 0
max cap violation count 0
============================================================================

===========================================================================
check_setup -verbose -unconstrained_endpoints -multiple_clock -no_clock -no_input_delay -loops -generated_clocks
===========================================================================
