Instance name,  X location,  Y location,  Voltage 
FILLER_0_174_1049, 485.52, 481.44, 1.7945
FILLER_0_172_1049, 485.52, 476, 1.79449
FILLER_0_170_1049, 485.52, 470.56, 1.79449
_17326_, 485.52, 465.12, 1.79448
ANTENNA_68, 485.52, 465.12, 1.79448
FILLER_0_166_1033, 485.52, 465.12, 1.79448
FILLER_0_168_1049, 485.52, 465.12, 1.79448
FILLER_0_166_1049, 485.52, 459.68, 1.79449
_12668_, 485.52, 454.24, 1.79448
_12675_, 485.52, 454.24, 1.79448
FILLER_0_164_1049, 485.52, 454.24, 1.79448
_12272_, 485.52, 448.8, 1.79448
_12671_, 485.52, 448.8, 1.79448
_12674_, 485.52, 448.8, 1.79448
_19299_, 485.52, 448.8, 1.79448
FILLER_0_162_1048, 485.52, 448.8, 1.79448
_12273_, 485.52, 443.36, 1.79449
_12275_, 485.52, 443.36, 1.79449
_12682_, 485.52, 443.36, 1.79449
_17321_, 485.52, 443.36, 1.79449
FILLER_0_160_1052, 485.52, 443.36, 1.79449
_12268_, 485.52, 437.92, 1.79447
_12676_, 485.52, 437.92, 1.79447
_12677_, 485.52, 437.92, 1.79447
_17319_, 485.52, 437.92, 1.79447
_19297_, 485.52, 437.92, 1.79447
hold351, 485.52, 437.92, 1.79447
_12262_, 485.52, 432.48, 1.79448
_12266_, 485.52, 432.48, 1.79448
_12267_, 485.52, 432.48, 1.79448
_12270_, 485.52, 432.48, 1.79448
_12679_, 485.52, 432.48, 1.79448
_12680_, 485.52, 432.48, 1.79448
_12681_, 485.52, 432.48, 1.79448
FILLER_0_154_1033, 485.52, 432.48, 1.79448
FILLER_0_155_1051, 485.52, 432.48, 1.79448
_12261_, 485.52, 427.04, 1.79448
_12263_, 485.52, 427.04, 1.79448
_12264_, 485.52, 427.04, 1.79448
_12685_, 485.52, 427.04, 1.79448
_12687_, 485.52, 427.04, 1.79448
FILLER_0_153_1051, 485.52, 427.04, 1.79448
_12686_, 485.52, 421.6, 1.79448
_17317_, 485.52, 421.6, 1.79448
_19296_, 485.52, 421.6, 1.79448
_17318_, 485.52, 416.16, 1.79449
FILLER_0_150_1052, 485.52, 416.16, 1.79449
_13199_, 485.52, 410.72, 1.79449
_13200_, 485.52, 410.72, 1.79449
_17079_, 485.52, 410.72, 1.79449
_19142_, 485.52, 410.72, 1.79449
FILLER_0_148_1049, 485.52, 410.72, 1.79449
_13193_, 485.52, 405.28, 1.79448
_13194_, 485.52, 405.28, 1.79448
_17077_, 485.52, 405.28, 1.79448
_13198_, 485.52, 399.84, 1.79449
_13203_, 485.52, 399.84, 1.79449
_13216_, 485.52, 394.4, 1.79449
_17076_, 485.52, 394.4, 1.79449
_19139_, 485.52, 394.4, 1.79449
_19140_, 485.52, 394.4, 1.79449
FILLER_0_142_1049, 485.52, 394.4, 1.79449
_13209_, 485.52, 388.96, 1.79451
_13214_, 485.52, 388.96, 1.79451
_13215_, 485.52, 388.96, 1.79451
_13191_, 485.52, 383.52, 1.79452
_13197_, 485.52, 383.52, 1.79452
FILLER_0_138_1049, 485.52, 383.52, 1.79452
_10543_, 485.52, 378.08, 1.7945
_13192_, 485.52, 378.08, 1.7945
_13196_, 485.52, 378.08, 1.7945
_13207_, 485.52, 378.08, 1.7945
_13208_, 485.52, 378.08, 1.7945
hold265, 485.52, 372.64, 1.79453
_13339_, 485.52, 367.2, 1.79454
_13340_, 485.52, 367.2, 1.79454
_13342_, 485.52, 367.2, 1.79454
_17045_, 485.52, 367.2, 1.79454
_19112_, 485.52, 367.2, 1.79454
FILLER_0_131_1031, 485.52, 367.2, 1.79454
FILLER_0_132_1051, 485.52, 367.2, 1.79454
_13334_, 485.52, 361.76, 1.79456
_13343_, 485.52, 361.76, 1.79456
_19113_, 485.52, 361.76, 1.79456
hold300, 485.52, 361.76, 1.79456
_13331_, 485.52, 356.32, 1.79458
_13338_, 485.52, 356.32, 1.79458
hold280, 485.52, 356.32, 1.79458
hold316, 485.52, 356.32, 1.79458
FILLER_0_126_1037, 485.52, 356.32, 1.79458
FILLER_0_127_1041, 485.52, 356.32, 1.79458
FILLER_0_127_1052, 485.52, 356.32, 1.79458
_13333_, 485.52, 350.88, 1.79459
_17047_, 485.52, 350.88, 1.79459
_19115_, 485.52, 350.88, 1.79459
FILLER_0_126_1051, 485.52, 350.88, 1.79459
_13325_, 485.52, 345.44, 1.79462
_13326_, 485.52, 345.44, 1.79462
_13328_, 485.52, 345.44, 1.79462
clkbuf_leaf_111_i_clk, 485.52, 345.44, 1.79462
hold289, 485.52, 345.44, 1.79462
_10630_, 485.52, 340, 1.79464
_13324_, 485.52, 340, 1.79464
_17048_, 485.52, 340, 1.79464
ANTENNA_64, 485.52, 340, 1.79464
FILLER_0_120_1043, 485.52, 340, 1.79464
_13292_, 485.52, 334.56, 1.79471
_13293_, 485.52, 334.56, 1.79471
_13298_, 485.52, 334.56, 1.79471
_13329_, 485.52, 334.56, 1.79471
_17056_, 485.52, 334.56, 1.79471
_19121_, 485.52, 334.56, 1.79471
hold295, 485.52, 334.56, 1.79471
_13291_, 485.52, 329.12, 1.79479
_19122_, 485.52, 329.12, 1.79479
_17057_, 485.52, 323.68, 1.79485
clkbuf_leaf_112_i_clk, 485.52, 323.68, 1.79485
hold261, 485.52, 323.68, 1.79485
FILLER_0_116_1049, 485.52, 323.68, 1.79485
_13283_, 485.52, 318.24, 1.79491
_13284_, 485.52, 318.24, 1.79491
_17059_, 485.52, 318.24, 1.79491
_19124_, 485.52, 318.24, 1.79491
hold262, 485.52, 318.24, 1.79491
_13280_, 485.52, 312.8, 1.795
_13282_, 485.52, 312.8, 1.795
_19125_, 485.52, 312.8, 1.795
_10426_, 485.52, 307.36, 1.79511
_10430_, 485.52, 307.36, 1.79511
hold260, 485.52, 307.36, 1.79511
ANTENNA_119, 485.52, 307.36, 1.79511
FILLER_0_109_1045, 485.52, 307.36, 1.79511
_10429_, 485.52, 301.92, 1.79519
_10434_, 485.52, 301.92, 1.79519
_10435_, 485.52, 301.92, 1.79519
_13323_, 485.52, 301.92, 1.79519
FILLER_0_107_1052, 485.52, 301.92, 1.79519
_10432_, 485.52, 296.48, 1.79528
_11137_, 485.52, 296.48, 1.79528
_11139_, 485.52, 296.48, 1.79528
FILLER_0_106_1050, 485.52, 296.48, 1.79528
_10300_, 485.52, 291.04, 1.79543
_13341_, 485.52, 291.04, 1.79543
FILLER_0_103_1033, 485.52, 291.04, 1.79543
FILLER_0_104_1049, 485.52, 291.04, 1.79543
_10299_, 485.52, 285.6, 1.7955
_10301_, 485.52, 285.6, 1.7955
_13327_, 485.52, 285.6, 1.7955
_13332_, 485.52, 285.6, 1.7955
_13336_, 485.52, 285.6, 1.7955
_10287_, 485.52, 280.16, 1.79565
_10291_, 485.52, 280.16, 1.79565
_10292_, 485.52, 280.16, 1.79565
_11401_, 485.52, 280.16, 1.79565
FILLER_0_99_1052, 485.52, 280.16, 1.79565
_10280_, 485.52, 274.72, 1.79578
_10281_, 485.52, 274.72, 1.79578
_10444_, 485.52, 274.72, 1.79578
_10445_, 485.52, 274.72, 1.79578
_10446_, 485.52, 274.72, 1.79578
_10455_, 485.52, 274.72, 1.79578
_10282_, 485.52, 269.28, 1.79591
FILLER_0_95_1030, 485.52, 269.28, 1.79591
FILLER_0_95_1038, 485.52, 269.28, 1.79591
FILLER_0_95_1050, 485.52, 269.28, 1.79591
FILLER_0_96_1048, 485.52, 269.28, 1.79591
_10302_, 485.52, 263.84, 1.796
_10309_, 485.52, 263.84, 1.796
_10311_, 485.52, 263.84, 1.796
_10436_, 485.52, 263.84, 1.796
_10437_, 485.52, 263.84, 1.796
_10567_, 485.52, 263.84, 1.796
_11107_, 485.52, 263.84, 1.796
FILLER_0_94_1049, 485.52, 263.84, 1.796
_10438_, 485.52, 258.4, 1.7961
_11106_, 485.52, 258.4, 1.7961
_11121_, 485.52, 258.4, 1.7961
FILLER_0_91_1048, 485.52, 258.4, 1.7961
FILLER_0_92_1049, 485.52, 258.4, 1.7961
_10286_, 485.52, 252.96, 1.79624
_10295_, 485.52, 252.96, 1.79624
_10296_, 485.52, 252.96, 1.79624
_10439_, 485.52, 252.96, 1.79624
_11080_, 485.52, 252.96, 1.79624
FILLER_0_88_1030, 485.52, 252.96, 1.79624
FILLER_0_88_1037, 485.52, 252.96, 1.79624
_10293_, 485.52, 247.52, 1.79631
_10450_, 485.52, 247.52, 1.79631
_10459_, 485.52, 247.52, 1.79631
_10517_, 485.52, 247.52, 1.79631
_11081_, 485.52, 247.52, 1.79631
FILLER_0_87_1047, 485.52, 247.52, 1.79631
_10294_, 485.52, 242.08, 1.79644
_10447_, 485.52, 242.08, 1.79644
_10448_, 485.52, 242.08, 1.79644
_10451_, 485.52, 242.08, 1.79644
_10452_, 485.52, 242.08, 1.79644
_11037_, 485.52, 242.08, 1.79644
FILLER_0_85_1050, 485.52, 242.08, 1.79644
_11036_, 485.52, 236.64, 1.79649
_11038_, 485.52, 236.64, 1.79649
_11058_, 485.52, 236.64, 1.79649
_11060_, 485.52, 236.64, 1.79649
_10442_, 485.52, 231.2, 1.79654
_11072_, 485.52, 231.2, 1.79654
FILLER_0_81_1031, 485.52, 231.2, 1.79654
FILLER_0_82_1049, 485.52, 231.2, 1.79654
_11050_, 485.52, 225.76, 1.7966
_11092_, 485.52, 225.76, 1.7966
FILLER_0_79_1048, 485.52, 225.76, 1.7966
FILLER_0_80_1051, 485.52, 225.76, 1.7966
_10642_, 485.52, 220.32, 1.79663
_10766_, 485.52, 220.32, 1.79663
FILLER_0_78_1049, 485.52, 220.32, 1.79663
_10637_, 485.52, 214.88, 1.79664
_10767_, 485.52, 214.88, 1.79664
_10840_, 485.52, 214.88, 1.79664
FILLER_0_76_1052, 485.52, 214.88, 1.79664
_10631_, 485.52, 209.44, 1.79666
_10635_, 485.52, 209.44, 1.79666
_10636_, 485.52, 209.44, 1.79666
_10762_, 485.52, 209.44, 1.79666
FILLER_0_72_1031, 485.52, 209.44, 1.79666
FILLER_0_72_1037, 485.52, 209.44, 1.79666
FILLER_0_73_1051, 485.52, 209.44, 1.79666
_10632_, 485.52, 204, 1.79665
_10633_, 485.52, 204, 1.79665
FILLER_0_70_1033, 485.52, 204, 1.79665
FILLER_0_72_1049, 485.52, 204, 1.79665
_10626_, 485.52, 198.56, 1.79667
_10629_, 485.52, 198.56, 1.79667
_10749_, 485.52, 198.56, 1.79667
FILLER_0_69_1051, 485.52, 198.56, 1.79667
FILLER_0_70_1049, 485.52, 198.56, 1.79667
_10627_, 485.52, 193.12, 1.7967
_10650_, 485.52, 193.12, 1.7967
_10651_, 485.52, 193.12, 1.7967
_10652_, 485.52, 193.12, 1.7967
FILLER_0_66_1030, 485.52, 193.12, 1.7967
FILLER_0_67_1049, 485.52, 193.12, 1.7967
_10586_, 485.52, 187.68, 1.79669
ANTENNA_35, 485.52, 187.68, 1.79669
ANTENNA_121, 485.52, 187.68, 1.79669
FILLER_0_64_1037, 485.52, 187.68, 1.79669
FILLER_0_65_1044, 485.52, 187.68, 1.79669
FILLER_0_66_1048, 485.52, 187.68, 1.79669
_10584_, 485.52, 182.24, 1.79671
_10585_, 485.52, 182.24, 1.79671
_10712_, 485.52, 182.24, 1.79671
_10717_, 485.52, 182.24, 1.79671
_10561_, 485.52, 176.8, 1.79672
_10565_, 485.52, 176.8, 1.79672
_10571_, 485.52, 176.8, 1.79672
FILLER_0_61_1049, 485.52, 176.8, 1.79672
_10541_, 485.52, 171.36, 1.79672
_10564_, 485.52, 171.36, 1.79672
_10566_, 485.52, 171.36, 1.79672
_10569_, 485.52, 171.36, 1.79672
_10715_, 485.52, 171.36, 1.79672
FILLER_0_58_1030, 485.52, 171.36, 1.79672
_11303_, 485.52, 165.92, 1.79677
FILLER_0_56_1032, 485.52, 165.92, 1.79677
FILLER_0_57_1048, 485.52, 165.92, 1.79677
_10666_, 485.52, 160.48, 1.79673
_11253_, 485.52, 160.48, 1.79673
_11274_, 485.52, 160.48, 1.79673
_11291_, 485.52, 160.48, 1.79673
_11224_, 485.52, 155.04, 1.79678
_11238_, 485.52, 155.04, 1.79678
ANTENNA_66, 485.52, 155.04, 1.79678
_11185_, 485.52, 149.6, 1.7968
FILLER_0_50_1033, 485.52, 149.6, 1.7968
FILLER_0_50_1049, 485.52, 144.16, 1.79684
FILLER_0_48_1049, 485.52, 138.72, 1.79687
FILLER_0_46_1049, 485.52, 133.28, 1.79688
FILLER_0_44_1049, 485.52, 127.84, 1.7969
ANTENNA_77, 485.52, 122.4, 1.79691
FILLER_0_41_1045, 485.52, 122.4, 1.79691
FILLER_0_42_1049, 485.52, 122.4, 1.79691
FILLER_0_40_1049, 485.52, 116.96, 1.79693
FILLER_0_38_1049, 485.52, 111.52, 1.79694
FILLER_0_36_1049, 485.52, 106.08, 1.79695
FILLER_0_34_1049, 485.52, 100.64, 1.79696
FILLER_0_32_1049, 485.52, 95.2, 1.79697
ANTENNA_76, 485.52, 89.76, 1.79699
FILLER_0_28_1049, 485.52, 84.32, 1.797
FILLER_0_26_1049, 485.52, 78.88, 1.797
FILLER_0_24_1049, 485.52, 73.44, 1.79701
FILLER_0_22_1049, 485.52, 68, 1.79702
ANTENNA_61, 485.52, 62.56, 1.79702
FILLER_0_19_1045, 485.52, 62.56, 1.79702
FILLER_0_20_1049, 485.52, 62.56, 1.79702
FILLER_0_18_1049, 485.52, 57.12, 1.79703
FILLER_0_16_1049, 485.52, 51.68, 1.79704
FILLER_0_14_1049, 485.52, 46.24, 1.79705
FILLER_0_12_1049, 485.52, 40.8, 1.79705
FILLER_0_10_1049, 485.52, 35.36, 1.79705
ANTENNA_65, 485.52, 29.92, 1.79705
FILLER_0_7_1045, 485.52, 29.92, 1.79705
FILLER_0_8_1049, 485.52, 29.92, 1.79705
FILLER_0_6_1049, 485.52, 24.48, 1.79706
FILLER_0_4_1049, 485.52, 19.04, 1.79706
FILLER_0_0_1049, 485.52, 13.6, 1.79706
FILLER_0_2_1049, 485.52, 13.6, 1.79706
FILLER_0_172_977, 460.52, 481.44, 1.7945
FILLER_0_173_1001, 460.52, 481.44, 1.7945
_19304_, 460.52, 476, 1.79449
_17327_, 460.52, 470.56, 1.7945
hold258, 460.52, 470.56, 1.7945
FILLER_0_169_979, 460.52, 470.56, 1.7945
_12279_, 460.52, 465.12, 1.79449
_12287_, 460.52, 465.12, 1.79449
_12294_, 460.52, 465.12, 1.79449
_12662_, 460.52, 465.12, 1.79449
FILLER_0_168_993, 460.52, 465.12, 1.79449
_12278_, 460.52, 459.68, 1.79449
_12284_, 460.52, 459.68, 1.79449
_12288_, 460.52, 459.68, 1.79449
_12292_, 460.52, 459.68, 1.79449
_12293_, 460.52, 459.68, 1.79449
_12651_, 460.52, 459.68, 1.79449
FILLER_0_164_977, 460.52, 459.68, 1.79449
FILLER_0_165_980, 460.52, 459.68, 1.79449
_12290_, 460.52, 454.24, 1.79448
_12650_, 460.52, 454.24, 1.79448
_12667_, 460.52, 454.24, 1.79448
hold252, 460.52, 454.24, 1.79448
FILLER_0_163_982, 460.52, 454.24, 1.79448
FILLER_0_163_1002, 460.52, 454.24, 1.79448
_12289_, 460.52, 448.8, 1.79448
_12664_, 460.52, 448.8, 1.79448
_12665_, 460.52, 448.8, 1.79448
_12666_, 460.52, 448.8, 1.79448
_17323_, 460.52, 448.8, 1.79448
FILLER_0_161_987, 460.52, 448.8, 1.79448
_13173_, 460.52, 443.36, 1.79449
_13178_, 460.52, 443.36, 1.79449
_17084_, 460.52, 443.36, 1.79449
_13172_, 460.52, 437.92, 1.79448
_17083_, 460.52, 437.92, 1.79448
_19146_, 460.52, 437.92, 1.79448
_13171_, 460.52, 432.48, 1.79449
_13176_, 460.52, 432.48, 1.79449
FILLER_0_154_981, 460.52, 432.48, 1.79449
FILLER_0_155_989, 460.52, 432.48, 1.79449
FILLER_0_155_1002, 460.52, 432.48, 1.79449
FILLER_0_156_999, 460.52, 432.48, 1.79449
_12257_, 460.52, 427.04, 1.79448
_12698_, 460.52, 427.04, 1.79448
_12699_, 460.52, 427.04, 1.79448
_13177_, 460.52, 427.04, 1.79448
_17316_, 460.52, 427.04, 1.79448
_12236_, 460.52, 421.6, 1.79448
_12259_, 460.52, 421.6, 1.79448
_12260_, 460.52, 421.6, 1.79448
_12695_, 460.52, 421.6, 1.79448
_12696_, 460.52, 421.6, 1.79448
_12697_, 460.52, 421.6, 1.79448
_19294_, 460.52, 421.6, 1.79448
_17314_, 460.52, 416.16, 1.79448
hold363, 460.52, 416.16, 1.79448
FILLER_0_149_1001, 460.52, 416.16, 1.79448
FILLER_0_150_998, 460.52, 416.16, 1.79448
_12254_, 460.52, 410.72, 1.79448
_13182_, 460.52, 410.72, 1.79448
_13183_, 460.52, 410.72, 1.79448
_17081_, 460.52, 410.72, 1.79448
_17082_, 460.52, 410.72, 1.79448
FILLER_0_146_977, 460.52, 410.72, 1.79448
FILLER_0_147_982, 460.52, 410.72, 1.79448
_13181_, 460.52, 405.28, 1.79448
_17071_, 460.52, 405.28, 1.79448
_19145_, 460.52, 405.28, 1.79448
FILLER_0_144_981, 460.52, 405.28, 1.79448
FILLER_0_145_989, 460.52, 405.28, 1.79448
_13230_, 460.52, 399.84, 1.79448
_13231_, 460.52, 399.84, 1.79448
_19136_, 460.52, 399.84, 1.79448
_19144_, 460.52, 399.84, 1.79448
_13225_, 460.52, 394.4, 1.79448
_13226_, 460.52, 394.4, 1.79448
_13229_, 460.52, 394.4, 1.79448
_17072_, 460.52, 394.4, 1.79448
FILLER_0_140_981, 460.52, 394.4, 1.79448
FILLER_0_141_985, 460.52, 394.4, 1.79448
_13224_, 460.52, 388.96, 1.79449
_19137_, 460.52, 388.96, 1.79449
FILLER_0_139_997, 460.52, 388.96, 1.79449
_13164_, 460.52, 383.52, 1.7945
_13170_, 460.52, 383.52, 1.7945
_13174_, 460.52, 383.52, 1.7945
_13179_, 460.52, 383.52, 1.7945
FILLER_0_137_982, 460.52, 383.52, 1.7945
FILLER_0_137_990, 460.52, 383.52, 1.7945
_13087_, 460.52, 378.08, 1.79449
_13088_, 460.52, 378.08, 1.79449
_13089_, 460.52, 378.08, 1.79449
_13090_, 460.52, 378.08, 1.79449
_13169_, 460.52, 378.08, 1.79449
_13175_, 460.52, 378.08, 1.79449
_13180_, 460.52, 378.08, 1.79449
FILLER_0_135_988, 460.52, 378.08, 1.79449
FILLER_0_135_995, 460.52, 378.08, 1.79449
_10563_, 460.52, 372.64, 1.7945
_13223_, 460.52, 372.64, 1.7945
_13218_, 460.52, 367.2, 1.79451
_13257_, 460.52, 367.2, 1.79451
_13311_, 460.52, 367.2, 1.79451
FILLER_0_130_976, 460.52, 367.2, 1.79451
FILLER_0_131_978, 460.52, 367.2, 1.79451
FILLER_0_131_1000, 460.52, 367.2, 1.79451
_13353_, 460.52, 361.76, 1.79452
_19109_, 460.52, 361.76, 1.79452
_19110_, 460.52, 361.76, 1.79452
FILLER_0_128_977, 460.52, 361.76, 1.79452
FILLER_0_128_981, 460.52, 361.76, 1.79452
FILLER_0_129_978, 460.52, 361.76, 1.79452
FILLER_0_130_993, 460.52, 361.76, 1.79452
_13352_, 460.52, 356.32, 1.79453
_13355_, 460.52, 356.32, 1.79453
_13356_, 460.52, 356.32, 1.79453
_17040_, 460.52, 356.32, 1.79453
clkbuf_leaf_110_i_clk, 460.52, 356.32, 1.79453
hold297, 460.52, 356.32, 1.79453
_13313_, 460.52, 350.88, 1.79449
_13357_, 460.52, 350.88, 1.79449
_17041_, 460.52, 350.88, 1.79449
_19118_, 460.52, 350.88, 1.79449
FILLER_0_125_1000, 460.52, 350.88, 1.79449
_13309_, 460.52, 345.44, 1.79453
_13310_, 460.52, 345.44, 1.79453
_13312_, 460.52, 345.44, 1.79453
_19119_, 460.52, 345.44, 1.79453
hold268, 460.52, 345.44, 1.79453
_13306_, 460.52, 340, 1.79452
_13307_, 460.52, 340, 1.79452
_13358_, 460.52, 340, 1.79452
_17052_, 460.52, 340, 1.79452
_17053_, 460.52, 340, 1.79452
hold290, 460.52, 340, 1.79452
FILLER_0_121_1001, 460.52, 340, 1.79452
_10325_, 460.52, 334.56, 1.7946
_10326_, 460.52, 334.56, 1.7946
_13303_, 460.52, 334.56, 1.7946
_17049_, 460.52, 334.56, 1.7946
FILLER_0_119_981, 460.52, 334.56, 1.7946
FILLER_0_119_995, 460.52, 334.56, 1.7946
_10327_, 460.52, 329.12, 1.79469
_13305_, 460.52, 329.12, 1.79469
_19120_, 460.52, 329.12, 1.79469
ANTENNA_33, 460.52, 329.12, 1.79469
FILLER_0_117_987, 460.52, 329.12, 1.79469
FILLER_0_118_990, 460.52, 329.12, 1.79469
_10328_, 460.52, 323.68, 1.79475
_10329_, 460.52, 323.68, 1.79475
_10417_, 460.52, 323.68, 1.79475
_10421_, 460.52, 323.68, 1.79475
_10422_, 460.52, 323.68, 1.79475
_11178_, 460.52, 323.68, 1.79475
_10415_, 460.52, 318.24, 1.79479
_10418_, 460.52, 318.24, 1.79479
_10419_, 460.52, 318.24, 1.79479
_10420_, 460.52, 318.24, 1.79479
_10562_, 460.52, 318.24, 1.79479
_11179_, 460.52, 318.24, 1.79479
FILLER_0_113_1001, 460.52, 318.24, 1.79479
FILLER_0_114_997, 460.52, 318.24, 1.79479
_10427_, 460.52, 312.8, 1.79491
_11193_, 460.52, 312.8, 1.79491
FILLER_0_111_977, 460.52, 312.8, 1.79491
FILLER_0_111_993, 460.52, 312.8, 1.79491
FILLER_0_112_993, 460.52, 312.8, 1.79491
_11160_, 460.52, 307.36, 1.79504
_11180_, 460.52, 307.36, 1.79504
_11181_, 460.52, 307.36, 1.79504
_11182_, 460.52, 307.36, 1.79504
_11393_, 460.52, 307.36, 1.79504
FILLER_0_108_981, 460.52, 307.36, 1.79504
FILLER_0_109_983, 460.52, 307.36, 1.79504
FILLER_0_110_993, 460.52, 307.36, 1.79504
FILLER_0_110_1000, 460.52, 307.36, 1.79504
_11141_, 460.52, 301.92, 1.79514
_11183_, 460.52, 301.92, 1.79514
_11388_, 460.52, 301.92, 1.79514
_11394_, 460.52, 301.92, 1.79514
_11395_, 460.52, 301.92, 1.79514
FILLER_0_107_985, 460.52, 301.92, 1.79514
_11143_, 460.52, 296.48, 1.79523
_11171_, 460.52, 296.48, 1.79523
_11184_, 460.52, 296.48, 1.79523
_11192_, 460.52, 296.48, 1.79523
_11200_, 460.52, 296.48, 1.79523
_11396_, 460.52, 296.48, 1.79523
FILLER_0_105_983, 460.52, 296.48, 1.79523
_11140_, 460.52, 291.04, 1.79538
_11154_, 460.52, 291.04, 1.79538
FILLER_0_102_981, 460.52, 291.04, 1.79538
_10199_, 460.52, 285.6, 1.79548
_10314_, 460.52, 285.6, 1.79548
_10425_, 460.52, 285.6, 1.79548
_10433_, 460.52, 285.6, 1.79548
_11104_, 460.52, 285.6, 1.79548
_11386_, 460.52, 285.6, 1.79548
_11390_, 460.52, 285.6, 1.79548
_11400_, 460.52, 285.6, 1.79548
FILLER_0_101_981, 460.52, 285.6, 1.79548
_10467_, 460.52, 280.16, 1.79565
_11101_, 460.52, 280.16, 1.79565
_11105_, 460.52, 280.16, 1.79565
FILLER_0_99_988, 460.52, 280.16, 1.79565
FILLER_0_100_990, 460.52, 280.16, 1.79565
_10273_, 460.52, 274.72, 1.7958
_10274_, 460.52, 274.72, 1.7958
_10275_, 460.52, 274.72, 1.7958
_10468_, 460.52, 274.72, 1.7958
_10475_, 460.52, 274.72, 1.7958
_13308_, 460.52, 274.72, 1.7958
FILLER_0_97_995, 460.52, 274.72, 1.7958
_10200_, 460.52, 269.28, 1.79593
_10276_, 460.52, 269.28, 1.79593
_11100_, 460.52, 269.28, 1.79593
_11405_, 460.52, 269.28, 1.79593
_11406_, 460.52, 269.28, 1.79593
FILLER_0_94_981, 460.52, 269.28, 1.79593
FILLER_0_94_989, 460.52, 269.28, 1.79593
FILLER_0_95_981, 460.52, 269.28, 1.79593
FILLER_0_96_998, 460.52, 269.28, 1.79593
_11001_, 460.52, 263.84, 1.79607
_11002_, 460.52, 263.84, 1.79607
_11347_, 460.52, 263.84, 1.79607
_11404_, 460.52, 263.84, 1.79607
FILLER_0_92_981, 460.52, 263.84, 1.79607
FILLER_0_92_989, 460.52, 263.84, 1.79607
FILLER_0_93_994, 460.52, 263.84, 1.79607
_10973_, 460.52, 258.4, 1.79615
_11000_, 460.52, 258.4, 1.79615
_11004_, 460.52, 258.4, 1.79615
_11124_, 460.52, 258.4, 1.79615
_11350_, 460.52, 258.4, 1.79615
FILLER_0_91_991, 460.52, 258.4, 1.79615
_11123_, 460.52, 252.96, 1.79634
_11125_, 460.52, 252.96, 1.79634
_11398_, 460.52, 252.96, 1.79634
FILLER_0_88_977, 460.52, 252.96, 1.79634
_10277_, 460.52, 247.52, 1.7964
_10516_, 460.52, 247.52, 1.7964
_10622_, 460.52, 247.52, 1.7964
_11008_, 460.52, 247.52, 1.7964
max_cap70, 460.52, 247.52, 1.7964
FILLER_0_86_977, 460.52, 247.52, 1.7964
FILLER_0_88_993, 460.52, 247.52, 1.7964
_10747_, 460.52, 242.08, 1.79656
_10748_, 460.52, 242.08, 1.79656
_10822_, 460.52, 242.08, 1.79656
_10990_, 460.52, 242.08, 1.79656
FILLER_0_85_981, 460.52, 242.08, 1.79656
_10608_, 460.52, 236.64, 1.79659
_10686_, 460.52, 236.64, 1.79659
_10687_, 460.52, 236.64, 1.79659
_11054_, 460.52, 236.64, 1.79659
_11324_, 460.52, 236.64, 1.79659
FILLER_0_82_977, 460.52, 236.64, 1.79659
FILLER_0_83_997, 460.52, 236.64, 1.79659
FILLER_0_84_1000, 460.52, 236.64, 1.79659
_10711_, 460.52, 231.2, 1.79661
_11071_, 460.52, 231.2, 1.79661
_11076_, 460.52, 231.2, 1.79661
_11328_, 460.52, 231.2, 1.79661
FILLER_0_80_989, 460.52, 231.2, 1.79661
FILLER_0_82_999, 460.52, 231.2, 1.79661
_11074_, 460.52, 225.76, 1.79669
_11075_, 460.52, 225.76, 1.79669
_11329_, 460.52, 225.76, 1.79669
FILLER_0_78_977, 460.52, 225.76, 1.79669
FILLER_0_78_981, 460.52, 225.76, 1.79669
FILLER_0_79_977, 460.52, 225.76, 1.79669
FILLER_0_79_1001, 460.52, 225.76, 1.79669
_10898_, 460.52, 220.32, 1.7967
_11067_, 460.52, 220.32, 1.7967
FILLER_0_77_998, 460.52, 220.32, 1.7967
_10891_, 460.52, 214.88, 1.7967
_10892_, 460.52, 214.88, 1.7967
_10893_, 460.52, 214.88, 1.7967
_10895_, 460.52, 214.88, 1.7967
_11006_, 460.52, 214.88, 1.7967
_11007_, 460.52, 214.88, 1.7967
FILLER_0_74_981, 460.52, 214.88, 1.7967
_10757_, 460.52, 209.44, 1.79671
_10761_, 460.52, 209.44, 1.79671
_10771_, 460.52, 209.44, 1.79671
_10897_, 460.52, 209.44, 1.79671
_11005_, 460.52, 209.44, 1.79671
FILLER_0_72_981, 460.52, 209.44, 1.79671
FILLER_0_74_994, 460.52, 209.44, 1.79671
FILLER_0_74_1001, 460.52, 209.44, 1.79671
_10557_, 460.52, 204, 1.79665
_10645_, 460.52, 204, 1.79665
_10770_, 460.52, 204, 1.79665
_10847_, 460.52, 204, 1.79665
_11040_, 460.52, 204, 1.79665
_11041_, 460.52, 204, 1.79665
FILLER_0_70_981, 460.52, 204, 1.79665
FILLER_0_71_976, 460.52, 204, 1.79665
_10647_, 460.52, 198.56, 1.79667
_10664_, 460.52, 198.56, 1.79667
_10842_, 460.52, 198.56, 1.79667
_11039_, 460.52, 198.56, 1.79667
_11191_, 460.52, 198.56, 1.79667
FILLER_0_68_977, 460.52, 198.56, 1.79667
FILLER_0_69_983, 460.52, 198.56, 1.79667
FILLER_0_70_992, 460.52, 198.56, 1.79667
_10804_, 460.52, 193.12, 1.79673
_10844_, 460.52, 193.12, 1.79673
_10846_, 460.52, 193.12, 1.79673
_11029_, 460.52, 193.12, 1.79673
FILLER_0_67_1000, 460.52, 193.12, 1.79673
_10649_, 460.52, 187.68, 1.7967
_10803_, 460.52, 187.68, 1.7967
_10843_, 460.52, 187.68, 1.7967
_11030_, 460.52, 187.68, 1.7967
FILLER_0_64_981, 460.52, 187.68, 1.7967
FILLER_0_65_979, 460.52, 187.68, 1.7967
FILLER_0_65_991, 460.52, 187.68, 1.7967
FILLER_0_65_1000, 460.52, 187.68, 1.7967
_10866_, 460.52, 182.24, 1.79673
_10868_, 460.52, 182.24, 1.79673
_11061_, 460.52, 182.24, 1.79673
FILLER_0_62_976, 460.52, 182.24, 1.79673
FILLER_0_63_977, 460.52, 182.24, 1.79673
FILLER_0_63_998, 460.52, 182.24, 1.79673
_10550_, 460.52, 176.8, 1.79672
_10704_, 460.52, 176.8, 1.79672
_10795_, 460.52, 176.8, 1.79672
_10865_, 460.52, 176.8, 1.79672
FILLER_0_60_981, 460.52, 176.8, 1.79672
FILLER_0_61_993, 460.52, 176.8, 1.79672
FILLER_0_62_999, 460.52, 176.8, 1.79672
_10546_, 460.52, 171.36, 1.79671
_10702_, 460.52, 171.36, 1.79671
_10894_, 460.52, 171.36, 1.79671
_11306_, 460.52, 171.36, 1.79671
FILLER_0_59_995, 460.52, 171.36, 1.79671
_11357_, 460.52, 165.92, 1.79677
_11358_, 460.52, 165.92, 1.79677
FILLER_0_56_977, 460.52, 165.92, 1.79677
FILLER_0_56_981, 460.52, 165.92, 1.79677
FILLER_0_57_979, 460.52, 165.92, 1.79677
FILLER_0_57_987, 460.52, 165.92, 1.79677
FILLER_0_57_999, 460.52, 165.92, 1.79677
_11305_, 460.52, 160.48, 1.79673
_11322_, 460.52, 160.48, 1.79673
_11359_, 460.52, 160.48, 1.79673
_11432_, 460.52, 160.48, 1.79673
FILLER_0_54_977, 460.52, 160.48, 1.79673
_11187_, 460.52, 155.04, 1.79675
_11239_, 460.52, 155.04, 1.79675
_11240_, 460.52, 155.04, 1.79675
_11255_, 460.52, 155.04, 1.79675
FILLER_0_52_981, 460.52, 155.04, 1.79675
FILLER_0_54_990, 460.52, 155.04, 1.79675
_10628_, 460.52, 149.6, 1.79678
_11127_, 460.52, 149.6, 1.79678
_11164_, 460.52, 149.6, 1.79678
_11203_, 460.52, 149.6, 1.79678
_11204_, 460.52, 149.6, 1.79678
FILLER_0_50_976, 460.52, 149.6, 1.79678
FILLER_0_52_1000, 460.52, 149.6, 1.79678
_11042_, 460.52, 144.16, 1.79684
_11062_, 460.52, 144.16, 1.79684
_11086_, 460.52, 144.16, 1.79684
_11126_, 460.52, 144.16, 1.79684
_11165_, 460.52, 144.16, 1.79684
FILLER_0_48_977, 460.52, 144.16, 1.79684
FILLER_0_46_976, 460.52, 138.72, 1.79688
FILLER_0_47_1001, 460.52, 138.72, 1.79688
FILLER_0_44_977, 460.52, 133.28, 1.79689
FILLER_0_45_1001, 460.52, 133.28, 1.79689
FILLER_0_43_1001, 460.52, 127.84, 1.79691
FILLER_0_41_1001, 460.52, 122.4, 1.79692
FILLER_0_37_1001, 460.52, 111.52, 1.79695
FILLER_0_35_1001, 460.52, 106.08, 1.79696
FILLER_0_32_977, 460.52, 100.64, 1.79697
FILLER_0_33_1001, 460.52, 100.64, 1.79697
FILLER_0_31_1001, 460.52, 95.2, 1.79698
FILLER_0_28_977, 460.52, 89.76, 1.79699
FILLER_0_29_1001, 460.52, 89.76, 1.79699
FILLER_0_27_1001, 460.52, 84.32, 1.797
FILLER_0_25_1001, 460.52, 78.88, 1.79701
FILLER_0_23_1001, 460.52, 73.44, 1.79702
FILLER_0_21_1001, 460.52, 68, 1.79703
FILLER_0_19_1001, 460.52, 62.56, 1.79703
FILLER_0_17_1001, 460.52, 57.12, 1.79704
FILLER_0_15_1001, 460.52, 51.68, 1.79705
FILLER_0_13_1001, 460.52, 46.24, 1.79705
FILLER_0_11_1001, 460.52, 40.8, 1.79706
FILLER_0_9_1001, 460.52, 35.36, 1.79706
FILLER_0_7_1001, 460.52, 29.92, 1.79706
FILLER_0_5_1001, 460.52, 24.48, 1.79707
FILLER_0_3_1001, 460.52, 19.04, 1.79707
FILLER_0_1_1001, 460.52, 13.6, 1.79707
FILLER_0_173_945, 435.52, 481.44, 1.79451
_19306_, 435.52, 476, 1.7945
hold324, 435.52, 476, 1.7945
FILLER_0_170_925, 435.52, 476, 1.7945
FILLER_0_171_947, 435.52, 476, 1.7945
_12645_, 435.52, 470.56, 1.7945
_12647_, 435.52, 470.56, 1.7945
_12648_, 435.52, 470.56, 1.7945
_12649_, 435.52, 470.56, 1.7945
_17329_, 435.52, 470.56, 1.7945
FILLER_0_169_942, 435.52, 470.56, 1.7945
_12295_, 435.52, 465.12, 1.7945
_12296_, 435.52, 465.12, 1.7945
_12297_, 435.52, 465.12, 1.7945
_12299_, 435.52, 465.12, 1.7945
_12300_, 435.52, 465.12, 1.7945
_12301_, 435.52, 465.12, 1.7945
_12311_, 435.52, 465.12, 1.7945
_12644_, 435.52, 465.12, 1.7945
FILLER_0_166_925, 435.52, 465.12, 1.7945
FILLER_0_167_923, 435.52, 465.12, 1.7945
_12298_, 435.52, 459.68, 1.7945
_12302_, 435.52, 459.68, 1.7945
_12309_, 435.52, 459.68, 1.7945
_12636_, 435.52, 459.68, 1.7945
_12637_, 435.52, 459.68, 1.7945
FILLER_0_164_925, 435.52, 459.68, 1.7945
FILLER_0_165_934, 435.52, 459.68, 1.7945
_12638_, 435.52, 454.24, 1.7945
_12639_, 435.52, 454.24, 1.7945
_12641_, 435.52, 454.24, 1.7945
_12642_, 435.52, 454.24, 1.7945
hold411, 435.52, 454.24, 1.7945
_12303_, 435.52, 448.8, 1.79448
_12304_, 435.52, 448.8, 1.79448
_12305_, 435.52, 448.8, 1.79448
_12307_, 435.52, 448.8, 1.79448
_12310_, 435.52, 448.8, 1.79448
_12312_, 435.52, 448.8, 1.79448
_12313_, 435.52, 448.8, 1.79448
_12643_, 435.52, 448.8, 1.79448
_19308_, 435.52, 448.8, 1.79448
FILLER_0_161_945, 435.52, 448.8, 1.79448
_12306_, 435.52, 443.36, 1.7945
_12308_, 435.52, 443.36, 1.7945
FILLER_0_159_945, 435.52, 443.36, 1.7945
FILLER_0_160_942, 435.52, 443.36, 1.7945
_13158_, 435.52, 437.92, 1.79449
_17087_, 435.52, 437.92, 1.79449
_19149_, 435.52, 437.92, 1.79449
_19150_, 435.52, 437.92, 1.79449
FILLER_0_156_925, 435.52, 437.92, 1.79449
_13156_, 435.52, 432.48, 1.7945
_13157_, 435.52, 432.48, 1.7945
_17089_, 435.52, 432.48, 1.7945
FILLER_0_155_945, 435.52, 432.48, 1.7945
_12499_, 435.52, 427.04, 1.79449
_13149_, 435.52, 427.04, 1.79449
_13152_, 435.52, 427.04, 1.79449
_13153_, 435.52, 427.04, 1.79449
_17088_, 435.52, 427.04, 1.79449
_19151_, 435.52, 427.04, 1.79449
FILLER_0_153_933, 435.52, 427.04, 1.79449
_13144_, 435.52, 421.6, 1.79449
FILLER_0_151_946, 435.52, 421.6, 1.79449
_19290_, 435.52, 416.16, 1.79447
_19291_, 435.52, 416.16, 1.79447
hold339, 435.52, 416.16, 1.79447
FILLER_0_149_924, 435.52, 416.16, 1.79447
FILLER_0_150_937, 435.52, 416.16, 1.79447
_12702_, 435.52, 410.72, 1.79448
_12711_, 435.52, 410.72, 1.79448
_12712_, 435.52, 410.72, 1.79448
_12713_, 435.52, 410.72, 1.79448
_17311_, 435.52, 410.72, 1.79448
_17312_, 435.52, 410.72, 1.79448
hold288, 435.52, 410.72, 1.79448
FILLER_0_146_925, 435.52, 410.72, 1.79448
FILLER_0_147_944, 435.52, 410.72, 1.79448
_12239_, 435.52, 405.28, 1.79448
_12250_, 435.52, 405.28, 1.79448
_12251_, 435.52, 405.28, 1.79448
_12252_, 435.52, 405.28, 1.79448
_12714_, 435.52, 405.28, 1.79448
_12715_, 435.52, 405.28, 1.79448
FILLER_0_145_924, 435.52, 405.28, 1.79448
FILLER_0_145_933, 435.52, 405.28, 1.79448
_12241_, 435.52, 399.84, 1.79447
clkbuf_leaf_106_i_clk, 435.52, 399.84, 1.79447
_13204_, 435.52, 394.4, 1.79447
_13247_, 435.52, 394.4, 1.79447
_17068_, 435.52, 394.4, 1.79447
_17216_, 435.52, 394.4, 1.79447
_19133_, 435.52, 394.4, 1.79447
FILLER_0_141_934, 435.52, 394.4, 1.79447
FILLER_0_141_943, 435.52, 394.4, 1.79447
FILLER_0_142_937, 435.52, 394.4, 1.79447
_13242_, 435.52, 388.96, 1.79448
_13246_, 435.52, 388.96, 1.79448
_13252_, 435.52, 388.96, 1.79448
_17067_, 435.52, 388.96, 1.79448
_13245_, 435.52, 383.52, 1.79447
_13251_, 435.52, 383.52, 1.79447
FILLER_0_138_947, 435.52, 383.52, 1.79447
_13094_, 435.52, 378.08, 1.79446
_13095_, 435.52, 378.08, 1.79446
_13142_, 435.52, 378.08, 1.79446
_13147_, 435.52, 378.08, 1.79446
_13148_, 435.52, 378.08, 1.79446
_13155_, 435.52, 378.08, 1.79446
FILLER_0_136_946, 435.52, 378.08, 1.79446
_13093_, 435.52, 372.64, 1.79446
FILLER_0_133_942, 435.52, 372.64, 1.79446
FILLER_0_134_937, 435.52, 372.64, 1.79446
_13238_, 435.52, 367.2, 1.79445
_13244_, 435.52, 367.2, 1.79445
_13248_, 435.52, 367.2, 1.79445
_17037_, 435.52, 367.2, 1.79445
FILLER_0_131_938, 435.52, 367.2, 1.79445
FILLER_0_132_937, 435.52, 367.2, 1.79445
_13243_, 435.52, 361.76, 1.79444
_13370_, 435.52, 361.76, 1.79444
_13371_, 435.52, 361.76, 1.79444
_17036_, 435.52, 361.76, 1.79444
hold249, 435.52, 361.76, 1.79444
FILLER_0_130_942, 435.52, 361.76, 1.79444
_13374_, 435.52, 356.32, 1.79443
_13375_, 435.52, 356.32, 1.79443
hold264, 435.52, 356.32, 1.79443
FILLER_0_127_946, 435.52, 356.32, 1.79443
_13365_, 435.52, 350.88, 1.79418
_13379_, 435.52, 350.88, 1.79418
_13380_, 435.52, 350.88, 1.79418
_17035_, 435.52, 350.88, 1.79418
FILLER_0_125_946, 435.52, 350.88, 1.79418
FILLER_0_126_942, 435.52, 350.88, 1.79418
_13368_, 435.52, 345.44, 1.79426
_13369_, 435.52, 345.44, 1.79426
_13378_, 435.52, 345.44, 1.79426
FILLER_0_124_937, 435.52, 345.44, 1.79426
_13367_, 435.52, 340, 1.79414
_13373_, 435.52, 340, 1.79414
FILLER_0_120_925, 435.52, 340, 1.79414
FILLER_0_121_925, 435.52, 340, 1.79414
FILLER_0_121_945, 435.52, 340, 1.79414
_10391_, 435.52, 334.56, 1.79431
_10392_, 435.52, 334.56, 1.79431
_10583_, 435.52, 334.56, 1.79431
_13372_, 435.52, 334.56, 1.79431
FILLER_0_119_935, 435.52, 334.56, 1.79431
_10332_, 435.52, 329.12, 1.79446
_10333_, 435.52, 329.12, 1.79446
_10393_, 435.52, 329.12, 1.79446
FILLER_0_116_931, 435.52, 329.12, 1.79446
FILLER_0_117_947, 435.52, 329.12, 1.79446
FILLER_0_118_942, 435.52, 329.12, 1.79446
_10334_, 435.52, 323.68, 1.79452
_10410_, 435.52, 323.68, 1.79452
_17061_, 435.52, 323.68, 1.79452
FILLER_0_115_945, 435.52, 323.68, 1.79452
_10396_, 435.52, 318.24, 1.79457
_10397_, 435.52, 318.24, 1.79457
_10398_, 435.52, 318.24, 1.79457
_10399_, 435.52, 318.24, 1.79457
_11220_, 435.52, 318.24, 1.79457
_11234_, 435.52, 318.24, 1.79457
_11246_, 435.52, 318.24, 1.79457
_17062_, 435.52, 318.24, 1.79457
hold255, 435.52, 318.24, 1.79457
FILLER_0_113_942, 435.52, 318.24, 1.79457
_10340_, 435.52, 312.8, 1.79471
_10342_, 435.52, 312.8, 1.79471
_10343_, 435.52, 312.8, 1.79471
_10400_, 435.52, 312.8, 1.79471
_10578_, 435.52, 312.8, 1.79471
_13081_, 435.52, 312.8, 1.79471
FILLER_0_110_925, 435.52, 312.8, 1.79471
_10341_, 435.52, 307.36, 1.79489
_11250_, 435.52, 307.36, 1.79489
_11251_, 435.52, 307.36, 1.79489
_11252_, 435.52, 307.36, 1.79489
_11273_, 435.52, 307.36, 1.79489
hold277, 435.52, 307.36, 1.79489
FILLER_0_108_925, 435.52, 307.36, 1.79489
_11279_, 435.52, 301.92, 1.79498
_11280_, 435.52, 301.92, 1.79498
FILLER_0_106_925, 435.52, 301.92, 1.79498
FILLER_0_107_941, 435.52, 301.92, 1.79498
_10388_, 435.52, 296.48, 1.79514
_10389_, 435.52, 296.48, 1.79514
_11264_, 435.52, 296.48, 1.79514
_11268_, 435.52, 296.48, 1.79514
_11269_, 435.52, 296.48, 1.79514
_11290_, 435.52, 296.48, 1.79514
FILLER_0_105_937, 435.52, 296.48, 1.79514
FILLER_0_105_945, 435.52, 296.48, 1.79514
FILLER_0_106_939, 435.52, 296.48, 1.79514
_11289_, 435.52, 291.04, 1.79529
_11296_, 435.52, 291.04, 1.79529
_11297_, 435.52, 291.04, 1.79529
FILLER_0_103_941, 435.52, 291.04, 1.79529
_10354_, 435.52, 285.6, 1.79547
_10387_, 435.52, 285.6, 1.79547
_11302_, 435.52, 285.6, 1.79547
_11270_, 435.52, 280.16, 1.79563
_11288_, 435.52, 280.16, 1.79563
_11314_, 435.52, 280.16, 1.79563
FILLER_0_98_925, 435.52, 280.16, 1.79563
FILLER_0_99_922, 435.52, 280.16, 1.79563
FILLER_0_99_930, 435.52, 280.16, 1.79563
FILLER_0_99_946, 435.52, 280.16, 1.79563
FILLER_0_100_938, 435.52, 280.16, 1.79563
FILLER_0_100_946, 435.52, 280.16, 1.79563
_10352_, 435.52, 274.72, 1.79585
_11259_, 435.52, 274.72, 1.79585
_11272_, 435.52, 274.72, 1.79585
_11384_, 435.52, 274.72, 1.79585
FILLER_0_97_926, 435.52, 274.72, 1.79585
_10590_, 435.52, 269.28, 1.796
_10806_, 435.52, 269.28, 1.796
_11262_, 435.52, 269.28, 1.796
_11311_, 435.52, 269.28, 1.796
_11313_, 435.52, 269.28, 1.796
FILLER_0_96_937, 435.52, 269.28, 1.796
_10638_, 435.52, 263.84, 1.79618
FILLER_0_93_946, 435.52, 263.84, 1.79618
_10606_, 435.52, 258.4, 1.7963
_10639_, 435.52, 258.4, 1.7963
_11116_, 435.52, 258.4, 1.7963
_11117_, 435.52, 258.4, 1.7963
_11361_, 435.52, 258.4, 1.7963
FILLER_0_91_926, 435.52, 258.4, 1.7963
FILLER_0_91_946, 435.52, 258.4, 1.7963
FILLER_0_92_946, 435.52, 258.4, 1.7963
_10198_, 435.52, 252.96, 1.79655
_10365_, 435.52, 252.96, 1.79655
_10610_, 435.52, 252.96, 1.79655
_10972_, 435.52, 252.96, 1.79655
_10975_, 435.52, 252.96, 1.79655
FILLER_0_89_922, 435.52, 252.96, 1.79655
FILLER_0_89_944, 435.52, 252.96, 1.79655
_10469_, 435.52, 247.52, 1.79671
_10470_, 435.52, 247.52, 1.79671
_11362_, 435.52, 247.52, 1.79671
_11363_, 435.52, 247.52, 1.79671
FILLER_0_87_939, 435.52, 247.52, 1.79671
_10946_, 435.52, 242.08, 1.79686
_10960_, 435.52, 242.08, 1.79686
_10961_, 435.52, 242.08, 1.79686
_10962_, 435.52, 242.08, 1.79686
_10963_, 435.52, 242.08, 1.79686
_11369_, 435.52, 242.08, 1.79686
FILLER_0_85_942, 435.52, 242.08, 1.79686
FILLER_0_86_938, 435.52, 242.08, 1.79686
_10931_, 435.52, 236.64, 1.79687
_10982_, 435.52, 236.64, 1.79687
_10519_, 435.52, 231.2, 1.79685
_10970_, 435.52, 231.2, 1.79685
_10976_, 435.52, 231.2, 1.79685
_11109_, 435.52, 231.2, 1.79685
_11110_, 435.52, 231.2, 1.79685
_11295_, 435.52, 231.2, 1.79685
FILLER_0_81_922, 435.52, 231.2, 1.79685
FILLER_0_81_931, 435.52, 231.2, 1.79685
FILLER_0_82_937, 435.52, 231.2, 1.79685
_10602_, 435.52, 225.76, 1.79689
_11286_, 435.52, 225.76, 1.79689
_11439_, 435.52, 225.76, 1.79689
FILLER_0_78_925, 435.52, 225.76, 1.79689
FILLER_0_79_946, 435.52, 225.76, 1.79689
FILLER_0_80_936, 435.52, 225.76, 1.79689
_10592_, 435.52, 220.32, 1.79687
_10954_, 435.52, 220.32, 1.79687
FILLER_0_77_928, 435.52, 220.32, 1.79687
FILLER_0_77_947, 435.52, 220.32, 1.79687
_10596_, 435.52, 214.88, 1.79685
_10996_, 435.52, 214.88, 1.79685
_11070_, 435.52, 214.88, 1.79685
_11278_, 435.52, 214.88, 1.79685
_11371_, 435.52, 214.88, 1.79685
FILLER_0_74_931, 435.52, 214.88, 1.79685
FILLER_0_76_937, 435.52, 214.88, 1.79685
_10952_, 435.52, 209.44, 1.79684
_10997_, 435.52, 209.44, 1.79684
_11066_, 435.52, 209.44, 1.79684
_11068_, 435.52, 209.44, 1.79684
_11148_, 435.52, 209.44, 1.79684
_11243_, 435.52, 209.44, 1.79684
_10663_, 435.52, 204, 1.79678
_10995_, 435.52, 204, 1.79678
_11065_, 435.52, 204, 1.79678
_11163_, 435.52, 204, 1.79678
_11308_, 435.52, 204, 1.79678
FILLER_0_71_927, 435.52, 204, 1.79678
FILLER_0_71_948, 435.52, 204, 1.79678
FILLER_0_72_936, 435.52, 204, 1.79678
_10662_, 435.52, 198.56, 1.79678
_11046_, 435.52, 198.56, 1.79678
_11047_, 435.52, 198.56, 1.79678
_11151_, 435.52, 198.56, 1.79678
_11152_, 435.52, 198.56, 1.79678
_11153_, 435.52, 198.56, 1.79678
FILLER_0_69_927, 435.52, 198.56, 1.79678
FILLER_0_69_938, 435.52, 198.56, 1.79678
FILLER_0_70_942, 435.52, 198.56, 1.79678
_10722_, 435.52, 193.12, 1.7968
_10980_, 435.52, 193.12, 1.7968
_10981_, 435.52, 193.12, 1.7968
_11045_, 435.52, 193.12, 1.7968
FILLER_0_68_942, 435.52, 193.12, 1.7968
_10661_, 435.52, 187.68, 1.79678
_10721_, 435.52, 187.68, 1.79678
_10971_, 435.52, 187.68, 1.79678
_11257_, 435.52, 187.68, 1.79678
FILLER_0_65_939, 435.52, 187.68, 1.79678
_10588_, 435.52, 182.24, 1.79677
_10709_, 435.52, 182.24, 1.79677
_10977_, 435.52, 182.24, 1.79677
_10978_, 435.52, 182.24, 1.79677
FILLER_0_63_925, 435.52, 182.24, 1.79677
FILLER_0_63_933, 435.52, 182.24, 1.79677
FILLER_0_63_948, 435.52, 182.24, 1.79677
_10547_, 435.52, 176.8, 1.79676
_10707_, 435.52, 176.8, 1.79676
_10913_, 435.52, 176.8, 1.79676
FILLER_0_60_931, 435.52, 176.8, 1.79676
FILLER_0_61_946, 435.52, 176.8, 1.79676
FILLER_0_62_937, 435.52, 176.8, 1.79676
_10538_, 435.52, 171.36, 1.79673
_10540_, 435.52, 171.36, 1.79673
_10558_, 435.52, 171.36, 1.79673
_11115_, 435.52, 171.36, 1.79673
_11147_, 435.52, 171.36, 1.79673
_11150_, 435.52, 171.36, 1.79673
FILLER_0_59_938, 435.52, 171.36, 1.79673
_10551_, 435.52, 165.92, 1.79679
_11017_, 435.52, 165.92, 1.79679
_11256_, 435.52, 160.48, 1.79676
_11294_, 435.52, 160.48, 1.79676
FILLER_0_55_922, 435.52, 160.48, 1.79676
FILLER_0_56_940, 435.52, 160.48, 1.79676
_10964_, 435.52, 155.04, 1.79676
_10991_, 435.52, 155.04, 1.79676
_11016_, 435.52, 155.04, 1.79676
_11064_, 435.52, 155.04, 1.79676
_11113_, 435.52, 155.04, 1.79676
FILLER_0_53_947, 435.52, 155.04, 1.79676
FILLER_0_54_947, 435.52, 155.04, 1.79676
_10574_, 435.52, 149.6, 1.79683
_11044_, 435.52, 149.6, 1.79683
FILLER_0_51_944, 435.52, 149.6, 1.79683
_11063_, 435.52, 144.16, 1.79687
_18550_, 435.52, 144.16, 1.79687
FILLER_0_49_945, 435.52, 144.16, 1.79687
FILLER_0_50_937, 435.52, 144.16, 1.79687
FILLER_0_47_947, 435.52, 138.72, 1.7969
_14063_, 435.52, 133.28, 1.7969
_14064_, 435.52, 133.28, 1.7969
_16706_, 435.52, 133.28, 1.7969
_16707_, 435.52, 133.28, 1.7969
_18807_, 435.52, 133.28, 1.7969
clkbuf_leaf_129_i_clk, 435.52, 133.28, 1.7969
FILLER_0_46_937, 435.52, 133.28, 1.7969
_14133_, 435.52, 122.4, 1.79693
_14134_, 435.52, 122.4, 1.79693
_14135_, 435.52, 122.4, 1.79693
_18774_, 435.52, 122.4, 1.79693
FILLER_0_41_928, 435.52, 122.4, 1.79693
FILLER_0_41_941, 435.52, 122.4, 1.79693
_14132_, 435.52, 116.96, 1.79695
_14142_, 435.52, 116.96, 1.79695
_14143_, 435.52, 116.96, 1.79695
_16669_, 435.52, 116.96, 1.79695
_16670_, 435.52, 116.96, 1.79695
FILLER_0_38_925, 435.52, 116.96, 1.79695
FILLER_0_39_925, 435.52, 116.96, 1.79695
FILLER_0_39_942, 435.52, 116.96, 1.79695
_14138_, 435.52, 111.52, 1.79696
_14139_, 435.52, 111.52, 1.79696
_14140_, 435.52, 111.52, 1.79696
_18770_, 435.52, 111.52, 1.79696
FILLER_0_38_938, 435.52, 111.52, 1.79696
_16667_, 435.52, 106.08, 1.79696
_18771_, 435.52, 106.08, 1.79696
_18772_, 435.52, 106.08, 1.79696
clkbuf_leaf_132_i_clk, 435.52, 106.08, 1.79696
FILLER_0_35_945, 435.52, 106.08, 1.79696
_16917_, 435.52, 100.64, 1.79698
_18996_, 435.52, 100.64, 1.79698
_18999_, 435.52, 100.64, 1.79698
FILLER_0_33_945, 435.52, 100.64, 1.79698
_13620_, 435.52, 95.2, 1.79699
_13623_, 435.52, 95.2, 1.79699
_16920_, 435.52, 95.2, 1.79699
FILLER_0_31_926, 435.52, 95.2, 1.79699
_16918_, 435.52, 89.76, 1.797
_16919_, 435.52, 89.76, 1.797
_18997_, 435.52, 89.76, 1.797
FILLER_0_29_944, 435.52, 89.76, 1.797
FILLER_0_27_941, 435.52, 84.32, 1.79701
FILLER_0_23_941, 435.52, 73.44, 1.79703
FILLER_0_21_945, 435.52, 68, 1.79704
FILLER_0_19_941, 435.52, 62.56, 1.79705
FILLER_0_17_948, 435.52, 57.12, 1.79705
FILLER_0_15_941, 435.52, 51.68, 1.79705
FILLER_0_13_945, 435.52, 46.24, 1.79706
FILLER_0_11_945, 435.52, 40.8, 1.79707
FILLER_0_9_945, 435.52, 35.36, 1.79707
FILLER_0_7_945, 435.52, 29.92, 1.79708
FILLER_0_5_945, 435.52, 24.48, 1.79708
FILLER_0_3_945, 435.52, 19.04, 1.79708
FILLER_0_1_945, 435.52, 13.6, 1.79708
_17360_, 410.52, 481.44, 1.79453
output36, 410.52, 481.44, 1.79453
hold273, 410.52, 481.44, 1.79453
FILLER_0_174_881, 410.52, 481.44, 1.79453
FILLER_0_174_891, 410.52, 481.44, 1.79453
_17361_, 410.52, 476, 1.79452
_19335_, 410.52, 476, 1.79452
_12646_, 410.52, 470.56, 1.79452
clkbuf_leaf_99_i_clk, 410.52, 470.56, 1.79452
FILLER_0_169_887, 410.52, 470.56, 1.79452
_12486_, 410.52, 465.12, 1.79452
_12731_, 410.52, 465.12, 1.79452
_12838_, 410.52, 465.12, 1.79452
_12845_, 410.52, 465.12, 1.79452
_12851_, 410.52, 465.12, 1.79452
_12852_, 410.52, 465.12, 1.79452
FILLER_0_167_870, 410.52, 465.12, 1.79452
FILLER_0_167_887, 410.52, 465.12, 1.79452
FILLER_0_168_881, 410.52, 465.12, 1.79452
_12837_, 410.52, 459.68, 1.79453
_12844_, 410.52, 459.68, 1.79453
_17357_, 410.52, 459.68, 1.79453
FILLER_0_165_873, 410.52, 459.68, 1.79453
_17334_, 410.52, 454.24, 1.79452
_19310_, 410.52, 454.24, 1.79452
_12633_, 410.52, 448.8, 1.79451
_12635_, 410.52, 448.8, 1.79451
_12887_, 410.52, 448.8, 1.79451
_17333_, 410.52, 448.8, 1.79451
hold247, 410.52, 448.8, 1.79451
_12318_, 410.52, 443.36, 1.79452
_12319_, 410.52, 443.36, 1.79452
_12320_, 410.52, 443.36, 1.79452
_12630_, 410.52, 443.36, 1.79452
_12631_, 410.52, 443.36, 1.79452
_12632_, 410.52, 443.36, 1.79452
_12634_, 410.52, 443.36, 1.79452
hold343, 410.52, 443.36, 1.79452
FILLER_0_159_887, 410.52, 443.36, 1.79452
FILLER_0_160_894, 410.52, 443.36, 1.79452
_12316_, 410.52, 437.92, 1.79451
_12317_, 410.52, 437.92, 1.79451
_12321_, 410.52, 437.92, 1.79451
_12622_, 410.52, 437.92, 1.79451
_12623_, 410.52, 437.92, 1.79451
clkbuf_leaf_98_i_clk, 410.52, 437.92, 1.79451
FILLER_0_158_890, 410.52, 437.92, 1.79451
_12314_, 410.52, 432.48, 1.79452
_12315_, 410.52, 432.48, 1.79452
_12331_, 410.52, 432.48, 1.79452
FILLER_0_155_886, 410.52, 432.48, 1.79452
FILLER_0_156_889, 410.52, 432.48, 1.79452
_13141_, 410.52, 427.04, 1.79451
_19153_, 410.52, 427.04, 1.79451
FILLER_0_153_889, 410.52, 427.04, 1.79451
_12933_, 410.52, 421.6, 1.7945
_13139_, 410.52, 421.6, 1.7945
_13140_, 410.52, 421.6, 1.7945
_17090_, 410.52, 421.6, 1.7945
_17091_, 410.52, 421.6, 1.7945
FILLER_0_150_869, 410.52, 421.6, 1.7945
FILLER_0_151_868, 410.52, 421.6, 1.7945
_13134_, 410.52, 416.16, 1.79448
clkbuf_4_15__f_i_clk, 410.52, 416.16, 1.79448
FILLER_0_149_890, 410.52, 416.16, 1.79448
_12953_, 410.52, 410.72, 1.79449
_12961_, 410.52, 410.72, 1.79449
_13135_, 410.52, 410.72, 1.79449
_17092_, 410.52, 410.72, 1.79449
clkbuf_leaf_97_i_clk, 410.52, 410.72, 1.79449
FILLER_0_147_881, 410.52, 410.72, 1.79449
FILLER_0_147_889, 410.52, 410.72, 1.79449
FILLER_0_148_889, 410.52, 410.72, 1.79449
_12725_, 410.52, 405.28, 1.79449
_12968_, 410.52, 405.28, 1.79449
_12975_, 410.52, 405.28, 1.79449
_12982_, 410.52, 405.28, 1.79449
FILLER_0_145_871, 410.52, 405.28, 1.79449
FILLER_0_145_893, 410.52, 405.28, 1.79449
FILLER_0_146_889, 410.52, 405.28, 1.79449
_12723_, 410.52, 399.84, 1.79448
_12724_, 410.52, 399.84, 1.79448
_12967_, 410.52, 399.84, 1.79448
_12974_, 410.52, 399.84, 1.79448
hold366, 410.52, 399.84, 1.79448
FILLER_0_143_868, 410.52, 399.84, 1.79448
_12244_, 410.52, 394.4, 1.79447
_12245_, 410.52, 394.4, 1.79447
_12247_, 410.52, 394.4, 1.79447
_12720_, 410.52, 394.4, 1.79447
_12721_, 410.52, 394.4, 1.79447
_12722_, 410.52, 394.4, 1.79447
_17308_, 410.52, 394.4, 1.79447
_19288_, 410.52, 394.4, 1.79447
FILLER_0_140_872, 410.52, 394.4, 1.79447
FILLER_0_141_889, 410.52, 394.4, 1.79447
_12246_, 410.52, 388.96, 1.79447
_13131_, 410.52, 383.52, 1.79445
_13132_, 410.52, 383.52, 1.79445
_13138_, 410.52, 383.52, 1.79445
FILLER_0_137_867, 410.52, 383.52, 1.79445
FILLER_0_137_885, 410.52, 383.52, 1.79445
FILLER_0_137_893, 410.52, 383.52, 1.79445
_13096_, 410.52, 378.08, 1.79443
_13137_, 410.52, 378.08, 1.79443
_13263_, 410.52, 378.08, 1.79443
_13264_, 410.52, 378.08, 1.79443
_19130_, 410.52, 378.08, 1.79443
FILLER_0_135_879, 410.52, 378.08, 1.79443
_13265_, 410.52, 372.64, 1.79441
_17030_, 410.52, 372.64, 1.79441
_19129_, 410.52, 372.64, 1.79441
hold163, 410.52, 372.64, 1.79441
FILLER_0_132_872, 410.52, 372.64, 1.79441
FILLER_0_133_885, 410.52, 372.64, 1.79441
_13398_, 410.52, 367.2, 1.79439
_13402_, 410.52, 367.2, 1.79439
_17032_, 410.52, 367.2, 1.79439
hold274, 410.52, 367.2, 1.79439
FILLER_0_130_869, 410.52, 367.2, 1.79439
FILLER_0_131_888, 410.52, 367.2, 1.79439
_19100_, 410.52, 361.76, 1.79435
_19101_, 410.52, 361.76, 1.79435
clkbuf_leaf_108_i_clk, 410.52, 361.76, 1.79435
FILLER_0_128_869, 410.52, 361.76, 1.79435
FILLER_0_128_877, 410.52, 361.76, 1.79435
FILLER_0_129_892, 410.52, 361.76, 1.79435
_13386_, 410.52, 356.32, 1.79432
_13392_, 410.52, 356.32, 1.79432
FILLER_0_126_869, 410.52, 356.32, 1.79432
FILLER_0_126_877, 410.52, 356.32, 1.79432
FILLER_0_127_886, 410.52, 356.32, 1.79432
_13389_, 410.52, 350.88, 1.79325
_15752_, 410.52, 350.88, 1.79325
_19102_, 410.52, 350.88, 1.79325
FILLER_0_125_884, 410.52, 350.88, 1.79325
_15713_, 410.52, 345.44, 1.79348
_15748_, 410.52, 345.44, 1.79348
_15751_, 410.52, 345.44, 1.79348
FILLER_0_123_891, 410.52, 345.44, 1.79348
FILLER_0_124_891, 410.52, 345.44, 1.79348
_15738_, 410.52, 340, 1.79369
FILLER_0_121_888, 410.52, 340, 1.79369
FILLER_0_122_894, 410.52, 340, 1.79369
_15701_, 410.52, 334.56, 1.79365
_15702_, 410.52, 334.56, 1.79365
_15750_, 410.52, 334.56, 1.79365
FILLER_0_119_871, 410.52, 334.56, 1.79365
_15741_, 410.52, 329.12, 1.79386
_15743_, 410.52, 329.12, 1.79386
_15690_, 410.52, 323.68, 1.79389
_15691_, 410.52, 323.68, 1.79389
_15742_, 410.52, 323.68, 1.79389
_15781_, 410.52, 323.68, 1.79389
max_cap66, 410.52, 323.68, 1.79389
FILLER_0_114_875, 410.52, 323.68, 1.79389
_15667_, 410.52, 318.24, 1.79408
_15668_, 410.52, 318.24, 1.79408
_15689_, 410.52, 318.24, 1.79408
FILLER_0_113_892, 410.52, 318.24, 1.79408
_10315_, 410.52, 312.8, 1.79419
_15666_, 410.52, 312.8, 1.79419
_15679_, 410.52, 312.8, 1.79419
_15777_, 410.52, 312.8, 1.79419
_17063_, 410.52, 312.8, 1.79419
_13267_, 410.52, 307.36, 1.79459
_15678_, 410.52, 307.36, 1.79459
clkbuf_leaf_113_i_clk, 410.52, 307.36, 1.79459
FILLER_0_109_890, 410.52, 307.36, 1.79459
_15688_, 410.52, 301.92, 1.79455
_15700_, 410.52, 301.92, 1.79455
_19128_, 410.52, 301.92, 1.79455
FILLER_0_106_869, 410.52, 301.92, 1.79455
FILLER_0_107_892, 410.52, 301.92, 1.79455
FILLER_0_108_881, 410.52, 301.92, 1.79455
_15699_, 410.52, 296.48, 1.79494
_15739_, 410.52, 296.48, 1.79494
FILLER_0_105_889, 410.52, 296.48, 1.79494
_13396_, 410.52, 291.04, 1.79502
_15655_, 410.52, 291.04, 1.79502
_15656_, 410.52, 291.04, 1.79502
FILLER_0_102_869, 410.52, 291.04, 1.79502
FILLER_0_103_890, 410.52, 291.04, 1.79502
FILLER_0_104_882, 410.52, 291.04, 1.79502
_15645_, 410.52, 285.6, 1.79534
_15646_, 410.52, 285.6, 1.79534
FILLER_0_101_893, 410.52, 285.6, 1.79534
_10305_, 410.52, 280.16, 1.79556
_10443_, 410.52, 280.16, 1.79556
_13295_, 410.52, 280.16, 1.79556
ANTENNA_32, 410.52, 280.16, 1.79556
FILLER_0_98_869, 410.52, 280.16, 1.79556
FILLER_0_99_868, 410.52, 280.16, 1.79556
FILLER_0_99_887, 410.52, 280.16, 1.79556
FILLER_0_100_893, 410.52, 280.16, 1.79556
_10260_, 410.52, 274.72, 1.7959
_10359_, 410.52, 274.72, 1.7959
_10484_, 410.52, 274.72, 1.7959
_13300_, 410.52, 274.72, 1.7959
_15686_, 410.52, 274.72, 1.7959
_10165_, 410.52, 269.28, 1.79617
_10169_, 410.52, 269.28, 1.79617
_10485_, 410.52, 269.28, 1.79617
_10486_, 410.52, 269.28, 1.79617
FILLER_0_95_893, 410.52, 269.28, 1.79617
FILLER_0_96_888, 410.52, 269.28, 1.79617
_10377_, 410.52, 263.84, 1.79635
_10473_, 410.52, 263.84, 1.79635
_13289_, 410.52, 263.84, 1.79635
_10158_, 410.52, 258.4, 1.79659
_10362_, 410.52, 258.4, 1.79659
_10367_, 410.52, 258.4, 1.79659
_10601_, 410.52, 258.4, 1.79659
FILLER_0_90_869, 410.52, 258.4, 1.79659
FILLER_0_91_893, 410.52, 258.4, 1.79659
FILLER_0_92_884, 410.52, 258.4, 1.79659
_10186_, 410.52, 252.96, 1.79687
_10211_, 410.52, 252.96, 1.79687
_10366_, 410.52, 252.96, 1.79687
_11408_, 410.52, 252.96, 1.79687
_11412_, 410.52, 252.96, 1.79687
_11428_, 410.52, 252.96, 1.79687
FILLER_0_90_883, 410.52, 252.96, 1.79687
_10675_, 410.52, 247.52, 1.79711
_10676_, 410.52, 247.52, 1.79711
_10914_, 410.52, 247.52, 1.79711
_10924_, 410.52, 247.52, 1.79711
_11407_, 410.52, 247.52, 1.79711
FILLER_0_87_877, 410.52, 247.52, 1.79711
FILLER_0_87_890, 410.52, 247.52, 1.79711
FILLER_0_88_882, 410.52, 247.52, 1.79711
_10487_, 410.52, 242.08, 1.79735
_10598_, 410.52, 242.08, 1.79735
_10915_, 410.52, 242.08, 1.79735
_10928_, 410.52, 242.08, 1.79735
_10940_, 410.52, 242.08, 1.79735
FILLER_0_84_872, 410.52, 242.08, 1.79735
FILLER_0_85_879, 410.52, 242.08, 1.79735
FILLER_0_86_885, 410.52, 242.08, 1.79735
_10594_, 410.52, 236.64, 1.79734
_10688_, 410.52, 236.64, 1.79734
_10927_, 410.52, 236.64, 1.79734
FILLER_0_83_874, 410.52, 236.64, 1.79734
FILLER_0_84_885, 410.52, 236.64, 1.79734
_10823_, 410.52, 231.2, 1.79724
_10824_, 410.52, 231.2, 1.79724
_10825_, 410.52, 231.2, 1.79724
_10907_, 410.52, 231.2, 1.79724
_10943_, 410.52, 231.2, 1.79724
_10944_, 410.52, 231.2, 1.79724
_10945_, 410.52, 231.2, 1.79724
FILLER_0_81_881, 410.52, 231.2, 1.79724
FILLER_0_82_881, 410.52, 231.2, 1.79724
_10860_, 410.52, 225.76, 1.79719
_10861_, 410.52, 225.76, 1.79719
_10906_, 410.52, 225.76, 1.79719
_10908_, 410.52, 225.76, 1.79719
_10956_, 410.52, 225.76, 1.79719
FILLER_0_78_869, 410.52, 225.76, 1.79719
_10530_, 410.52, 220.32, 1.79711
_10595_, 410.52, 220.32, 1.79711
_10597_, 410.52, 220.32, 1.79711
_10883_, 410.52, 220.32, 1.79711
FILLER_0_76_875, 410.52, 220.32, 1.79711
FILLER_0_77_881, 410.52, 220.32, 1.79711
FILLER_0_77_889, 410.52, 220.32, 1.79711
FILLER_0_78_887, 410.52, 220.32, 1.79711
_10677_, 410.52, 214.88, 1.79705
_10875_, 410.52, 214.88, 1.79705
_10877_, 410.52, 214.88, 1.79705
_10882_, 410.52, 214.88, 1.79705
_10904_, 410.52, 214.88, 1.79705
_10909_, 410.52, 214.88, 1.79705
FILLER_0_74_869, 410.52, 214.88, 1.79705
FILLER_0_74_877, 410.52, 214.88, 1.79705
FILLER_0_75_871, 410.52, 214.88, 1.79705
_10814_, 410.52, 209.44, 1.79703
_10817_, 410.52, 209.44, 1.79703
FILLER_0_73_887, 410.52, 209.44, 1.79703
FILLER_0_74_886, 410.52, 209.44, 1.79703
_10784_, 410.52, 204, 1.79695
_10850_, 410.52, 204, 1.79695
_10851_, 410.52, 204, 1.79695
_11169_, 410.52, 204, 1.79695
_11202_, 410.52, 204, 1.79695
FILLER_0_71_885, 410.52, 204, 1.79695
FILLER_0_72_881, 410.52, 204, 1.79695
_10556_, 410.52, 198.56, 1.79691
_10673_, 410.52, 198.56, 1.79691
_10678_, 410.52, 198.56, 1.79691
_10730_, 410.52, 198.56, 1.79691
_10813_, 410.52, 198.56, 1.79691
_10826_, 410.52, 198.56, 1.79691
_10835_, 410.52, 198.56, 1.79691
_10849_, 410.52, 198.56, 1.79691
FILLER_0_68_875, 410.52, 198.56, 1.79691
_10674_, 410.52, 193.12, 1.79692
_11130_, 410.52, 193.12, 1.79692
_11131_, 410.52, 193.12, 1.79692
_11132_, 410.52, 193.12, 1.79692
FILLER_0_67_876, 410.52, 193.12, 1.79692
FILLER_0_68_886, 410.52, 193.12, 1.79692
_10670_, 410.52, 187.68, 1.79688
_10672_, 410.52, 187.68, 1.79688
_10680_, 410.52, 187.68, 1.79688
_10834_, 410.52, 187.68, 1.79688
_10848_, 410.52, 187.68, 1.79688
ANTENNA_34, 410.52, 187.68, 1.79688
FILLER_0_64_869, 410.52, 187.68, 1.79688
FILLER_0_65_867, 410.52, 187.68, 1.79688
FILLER_0_66_881, 410.52, 187.68, 1.79688
_10648_, 410.52, 182.24, 1.79685
_10655_, 410.52, 182.24, 1.79685
_10833_, 410.52, 182.24, 1.79685
FILLER_0_62_875, 410.52, 182.24, 1.79685
FILLER_0_63_891, 410.52, 182.24, 1.79685
FILLER_0_64_886, 410.52, 182.24, 1.79685
_10483_, 410.52, 176.8, 1.79683
_10527_, 410.52, 176.8, 1.79683
_10533_, 410.52, 176.8, 1.79683
_10535_, 410.52, 176.8, 1.79683
_10669_, 410.52, 176.8, 1.79683
_10726_, 410.52, 176.8, 1.79683
_10793_, 410.52, 176.8, 1.79683
FILLER_0_60_878, 410.52, 176.8, 1.79683
FILLER_0_61_888, 410.52, 176.8, 1.79683
_10775_, 410.52, 171.36, 1.79682
_10808_, 410.52, 171.36, 1.79682
_10831_, 410.52, 171.36, 1.79682
_10871_, 410.52, 171.36, 1.79682
_10919_, 410.52, 171.36, 1.79682
FILLER_0_58_869, 410.52, 171.36, 1.79682
FILLER_0_58_877, 410.52, 171.36, 1.79682
FILLER_0_59_890, 410.52, 171.36, 1.79682
_10575_, 410.52, 165.92, 1.79685
_10832_, 410.52, 165.92, 1.79685
_10900_, 410.52, 165.92, 1.79685
_10917_, 410.52, 165.92, 1.79685
_10918_, 410.52, 165.92, 1.79685
FILLER_0_56_869, 410.52, 165.92, 1.79685
FILLER_0_57_891, 410.52, 165.92, 1.79685
_10901_, 410.52, 160.48, 1.79686
_14617_, 410.52, 160.48, 1.79686
FILLER_0_54_869, 410.52, 160.48, 1.79686
FILLER_0_54_879, 410.52, 160.48, 1.79686
FILLER_0_55_887, 410.52, 160.48, 1.79686
_10935_, 410.52, 155.04, 1.79685
_10936_, 410.52, 155.04, 1.79685
_14616_, 410.52, 155.04, 1.79685
_16420_, 410.52, 155.04, 1.79685
_18549_, 410.52, 155.04, 1.79685
FILLER_0_52_869, 410.52, 155.04, 1.79685
FILLER_0_53_869, 410.52, 155.04, 1.79685
_13823_, 410.52, 149.6, 1.7969
_16813_, 410.52, 149.6, 1.7969
FILLER_0_51_885, 410.52, 149.6, 1.7969
FILLER_0_51_893, 410.52, 149.6, 1.7969
_18551_, 410.52, 144.16, 1.79691
clkbuf_leaf_130_i_clk, 410.52, 144.16, 1.79691
FILLER_0_49_886, 410.52, 144.16, 1.79691
FILLER_0_50_890, 410.52, 144.16, 1.79691
_13831_, 410.52, 138.72, 1.79694
_14621_, 410.52, 138.72, 1.79694
_16809_, 410.52, 138.72, 1.79694
_16812_, 410.52, 138.72, 1.79694
FILLER_0_46_878, 410.52, 138.72, 1.79694
FILLER_0_47_888, 410.52, 138.72, 1.79694
_13834_, 410.52, 133.28, 1.79694
_14623_, 410.52, 133.28, 1.79694
_18546_, 410.52, 133.28, 1.79694
_18898_, 410.52, 133.28, 1.79694
FILLER_0_45_882, 410.52, 133.28, 1.79694
_16808_, 410.52, 127.84, 1.79696
FILLER_0_43_888, 410.52, 127.84, 1.79696
_09410_, 410.52, 122.4, 1.79696
_14067_, 410.52, 122.4, 1.79696
_16704_, 410.52, 122.4, 1.79696
_18805_, 410.52, 122.4, 1.79696
FILLER_0_40_878, 410.52, 122.4, 1.79696
FILLER_0_41_885, 410.52, 122.4, 1.79696
_09310_, 410.52, 116.96, 1.79697
_11646_, 410.52, 116.96, 1.79697
_14072_, 410.52, 116.96, 1.79697
_16701_, 410.52, 116.96, 1.79697
_18802_, 410.52, 116.96, 1.79697
_11606_, 410.52, 111.52, 1.79698
_14069_, 410.52, 111.52, 1.79698
_14070_, 410.52, 111.52, 1.79698
_16702_, 410.52, 111.52, 1.79698
_16703_, 410.52, 111.52, 1.79698
FILLER_0_36_878, 410.52, 111.52, 1.79698
FILLER_0_37_875, 410.52, 111.52, 1.79698
FILLER_0_38_886, 410.52, 111.52, 1.79698
FILLER_0_38_893, 410.52, 111.52, 1.79698
_18804_, 410.52, 106.08, 1.79699
hold385, 410.52, 106.08, 1.79699
_09409_, 410.52, 100.64, 1.797
_11545_, 410.52, 100.64, 1.797
_11565_, 410.52, 100.64, 1.797
_11645_, 410.52, 100.64, 1.797
_13629_, 410.52, 100.64, 1.797
FILLER_0_32_878, 410.52, 100.64, 1.797
FILLER_0_33_881, 410.52, 100.64, 1.797
FILLER_0_34_881, 410.52, 100.64, 1.797
_13486_, 410.52, 95.2, 1.79701
_16989_, 410.52, 95.2, 1.79701
_19061_, 410.52, 95.2, 1.79701
FILLER_0_31_883, 410.52, 95.2, 1.79701
FILLER_0_31_889, 410.52, 95.2, 1.79701
_13482_, 410.52, 89.76, 1.79702
_13488_, 410.52, 89.76, 1.79702
_13491_, 410.52, 89.76, 1.79702
FILLER_0_28_878, 410.52, 89.76, 1.79702
FILLER_0_29_881, 410.52, 89.76, 1.79702
_13481_, 410.52, 84.32, 1.79703
_13483_, 410.52, 84.32, 1.79703
_16983_, 410.52, 84.32, 1.79703
_16986_, 410.52, 84.32, 1.79703
_19060_, 410.52, 84.32, 1.79703
ANTENNA_8, 410.52, 84.32, 1.79703
_09080_, 410.52, 78.88, 1.79704
_13484_, 410.52, 78.88, 1.79704
_19062_, 410.52, 78.88, 1.79704
FILLER_0_24_878, 410.52, 78.88, 1.79704
FILLER_0_26_884, 410.52, 78.88, 1.79704
_14202_, 410.52, 73.44, 1.79705
_14207_, 410.52, 73.44, 1.79705
_18100_, 410.52, 73.44, 1.79705
_19654_, 410.52, 73.44, 1.79705
FILLER_0_22_872, 410.52, 73.44, 1.79705
FILLER_0_22_880, 410.52, 73.44, 1.79705
_18740_, 410.52, 68, 1.79705
clkbuf_leaf_136_i_clk, 410.52, 68, 1.79705
_14206_, 410.52, 62.56, 1.79706
_14208_, 410.52, 62.56, 1.79706
_16633_, 410.52, 62.56, 1.79706
_18101_, 410.52, 62.56, 1.79706
_18741_, 410.52, 62.56, 1.79706
_09072_, 410.52, 57.12, 1.79707
_14203_, 410.52, 57.12, 1.79707
_14205_, 410.52, 57.12, 1.79707
FILLER_0_16_878, 410.52, 57.12, 1.79707
FILLER_0_17_890, 410.52, 57.12, 1.79707
_14210_, 410.52, 51.68, 1.79707
_14211_, 410.52, 51.68, 1.79707
_18102_, 410.52, 51.68, 1.79707
_18738_, 410.52, 51.68, 1.79707
FILLER_0_15_871, 410.52, 51.68, 1.79707
_09085_, 410.52, 46.24, 1.79708
_09089_, 410.52, 46.24, 1.79708
_14212_, 410.52, 46.24, 1.79708
_18739_, 410.52, 46.24, 1.79708
hold414, 410.52, 46.24, 1.79708
FILLER_0_13_886, 410.52, 46.24, 1.79708
_18098_, 410.52, 40.8, 1.79709
_18099_, 410.52, 40.8, 1.79709
FILLER_0_11_886, 410.52, 40.8, 1.79709
FILLER_0_9_886, 410.52, 35.36, 1.79709
FILLER_0_7_889, 410.52, 29.92, 1.79709
FILLER_0_5_889, 410.52, 24.48, 1.7971
FILLER_0_3_889, 410.52, 19.04, 1.7971
output26, 410.52, 13.6, 1.7971
ANTENNA_73, 410.52, 13.6, 1.7971
ANTENNA_74, 410.52, 13.6, 1.7971
FILLER_0_0_869, 410.52, 13.6, 1.7971
FILLER_0_0_891, 410.52, 13.6, 1.7971
FILLER_0_1_889, 410.52, 13.6, 1.7971
output35, 385.52, 486.88, 1.79456
FILLER_0_174_813, 385.52, 486.88, 1.79456
_12435_, 385.52, 481.44, 1.79455
_12535_, 385.52, 481.44, 1.79455
_12537_, 385.52, 481.44, 1.79455
_12540_, 385.52, 481.44, 1.79455
_19336_, 385.52, 481.44, 1.79455
hold234, 385.52, 481.44, 1.79455
FILLER_0_173_834, 385.52, 481.44, 1.79455
_12433_, 385.52, 476, 1.79455
_12434_, 385.52, 476, 1.79455
_12534_, 385.52, 476, 1.79455
_12541_, 385.52, 476, 1.79455
_17362_, 385.52, 476, 1.79455
_17363_, 385.52, 476, 1.79455
hold283, 385.52, 476, 1.79455
_12431_, 385.52, 470.56, 1.79456
FILLER_0_169_833, 385.52, 470.56, 1.79456
_12745_, 385.52, 465.12, 1.79455
_12746_, 385.52, 465.12, 1.79455
_12848_, 385.52, 465.12, 1.79455
_12853_, 385.52, 465.12, 1.79455
_12855_, 385.52, 465.12, 1.79455
FILLER_0_167_823, 385.52, 465.12, 1.79455
FILLER_0_167_836, 385.52, 465.12, 1.79455
_12841_, 385.52, 459.68, 1.79456
_12854_, 385.52, 459.68, 1.79456
FILLER_0_165_834, 385.52, 459.68, 1.79456
_12825_, 385.52, 454.24, 1.79456
_12826_, 385.52, 454.24, 1.79456
_12831_, 385.52, 454.24, 1.79456
FILLER_0_163_829, 385.52, 454.24, 1.79456
FILLER_0_163_837, 385.52, 454.24, 1.79456
_12830_, 385.52, 448.8, 1.79456
_12832_, 385.52, 448.8, 1.79456
FILLER_0_161_834, 385.52, 448.8, 1.79456
FILLER_0_162_836, 385.52, 448.8, 1.79456
_12732_, 385.52, 443.36, 1.79456
_12806_, 385.52, 443.36, 1.79456
_12810_, 385.52, 443.36, 1.79456
_12834_, 385.52, 443.36, 1.79456
_12835_, 385.52, 443.36, 1.79456
FILLER_0_159_836, 385.52, 443.36, 1.79456
FILLER_0_160_829, 385.52, 443.36, 1.79456
_12797_, 385.52, 437.92, 1.79455
_12799_, 385.52, 437.92, 1.79455
_12805_, 385.52, 437.92, 1.79455
_19228_, 385.52, 437.92, 1.79455
max_cap75, 385.52, 437.92, 1.79455
max_cap76, 385.52, 437.92, 1.79455
hold444, 385.52, 437.92, 1.79455
FILLER_0_156_813, 385.52, 437.92, 1.79455
FILLER_0_157_834, 385.52, 437.92, 1.79455
_12798_, 385.52, 432.48, 1.79455
_17174_, 385.52, 432.48, 1.79455
_19312_, 385.52, 432.48, 1.79455
FILLER_0_155_818, 385.52, 432.48, 1.79455
FILLER_0_155_830, 385.52, 432.48, 1.79455
_12733_, 385.52, 427.04, 1.79454
_12789_, 385.52, 427.04, 1.79454
_12790_, 385.52, 427.04, 1.79454
_12791_, 385.52, 427.04, 1.79454
_12794_, 385.52, 427.04, 1.79454
FILLER_0_153_837, 385.52, 427.04, 1.79454
_12775_, 385.52, 421.6, 1.79454
_12781_, 385.52, 421.6, 1.79454
_12811_, 385.52, 421.6, 1.79454
_12824_, 385.52, 421.6, 1.79454
FILLER_0_151_834, 385.52, 421.6, 1.79454
_17175_, 385.52, 416.16, 1.79453
_17177_, 385.52, 416.16, 1.79453
clkbuf_leaf_96_i_clk, 385.52, 416.16, 1.79453
FILLER_0_148_816, 385.52, 416.16, 1.79453
FILLER_0_149_820, 385.52, 416.16, 1.79453
_12829_, 385.52, 410.72, 1.79454
_17172_, 385.52, 410.72, 1.79454
_19229_, 385.52, 410.72, 1.79454
hold446, 385.52, 410.72, 1.79454
FILLER_0_148_839, 385.52, 410.72, 1.79454
_12828_, 385.52, 405.28, 1.79453
_12849_, 385.52, 405.28, 1.79453
_17173_, 385.52, 405.28, 1.79453
_19227_, 385.52, 405.28, 1.79453
hold443, 385.52, 405.28, 1.79453
_12842_, 385.52, 399.84, 1.79452
_12843_, 385.52, 399.84, 1.79452
_13040_, 385.52, 399.84, 1.79452
_19156_, 385.52, 399.84, 1.79452
FILLER_0_142_813, 385.52, 399.84, 1.79452
FILLER_0_142_825, 385.52, 399.84, 1.79452
FILLER_0_143_831, 385.52, 399.84, 1.79452
_12871_, 385.52, 394.4, 1.79452
_13118_, 385.52, 394.4, 1.79452
_19223_, 385.52, 394.4, 1.79452
FILLER_0_140_813, 385.52, 394.4, 1.79452
FILLER_0_141_819, 385.52, 394.4, 1.79452
FILLER_0_141_831, 385.52, 394.4, 1.79452
FILLER_0_142_833, 385.52, 394.4, 1.79452
_12878_, 385.52, 388.96, 1.7945
_17168_, 385.52, 388.96, 1.7945
_17170_, 385.52, 388.96, 1.7945
_19222_, 385.52, 388.96, 1.7945
FILLER_0_139_821, 385.52, 388.96, 1.7945
FILLER_0_139_831, 385.52, 388.96, 1.7945
_12863_, 385.52, 383.52, 1.79449
_12877_, 385.52, 383.52, 1.79449
_13100_, 385.52, 383.52, 1.79449
_17166_, 385.52, 383.52, 1.79449
_17167_, 385.52, 383.52, 1.79449
FILLER_0_136_813, 385.52, 383.52, 1.79449
FILLER_0_136_825, 385.52, 383.52, 1.79449
FILLER_0_137_818, 385.52, 383.52, 1.79449
FILLER_0_137_829, 385.52, 383.52, 1.79449
_17169_, 385.52, 378.08, 1.79446
hold87, 385.52, 378.08, 1.79446
hold91, 385.52, 378.08, 1.79446
hold99, 385.52, 378.08, 1.79446
FILLER_0_134_823, 385.52, 378.08, 1.79446
_15865_, 385.52, 372.64, 1.79443
_15866_, 385.52, 372.64, 1.79443
_17203_, 385.52, 372.64, 1.79443
_17206_, 385.52, 372.64, 1.79443
_19254_, 385.52, 372.64, 1.79443
_15872_, 385.52, 367.2, 1.7944
_17208_, 385.52, 367.2, 1.7944
_19255_, 385.52, 367.2, 1.7944
_19258_, 385.52, 367.2, 1.7944
FILLER_0_131_823, 385.52, 367.2, 1.7944
FILLER_0_131_833, 385.52, 367.2, 1.7944
_17211_, 385.52, 361.76, 1.79437
_19259_, 385.52, 361.76, 1.79437
_19261_, 385.52, 361.76, 1.79437
FILLER_0_128_813, 385.52, 361.76, 1.79437
_15870_, 385.52, 356.32, 1.79434
_17205_, 385.52, 356.32, 1.79434
_17209_, 385.52, 356.32, 1.79434
_15712_, 385.52, 350.88, 1.79314
_15714_, 385.52, 350.88, 1.79314
_15715_, 385.52, 350.88, 1.79314
FILLER_0_125_837, 385.52, 350.88, 1.79314
_15779_, 385.52, 345.44, 1.79331
FILLER_0_122_813, 385.52, 345.44, 1.79331
FILLER_0_122_821, 385.52, 345.44, 1.79331
FILLER_0_123_833, 385.52, 345.44, 1.79331
_15834_, 385.52, 340, 1.79382
_15850_, 385.52, 340, 1.79382
FILLER_0_121_833, 385.52, 340, 1.79382
_15782_, 385.52, 334.56, 1.7936
_15783_, 385.52, 334.56, 1.7936
FILLER_0_118_813, 385.52, 334.56, 1.7936
FILLER_0_119_829, 385.52, 334.56, 1.7936
FILLER_0_119_837, 385.52, 334.56, 1.7936
FILLER_0_120_839, 385.52, 334.56, 1.7936
_15760_, 385.52, 329.12, 1.79388
_15844_, 385.52, 329.12, 1.79388
_15845_, 385.52, 329.12, 1.79388
FILLER_0_117_832, 385.52, 329.12, 1.79388
_15682_, 385.52, 323.68, 1.79429
hold317, 385.52, 323.68, 1.79429
FILLER_0_115_835, 385.52, 323.68, 1.79429
FILLER_0_116_832, 385.52, 323.68, 1.79429
_15709_, 385.52, 318.24, 1.79421
_15711_, 385.52, 318.24, 1.79421
_15729_, 385.52, 318.24, 1.79421
FILLER_0_113_833, 385.52, 318.24, 1.79421
_15673_, 385.52, 312.8, 1.79444
_15708_, 385.52, 312.8, 1.79444
_15731_, 385.52, 312.8, 1.79444
hold356, 385.52, 312.8, 1.79444
FILLER_0_110_826, 385.52, 312.8, 1.79444
FILLER_0_111_836, 385.52, 312.8, 1.79444
_15674_, 385.52, 307.36, 1.79465
_15707_, 385.52, 307.36, 1.79465
_15761_, 385.52, 307.36, 1.79465
FILLER_0_108_813, 385.52, 307.36, 1.79465
FILLER_0_108_824, 385.52, 307.36, 1.79465
FILLER_0_109_836, 385.52, 307.36, 1.79465
FILLER_0_110_836, 385.52, 307.36, 1.79465
_15676_, 385.52, 301.92, 1.79481
_15684_, 385.52, 301.92, 1.79481
FILLER_0_106_813, 385.52, 301.92, 1.79481
FILLER_0_107_834, 385.52, 301.92, 1.79481
_15685_, 385.52, 296.48, 1.79498
_15694_, 385.52, 296.48, 1.79498
_15696_, 385.52, 296.48, 1.79498
FILLER_0_105_835, 385.52, 296.48, 1.79498
_15732_, 385.52, 291.04, 1.79521
FILLER_0_102_813, 385.52, 291.04, 1.79521
FILLER_0_103_834, 385.52, 291.04, 1.79521
_15637_, 385.52, 285.6, 1.79546
_15735_, 385.52, 285.6, 1.79546
_15638_, 385.52, 280.16, 1.79561
_15730_, 385.52, 280.16, 1.79561
FILLER_0_98_813, 385.52, 280.16, 1.79561
FILLER_0_99_829, 385.52, 280.16, 1.79561
FILLER_0_99_837, 385.52, 280.16, 1.79561
_10474_, 385.52, 274.72, 1.79599
_15642_, 385.52, 274.72, 1.79599
_15675_, 385.52, 274.72, 1.79599
FILLER_0_97_835, 385.52, 274.72, 1.79599
_10214_, 385.52, 269.28, 1.79633
_10215_, 385.52, 269.28, 1.79633
_15683_, 385.52, 269.28, 1.79633
FILLER_0_94_825, 385.52, 269.28, 1.79633
FILLER_0_95_821, 385.52, 269.28, 1.79633
FILLER_0_95_829, 385.52, 269.28, 1.79633
_10173_, 385.52, 263.84, 1.79654
_10174_, 385.52, 263.84, 1.79654
_10175_, 385.52, 263.84, 1.79654
_10213_, 385.52, 263.84, 1.79654
_10228_, 385.52, 263.84, 1.79654
_10229_, 385.52, 263.84, 1.79654
_10230_, 385.52, 263.84, 1.79654
_13277_, 385.52, 263.84, 1.79654
wire69, 385.52, 263.84, 1.79654
FILLER_0_93_822, 385.52, 263.84, 1.79654
_10172_, 385.52, 258.4, 1.79686
_10197_, 385.52, 258.4, 1.79686
_10201_, 385.52, 258.4, 1.79686
_10509_, 385.52, 258.4, 1.79686
FILLER_0_91_817, 385.52, 258.4, 1.79686
FILLER_0_91_825, 385.52, 258.4, 1.79686
FILLER_0_91_835, 385.52, 258.4, 1.79686
_10238_, 385.52, 252.96, 1.79718
_10239_, 385.52, 252.96, 1.79718
_11419_, 385.52, 252.96, 1.79718
_11422_, 385.52, 252.96, 1.79718
_11423_, 385.52, 252.96, 1.79718
_11440_, 385.52, 252.96, 1.79718
_10508_, 385.52, 247.52, 1.79752
_10510_, 385.52, 247.52, 1.79752
_10515_, 385.52, 247.52, 1.79752
_11420_, 385.52, 247.52, 1.79752
_11421_, 385.52, 247.52, 1.79752
FILLER_0_86_813, 385.52, 247.52, 1.79752
FILLER_0_87_822, 385.52, 247.52, 1.79752
FILLER_0_87_830, 385.52, 247.52, 1.79752
_11417_, 385.52, 242.08, 1.79786
_11418_, 385.52, 242.08, 1.79786
FILLER_0_85_832, 385.52, 242.08, 1.79786
_10736_, 385.52, 236.64, 1.79778
_10818_, 385.52, 236.64, 1.79778
_10820_, 385.52, 236.64, 1.79778
_10878_, 385.52, 236.64, 1.79778
_11416_, 385.52, 236.64, 1.79778
_10819_, 385.52, 231.2, 1.79763
_10837_, 385.52, 231.2, 1.79763
_10879_, 385.52, 231.2, 1.79763
_11410_, 385.52, 231.2, 1.79763
_11414_, 385.52, 231.2, 1.79763
FILLER_0_80_822, 385.52, 231.2, 1.79763
FILLER_0_81_822, 385.52, 231.2, 1.79763
FILLER_0_81_830, 385.52, 231.2, 1.79763
FILLER_0_82_828, 385.52, 231.2, 1.79763
_10905_, 385.52, 225.76, 1.79749
_11409_, 385.52, 225.76, 1.79749
_11413_, 385.52, 225.76, 1.79749
FILLER_0_78_825, 385.52, 225.76, 1.79749
FILLER_0_79_834, 385.52, 225.76, 1.79749
_10202_, 385.52, 220.32, 1.79733
_10613_, 385.52, 220.32, 1.79733
_10881_, 385.52, 220.32, 1.79733
_17212_, 385.52, 220.32, 1.79733
FILLER_0_76_816, 385.52, 220.32, 1.79733
_10203_, 385.52, 214.88, 1.79721
_10204_, 385.52, 214.88, 1.79721
_10264_, 385.52, 214.88, 1.79721
_10489_, 385.52, 214.88, 1.79721
_10511_, 385.52, 214.88, 1.79721
_10512_, 385.52, 214.88, 1.79721
_10859_, 385.52, 214.88, 1.79721
FILLER_0_74_813, 385.52, 214.88, 1.79721
FILLER_0_75_836, 385.52, 214.88, 1.79721
_10623_, 385.52, 209.44, 1.79717
max_cap90, 385.52, 209.44, 1.79717
FILLER_0_72_813, 385.52, 209.44, 1.79717
FILLER_0_73_830, 385.52, 209.44, 1.79717
_10217_, 385.52, 204, 1.79707
_10218_, 385.52, 204, 1.79707
_10232_, 385.52, 204, 1.79707
_10233_, 385.52, 204, 1.79707
_10496_, 385.52, 204, 1.79707
_10497_, 385.52, 204, 1.79707
_10696_, 385.52, 204, 1.79707
_10698_, 385.52, 204, 1.79707
FILLER_0_72_838, 385.52, 204, 1.79707
_10231_, 385.52, 198.56, 1.79703
_10697_, 385.52, 198.56, 1.79703
_10699_, 385.52, 198.56, 1.79703
_10700_, 385.52, 198.56, 1.79703
_10744_, 385.52, 198.56, 1.79703
_10745_, 385.52, 198.56, 1.79703
_10852_, 385.52, 198.56, 1.79703
FILLER_0_69_823, 385.52, 198.56, 1.79703
FILLER_0_69_830, 385.52, 198.56, 1.79703
_10265_, 385.52, 193.12, 1.79701
_10266_, 385.52, 193.12, 1.79701
_10789_, 385.52, 193.12, 1.79701
_10790_, 385.52, 193.12, 1.79701
_10830_, 385.52, 193.12, 1.79701
FILLER_0_67_815, 385.52, 193.12, 1.79701
FILLER_0_67_835, 385.52, 193.12, 1.79701
_10240_, 385.52, 187.68, 1.79697
_10248_, 385.52, 187.68, 1.79697
_10267_, 385.52, 187.68, 1.79697
_10269_, 385.52, 187.68, 1.79697
_10495_, 385.52, 187.68, 1.79697
_10791_, 385.52, 187.68, 1.79697
FILLER_0_64_813, 385.52, 187.68, 1.79697
_10268_, 385.52, 182.24, 1.79696
FILLER_0_62_825, 385.52, 182.24, 1.79696
_10252_, 385.52, 176.8, 1.79694
_18836_, 385.52, 176.8, 1.79694
_13830_, 385.52, 171.36, 1.79694
_13972_, 385.52, 171.36, 1.79694
_16739_, 385.52, 171.36, 1.79694
_18900_, 385.52, 171.36, 1.79694
FILLER_0_58_813, 385.52, 171.36, 1.79694
FILLER_0_58_825, 385.52, 171.36, 1.79694
_09367_, 385.52, 165.92, 1.79695
_13829_, 385.52, 165.92, 1.79695
_13970_, 385.52, 165.92, 1.79695
_16740_, 385.52, 165.92, 1.79695
FILLER_0_56_819, 385.52, 165.92, 1.79695
_09368_, 385.52, 160.48, 1.79694
_11603_, 385.52, 160.48, 1.79694
_11604_, 385.52, 160.48, 1.79694
_18548_, 385.52, 160.48, 1.79694
clkbuf_leaf_126_i_clk, 385.52, 160.48, 1.79694
FILLER_0_55_837, 385.52, 160.48, 1.79694
_09348_, 385.52, 155.04, 1.79695
_11584_, 385.52, 155.04, 1.79695
_13969_, 385.52, 155.04, 1.79695
_16741_, 385.52, 155.04, 1.79695
FILLER_0_53_830, 385.52, 155.04, 1.79695
FILLER_0_54_833, 385.52, 155.04, 1.79695
_13967_, 385.52, 149.6, 1.79696
_18838_, 385.52, 149.6, 1.79696
_09328_, 385.52, 144.16, 1.79697
_11564_, 385.52, 144.16, 1.79697
_13966_, 385.52, 144.16, 1.79697
FILLER_0_48_813, 385.52, 144.16, 1.79697
_09388_, 385.52, 138.72, 1.79698
_11623_, 385.52, 138.72, 1.79698
_13976_, 385.52, 138.72, 1.79698
_16560_, 385.52, 138.72, 1.79698
_18675_, 385.52, 138.72, 1.79698
FILLER_0_47_821, 385.52, 138.72, 1.79698
FILLER_0_47_834, 385.52, 138.72, 1.79698
FILLER_0_48_831, 385.52, 138.72, 1.79698
_11624_, 385.52, 133.28, 1.79699
_11663_, 385.52, 133.28, 1.79699
_13975_, 385.52, 133.28, 1.79699
_14345_, 385.52, 133.28, 1.79699
FILLER_0_44_820, 385.52, 133.28, 1.79699
FILLER_0_45_834, 385.52, 133.28, 1.79699
FILLER_0_46_833, 385.52, 133.28, 1.79699
_09407_, 385.52, 127.84, 1.797
_11643_, 385.52, 127.84, 1.797
_14348_, 385.52, 127.84, 1.797
_16559_, 385.52, 127.84, 1.797
FILLER_0_42_813, 385.52, 127.84, 1.797
FILLER_0_43_833, 385.52, 127.84, 1.797
_09408_, 385.52, 122.4, 1.797
_09428_, 385.52, 122.4, 1.797
_11644_, 385.52, 122.4, 1.797
_14347_, 385.52, 122.4, 1.797
_18674_, 385.52, 122.4, 1.797
_13978_, 385.52, 116.96, 1.79701
FILLER_0_38_825, 385.52, 116.96, 1.79701
FILLER_0_39_836, 385.52, 116.96, 1.79701
FILLER_0_40_831, 385.52, 116.96, 1.79701
_09430_, 385.52, 111.52, 1.79702
_14075_, 385.52, 111.52, 1.79702
_14144_, 385.52, 111.52, 1.79702
_16665_, 385.52, 111.52, 1.79702
_18801_, 385.52, 111.52, 1.79702
FILLER_0_36_813, 385.52, 111.52, 1.79702
FILLER_0_37_814, 385.52, 111.52, 1.79702
_14074_, 385.52, 106.08, 1.79701
_14145_, 385.52, 106.08, 1.79701
_16700_, 385.52, 106.08, 1.79701
_18769_, 385.52, 106.08, 1.79701
clkbuf_4_10__f_i_clk, 385.52, 106.08, 1.79701
FILLER_0_35_837, 385.52, 106.08, 1.79701
_09429_, 385.52, 100.64, 1.79703
_13493_, 385.52, 100.64, 1.79703
_13494_, 385.52, 100.64, 1.79703
_19057_, 385.52, 100.64, 1.79703
hold382, 385.52, 100.64, 1.79703
FILLER_0_33_836, 385.52, 100.64, 1.79703
_11665_, 385.52, 95.2, 1.79704
_13631_, 385.52, 95.2, 1.79704
_16985_, 385.52, 95.2, 1.79704
_18993_, 385.52, 95.2, 1.79704
FILLER_0_30_813, 385.52, 95.2, 1.79704
_16913_, 385.52, 89.76, 1.79705
FILLER_0_29_830, 385.52, 89.76, 1.79705
_09317_, 385.52, 84.32, 1.79706
_11613_, 385.52, 84.32, 1.79706
_14551_, 385.52, 84.32, 1.79706
_16455_, 385.52, 84.32, 1.79706
_16458_, 385.52, 84.32, 1.79706
_18580_, 385.52, 84.32, 1.79706
FILLER_0_28_837, 385.52, 84.32, 1.79706
_09377_, 385.52, 78.88, 1.79707
_11553_, 385.52, 78.88, 1.79707
_11612_, 385.52, 78.88, 1.79707
_14550_, 385.52, 78.88, 1.79707
FILLER_0_25_818, 385.52, 78.88, 1.79707
_14549_, 385.52, 73.44, 1.79708
_16457_, 385.52, 73.44, 1.79708
FILLER_0_22_816, 385.52, 73.44, 1.79708
FILLER_0_23_836, 385.52, 73.44, 1.79708
FILLER_0_24_834, 385.52, 73.44, 1.79708
_11573_, 385.52, 68, 1.79708
_11593_, 385.52, 68, 1.79708
_14548_, 385.52, 68, 1.79708
_16456_, 385.52, 68, 1.79708
_18581_, 385.52, 68, 1.79708
FILLER_0_20_821, 385.52, 68, 1.79708
FILLER_0_21_837, 385.52, 68, 1.79708
_09357_, 385.52, 62.56, 1.79709
FILLER_0_18_825, 385.52, 62.56, 1.79709
_09417_, 385.52, 57.12, 1.79709
_14553_, 385.52, 57.12, 1.79709
_14554_, 385.52, 57.12, 1.79709
_14555_, 385.52, 57.12, 1.79709
_16454_, 385.52, 57.12, 1.79709
_18578_, 385.52, 57.12, 1.79709
FILLER_0_17_813, 385.52, 57.12, 1.79709
_14552_, 385.52, 51.68, 1.7971
_16453_, 385.52, 51.68, 1.7971
_18579_, 385.52, 51.68, 1.7971
_18097_, 385.52, 46.24, 1.79711
FILLER_0_13_829, 385.52, 46.24, 1.79711
FILLER_0_13_837, 385.52, 46.24, 1.79711
_13898_, 385.52, 40.8, 1.7971
_18868_, 385.52, 40.8, 1.7971
clkbuf_leaf_135_i_clk, 385.52, 40.8, 1.7971
FILLER_0_10_813, 385.52, 40.8, 1.7971
FILLER_0_12_838, 385.52, 40.8, 1.7971
_09092_, 385.52, 35.36, 1.79712
_13899_, 385.52, 35.36, 1.79712
_13901_, 385.52, 35.36, 1.79712
_13903_, 385.52, 35.36, 1.79712
_16774_, 385.52, 35.36, 1.79712
FILLER_0_9_822, 385.52, 35.36, 1.79712
FILLER_0_9_834, 385.52, 35.36, 1.79712
_16778_, 385.52, 29.92, 1.79711
_18866_, 385.52, 29.92, 1.79711
_18867_, 385.52, 29.92, 1.79711
_18869_, 385.52, 29.92, 1.79711
FILLER_0_6_816, 385.52, 29.92, 1.79711
_13902_, 385.52, 24.48, 1.79712
FILLER_0_5_819, 385.52, 24.48, 1.79712
FILLER_0_5_836, 385.52, 24.48, 1.79712
FILLER_0_3_833, 385.52, 19.04, 1.79713
FILLER_0_0_837, 385.52, 13.6, 1.79713
FILLER_0_1_833, 385.52, 13.6, 1.79713
_12440_, 360.52, 486.88, 1.79461
output40, 360.52, 486.88, 1.79461
_12442_, 360.52, 481.44, 1.7946
_12528_, 360.52, 481.44, 1.7946
_12532_, 360.52, 481.44, 1.7946
_19338_, 360.52, 481.44, 1.7946
hold278, 360.52, 481.44, 1.7946
FILLER_0_173_773, 360.52, 481.44, 1.7946
FILLER_0_174_780, 360.52, 481.44, 1.7946
FILLER_0_174_785, 360.52, 481.44, 1.7946
_12441_, 360.52, 476, 1.79459
_12446_, 360.52, 476, 1.79459
_12526_, 360.52, 476, 1.79459
_12533_, 360.52, 476, 1.79459
clkbuf_leaf_92_i_clk, 360.52, 476, 1.79459
FILLER_0_170_765, 360.52, 476, 1.79459
_19340_, 360.52, 470.56, 1.7946
FILLER_0_169_785, 360.52, 470.56, 1.7946
_17366_, 360.52, 465.12, 1.79461
FILLER_0_167_761, 360.52, 465.12, 1.79461
FILLER_0_167_774, 360.52, 465.12, 1.79461
FILLER_0_167_785, 360.52, 465.12, 1.79461
_12742_, 360.52, 459.68, 1.79461
_12743_, 360.52, 459.68, 1.79461
_12896_, 360.52, 459.68, 1.79461
_12897_, 360.52, 459.68, 1.79461
_12905_, 360.52, 459.68, 1.79461
FILLER_0_164_771, 360.52, 459.68, 1.79461
FILLER_0_165_761, 360.52, 459.68, 1.79461
FILLER_0_166_780, 360.52, 459.68, 1.79461
_12906_, 360.52, 454.24, 1.7946
_12907_, 360.52, 454.24, 1.7946
_12913_, 360.52, 454.24, 1.7946
_12914_, 360.52, 454.24, 1.7946
_12920_, 360.52, 454.24, 1.7946
_12927_, 360.52, 454.24, 1.7946
_12928_, 360.52, 454.24, 1.7946
FILLER_0_163_773, 360.52, 454.24, 1.7946
FILLER_0_163_780, 360.52, 454.24, 1.7946
FILLER_0_163_785, 360.52, 454.24, 1.7946
FILLER_0_164_783, 360.52, 454.24, 1.7946
_12921_, 360.52, 448.8, 1.79461
FILLER_0_160_769, 360.52, 448.8, 1.79461
FILLER_0_161_785, 360.52, 448.8, 1.79461
FILLER_0_162_780, 360.52, 448.8, 1.79461
_12758_, 360.52, 443.36, 1.7946
_12899_, 360.52, 443.36, 1.7946
FILLER_0_159_773, 360.52, 443.36, 1.7946
FILLER_0_159_781, 360.52, 443.36, 1.7946
FILLER_0_160_777, 360.52, 443.36, 1.7946
_12801_, 360.52, 437.92, 1.7946
_12898_, 360.52, 437.92, 1.7946
_12908_, 360.52, 437.92, 1.7946
_12915_, 360.52, 437.92, 1.7946
_12922_, 360.52, 437.92, 1.7946
_12750_, 360.52, 432.48, 1.79461
_12803_, 360.52, 432.48, 1.79461
_12804_, 360.52, 432.48, 1.79461
FILLER_0_156_777, 360.52, 432.48, 1.79461
_12751_, 360.52, 427.04, 1.7946
_12752_, 360.52, 427.04, 1.7946
_12753_, 360.52, 427.04, 1.7946
_12784_, 360.52, 427.04, 1.7946
_12943_, 360.52, 427.04, 1.7946
_19232_, 360.52, 427.04, 1.7946
FILLER_0_153_774, 360.52, 427.04, 1.7946
_12735_, 360.52, 421.6, 1.7946
_12776_, 360.52, 421.6, 1.7946
_12777_, 360.52, 421.6, 1.7946
_12783_, 360.52, 421.6, 1.7946
_12785_, 360.52, 421.6, 1.7946
_12929_, 360.52, 421.6, 1.7946
FILLER_0_150_766, 360.52, 421.6, 1.7946
_12778_, 360.52, 416.16, 1.7946
_12786_, 360.52, 416.16, 1.7946
FILLER_0_149_778, 360.52, 416.16, 1.7946
FILLER_0_149_785, 360.52, 416.16, 1.7946
_12779_, 360.52, 410.72, 1.7946
_12780_, 360.52, 410.72, 1.7946
_12787_, 360.52, 410.72, 1.7946
_12788_, 360.52, 410.72, 1.7946
_12950_, 360.52, 410.72, 1.7946
FILLER_0_146_770, 360.52, 410.72, 1.7946
_12815_, 360.52, 405.28, 1.79459
_17171_, 360.52, 405.28, 1.79459
_17181_, 360.52, 405.28, 1.79459
_19235_, 360.52, 405.28, 1.79459
_12901_, 360.52, 399.84, 1.7946
_12902_, 360.52, 399.84, 1.7946
_19234_, 360.52, 399.84, 1.7946
FILLER_0_143_779, 360.52, 399.84, 1.7946
FILLER_0_143_785, 360.52, 399.84, 1.7946
_12909_, 360.52, 394.4, 1.79459
_12910_, 360.52, 394.4, 1.79459
_19219_, 360.52, 394.4, 1.79459
hold447, 360.52, 394.4, 1.79459
hold451, 360.52, 394.4, 1.79459
_12892_, 360.52, 388.96, 1.79458
_19218_, 360.52, 388.96, 1.79458
clkbuf_leaf_95_i_clk, 360.52, 388.96, 1.79458
FILLER_0_138_769, 360.52, 388.96, 1.79458
_12916_, 360.52, 383.52, 1.79458
_12917_, 360.52, 383.52, 1.79458
_17160_, 360.52, 383.52, 1.79458
_19220_, 360.52, 383.52, 1.79458
hold448, 360.52, 383.52, 1.79458
FILLER_0_137_768, 360.52, 383.52, 1.79458
FILLER_0_137_779, 360.52, 383.52, 1.79458
FILLER_0_138_777, 360.52, 383.52, 1.79458
_12819_, 360.52, 378.08, 1.79457
_12900_, 360.52, 378.08, 1.79457
_12924_, 360.52, 378.08, 1.79457
_17193_, 360.52, 378.08, 1.79457
_19216_, 360.52, 378.08, 1.79457
_19217_, 360.52, 378.08, 1.79457
FILLER_0_134_765, 360.52, 378.08, 1.79457
_12930_, 360.52, 372.64, 1.79457
_17155_, 360.52, 372.64, 1.79457
_17161_, 360.52, 372.64, 1.79457
_19215_, 360.52, 372.64, 1.79457
FILLER_0_133_767, 360.52, 372.64, 1.79457
FILLER_0_133_780, 360.52, 372.64, 1.79457
_12931_, 360.52, 367.2, 1.79455
hold13, 360.52, 367.2, 1.79455
hold333, 360.52, 367.2, 1.79455
FILLER_0_130_765, 360.52, 367.2, 1.79455
FILLER_0_131_781, 360.52, 367.2, 1.79455
_15828_, 360.52, 361.76, 1.79453
_15862_, 360.52, 361.76, 1.79453
_19249_, 360.52, 361.76, 1.79453
hold111, 360.52, 361.76, 1.79453
hold281, 360.52, 361.76, 1.79453
FILLER_0_130_773, 360.52, 361.76, 1.79453
_15823_, 360.52, 356.32, 1.79451
_15833_, 360.52, 356.32, 1.79451
_19248_, 360.52, 356.32, 1.79451
FILLER_0_127_773, 360.52, 356.32, 1.79451
FILLER_0_127_785, 360.52, 356.32, 1.79451
FILLER_0_128_781, 360.52, 356.32, 1.79451
_15792_, 360.52, 350.88, 1.79424
_15827_, 360.52, 350.88, 1.79424
_15832_, 360.52, 350.88, 1.79424
clkbuf_leaf_114_i_clk, 360.52, 350.88, 1.79424
FILLER_0_125_775, 360.52, 350.88, 1.79424
_15790_, 360.52, 345.44, 1.79397
_15797_, 360.52, 345.44, 1.79397
_15807_, 360.52, 345.44, 1.79397
_15829_, 360.52, 345.44, 1.79397
_15830_, 360.52, 345.44, 1.79397
_15855_, 360.52, 345.44, 1.79397
_15788_, 360.52, 340, 1.79443
_15848_, 360.52, 340, 1.79443
_15854_, 360.52, 340, 1.79443
FILLER_0_121_774, 360.52, 340, 1.79443
_15716_, 360.52, 334.56, 1.7943
_15841_, 360.52, 334.56, 1.7943
_15842_, 360.52, 334.56, 1.7943
_15843_, 360.52, 334.56, 1.7943
_15860_, 360.52, 334.56, 1.7943
_15861_, 360.52, 334.56, 1.7943
_15864_, 360.52, 334.56, 1.7943
FILLER_0_118_762, 360.52, 334.56, 1.7943
FILLER_0_119_766, 360.52, 334.56, 1.7943
_15723_, 360.52, 329.12, 1.79449
_15724_, 360.52, 329.12, 1.79449
_15815_, 360.52, 329.12, 1.79449
_15836_, 360.52, 329.12, 1.79449
_15856_, 360.52, 329.12, 1.79449
FILLER_0_117_762, 360.52, 329.12, 1.79449
_15721_, 360.52, 323.68, 1.79467
_15813_, 360.52, 323.68, 1.79467
_15814_, 360.52, 323.68, 1.79467
_15847_, 360.52, 323.68, 1.79467
FILLER_0_115_775, 360.52, 323.68, 1.79467
FILLER_0_115_785, 360.52, 323.68, 1.79467
_15632_, 360.52, 318.24, 1.79475
_15791_, 360.52, 318.24, 1.79475
_15821_, 360.52, 318.24, 1.79475
_15840_, 360.52, 318.24, 1.79475
_15846_, 360.52, 318.24, 1.79475
FILLER_0_113_769, 360.52, 318.24, 1.79475
FILLER_0_114_774, 360.52, 318.24, 1.79475
_15774_, 360.52, 312.8, 1.79488
_15853_, 360.52, 312.8, 1.79488
FILLER_0_110_765, 360.52, 312.8, 1.79488
FILLER_0_111_760, 360.52, 312.8, 1.79488
FILLER_0_111_785, 360.52, 312.8, 1.79488
_15669_, 360.52, 307.36, 1.795
_15670_, 360.52, 307.36, 1.795
_15796_, 360.52, 307.36, 1.795
_15801_, 360.52, 307.36, 1.795
FILLER_0_109_765, 360.52, 307.36, 1.795
FILLER_0_109_773, 360.52, 307.36, 1.795
_15660_, 360.52, 301.92, 1.79509
_15826_, 360.52, 301.92, 1.79509
_15649_, 360.52, 296.48, 1.79531
_15659_, 360.52, 296.48, 1.79531
FILLER_0_105_775, 360.52, 296.48, 1.79531
FILLER_0_106_777, 360.52, 296.48, 1.79531
_15648_, 360.52, 291.04, 1.79541
_15692_, 360.52, 291.04, 1.79541
FILLER_0_103_785, 360.52, 291.04, 1.79541
_15611_, 360.52, 285.6, 1.79555
_15635_, 360.52, 285.6, 1.79555
_15639_, 360.52, 285.6, 1.79555
_15630_, 360.52, 280.16, 1.79574
_15631_, 360.52, 280.16, 1.79574
_15620_, 360.52, 274.72, 1.79598
_15629_, 360.52, 274.72, 1.79598
_15662_, 360.52, 274.72, 1.79598
FILLER_0_97_779, 360.52, 274.72, 1.79598
_15621_, 360.52, 269.28, 1.79626
FILLER_0_95_776, 360.52, 269.28, 1.79626
_15602_, 360.52, 263.84, 1.79641
_15603_, 360.52, 263.84, 1.79641
FILLER_0_93_781, 360.52, 263.84, 1.79641
_15625_, 360.52, 258.4, 1.79663
_15626_, 360.52, 258.4, 1.79663
_15628_, 360.52, 258.4, 1.79663
FILLER_0_91_785, 360.52, 258.4, 1.79663
_11009_, 360.52, 252.96, 1.7969
_15658_, 360.52, 252.96, 1.7969
ANTENNA_90, 360.52, 252.96, 1.7969
FILLER_0_89_779, 360.52, 252.96, 1.7969
_10984_, 360.52, 247.52, 1.79715
_15647_, 360.52, 247.52, 1.79715
_15657_, 360.52, 247.52, 1.79715
FILLER_0_86_765, 360.52, 247.52, 1.79715
FILLER_0_87_766, 360.52, 247.52, 1.79715
FILLER_0_87_780, 360.52, 247.52, 1.79715
_10746_, 360.52, 242.08, 1.79741
FILLER_0_85_785, 360.52, 242.08, 1.79741
_11033_, 360.52, 236.64, 1.79737
_11077_, 360.52, 236.64, 1.79737
_19257_, 360.52, 236.64, 1.79737
max_cap86, 360.52, 236.64, 1.79737
FILLER_0_83_785, 360.52, 236.64, 1.79737
_10932_, 360.52, 231.2, 1.79731
_15624_, 360.52, 231.2, 1.79731
max_cap77, 360.52, 231.2, 1.79731
FILLER_0_81_779, 360.52, 231.2, 1.79731
FILLER_0_82_779, 360.52, 231.2, 1.79731
_10957_, 360.52, 225.76, 1.79725
_18009_, 360.52, 225.76, 1.79725
_19260_, 360.52, 225.76, 1.79725
FILLER_0_79_780, 360.52, 225.76, 1.79725
FILLER_0_80_772, 360.52, 225.76, 1.79725
_10887_, 360.52, 220.32, 1.79715
_10910_, 360.52, 220.32, 1.79715
_10911_, 360.52, 220.32, 1.79715
_10912_, 360.52, 220.32, 1.79715
max_cap71, 360.52, 220.32, 1.79715
max_cap79, 360.52, 220.32, 1.79715
FILLER_0_77_776, 360.52, 220.32, 1.79715
_10210_, 360.52, 214.88, 1.7971
_10886_, 360.52, 214.88, 1.7971
_19580_, 360.52, 214.88, 1.7971
FILLER_0_76_781, 360.52, 214.88, 1.7971
_10786_, 360.52, 209.44, 1.79706
_18011_, 360.52, 209.44, 1.79706
FILLER_0_73_776, 360.52, 209.44, 1.79706
_10742_, 360.52, 204, 1.79701
_10743_, 360.52, 204, 1.79701
_10787_, 360.52, 204, 1.79701
_15878_, 360.52, 204, 1.79701
_18015_, 360.52, 204, 1.79701
max_cap87, 360.52, 204, 1.79701
_10741_, 360.52, 198.56, 1.79701
_10854_, 360.52, 198.56, 1.79701
max_cap81, 360.52, 198.56, 1.79701
FILLER_0_69_776, 360.52, 198.56, 1.79701
FILLER_0_70_774, 360.52, 198.56, 1.79701
_10827_, 360.52, 193.12, 1.79697
_10828_, 360.52, 193.12, 1.79697
_15617_, 360.52, 193.12, 1.79697
clkbuf_4_11__f_i_clk, 360.52, 193.12, 1.79697
_10855_, 360.52, 187.68, 1.79698
_17219_, 360.52, 187.68, 1.79698
_18012_, 360.52, 187.68, 1.79698
_18013_, 360.52, 187.68, 1.79698
_19267_, 360.52, 187.68, 1.79698
_19581_, 360.52, 187.68, 1.79698
FILLER_0_65_779, 360.52, 187.68, 1.79698
_19266_, 360.52, 182.24, 1.79697
FILLER_0_63_774, 360.52, 182.24, 1.79697
FILLER_0_64_775, 360.52, 182.24, 1.79697
_13822_, 360.52, 176.8, 1.79697
_14336_, 360.52, 176.8, 1.79697
_16566_, 360.52, 176.8, 1.79697
_18680_, 360.52, 176.8, 1.79697
FILLER_0_61_764, 360.52, 176.8, 1.79697
FILLER_0_61_773, 360.52, 176.8, 1.79697
FILLER_0_61_780, 360.52, 176.8, 1.79697
FILLER_0_62_784, 360.52, 176.8, 1.79697
_13821_, 360.52, 171.36, 1.79698
_13960_, 360.52, 171.36, 1.79698
_13961_, 360.52, 171.36, 1.79698
_16814_, 360.52, 171.36, 1.79698
_09236_, 360.52, 165.92, 1.79698
_14335_, 360.52, 165.92, 1.79698
_14611_, 360.52, 165.92, 1.79698
FILLER_0_57_776, 360.52, 165.92, 1.79698
_09237_, 360.52, 160.48, 1.79698
_11475_, 360.52, 160.48, 1.79698
_14610_, 360.52, 160.48, 1.79698
_16423_, 360.52, 160.48, 1.79698
FILLER_0_55_781, 360.52, 160.48, 1.79698
FILLER_0_56_783, 360.52, 160.48, 1.79698
_09230_, 360.52, 155.04, 1.79699
_11476_, 360.52, 155.04, 1.79699
_16565_, 360.52, 155.04, 1.79699
FILLER_0_52_763, 360.52, 155.04, 1.79699
FILLER_0_53_779, 360.52, 155.04, 1.79699
_13964_, 360.52, 149.6, 1.79699
_14338_, 360.52, 149.6, 1.79699
_16413_, 360.52, 149.6, 1.79699
_16556_, 360.52, 149.6, 1.79699
_18679_, 360.52, 149.6, 1.79699
_18839_, 360.52, 149.6, 1.79699
FILLER_0_51_767, 360.52, 149.6, 1.79699
FILLER_0_51_775, 360.52, 149.6, 1.79699
_14337_, 360.52, 144.16, 1.79701
FILLER_0_49_777, 360.52, 144.16, 1.79701
FILLER_0_50_772, 360.52, 144.16, 1.79701
_13838_, 360.52, 138.72, 1.79701
_16806_, 360.52, 138.72, 1.79701
_18896_, 360.52, 138.72, 1.79701
FILLER_0_46_765, 360.52, 138.72, 1.79701
FILLER_0_47_762, 360.52, 138.72, 1.79701
FILLER_0_47_770, 360.52, 138.72, 1.79701
FILLER_0_47_776, 360.52, 138.72, 1.79701
FILLER_0_47_785, 360.52, 138.72, 1.79701
_09447_, 360.52, 133.28, 1.79702
_14626_, 360.52, 133.28, 1.79702
_14627_, 360.52, 133.28, 1.79702
_18544_, 360.52, 133.28, 1.79702
_09448_, 360.52, 127.84, 1.79703
_11684_, 360.52, 127.84, 1.79703
_13837_, 360.52, 127.84, 1.79703
_16414_, 360.52, 127.84, 1.79703
FILLER_0_42_766, 360.52, 127.84, 1.79703
FILLER_0_43_761, 360.52, 127.84, 1.79703
FILLER_0_43_769, 360.52, 127.84, 1.79703
FILLER_0_43_779, 360.52, 127.84, 1.79703
_11685_, 360.52, 122.4, 1.79704
_16557_, 360.52, 122.4, 1.79704
_16734_, 360.52, 122.4, 1.79704
_18832_, 360.52, 122.4, 1.79704
FILLER_0_41_780, 360.52, 122.4, 1.79704
FILLER_0_41_785, 360.52, 122.4, 1.79704
_13984_, 360.52, 116.96, 1.79705
_13985_, 360.52, 116.96, 1.79705
_16708_, 360.52, 116.96, 1.79705
FILLER_0_39_778, 360.52, 116.96, 1.79705
FILLER_0_39_785, 360.52, 116.96, 1.79705
_11486_, 360.52, 111.52, 1.79706
_14076_, 360.52, 111.52, 1.79706
hold434, 360.52, 111.52, 1.79706
FILLER_0_37_777, 360.52, 111.52, 1.79706
_09246_, 360.52, 106.08, 1.79706
_14077_, 360.52, 106.08, 1.79706
_14147_, 360.52, 106.08, 1.79706
_18768_, 360.52, 106.08, 1.79706
_18800_, 360.52, 106.08, 1.79706
FILLER_0_34_771, 360.52, 106.08, 1.79706
FILLER_0_35_773, 360.52, 106.08, 1.79706
_16921_, 360.52, 100.64, 1.79707
clkbuf_leaf_138_i_clk, 360.52, 100.64, 1.79707
FILLER_0_33_778, 360.52, 100.64, 1.79707
_13634_, 360.52, 95.2, 1.79708
_16992_, 360.52, 95.2, 1.79708
_18992_, 360.52, 95.2, 1.79708
FILLER_0_30_769, 360.52, 95.2, 1.79708
FILLER_0_31_772, 360.52, 95.2, 1.79708
FILLER_0_32_777, 360.52, 95.2, 1.79708
_09065_, 360.52, 89.76, 1.79709
_13495_, 360.52, 89.76, 1.79709
_13496_, 360.52, 89.76, 1.79709
_19056_, 360.52, 89.76, 1.79709
FILLER_0_29_776, 360.52, 89.76, 1.79709
_09064_, 360.52, 84.32, 1.7971
_11519_, 360.52, 84.32, 1.7971
_14199_, 360.52, 84.32, 1.7971
ANTENNA_140, 360.52, 84.32, 1.7971
_09279_, 360.52, 78.88, 1.7971
_09280_, 360.52, 78.88, 1.7971
_14542_, 360.52, 78.88, 1.7971
_18584_, 360.52, 78.88, 1.7971
_11518_, 360.52, 73.44, 1.79711
_13891_, 360.52, 73.44, 1.79711
_14200_, 360.52, 73.44, 1.79711
_16636_, 360.52, 73.44, 1.79711
_18872_, 360.52, 73.44, 1.79711
_13890_, 360.52, 68, 1.79712
_16769_, 360.52, 68, 1.79712
_16779_, 360.52, 68, 1.79712
FILLER_0_21_777, 360.52, 68, 1.79712
_14559_, 360.52, 62.56, 1.79712
_16451_, 360.52, 62.56, 1.79712
_18576_, 360.52, 62.56, 1.79712
FILLER_0_18_764, 360.52, 62.56, 1.79712
FILLER_0_19_761, 360.52, 62.56, 1.79712
_09457_, 360.52, 57.12, 1.79713
_11694_, 360.52, 57.12, 1.79713
_14215_, 360.52, 57.12, 1.79713
_14216_, 360.52, 57.12, 1.79713
_14558_, 360.52, 57.12, 1.79713
FILLER_0_17_765, 360.52, 57.12, 1.79713
FILLER_0_17_773, 360.52, 57.12, 1.79713
FILLER_0_18_783, 360.52, 57.12, 1.79713
_09456_, 360.52, 51.68, 1.79713
_11693_, 360.52, 51.68, 1.79713
_18736_, 360.52, 51.68, 1.79713
clkbuf_leaf_141_i_clk, 360.52, 51.68, 1.79713
FILLER_0_15_780, 360.52, 51.68, 1.79713
FILLER_0_15_785, 360.52, 51.68, 1.79713
_09096_, 360.52, 46.24, 1.79715
_16628_, 360.52, 46.24, 1.79715
FILLER_0_13_780, 360.52, 46.24, 1.79715
FILLER_0_13_785, 360.52, 46.24, 1.79715
FILLER_0_14_784, 360.52, 46.24, 1.79715
_13906_, 360.52, 40.8, 1.79714
_13907_, 360.52, 40.8, 1.79714
_16770_, 360.52, 40.8, 1.79714
_18864_, 360.52, 40.8, 1.79714
_19650_, 360.52, 40.8, 1.79714
_09097_, 360.52, 35.36, 1.79715
_18096_, 360.52, 35.36, 1.79715
FILLER_0_9_762, 360.52, 35.36, 1.79715
FILLER_0_9_773, 360.52, 35.36, 1.79715
FILLER_0_9_780, 360.52, 35.36, 1.79715
_18645_, 360.52, 29.92, 1.79715
FILLER_0_7_779, 360.52, 29.92, 1.79715
FILLER_0_7_785, 360.52, 29.92, 1.79715
_14411_, 360.52, 24.48, 1.79715
_16523_, 360.52, 24.48, 1.79715
_16524_, 360.52, 24.48, 1.79715
_16526_, 360.52, 24.48, 1.79715
clkbuf_leaf_142_i_clk, 360.52, 24.48, 1.79715
FILLER_0_5_780, 360.52, 24.48, 1.79715
FILLER_0_3_773, 360.52, 19.04, 1.79717
FILLER_0_3_781, 360.52, 19.04, 1.79717
output29, 360.52, 13.6, 1.79717
ANTENNA_75, 360.52, 13.6, 1.79717
FILLER_0_0_781, 360.52, 13.6, 1.79717
FILLER_0_1_773, 360.52, 13.6, 1.79717
FILLER_0_1_781, 360.52, 13.6, 1.79717
hold303, 335.52, 486.88, 1.79466
hold353, 335.52, 486.88, 1.79466
_13060_, 335.52, 481.44, 1.79465
_19178_, 335.52, 481.44, 1.79465
_19180_, 335.52, 481.44, 1.79465
hold352, 335.52, 481.44, 1.79465
FILLER_0_173_725, 335.52, 481.44, 1.79465
FILLER_0_174_725, 335.52, 481.44, 1.79465
_17119_, 335.52, 476, 1.79465
_19179_, 335.52, 476, 1.79465
hold310, 335.52, 476, 1.79465
FILLER_0_170_708, 335.52, 476, 1.79465
_12511_, 335.52, 470.56, 1.79466
FILLER_0_168_707, 335.52, 470.56, 1.79466
FILLER_0_169_718, 335.52, 470.56, 1.79466
FILLER_0_169_729, 335.52, 470.56, 1.79466
_12453_, 335.52, 465.12, 1.79466
_12454_, 335.52, 465.12, 1.79466
_12455_, 335.52, 465.12, 1.79466
_12456_, 335.52, 465.12, 1.79466
_12457_, 335.52, 465.12, 1.79466
_12458_, 335.52, 465.12, 1.79466
_12510_, 335.52, 465.12, 1.79466
_12515_, 335.52, 465.12, 1.79466
_12516_, 335.52, 465.12, 1.79466
FILLER_0_168_718, 335.52, 465.12, 1.79466
FILLER_0_168_727, 335.52, 465.12, 1.79466
_12452_, 335.52, 459.68, 1.79466
_12459_, 335.52, 459.68, 1.79466
_12460_, 335.52, 459.68, 1.79466
_12463_, 335.52, 459.68, 1.79466
_12506_, 335.52, 459.68, 1.79466
hold223, 335.52, 459.68, 1.79466
FILLER_0_165_707, 335.52, 459.68, 1.79466
FILLER_0_166_721, 335.52, 459.68, 1.79466
FILLER_0_166_730, 335.52, 459.68, 1.79466
_12513_, 335.52, 454.24, 1.79466
_12514_, 335.52, 454.24, 1.79466
_17369_, 335.52, 454.24, 1.79466
_19342_, 335.52, 454.24, 1.79466
hold226, 335.52, 454.24, 1.79466
FILLER_0_162_709, 335.52, 454.24, 1.79466
FILLER_0_163_715, 335.52, 454.24, 1.79466
_12620_, 335.52, 448.8, 1.79466
_17370_, 335.52, 448.8, 1.79466
_17371_, 335.52, 448.8, 1.79466
_19343_, 335.52, 448.8, 1.79466
FILLER_0_160_713, 335.52, 448.8, 1.79466
FILLER_0_161_720, 335.52, 448.8, 1.79466
FILLER_0_162_721, 335.52, 448.8, 1.79466
_19346_, 335.52, 443.36, 1.79467
hold225, 335.52, 443.36, 1.79467
hold299, 335.52, 443.36, 1.79467
FILLER_0_159_707, 335.52, 443.36, 1.79467
_17373_, 335.52, 437.92, 1.79467
_17374_, 335.52, 437.92, 1.79467
FILLER_0_157_729, 335.52, 437.92, 1.79467
FILLER_0_158_730, 335.52, 437.92, 1.79467
_12739_, 335.52, 432.48, 1.79467
clkbuf_leaf_93_i_clk, 335.52, 432.48, 1.79467
FILLER_0_154_713, 335.52, 432.48, 1.79467
_12976_, 335.52, 427.04, 1.79467
_12977_, 335.52, 427.04, 1.79467
_12983_, 335.52, 427.04, 1.79467
_12984_, 335.52, 427.04, 1.79467
hold336, 335.52, 427.04, 1.79467
FILLER_0_153_708, 335.52, 427.04, 1.79467
FILLER_0_153_719, 335.52, 427.04, 1.79467
_12738_, 335.52, 421.6, 1.79468
_17375_, 335.52, 421.6, 1.79468
FILLER_0_150_713, 335.52, 421.6, 1.79468
FILLER_0_151_724, 335.52, 421.6, 1.79468
_12736_, 335.52, 416.16, 1.79467
_12737_, 335.52, 416.16, 1.79467
_12756_, 335.52, 416.16, 1.79467
_12765_, 335.52, 416.16, 1.79467
hold235, 335.52, 416.16, 1.79467
_12734_, 335.52, 410.72, 1.79468
_12766_, 335.52, 410.72, 1.79468
_17338_, 335.52, 410.72, 1.79468
FILLER_0_147_715, 335.52, 410.72, 1.79468
FILLER_0_148_728, 335.52, 410.72, 1.79468
_12763_, 335.52, 405.28, 1.79468
_12770_, 335.52, 405.28, 1.79468
_17095_, 335.52, 405.28, 1.79468
_19237_, 335.52, 405.28, 1.79468
FILLER_0_145_709, 335.52, 405.28, 1.79468
FILLER_0_146_722, 335.52, 405.28, 1.79468
_12764_, 335.52, 399.84, 1.79469
_12978_, 335.52, 399.84, 1.79469
_17184_, 335.52, 399.84, 1.79469
FILLER_0_142_710, 335.52, 399.84, 1.79469
FILLER_0_143_717, 335.52, 399.84, 1.79469
_12986_, 335.52, 394.4, 1.79469
_12987_, 335.52, 394.4, 1.79469
_17127_, 335.52, 394.4, 1.79469
_17182_, 335.52, 394.4, 1.79469
_19236_, 335.52, 394.4, 1.79469
hold450, 335.52, 394.4, 1.79469
FILLER_0_140_714, 335.52, 394.4, 1.79469
FILLER_0_141_707, 335.52, 394.4, 1.79469
_12945_, 335.52, 388.96, 1.7947
_12979_, 335.52, 388.96, 1.7947
_12980_, 335.52, 388.96, 1.7947
_17151_, 335.52, 388.96, 1.7947
_19207_, 335.52, 388.96, 1.7947
FILLER_0_138_713, 335.52, 388.96, 1.7947
FILLER_0_139_729, 335.52, 388.96, 1.7947
FILLER_0_140_726, 335.52, 388.96, 1.7947
_17152_, 335.52, 383.52, 1.7947
_19208_, 335.52, 383.52, 1.7947
hold452, 335.52, 383.52, 1.7947
_12762_, 335.52, 378.08, 1.7947
_12973_, 335.52, 378.08, 1.7947
_12992_, 335.52, 378.08, 1.7947
_17153_, 335.52, 378.08, 1.7947
hold449, 335.52, 378.08, 1.7947
FILLER_0_134_704, 335.52, 378.08, 1.7947
FILLER_0_135_706, 335.52, 378.08, 1.7947
FILLER_0_136_725, 335.52, 378.08, 1.7947
_12972_, 335.52, 372.64, 1.79471
_12991_, 335.52, 372.64, 1.79471
_17150_, 335.52, 372.64, 1.79471
_19206_, 335.52, 372.64, 1.79471
_19209_, 335.52, 372.64, 1.79471
_17368_, 335.52, 367.2, 1.79472
FILLER_0_131_729, 335.52, 367.2, 1.79472
FILLER_0_132_728, 335.52, 367.2, 1.79472
_17189_, 335.52, 361.76, 1.79471
_17190_, 335.52, 361.76, 1.79471
_17994_, 335.52, 361.76, 1.79471
_19243_, 335.52, 361.76, 1.79471
_19246_, 335.52, 361.76, 1.79471
FILLER_0_128_709, 335.52, 361.76, 1.79471
FILLER_0_129_704, 335.52, 361.76, 1.79471
FILLER_0_129_717, 335.52, 361.76, 1.79471
_11213_, 335.52, 356.32, 1.79472
_11214_, 335.52, 356.32, 1.79472
hold104, 335.52, 356.32, 1.79472
_19241_, 335.52, 350.88, 1.79467
_19245_, 335.52, 350.88, 1.79467
hold250, 335.52, 350.88, 1.79467
FILLER_0_125_719, 335.52, 350.88, 1.79467
FILLER_0_126_719, 335.52, 350.88, 1.79467
_17192_, 335.52, 345.44, 1.79457
_19244_, 335.52, 345.44, 1.79457
hold106, 335.52, 345.44, 1.79457
FILLER_0_123_706, 335.52, 345.44, 1.79457
FILLER_0_123_714, 335.52, 345.44, 1.79457
FILLER_0_123_720, 335.52, 345.44, 1.79457
FILLER_0_123_729, 335.52, 345.44, 1.79457
_10401_, 335.52, 340, 1.79472
_11281_, 335.52, 340, 1.79472
_17191_, 335.52, 340, 1.79472
wire1, 335.52, 340, 1.79472
_10322_, 335.52, 334.56, 1.79475
_10349_, 335.52, 334.56, 1.79475
_10350_, 335.52, 334.56, 1.79475
_19250_, 335.52, 334.56, 1.79475
_19251_, 335.52, 334.56, 1.79475
FILLER_0_119_722, 335.52, 334.56, 1.79475
FILLER_0_120_722, 335.52, 334.56, 1.79475
_10221_, 335.52, 329.12, 1.79486
_10321_, 335.52, 329.12, 1.79486
_11315_, 335.52, 329.12, 1.79486
_11316_, 335.52, 329.12, 1.79486
_15725_, 335.52, 329.12, 1.79486
_10345_, 335.52, 323.68, 1.79494
_15786_, 335.52, 323.68, 1.79494
_15787_, 335.52, 323.68, 1.79494
_19238_, 335.52, 323.68, 1.79494
FILLER_0_115_708, 335.52, 323.68, 1.79494
FILLER_0_116_719, 335.52, 323.68, 1.79494
_10344_, 335.52, 318.24, 1.79506
_11299_, 335.52, 318.24, 1.79506
_15722_, 335.52, 318.24, 1.79506
FILLER_0_113_710, 335.52, 318.24, 1.79506
FILLER_0_113_721, 335.52, 318.24, 1.79506
_11298_, 335.52, 312.8, 1.79512
_15757_, 335.52, 312.8, 1.79512
_17186_, 335.52, 312.8, 1.79512
_17989_, 335.52, 312.8, 1.79512
_19239_, 335.52, 312.8, 1.79512
FILLER_0_111_717, 335.52, 312.8, 1.79512
_15776_, 335.52, 307.36, 1.79525
clkbuf_leaf_115_i_clk, 335.52, 307.36, 1.79525
FILLER_0_109_721, 335.52, 307.36, 1.79525
_11195_, 335.52, 301.92, 1.79534
_11197_, 335.52, 301.92, 1.79534
_11198_, 335.52, 301.92, 1.79534
_19240_, 335.52, 301.92, 1.79534
hold404, 335.52, 301.92, 1.79534
_11194_, 335.52, 296.48, 1.79548
_11354_, 335.52, 296.48, 1.79548
_17995_, 335.52, 296.48, 1.79548
_19566_, 335.52, 296.48, 1.79548
ANTENNA_36, 335.52, 296.48, 1.79548
FILLER_0_104_707, 335.52, 296.48, 1.79548
_10414_, 335.52, 291.04, 1.79558
_17714_, 335.52, 291.04, 1.79558
FILLER_0_103_724, 335.52, 291.04, 1.79558
_10220_, 335.52, 285.6, 1.7957
_10312_, 335.52, 285.6, 1.7957
_11176_, 335.52, 285.6, 1.7957
_17716_, 335.52, 285.6, 1.7957
_19567_, 335.52, 285.6, 1.7957
FILLER_0_100_712, 335.52, 285.6, 1.7957
FILLER_0_101_713, 335.52, 285.6, 1.7957
_10313_, 335.52, 280.16, 1.79584
_10423_, 335.52, 280.16, 1.79584
_11157_, 335.52, 280.16, 1.79584
_17715_, 335.52, 280.16, 1.79584
_19568_, 335.52, 280.16, 1.79584
ANTENNA_59, 335.52, 280.16, 1.79584
ANTENNA_80, 335.52, 280.16, 1.79584
FILLER_0_98_704, 335.52, 280.16, 1.79584
FILLER_0_98_713, 335.52, 280.16, 1.79584
FILLER_0_99_707, 335.52, 280.16, 1.79584
_10363_, 335.52, 274.72, 1.79599
_10424_, 335.52, 274.72, 1.79599
_11135_, 335.52, 274.72, 1.79599
FILLER_0_97_722, 335.52, 274.72, 1.79599
FILLER_0_98_727, 335.52, 274.72, 1.79599
_10224_, 335.52, 269.28, 1.79614
_10303_, 335.52, 269.28, 1.79614
_10304_, 335.52, 269.28, 1.79614
_10364_, 335.52, 269.28, 1.79614
_10297_, 335.52, 263.84, 1.79629
_10298_, 335.52, 263.84, 1.79629
_10368_, 335.52, 263.84, 1.79629
_17984_, 335.52, 263.84, 1.79629
_17998_, 335.52, 263.84, 1.79629
FILLER_0_93_707, 335.52, 263.84, 1.79629
_10369_, 335.52, 258.4, 1.79647
_19570_, 335.52, 258.4, 1.79647
hold369, 335.52, 258.4, 1.79647
ANTENNA_86, 335.52, 258.4, 1.79647
FILLER_0_91_709, 335.52, 258.4, 1.79647
FILLER_0_91_723, 335.52, 258.4, 1.79647
FILLER_0_92_718, 335.52, 258.4, 1.79647
_10284_, 335.52, 252.96, 1.79663
_10285_, 335.52, 252.96, 1.79663
_10370_, 335.52, 252.96, 1.79663
ANTENNA_89, 335.52, 252.96, 1.79663
FILLER_0_89_720, 335.52, 252.96, 1.79663
FILLER_0_89_729, 335.52, 252.96, 1.79663
_10271_, 335.52, 247.52, 1.79681
_10272_, 335.52, 247.52, 1.79681
_10278_, 335.52, 247.52, 1.79681
_10548_, 335.52, 247.52, 1.79681
FILLER_0_87_712, 335.52, 247.52, 1.79681
FILLER_0_87_723, 335.52, 247.52, 1.79681
FILLER_0_88_723, 335.52, 247.52, 1.79681
_10449_, 335.52, 242.08, 1.79697
_10464_, 335.52, 242.08, 1.79697
_10618_, 335.52, 242.08, 1.79697
_11056_, 335.52, 242.08, 1.79697
_11057_, 335.52, 242.08, 1.79697
_17245_, 335.52, 242.08, 1.79697
_19573_, 335.52, 242.08, 1.79697
FILLER_0_85_711, 335.52, 242.08, 1.79697
FILLER_0_85_725, 335.52, 242.08, 1.79697
FILLER_0_86_722, 335.52, 242.08, 1.79697
_10279_, 335.52, 236.64, 1.79698
_10481_, 335.52, 236.64, 1.79698
wire80, 335.52, 236.64, 1.79698
clkbuf_leaf_122_i_clk, 335.52, 236.64, 1.79698
_10440_, 335.52, 231.2, 1.79697
_10453_, 335.52, 231.2, 1.79697
_10454_, 335.52, 231.2, 1.79697
_10480_, 335.52, 231.2, 1.79697
_10482_, 335.52, 231.2, 1.79697
FILLER_0_81_706, 335.52, 231.2, 1.79697
FILLER_0_81_723, 335.52, 231.2, 1.79697
_10223_, 335.52, 225.76, 1.79697
_10441_, 335.52, 225.76, 1.79697
_10472_, 335.52, 225.76, 1.79697
FILLER_0_79_706, 335.52, 225.76, 1.79697
_10222_, 335.52, 220.32, 1.79694
_10257_, 335.52, 220.32, 1.79694
_10258_, 335.52, 220.32, 1.79694
_10465_, 335.52, 220.32, 1.79694
_17238_, 335.52, 220.32, 1.79694
FILLER_0_77_718, 335.52, 220.32, 1.79694
FILLER_0_77_729, 335.52, 220.32, 1.79694
FILLER_0_78_725, 335.52, 220.32, 1.79694
_17236_, 335.52, 214.88, 1.79695
FILLER_0_76_723, 335.52, 214.88, 1.79695
_10205_, 335.52, 209.44, 1.79691
_10206_, 335.52, 209.44, 1.79691
_10219_, 335.52, 209.44, 1.79691
_10226_, 335.52, 209.44, 1.79691
_10249_, 335.52, 209.44, 1.79691
_17237_, 335.52, 209.44, 1.79691
max_cap82, 335.52, 209.44, 1.79691
FILLER_0_72_716, 335.52, 209.44, 1.79691
FILLER_0_73_720, 335.52, 209.44, 1.79691
_10011_, 335.52, 204, 1.79691
_10234_, 335.52, 204, 1.79691
_10242_, 335.52, 204, 1.79691
_10521_, 335.52, 204, 1.79691
FILLER_0_72_724, 335.52, 204, 1.79691
_10250_, 335.52, 198.56, 1.79694
_10251_, 335.52, 198.56, 1.79694
_10694_, 335.52, 198.56, 1.79694
FILLER_0_70_722, 335.52, 198.56, 1.79694
_09384_, 335.52, 193.12, 1.79694
_10243_, 335.52, 193.12, 1.79694
_10695_, 335.52, 193.12, 1.79694
_18016_, 335.52, 193.12, 1.79694
FILLER_0_67_723, 335.52, 193.12, 1.79694
FILLER_0_68_720, 335.52, 193.12, 1.79694
_19621_, 335.52, 187.68, 1.79695
hold97, 335.52, 187.68, 1.79695
hold183, 335.52, 187.68, 1.79695
_18061_, 335.52, 182.24, 1.79695
_19622_, 335.52, 182.24, 1.79695
clkbuf_leaf_124_i_clk, 335.52, 182.24, 1.79695
FILLER_0_62_713, 335.52, 182.24, 1.79695
FILLER_0_63_729, 335.52, 182.24, 1.79695
FILLER_0_64_721, 335.52, 182.24, 1.79695
_09372_, 335.52, 176.8, 1.79696
_09424_, 335.52, 176.8, 1.79696
_19619_, 335.52, 176.8, 1.79696
_19620_, 335.52, 176.8, 1.79696
FILLER_0_61_712, 335.52, 176.8, 1.79696
FILLER_0_62_721, 335.52, 176.8, 1.79696
_09444_, 335.52, 171.36, 1.79697
_13556_, 335.52, 171.36, 1.79697
_13557_, 335.52, 171.36, 1.79697
_16952_, 335.52, 171.36, 1.79697
_19028_, 335.52, 171.36, 1.79697
FILLER_0_60_721, 335.52, 171.36, 1.79697
FILLER_0_57_723, 335.52, 165.92, 1.79698
FILLER_0_57_729, 335.52, 165.92, 1.79698
_09352_, 335.52, 160.48, 1.79699
_11619_, 335.52, 160.48, 1.79699
_15536_, 335.52, 160.48, 1.79699
_16953_, 335.52, 160.48, 1.79699
_18132_, 335.52, 160.48, 1.79699
FILLER_0_55_725, 335.52, 160.48, 1.79699
FILLER_0_55_729, 335.52, 160.48, 1.79699
_09353_, 335.52, 155.04, 1.797
_09383_, 335.52, 155.04, 1.797
_11589_, 335.52, 155.04, 1.797
_11599_, 335.52, 155.04, 1.797
_18133_, 335.52, 155.04, 1.797
FILLER_0_52_713, 335.52, 155.04, 1.797
FILLER_0_53_724, 335.52, 155.04, 1.797
_09363_, 335.52, 149.6, 1.79702
_13558_, 335.52, 149.6, 1.79702
_13559_, 335.52, 149.6, 1.79702
FILLER_0_51_723, 335.52, 149.6, 1.79702
_11628_, 335.52, 144.16, 1.79703
_19027_, 335.52, 144.16, 1.79703
_11629_, 335.52, 138.72, 1.79703
_13840_, 335.52, 138.72, 1.79703
_16950_, 335.52, 138.72, 1.79703
_16951_, 335.52, 138.72, 1.79703
_18895_, 335.52, 138.72, 1.79703
clkbuf_leaf_154_i_clk, 335.52, 138.72, 1.79703
FILLER_0_46_704, 335.52, 138.72, 1.79703
FILLER_0_46_713, 335.52, 138.72, 1.79703
FILLER_0_47_720, 335.52, 138.72, 1.79703
_09403_, 335.52, 133.28, 1.79705
_11639_, 335.52, 133.28, 1.79705
_09393_, 335.52, 127.84, 1.79706
_13560_, 335.52, 127.84, 1.79706
_18131_, 335.52, 127.84, 1.79706
hold312, 335.52, 127.84, 1.79706
FILLER_0_43_713, 335.52, 127.84, 1.79706
FILLER_0_44_721, 335.52, 127.84, 1.79706
_09413_, 335.52, 122.4, 1.79707
_11649_, 335.52, 122.4, 1.79707
_11659_, 335.52, 122.4, 1.79707
_15540_, 335.52, 122.4, 1.79707
FILLER_0_40_712, 335.52, 122.4, 1.79707
FILLER_0_41_711, 335.52, 122.4, 1.79707
FILLER_0_42_722, 335.52, 122.4, 1.79707
_09423_, 335.52, 116.96, 1.79707
_09433_, 335.52, 116.96, 1.79707
_09443_, 335.52, 116.96, 1.79707
_14059_, 335.52, 116.96, 1.79707
_15542_, 335.52, 116.96, 1.79707
_15954_, 335.52, 116.96, 1.79707
_18130_, 335.52, 116.96, 1.79707
clkbuf_leaf_153_i_clk, 335.52, 116.96, 1.79707
FILLER_0_39_722, 335.52, 116.96, 1.79707
_14078_, 335.52, 111.52, 1.7971
_15541_, 335.52, 111.52, 1.7971
_18776_, 335.52, 111.52, 1.7971
hold331, 335.52, 111.52, 1.7971
FILLER_0_36_710, 335.52, 111.52, 1.7971
_14079_, 335.52, 106.08, 1.79711
_14541_, 335.52, 106.08, 1.79711
_18799_, 335.52, 106.08, 1.79711
FILLER_0_34_704, 335.52, 106.08, 1.79711
FILLER_0_34_712, 335.52, 106.08, 1.79711
FILLER_0_36_725, 335.52, 106.08, 1.79711
_14560_, 335.52, 100.64, 1.79711
_16698_, 335.52, 100.64, 1.79711
_18575_, 335.52, 100.64, 1.79711
FILLER_0_33_716, 335.52, 100.64, 1.79711
_13693_, 335.52, 95.2, 1.79713
_16348_, 335.52, 95.2, 1.79713
_18964_, 335.52, 95.2, 1.79713
hold395, 335.52, 95.2, 1.79713
FILLER_0_30_713, 335.52, 95.2, 1.79713
FILLER_0_31_719, 335.52, 95.2, 1.79713
_11618_, 335.52, 89.76, 1.79713
_13694_, 335.52, 89.76, 1.79713
_18735_, 335.52, 89.76, 1.79713
FILLER_0_28_709, 335.52, 89.76, 1.79713
FILLER_0_29_723, 335.52, 89.76, 1.79713
_09382_, 335.52, 84.32, 1.79714
hold357, 335.52, 84.32, 1.79714
FILLER_0_27_720, 335.52, 84.32, 1.79714
FILLER_0_27_729, 335.52, 84.32, 1.79714
_09355_, 335.52, 78.88, 1.79714
_11598_, 335.52, 78.88, 1.79714
_13692_, 335.52, 78.88, 1.79714
_18965_, 335.52, 78.88, 1.79714
clkbuf_leaf_140_i_clk, 335.52, 78.88, 1.79714
FILLER_0_25_717, 335.52, 78.88, 1.79714
FILLER_0_26_726, 335.52, 78.88, 1.79714
_09362_, 335.52, 73.44, 1.79715
_13691_, 335.52, 73.44, 1.79715
hold375, 335.52, 73.44, 1.79715
_13697_, 335.52, 68, 1.79717
_13698_, 335.52, 68, 1.79717
_18962_, 335.52, 68, 1.79717
FILLER_0_21_725, 335.52, 68, 1.79717
FILLER_0_22_722, 335.52, 68, 1.79717
_09395_, 335.52, 62.56, 1.79716
_09442_, 335.52, 62.56, 1.79716
_11631_, 335.52, 62.56, 1.79716
_11678_, 335.52, 62.56, 1.79716
_13696_, 335.52, 62.56, 1.79716
_13700_, 335.52, 62.56, 1.79716
_18961_, 335.52, 62.56, 1.79716
_18963_, 335.52, 62.56, 1.79716
_09422_, 335.52, 57.12, 1.79717
_11638_, 335.52, 57.12, 1.79717
_11658_, 335.52, 57.12, 1.79717
_13695_, 335.52, 57.12, 1.79717
FILLER_0_16_704, 335.52, 57.12, 1.79717
FILLER_0_16_712, 335.52, 57.12, 1.79717
FILLER_0_17_723, 335.52, 57.12, 1.79717
FILLER_0_18_721, 335.52, 57.12, 1.79717
_09441_, 335.52, 51.68, 1.79718
_11674_, 335.52, 51.68, 1.79718
_14860_, 335.52, 51.68, 1.79718
FILLER_0_15_729, 335.52, 51.68, 1.79718
_09381_, 335.52, 46.24, 1.79719
_09438_, 335.52, 46.24, 1.79719
_11614_, 335.52, 46.24, 1.79719
_16309_, 335.52, 46.24, 1.79719
_18449_, 335.52, 46.24, 1.79719
FILLER_0_13_729, 335.52, 46.24, 1.79719
_09378_, 335.52, 40.8, 1.79719
_11617_, 335.52, 40.8, 1.79719
_14854_, 335.52, 40.8, 1.79719
_14855_, 335.52, 40.8, 1.79719
_15333_, 335.52, 40.8, 1.79719
FILLER_0_10_714, 335.52, 40.8, 1.79719
_11637_, 335.52, 35.36, 1.7972
_18452_, 335.52, 35.36, 1.7972
FILLER_0_8_715, 335.52, 35.36, 1.7972
FILLER_0_9_725, 335.52, 35.36, 1.7972
_09361_, 335.52, 29.92, 1.7972
_09401_, 335.52, 29.92, 1.7972
_09418_, 335.52, 29.92, 1.7972
_11594_, 335.52, 29.92, 1.7972
_11597_, 335.52, 29.92, 1.7972
_11634_, 335.52, 29.92, 1.7972
_11654_, 335.52, 29.92, 1.7972
_11657_, 335.52, 29.92, 1.7972
_09358_, 335.52, 24.48, 1.7972
_09398_, 335.52, 24.48, 1.7972
FILLER_0_4_716, 335.52, 24.48, 1.7972
FILLER_0_5_718, 335.52, 24.48, 1.7972
_14852_, 335.52, 19.04, 1.79721
_14853_, 335.52, 19.04, 1.79721
_15337_, 335.52, 19.04, 1.79721
_18453_, 335.52, 19.04, 1.79721
FILLER_0_3_722, 335.52, 19.04, 1.79721
FILLER_0_4_729, 335.52, 19.04, 1.79721
_14856_, 335.52, 13.6, 1.79721
_14857_, 335.52, 13.6, 1.79721
_14858_, 335.52, 13.6, 1.79721
_14859_, 335.52, 13.6, 1.79721
_18450_, 335.52, 13.6, 1.79721
_18451_, 335.52, 13.6, 1.79721
FILLER_0_0_716, 335.52, 13.6, 1.79721
FILLER_0_1_707, 335.52, 13.6, 1.79721
FILLER_0_1_715, 335.52, 13.6, 1.79721
_12418_, 310.52, 486.88, 1.79473
_17117_, 310.52, 486.88, 1.79473
FILLER_0_174_656, 310.52, 486.88, 1.79473
_12416_, 310.52, 481.44, 1.79471
_13057_, 310.52, 481.44, 1.79471
_19177_, 310.52, 481.44, 1.79471
output27, 310.52, 481.44, 1.79471
hold275, 310.52, 481.44, 1.79471
FILLER_0_173_673, 310.52, 481.44, 1.79471
FILLER_0_174_673, 310.52, 481.44, 1.79471
_12417_, 310.52, 476, 1.79472
_12419_, 310.52, 476, 1.79472
_12422_, 310.52, 476, 1.79472
_13062_, 310.52, 476, 1.79472
_17118_, 310.52, 476, 1.79472
hold276, 310.52, 476, 1.79472
FILLER_0_171_676, 310.52, 476, 1.79472
_13055_, 310.52, 470.56, 1.79472
_17126_, 310.52, 470.56, 1.79472
_19183_, 310.52, 470.56, 1.79472
hold133, 310.52, 470.56, 1.79472
FILLER_0_169_668, 310.52, 470.56, 1.79472
FILLER_0_169_673, 310.52, 470.56, 1.79472
FILLER_0_170_664, 310.52, 470.56, 1.79472
_13042_, 310.52, 465.12, 1.79472
_13049_, 310.52, 465.12, 1.79472
_19184_, 310.52, 465.12, 1.79472
_19185_, 310.52, 465.12, 1.79472
hold199, 310.52, 465.12, 1.79472
FILLER_0_167_673, 310.52, 465.12, 1.79472
_13050_, 310.52, 459.68, 1.79473
_13051_, 310.52, 459.68, 1.79473
_13052_, 310.52, 459.68, 1.79473
_17116_, 310.52, 459.68, 1.79473
hold121, 310.52, 459.68, 1.79473
hold122, 310.52, 459.68, 1.79473
hold200, 310.52, 459.68, 1.79473
FILLER_0_164_658, 310.52, 459.68, 1.79473
_12503_, 310.52, 454.24, 1.79473
_17129_, 310.52, 454.24, 1.79473
_19345_, 310.52, 454.24, 1.79473
FILLER_0_163_668, 310.52, 454.24, 1.79473
FILLER_0_164_669, 310.52, 454.24, 1.79473
_12466_, 310.52, 448.8, 1.79472
_13048_, 310.52, 448.8, 1.79472
_17130_, 310.52, 448.8, 1.79472
hold147, 310.52, 448.8, 1.79472
hold204, 310.52, 448.8, 1.79472
FILLER_0_160_656, 310.52, 448.8, 1.79472
_12465_, 310.52, 443.36, 1.79474
_12501_, 310.52, 443.36, 1.79474
_13047_, 310.52, 443.36, 1.79474
_17131_, 310.52, 443.36, 1.79474
hold142, 310.52, 443.36, 1.79474
hold143, 310.52, 443.36, 1.79474
FILLER_0_158_658, 310.52, 443.36, 1.79474
FILLER_0_159_665, 310.52, 443.36, 1.79474
FILLER_0_160_674, 310.52, 443.36, 1.79474
_12467_, 310.52, 437.92, 1.79474
_13044_, 310.52, 437.92, 1.79474
_13045_, 310.52, 437.92, 1.79474
_13046_, 310.52, 437.92, 1.79474
_17132_, 310.52, 437.92, 1.79474
FILLER_0_157_667, 310.52, 437.92, 1.79474
FILLER_0_157_673, 310.52, 437.92, 1.79474
_19192_, 310.52, 432.48, 1.79474
hold95, 310.52, 432.48, 1.79474
hold96, 310.52, 432.48, 1.79474
hold128, 310.52, 432.48, 1.79474
hold129, 310.52, 432.48, 1.79474
FILLER_0_155_669, 310.52, 432.48, 1.79474
_12475_, 310.52, 427.04, 1.79475
_17134_, 310.52, 427.04, 1.79475
_12348_, 310.52, 421.6, 1.79476
_12607_, 310.52, 421.6, 1.79476
_19349_, 310.52, 421.6, 1.79476
FILLER_0_151_661, 310.52, 421.6, 1.79476
FILLER_0_151_669, 310.52, 421.6, 1.79476
FILLER_0_151_673, 310.52, 421.6, 1.79476
FILLER_0_152_669, 310.52, 421.6, 1.79476
_12340_, 310.52, 416.16, 1.79475
_12345_, 310.52, 416.16, 1.79475
_12347_, 310.52, 416.16, 1.79475
_12608_, 310.52, 416.16, 1.79475
_12609_, 310.52, 416.16, 1.79475
_12613_, 310.52, 416.16, 1.79475
hold284, 310.52, 416.16, 1.79475
FILLER_0_149_676, 310.52, 416.16, 1.79475
_12333_, 310.52, 410.72, 1.79476
_12344_, 310.52, 410.72, 1.79476
_12346_, 310.52, 410.72, 1.79476
_12618_, 310.52, 410.72, 1.79476
_17339_, 310.52, 410.72, 1.79476
_17340_, 310.52, 410.72, 1.79476
_19315_, 310.52, 410.72, 1.79476
FILLER_0_147_657, 310.52, 410.72, 1.79476
_12350_, 310.52, 405.28, 1.79478
_13043_, 310.52, 405.28, 1.79478
_13109_, 310.52, 405.28, 1.79478
FILLER_0_145_667, 310.52, 405.28, 1.79478
FILLER_0_145_673, 310.52, 405.28, 1.79478
FILLER_0_146_669, 310.52, 405.28, 1.79478
_13105_, 310.52, 399.84, 1.79478
_13110_, 310.52, 399.84, 1.79478
_13115_, 310.52, 399.84, 1.79478
_17097_, 310.52, 399.84, 1.79478
_17098_, 310.52, 399.84, 1.79478
clkbuf_leaf_83_i_clk, 310.52, 399.84, 1.79478
FILLER_0_142_661, 310.52, 399.84, 1.79478
FILLER_0_144_669, 310.52, 399.84, 1.79478
_13013_, 310.52, 394.4, 1.79479
_13015_, 310.52, 394.4, 1.79479
_13016_, 310.52, 394.4, 1.79479
_13114_, 310.52, 394.4, 1.79479
_19158_, 310.52, 394.4, 1.79479
hold44, 310.52, 394.4, 1.79479
FILLER_0_141_665, 310.52, 394.4, 1.79479
_13008_, 310.52, 388.96, 1.7948
_13014_, 310.52, 388.96, 1.7948
_13020_, 310.52, 388.96, 1.7948
hold86, 310.52, 388.96, 1.7948
FILLER_0_139_656, 310.52, 388.96, 1.7948
FILLER_0_139_669, 310.52, 388.96, 1.7948
_13010_, 310.52, 383.52, 1.79482
_17144_, 310.52, 383.52, 1.79482
_19201_, 310.52, 383.52, 1.79482
FILLER_0_137_673, 310.52, 383.52, 1.79482
FILLER_0_138_674, 310.52, 383.52, 1.79482
_12996_, 310.52, 378.08, 1.79483
_13002_, 310.52, 378.08, 1.79483
_17146_, 310.52, 378.08, 1.79483
_19097_, 310.52, 378.08, 1.79483
FILLER_0_135_654, 310.52, 378.08, 1.79483
FILLER_0_135_664, 310.52, 378.08, 1.79483
FILLER_0_135_673, 310.52, 378.08, 1.79483
_19203_, 310.52, 372.64, 1.79484
_19204_, 310.52, 372.64, 1.79484
FILLER_0_133_673, 310.52, 372.64, 1.79484
_12993_, 310.52, 367.2, 1.79487
_17147_, 310.52, 367.2, 1.79487
_19205_, 310.52, 367.2, 1.79487
hold149, 310.52, 367.2, 1.79487
FILLER_0_131_673, 310.52, 367.2, 1.79487
_13401_, 310.52, 361.76, 1.79488
_17148_, 310.52, 361.76, 1.79488
hold150, 310.52, 361.76, 1.79488
FILLER_0_129_665, 310.52, 361.76, 1.79488
_11248_, 310.52, 356.32, 1.79489
_11249_, 310.52, 356.32, 1.79489
_13400_, 310.52, 356.32, 1.79489
_19563_, 310.52, 356.32, 1.79489
ANTENNA_135, 310.52, 356.32, 1.79489
FILLER_0_127_657, 310.52, 356.32, 1.79489
FILLER_0_127_669, 310.52, 356.32, 1.79489
FILLER_0_127_673, 310.52, 356.32, 1.79489
_17028_, 310.52, 350.88, 1.79491
FILLER_0_125_669, 310.52, 350.88, 1.79491
FILLER_0_125_673, 310.52, 350.88, 1.79491
_11267_, 310.52, 345.44, 1.7949
_17991_, 310.52, 345.44, 1.7949
_19561_, 310.52, 345.44, 1.7949
_19562_, 310.52, 345.44, 1.7949
FILLER_0_124_669, 310.52, 345.44, 1.7949
_09193_, 310.52, 340, 1.79494
_11282_, 310.52, 340, 1.79494
_11283_, 310.52, 340, 1.79494
_17710_, 310.52, 340, 1.79494
_17718_, 310.52, 340, 1.79494
_17990_, 310.52, 340, 1.79494
clkbuf_leaf_80_i_clk, 310.52, 340, 1.79494
FILLER_0_120_651, 310.52, 340, 1.79494
FILLER_0_121_663, 310.52, 340, 1.79494
FILLER_0_121_673, 310.52, 340, 1.79494
_17709_, 310.52, 334.56, 1.79501
_17712_, 310.52, 334.56, 1.79501
FILLER_0_119_659, 310.52, 334.56, 1.79501
_17231_, 310.52, 329.12, 1.79509
_17232_, 310.52, 329.12, 1.79509
_17377_, 310.52, 329.12, 1.79509
_17378_, 310.52, 329.12, 1.79509
FILLER_0_117_669, 310.52, 329.12, 1.79509
_10188_, 310.52, 323.68, 1.79515
_11337_, 310.52, 323.68, 1.79515
_17986_, 310.52, 323.68, 1.79515
_19558_, 310.52, 323.68, 1.79515
FILLER_0_114_662, 310.52, 323.68, 1.79515
FILLER_0_115_664, 310.52, 323.68, 1.79515
_09034_, 310.52, 318.24, 1.79523
_10177_, 310.52, 318.24, 1.79523
_10193_, 310.52, 318.24, 1.79523
_17230_, 310.52, 318.24, 1.79523
_10003_, 310.52, 312.8, 1.7953
_10022_, 310.52, 312.8, 1.7953
_10024_, 310.52, 312.8, 1.7953
_10192_, 310.52, 312.8, 1.7953
_13033_, 310.52, 312.8, 1.7953
_15904_, 310.52, 312.8, 1.7953
_17227_, 310.52, 312.8, 1.7953
_17228_, 310.52, 312.8, 1.7953
FILLER_0_110_656, 310.52, 312.8, 1.7953
FILLER_0_111_664, 310.52, 312.8, 1.7953
_10002_, 310.52, 307.36, 1.7954
_10004_, 310.52, 307.36, 1.7954
_10017_, 310.52, 307.36, 1.7954
_13036_, 310.52, 307.36, 1.7954
_13037_, 310.52, 307.36, 1.7954
_15887_, 310.52, 307.36, 1.7954
_15903_, 310.52, 307.36, 1.7954
_15908_, 310.52, 307.36, 1.7954
FILLER_0_108_662, 310.52, 307.36, 1.7954
FILLER_0_109_661, 310.52, 307.36, 1.7954
_09040_, 310.52, 301.92, 1.79547
_09042_, 310.52, 301.92, 1.79547
_09043_, 310.52, 301.92, 1.79547
_09045_, 310.52, 301.92, 1.79547
_10007_, 310.52, 301.92, 1.79547
_10016_, 310.52, 301.92, 1.79547
_10020_, 310.52, 301.92, 1.79547
max_cap91, 310.52, 301.92, 1.79547
FILLER_0_107_654, 310.52, 301.92, 1.79547
FILLER_0_107_666, 310.52, 301.92, 1.79547
FILLER_0_108_670, 310.52, 301.92, 1.79547
_09038_, 310.52, 296.48, 1.79558
_09041_, 310.52, 296.48, 1.79558
_09044_, 310.52, 296.48, 1.79558
_09048_, 310.52, 296.48, 1.79558
_09049_, 310.52, 296.48, 1.79558
_09054_, 310.52, 296.48, 1.79558
_09997_, 310.52, 296.48, 1.79558
FILLER_0_105_655, 310.52, 296.48, 1.79558
_09046_, 310.52, 291.04, 1.79567
_09053_, 310.52, 291.04, 1.79567
_09998_, 310.52, 291.04, 1.79567
_09999_, 310.52, 291.04, 1.79567
_10006_, 310.52, 291.04, 1.79567
_17225_, 310.52, 291.04, 1.79567
_17226_, 310.52, 291.04, 1.79567
FILLER_0_102_651, 310.52, 291.04, 1.79567
_09047_, 310.52, 285.6, 1.79576
_09055_, 310.52, 285.6, 1.79576
_09201_, 310.52, 285.6, 1.79576
FILLER_0_101_654, 310.52, 285.6, 1.79576
_10005_, 310.52, 280.16, 1.79581
_10009_, 310.52, 280.16, 1.79581
_10025_, 310.52, 280.16, 1.79581
_10026_, 310.52, 280.16, 1.79581
_10064_, 310.52, 280.16, 1.79581
max_cap94, 310.52, 280.16, 1.79581
wire3, 310.52, 280.16, 1.79581
FILLER_0_100_669, 310.52, 280.16, 1.79581
_10028_, 310.52, 274.72, 1.7959
_10063_, 310.52, 274.72, 1.7959
_10065_, 310.52, 274.72, 1.7959
_10146_, 310.52, 274.72, 1.7959
_10148_, 310.52, 274.72, 1.7959
_10357_, 310.52, 274.72, 1.7959
FILLER_0_97_662, 310.52, 274.72, 1.7959
_10030_, 310.52, 269.28, 1.79604
_10143_, 310.52, 269.28, 1.79604
_10157_, 310.52, 269.28, 1.79604
_10361_, 310.52, 269.28, 1.79604
_10378_, 310.52, 269.28, 1.79604
_10589_, 310.52, 269.28, 1.79604
FILLER_0_95_658, 310.52, 269.28, 1.79604
_10150_, 310.52, 263.84, 1.79618
_10151_, 310.52, 263.84, 1.79618
_10154_, 310.52, 263.84, 1.79618
_10237_, 310.52, 263.84, 1.79618
FILLER_0_92_651, 310.52, 263.84, 1.79618
FILLER_0_93_673, 310.52, 263.84, 1.79618
_10015_, 310.52, 258.4, 1.79631
_10029_, 310.52, 258.4, 1.79631
_10068_, 310.52, 258.4, 1.79631
_10152_, 310.52, 258.4, 1.79631
FILLER_0_91_650, 310.52, 258.4, 1.79631
_10270_, 310.52, 252.96, 1.79642
_17243_, 310.52, 252.96, 1.79642
_17685_, 310.52, 252.96, 1.79642
_17720_, 310.52, 252.96, 1.79642
_17722_, 310.52, 252.96, 1.79642
FILLER_0_88_657, 310.52, 252.96, 1.79642
FILLER_0_89_664, 310.52, 252.96, 1.79642
_09050_, 310.52, 247.52, 1.79659
_17249_, 310.52, 247.52, 1.79659
_17686_, 310.52, 247.52, 1.79659
_17721_, 310.52, 247.52, 1.79659
FILLER_0_86_660, 310.52, 247.52, 1.79659
FILLER_0_87_662, 310.52, 247.52, 1.79659
FILLER_0_87_673, 310.52, 247.52, 1.79659
_17246_, 310.52, 242.08, 1.7967
_17248_, 310.52, 242.08, 1.7967
_17681_, 310.52, 242.08, 1.7967
_17988_, 310.52, 242.08, 1.7967
_19486_, 310.52, 242.08, 1.7967
_09996_, 310.52, 236.64, 1.79675
_11560_, 310.52, 236.64, 1.79675
_11620_, 310.52, 236.64, 1.79675
_17678_, 310.52, 236.64, 1.79675
_18037_, 310.52, 236.64, 1.79675
FILLER_0_83_666, 310.52, 236.64, 1.79675
FILLER_0_83_673, 310.52, 236.64, 1.79675
_09976_, 310.52, 231.2, 1.79676
_10001_, 310.52, 231.2, 1.79676
_18035_, 310.52, 231.2, 1.79676
_19595_, 310.52, 231.2, 1.79676
hold348, 310.52, 231.2, 1.79676
ANTENNA_30, 310.52, 231.2, 1.79676
FILLER_0_81_676, 310.52, 231.2, 1.79676
_18036_, 310.52, 225.76, 1.79679
_19596_, 310.52, 225.76, 1.79679
_17234_, 310.52, 220.32, 1.79681
hold98, 310.52, 220.32, 1.79681
FILLER_0_77_662, 310.52, 220.32, 1.79681
_09204_, 310.52, 214.88, 1.79683
_18054_, 310.52, 214.88, 1.79683
_18058_, 310.52, 214.88, 1.79683
_18059_, 310.52, 214.88, 1.79683
hold105, 310.52, 214.88, 1.79683
FILLER_0_75_654, 310.52, 214.88, 1.79683
FILLER_0_75_668, 310.52, 214.88, 1.79683
FILLER_0_75_673, 310.52, 214.88, 1.79683
_09484_, 310.52, 209.44, 1.79683
_19617_, 310.52, 209.44, 1.79683
clkbuf_leaf_121_i_clk, 310.52, 209.44, 1.79683
hold242, 310.52, 209.44, 1.79683
ANTENNA_29, 310.52, 209.44, 1.79683
FILLER_0_74_676, 310.52, 209.44, 1.79683
_09090_, 310.52, 204, 1.79686
_10012_, 310.52, 204, 1.79686
_18051_, 310.52, 204, 1.79686
_18060_, 310.52, 204, 1.79686
_19624_, 310.52, 204, 1.79686
hold184, 310.52, 204, 1.79686
_09344_, 310.52, 198.56, 1.79689
hold127, 310.52, 198.56, 1.79689
FILLER_0_69_668, 310.52, 198.56, 1.79689
_09304_, 310.52, 193.12, 1.79689
_19626_, 310.52, 193.12, 1.79689
FILLER_0_67_665, 310.52, 193.12, 1.79689
FILLER_0_68_665, 310.52, 193.12, 1.79689
_15474_, 310.52, 187.68, 1.79692
_15475_, 310.52, 187.68, 1.79692
_15476_, 310.52, 187.68, 1.79692
_15991_, 310.52, 187.68, 1.79692
_18162_, 310.52, 187.68, 1.79692
FILLER_0_66_669, 310.52, 187.68, 1.79692
_15473_, 310.52, 182.24, 1.79694
_15990_, 310.52, 182.24, 1.79694
_15992_, 310.52, 182.24, 1.79694
FILLER_0_63_662, 310.52, 182.24, 1.79694
FILLER_0_63_673, 310.52, 182.24, 1.79694
FILLER_0_64_668, 310.52, 182.24, 1.79694
_15468_, 310.52, 176.8, 1.79696
_15469_, 310.52, 176.8, 1.79696
_15470_, 310.52, 176.8, 1.79696
_18164_, 310.52, 176.8, 1.79696
FILLER_0_61_660, 310.52, 176.8, 1.79696
FILLER_0_62_668, 310.52, 176.8, 1.79696
_15400_, 310.52, 171.36, 1.79697
_15467_, 310.52, 171.36, 1.79697
_18165_, 310.52, 171.36, 1.79697
FILLER_0_59_665, 310.52, 171.36, 1.79697
FILLER_0_60_665, 310.52, 171.36, 1.79697
_15399_, 310.52, 165.92, 1.79698
clkbuf_leaf_155_i_clk, 310.52, 165.92, 1.79698
FILLER_0_57_667, 310.52, 165.92, 1.79698
FILLER_0_57_673, 310.52, 165.92, 1.79698
FILLER_0_58_670, 310.52, 165.92, 1.79698
_09312_, 310.52, 160.48, 1.797
_13551_, 310.52, 160.48, 1.797
_16955_, 310.52, 160.48, 1.797
_18709_, 310.52, 160.48, 1.797
FILLER_0_55_663, 310.52, 160.48, 1.797
_14269_, 310.52, 155.04, 1.79702
_15530_, 310.52, 155.04, 1.79702
_18135_, 310.52, 155.04, 1.79702
hold257, 310.52, 155.04, 1.79702
FILLER_0_52_657, 310.52, 155.04, 1.79702
FILLER_0_54_669, 310.52, 155.04, 1.79702
_09323_, 310.52, 149.6, 1.79704
_11549_, 310.52, 149.6, 1.79704
_11559_, 310.52, 149.6, 1.79704
_15404_, 310.52, 149.6, 1.79704
_15529_, 310.52, 149.6, 1.79704
_18195_, 310.52, 149.6, 1.79704
_09083_, 310.52, 144.16, 1.79705
_09313_, 310.52, 144.16, 1.79705
_13974_, 310.52, 144.16, 1.79705
_14693_, 310.52, 144.16, 1.79705
_15403_, 310.52, 144.16, 1.79705
FILLER_0_48_654, 310.52, 144.16, 1.79705
FILLER_0_48_663, 310.52, 144.16, 1.79705
_16025_, 310.52, 138.72, 1.79708
_16027_, 310.52, 138.72, 1.79708
FILLER_0_46_657, 310.52, 138.72, 1.79708
FILLER_0_47_663, 310.52, 138.72, 1.79708
_09333_, 310.52, 133.28, 1.79709
_09431_, 310.52, 133.28, 1.79709
_11667_, 310.52, 133.28, 1.79709
_15406_, 310.52, 133.28, 1.79709
_15407_, 310.52, 133.28, 1.79709
_16026_, 310.52, 133.28, 1.79709
_18194_, 310.52, 133.28, 1.79709
_11569_, 310.52, 127.84, 1.7971
_13980_, 310.52, 127.84, 1.7971
_14699_, 310.52, 127.84, 1.7971
_15405_, 310.52, 127.84, 1.7971
ANTENNA_117, 310.52, 127.84, 1.7971
FILLER_0_42_658, 310.52, 127.84, 1.7971
FILLER_0_43_667, 310.52, 127.84, 1.7971
FILLER_0_44_667, 310.52, 127.84, 1.7971
_09091_, 310.52, 122.4, 1.79712
_13563_, 310.52, 122.4, 1.79712
_14281_, 310.52, 122.4, 1.79712
_14282_, 310.52, 122.4, 1.79712
_16593_, 310.52, 122.4, 1.79712
_18705_, 310.52, 122.4, 1.79712
hold270, 310.52, 122.4, 1.79712
FILLER_0_40_652, 310.52, 122.4, 1.79712
FILLER_0_41_662, 310.52, 122.4, 1.79712
_11690_, 310.52, 116.96, 1.79713
_15531_, 310.52, 116.96, 1.79713
_16947_, 310.52, 116.96, 1.79713
_16948_, 310.52, 116.96, 1.79713
_19025_, 310.52, 116.96, 1.79713
FILLER_0_38_662, 310.52, 116.96, 1.79713
FILLER_0_39_660, 310.52, 116.96, 1.79713
FILLER_0_39_668, 310.52, 116.96, 1.79713
_09239_, 310.52, 111.52, 1.79715
_11480_, 310.52, 111.52, 1.79715
_15532_, 310.52, 111.52, 1.79715
_15959_, 310.52, 111.52, 1.79715
ANTENNA_11, 310.52, 111.52, 1.79715
FILLER_0_37_667, 310.52, 111.52, 1.79715
_11707_, 310.52, 106.08, 1.79717
_13636_, 310.52, 106.08, 1.79717
FILLER_0_35_662, 310.52, 106.08, 1.79717
FILLER_0_35_669, 310.52, 106.08, 1.79717
_11484_, 310.52, 100.64, 1.79716
_13635_, 310.52, 100.64, 1.79716
_18991_, 310.52, 100.64, 1.79716
_09243_, 310.52, 95.2, 1.79718
_09245_, 310.52, 95.2, 1.79718
_13497_, 310.52, 95.2, 1.79718
_13616_, 310.52, 95.2, 1.79718
_14483_, 310.52, 95.2, 1.79718
_16490_, 310.52, 95.2, 1.79718
FILLER_0_31_661, 310.52, 95.2, 1.79718
_13687_, 310.52, 89.76, 1.79719
_18612_, 310.52, 89.76, 1.79719
clkbuf_leaf_152_i_clk, 310.52, 89.76, 1.79719
_09322_, 310.52, 84.32, 1.7972
_11558_, 310.52, 84.32, 1.7972
_14480_, 310.52, 84.32, 1.7972
_14481_, 310.52, 84.32, 1.7972
_14482_, 310.52, 84.32, 1.7972
_16491_, 310.52, 84.32, 1.7972
_18613_, 310.52, 84.32, 1.7972
FILLER_0_26_657, 310.52, 84.32, 1.7972
FILLER_0_27_664, 310.52, 84.32, 1.7972
FILLER_0_28_665, 310.52, 84.32, 1.7972
_18610_, 310.52, 78.88, 1.79721
FILLER_0_24_657, 310.52, 78.88, 1.79721
FILLER_0_25_668, 310.52, 78.88, 1.79721
_14487_, 310.52, 73.44, 1.79722
_16488_, 310.52, 73.44, 1.79722
_18609_, 310.52, 73.44, 1.79722
FILLER_0_22_657, 310.52, 73.44, 1.79722
FILLER_0_23_659, 310.52, 73.44, 1.79722
_14484_, 310.52, 68, 1.79723
_14488_, 310.52, 68, 1.79723
_14489_, 310.52, 68, 1.79723
_16489_, 310.52, 68, 1.79723
FILLER_0_21_651, 310.52, 68, 1.79723
_09394_, 310.52, 62.56, 1.79723
_11630_, 310.52, 62.56, 1.79723
_14485_, 310.52, 62.56, 1.79723
_16487_, 310.52, 62.56, 1.79723
FILLER_0_19_666, 310.52, 62.56, 1.79723
FILLER_0_19_673, 310.52, 62.56, 1.79723
_14790_, 310.52, 57.12, 1.79724
_14791_, 310.52, 57.12, 1.79724
_16060_, 310.52, 57.12, 1.79724
_18225_, 310.52, 57.12, 1.79724
FILLER_0_16_654, 310.52, 57.12, 1.79724
FILLER_0_17_664, 310.52, 57.12, 1.79724
_09440_, 310.52, 51.68, 1.79724
_15340_, 310.52, 51.68, 1.79724
_18482_, 310.52, 51.68, 1.79724
hold386, 310.52, 51.68, 1.79724
_11676_, 310.52, 46.24, 1.79725
_15339_, 310.52, 46.24, 1.79725
_16167_, 310.52, 46.24, 1.79725
FILLER_0_13_658, 310.52, 46.24, 1.79725
FILLER_0_13_669, 310.52, 46.24, 1.79725
FILLER_0_14_665, 310.52, 46.24, 1.79725
_11616_, 310.52, 40.8, 1.79725
_13418_, 310.52, 40.8, 1.79725
_13419_, 310.52, 40.8, 1.79725
_16170_, 310.52, 40.8, 1.79725
_17023_, 310.52, 40.8, 1.79725
_19092_, 310.52, 40.8, 1.79725
hold401, 310.52, 40.8, 1.79725
FILLER_0_10_657, 310.52, 40.8, 1.79725
_13417_, 310.52, 35.36, 1.79725
_19093_, 310.52, 35.36, 1.79725
_09360_, 310.52, 29.92, 1.79726
_13416_, 310.52, 29.92, 1.79726
_13420_, 310.52, 29.92, 1.79726
_13423_, 310.52, 29.92, 1.79726
_17022_, 310.52, 29.92, 1.79726
FILLER_0_6_653, 310.52, 29.92, 1.79726
FILLER_0_7_661, 310.52, 29.92, 1.79726
FILLER_0_7_669, 310.52, 29.92, 1.79726
_11656_, 310.52, 24.48, 1.79726
_13421_, 310.52, 24.48, 1.79726
_13422_, 310.52, 24.48, 1.79726
_19090_, 310.52, 24.48, 1.79726
_19091_, 310.52, 24.48, 1.79726
FILLER_0_4_654, 310.52, 24.48, 1.79726
FILLER_0_5_661, 310.52, 24.48, 1.79726
FILLER_0_5_668, 310.52, 24.48, 1.79726
_15133_, 310.52, 19.04, 1.79727
_16168_, 310.52, 19.04, 1.79727
_16171_, 310.52, 19.04, 1.79727
_18322_, 310.52, 19.04, 1.79727
FILLER_0_3_661, 310.52, 19.04, 1.79727
FILLER_0_3_669, 310.52, 19.04, 1.79727
FILLER_0_3_673, 310.52, 19.04, 1.79727
_15132_, 310.52, 13.6, 1.79727
FILLER_0_1_661, 310.52, 13.6, 1.79727
FILLER_0_1_669, 310.52, 13.6, 1.79727
FILLER_0_2_670, 310.52, 13.6, 1.79727
_12411_, 285.52, 486.88, 1.7948
FILLER_0_174_599, 285.52, 486.88, 1.7948
FILLER_0_174_605, 285.52, 486.88, 1.7948
_12409_, 285.52, 481.44, 1.79478
_12414_, 285.52, 481.44, 1.79478
_12423_, 285.52, 481.44, 1.79478
_12555_, 285.52, 481.44, 1.79478
_12559_, 285.52, 481.44, 1.79478
_13065_, 285.52, 481.44, 1.79478
FILLER_0_172_607, 285.52, 481.44, 1.79478
FILLER_0_173_617, 285.52, 481.44, 1.79478
FILLER_0_174_613, 285.52, 481.44, 1.79478
FILLER_0_174_617, 285.52, 481.44, 1.79478
_12425_, 285.52, 476, 1.79478
_12549_, 285.52, 476, 1.79478
_12550_, 285.52, 476, 1.79478
clkbuf_leaf_89_i_clk, 285.52, 476, 1.79478
hold134, 285.52, 476, 1.79478
_12415_, 285.52, 470.56, 1.79479
_12557_, 285.52, 470.56, 1.79479
_12558_, 285.52, 470.56, 1.79479
_12561_, 285.52, 470.56, 1.79479
_17355_, 285.52, 470.56, 1.79479
FILLER_0_169_606, 285.52, 470.56, 1.79479
_12560_, 285.52, 465.12, 1.79479
_19332_, 285.52, 465.12, 1.79479
hold346, 285.52, 465.12, 1.79479
FILLER_0_167_596, 285.52, 465.12, 1.79479
FILLER_0_167_617, 285.52, 465.12, 1.79479
_17356_, 285.52, 459.68, 1.7948
_12366_, 285.52, 454.24, 1.7948
_12597_, 285.52, 454.24, 1.7948
_12598_, 285.52, 454.24, 1.7948
_19321_, 285.52, 454.24, 1.7948
FILLER_0_163_597, 285.52, 454.24, 1.7948
FILLER_0_163_613, 285.52, 454.24, 1.7948
_12360_, 285.52, 448.8, 1.79479
_12361_, 285.52, 448.8, 1.79479
_12362_, 285.52, 448.8, 1.79479
_12363_, 285.52, 448.8, 1.79479
_12364_, 285.52, 448.8, 1.79479
_12368_, 285.52, 448.8, 1.79479
_12370_, 285.52, 448.8, 1.79479
_12595_, 285.52, 448.8, 1.79479
_12596_, 285.52, 448.8, 1.79479
_19320_, 285.52, 448.8, 1.79479
_12365_, 285.52, 443.36, 1.79481
_12599_, 285.52, 443.36, 1.79481
_12600_, 285.52, 443.36, 1.79481
FILLER_0_158_604, 285.52, 443.36, 1.79481
FILLER_0_159_602, 285.52, 443.36, 1.79481
FILLER_0_159_612, 285.52, 443.36, 1.79481
_12352_, 285.52, 437.92, 1.79481
_12353_, 285.52, 437.92, 1.79481
_12354_, 285.52, 437.92, 1.79481
_12359_, 285.52, 437.92, 1.79481
_12367_, 285.52, 437.92, 1.79481
_12369_, 285.52, 437.92, 1.79481
_12594_, 285.52, 437.92, 1.79481
_12605_, 285.52, 437.92, 1.79481
FILLER_0_156_596, 285.52, 437.92, 1.79481
FILLER_0_157_601, 285.52, 437.92, 1.79481
_12604_, 285.52, 432.48, 1.79481
_12606_, 285.52, 432.48, 1.79481
_19319_, 285.52, 432.48, 1.79481
hold118, 285.52, 432.48, 1.79481
FILLER_0_154_605, 285.52, 432.48, 1.79481
FILLER_0_156_615, 285.52, 432.48, 1.79481
_12355_, 285.52, 427.04, 1.79482
_12603_, 285.52, 427.04, 1.79482
_13079_, 285.52, 427.04, 1.79482
_17343_, 285.52, 427.04, 1.79482
hold61, 285.52, 427.04, 1.79482
FILLER_0_152_606, 285.52, 427.04, 1.79482
_13080_, 285.52, 421.6, 1.79484
_17604_, 285.52, 421.6, 1.79484
_19161_, 285.52, 421.6, 1.79484
hold220, 285.52, 421.6, 1.79484
FILLER_0_151_609, 285.52, 421.6, 1.79484
FILLER_0_152_614, 285.52, 421.6, 1.79484
_19317_, 285.52, 416.16, 1.79481
clkbuf_leaf_86_i_clk, 285.52, 416.16, 1.79481
clkbuf_4_13__f_i_clk, 285.52, 416.16, 1.79481
_17100_, 285.52, 410.72, 1.79485
_17335_, 285.52, 410.72, 1.79485
_19437_, 285.52, 410.72, 1.79485
hold57, 285.52, 410.72, 1.79485
hold167, 285.52, 410.72, 1.79485
_17463_, 285.52, 405.28, 1.79487
_19381_, 285.52, 405.28, 1.79487
hold209, 285.52, 405.28, 1.79487
_17464_, 285.52, 399.84, 1.79488
_17601_, 285.52, 399.84, 1.79488
_17602_, 285.52, 399.84, 1.79488
FILLER_0_143_612, 285.52, 399.84, 1.79488
FILLER_0_143_617, 285.52, 399.84, 1.79488
FILLER_0_144_617, 285.52, 399.84, 1.79488
_13022_, 285.52, 394.4, 1.7949
_17471_, 285.52, 394.4, 1.7949
_19197_, 285.52, 394.4, 1.7949
hold144, 285.52, 394.4, 1.7949
FILLER_0_141_603, 285.52, 394.4, 1.7949
_13021_, 285.52, 388.96, 1.79491
_17472_, 285.52, 388.96, 1.79491
_17606_, 285.52, 388.96, 1.79491
hold10, 285.52, 388.96, 1.79491
FILLER_0_140_615, 285.52, 388.96, 1.79491
_17480_, 285.52, 383.52, 1.79493
_17605_, 285.52, 383.52, 1.79493
_19199_, 285.52, 383.52, 1.79493
hold51, 285.52, 383.52, 1.79493
hold231, 285.52, 383.52, 1.79493
FILLER_0_137_605, 285.52, 383.52, 1.79493
FILLER_0_137_613, 285.52, 383.52, 1.79493
FILLER_0_138_618, 285.52, 383.52, 1.79493
_17479_, 285.52, 378.08, 1.79494
_19385_, 285.52, 378.08, 1.79494
clkbuf_leaf_84_i_clk, 285.52, 378.08, 1.79494
hold245, 285.52, 378.08, 1.79494
FILLER_0_135_612, 285.52, 378.08, 1.79494
FILLER_0_136_617, 285.52, 378.08, 1.79494
_17609_, 285.52, 372.64, 1.79497
_19441_, 285.52, 372.64, 1.79497
FILLER_0_132_597, 285.52, 372.64, 1.79497
FILLER_0_133_617, 285.52, 372.64, 1.79497
FILLER_0_134_622, 285.52, 372.64, 1.79497
_17575_, 285.52, 367.2, 1.79498
_17610_, 285.52, 367.2, 1.79498
hold126, 285.52, 367.2, 1.79498
FILLER_0_131_606, 285.52, 367.2, 1.79498
_17462_, 285.52, 361.76, 1.795
_17470_, 285.52, 361.76, 1.795
_17477_, 285.52, 361.76, 1.795
_17478_, 285.52, 361.76, 1.795
_19196_, 285.52, 361.76, 1.795
FILLER_0_129_612, 285.52, 361.76, 1.795
FILLER_0_129_617, 285.52, 361.76, 1.795
FILLER_0_130_612, 285.52, 361.76, 1.795
_13025_, 285.52, 356.32, 1.79503
_15598_, 285.52, 356.32, 1.79503
_17461_, 285.52, 356.32, 1.79503
_17465_, 285.52, 356.32, 1.79503
_17466_, 285.52, 356.32, 1.79503
FILLER_0_127_609, 285.52, 356.32, 1.79503
FILLER_0_128_621, 285.52, 356.32, 1.79503
_17250_, 285.52, 350.88, 1.79506
_17389_, 285.52, 350.88, 1.79506
FILLER_0_126_616, 285.52, 350.88, 1.79506
_15597_, 285.52, 345.44, 1.79506
_17221_, 285.52, 345.44, 1.79506
_17388_, 285.52, 345.44, 1.79506
_19505_, 285.52, 345.44, 1.79506
_10131_, 285.52, 340, 1.7951
_13031_, 285.52, 340, 1.7951
_15839_, 285.52, 340, 1.7951
_17384_, 285.52, 340, 1.7951
_10129_, 285.52, 334.56, 1.79513
_15718_, 285.52, 334.56, 1.79513
clkbuf_4_12__f_i_clk, 285.52, 334.56, 1.79513
FILLER_0_119_612, 285.52, 334.56, 1.79513
FILLER_0_119_617, 285.52, 334.56, 1.79513
_10117_, 285.52, 329.12, 1.79523
_10179_, 285.52, 329.12, 1.79523
_10190_, 285.52, 329.12, 1.79523
FILLER_0_117_606, 285.52, 329.12, 1.79523
FILLER_0_118_613, 285.52, 329.12, 1.79523
_10112_, 285.52, 323.68, 1.79528
_10178_, 285.52, 323.68, 1.79528
_10189_, 285.52, 323.68, 1.79528
_15719_, 285.52, 323.68, 1.79528
_17251_, 285.52, 323.68, 1.79528
FILLER_0_114_597, 285.52, 323.68, 1.79528
FILLER_0_116_613, 285.52, 323.68, 1.79528
_10180_, 285.52, 318.24, 1.79534
_10184_, 285.52, 318.24, 1.79534
_17505_, 285.52, 318.24, 1.79534
FILLER_0_113_602, 285.52, 318.24, 1.79534
FILLER_0_113_617, 285.52, 318.24, 1.79534
FILLER_0_114_611, 285.52, 318.24, 1.79534
_10181_, 285.52, 312.8, 1.79541
_15884_, 285.52, 312.8, 1.79541
_15885_, 285.52, 312.8, 1.79541
_17683_, 285.52, 312.8, 1.79541
_17689_, 285.52, 312.8, 1.79541
FILLER_0_112_609, 285.52, 312.8, 1.79541
_10114_, 285.52, 307.36, 1.79549
_15881_, 285.52, 307.36, 1.79549
_15913_, 285.52, 307.36, 1.79549
FILLER_0_109_607, 285.52, 307.36, 1.79549
FILLER_0_109_617, 285.52, 307.36, 1.79549
_09202_, 285.52, 301.92, 1.79555
_09203_, 285.52, 301.92, 1.79555
_15883_, 285.52, 301.92, 1.79555
_15898_, 285.52, 301.92, 1.79555
_15902_, 285.52, 301.92, 1.79555
hold217, 285.52, 301.92, 1.79555
FILLER_0_108_614, 285.52, 301.92, 1.79555
_09301_, 285.52, 296.48, 1.79564
_15897_, 285.52, 296.48, 1.79564
_15915_, 285.52, 296.48, 1.79564
_15916_, 285.52, 296.48, 1.79564
hold130, 285.52, 296.48, 1.79564
hold186, 285.52, 296.48, 1.79564
hold213, 285.52, 296.48, 1.79564
_09300_, 285.52, 291.04, 1.79573
_15893_, 285.52, 291.04, 1.79573
_15901_, 285.52, 291.04, 1.79573
_15919_, 285.52, 291.04, 1.79573
_15920_, 285.52, 291.04, 1.79573
FILLER_0_102_601, 285.52, 291.04, 1.79573
FILLER_0_103_617, 285.52, 291.04, 1.79573
_10121_, 285.52, 285.6, 1.79581
_15892_, 285.52, 285.6, 1.79581
_15918_, 285.52, 285.6, 1.79581
FILLER_0_101_596, 285.52, 285.6, 1.79581
FILLER_0_101_611, 285.52, 285.6, 1.79581
_10124_, 285.52, 280.16, 1.79584
_10125_, 285.52, 280.16, 1.79584
_10139_, 285.52, 280.16, 1.79584
_10156_, 285.52, 280.16, 1.79584
_10501_, 285.52, 280.16, 1.79584
_15891_, 285.52, 280.16, 1.79584
ANTENNA_70, 285.52, 280.16, 1.79584
FILLER_0_100_622, 285.52, 280.16, 1.79584
_10144_, 285.52, 274.72, 1.79588
_10147_, 285.52, 274.72, 1.79588
_10502_, 285.52, 274.72, 1.79588
_15896_, 285.52, 274.72, 1.79588
FILLER_0_96_604, 285.52, 274.72, 1.79588
FILLER_0_97_606, 285.52, 274.72, 1.79588
_10027_, 285.52, 269.28, 1.79599
_10053_, 285.52, 269.28, 1.79599
_10054_, 285.52, 269.28, 1.79599
_10069_, 285.52, 269.28, 1.79599
_10071_, 285.52, 269.28, 1.79599
_10100_, 285.52, 269.28, 1.79599
FILLER_0_96_622, 285.52, 269.28, 1.79599
_10050_, 285.52, 263.84, 1.79612
_10051_, 285.52, 263.84, 1.79612
_10070_, 285.52, 263.84, 1.79612
_10072_, 285.52, 263.84, 1.79612
_10081_, 285.52, 263.84, 1.79612
_10085_, 285.52, 263.84, 1.79612
FILLER_0_92_601, 285.52, 263.84, 1.79612
FILLER_0_93_611, 285.52, 263.84, 1.79612
_10078_, 285.52, 258.4, 1.7962
_10083_, 285.52, 258.4, 1.7962
_10084_, 285.52, 258.4, 1.7962
_10086_, 285.52, 258.4, 1.7962
_10167_, 285.52, 258.4, 1.7962
FILLER_0_90_601, 285.52, 258.4, 1.7962
FILLER_0_92_612, 285.52, 258.4, 1.7962
FILLER_0_92_620, 285.52, 258.4, 1.7962
_10079_, 285.52, 252.96, 1.79629
_10080_, 285.52, 252.96, 1.79629
_10082_, 285.52, 252.96, 1.79629
_10168_, 285.52, 252.96, 1.79629
FILLER_0_89_598, 285.52, 252.96, 1.79629
FILLER_0_87_611, 285.52, 247.52, 1.79645
_11540_, 285.52, 242.08, 1.79653
_19487_, 285.52, 242.08, 1.79653
_19490_, 285.52, 242.08, 1.79653
FILLER_0_85_617, 285.52, 242.08, 1.79653
FILLER_0_86_616, 285.52, 242.08, 1.79653
_09094_, 285.52, 236.64, 1.79659
_17666_, 285.52, 236.64, 1.79659
_19485_, 285.52, 236.64, 1.79659
_11702_, 285.52, 231.2, 1.79663
_17676_, 285.52, 231.2, 1.79663
_19483_, 285.52, 231.2, 1.79663
_11640_, 285.52, 225.76, 1.79667
_17673_, 285.52, 225.76, 1.79667
_19484_, 285.52, 225.76, 1.79667
FILLER_0_79_611, 285.52, 225.76, 1.79667
FILLER_0_79_617, 285.52, 225.76, 1.79667
_09599_, 285.52, 220.32, 1.79672
_09699_, 285.52, 220.32, 1.79672
_15527_, 285.52, 220.32, 1.79672
_15528_, 285.52, 220.32, 1.79672
FILLER_0_77_608, 285.52, 220.32, 1.79672
_09974_, 285.52, 214.88, 1.79675
_19608_, 285.52, 214.88, 1.79675
_19613_, 285.52, 214.88, 1.79675
FILLER_0_75_596, 285.52, 214.88, 1.79675
FILLER_0_75_606, 285.52, 214.88, 1.79675
_09074_, 285.52, 209.44, 1.79678
FILLER_0_73_609, 285.52, 209.44, 1.79678
FILLER_0_74_613, 285.52, 209.44, 1.79678
FILLER_0_74_621, 285.52, 209.44, 1.79678
_09078_, 285.52, 204, 1.79681
_09086_, 285.52, 204, 1.79681
_16887_, 285.52, 204, 1.79681
_19610_, 285.52, 204, 1.79681
_09066_, 285.52, 198.56, 1.79685
_09559_, 285.52, 198.56, 1.79685
_19615_, 285.52, 198.56, 1.79685
FILLER_0_69_607, 285.52, 198.56, 1.79685
_16744_, 285.52, 193.12, 1.79687
_09196_, 285.52, 187.68, 1.7969
_13954_, 285.52, 187.68, 1.7969
_19627_, 285.52, 187.68, 1.7969
clkbuf_leaf_158_i_clk, 285.52, 187.68, 1.7969
ANTENNA_18, 285.52, 187.68, 1.7969
ANTENNA_41, 285.52, 187.68, 1.7969
FILLER_0_64_601, 285.52, 187.68, 1.7969
_09197_, 285.52, 182.24, 1.79693
_15477_, 285.52, 182.24, 1.79693
_15478_, 285.52, 182.24, 1.79693
_18160_, 285.52, 182.24, 1.79693
FILLER_0_63_611, 285.52, 182.24, 1.79693
FILLER_0_63_617, 285.52, 182.24, 1.79693
_15464_, 285.52, 176.8, 1.79696
_15466_, 285.52, 176.8, 1.79696
_15996_, 285.52, 176.8, 1.79696
_15997_, 285.52, 176.8, 1.79696
_18166_, 285.52, 176.8, 1.79696
FILLER_0_60_601, 285.52, 176.8, 1.79696
FILLER_0_61_597, 285.52, 176.8, 1.79696
FILLER_0_61_609, 285.52, 176.8, 1.79696
_11496_, 285.52, 171.36, 1.79698
_15465_, 285.52, 171.36, 1.79698
_18167_, 285.52, 171.36, 1.79698
FILLER_0_58_606, 285.52, 171.36, 1.79698
FILLER_0_59_601, 285.52, 171.36, 1.79698
_09079_, 285.52, 165.92, 1.797
_14690_, 285.52, 165.92, 1.797
_15396_, 285.52, 165.92, 1.797
_16032_, 285.52, 165.92, 1.797
_16956_, 285.52, 165.92, 1.797
FILLER_0_56_601, 285.52, 165.92, 1.797
FILLER_0_57_612, 285.52, 165.92, 1.797
FILLER_0_57_617, 285.52, 165.92, 1.797
_09303_, 285.52, 160.48, 1.79701
_11497_, 285.52, 160.48, 1.79701
_11539_, 285.52, 160.48, 1.79701
_16031_, 285.52, 160.48, 1.79701
_18199_, 285.52, 160.48, 1.79701
FILLER_0_55_596, 285.52, 160.48, 1.79701
FILLER_0_55_617, 285.52, 160.48, 1.79701
_09209_, 285.52, 155.04, 1.79704
_09258_, 285.52, 155.04, 1.79704
_09302_, 285.52, 155.04, 1.79704
_11700_, 285.52, 155.04, 1.79704
_14681_, 285.52, 155.04, 1.79704
_15395_, 285.52, 155.04, 1.79704
_13962_, 285.52, 149.6, 1.79708
_15398_, 285.52, 149.6, 1.79708
_18198_, 285.52, 149.6, 1.79708
FILLER_0_51_607, 285.52, 149.6, 1.79708
FILLER_0_52_612, 285.52, 149.6, 1.79708
_09071_, 285.52, 144.16, 1.79709
_11567_, 285.52, 144.16, 1.79709
_13965_, 285.52, 144.16, 1.79709
_14272_, 285.52, 144.16, 1.79709
_14684_, 285.52, 144.16, 1.79709
_15397_, 285.52, 144.16, 1.79709
_18710_, 285.52, 144.16, 1.79709
_09471_, 285.52, 138.72, 1.79712
_14271_, 285.52, 138.72, 1.79712
clkbuf_leaf_156_i_clk, 285.52, 138.72, 1.79712
FILLER_0_46_606, 285.52, 138.72, 1.79712
_09087_, 285.52, 133.28, 1.79714
_15409_, 285.52, 133.28, 1.79714
_15410_, 285.52, 133.28, 1.79714
_16024_, 285.52, 133.28, 1.79714
_18192_, 285.52, 133.28, 1.79714
FILLER_0_44_601, 285.52, 133.28, 1.79714
_13983_, 285.52, 127.84, 1.79716
_14696_, 285.52, 127.84, 1.79716
FILLER_0_43_613, 285.52, 127.84, 1.79716
_09472_, 285.52, 122.4, 1.79718
_11710_, 285.52, 122.4, 1.79718
_18704_, 285.52, 122.4, 1.79718
hold425, 285.52, 122.4, 1.79718
FILLER_0_42_621, 285.52, 122.4, 1.79718
_09483_, 285.52, 116.96, 1.7972
_11701_, 285.52, 116.96, 1.7972
_16946_, 285.52, 116.96, 1.7972
FILLER_0_40_612, 285.52, 116.96, 1.7972
FILLER_0_40_620, 285.52, 116.96, 1.7972
_09473_, 285.52, 111.52, 1.79721
_11711_, 285.52, 111.52, 1.79721
_15545_, 285.52, 111.52, 1.79721
_18127_, 285.52, 111.52, 1.79721
hold325, 285.52, 111.52, 1.79721
FILLER_0_37_609, 285.52, 111.52, 1.79721
FILLER_0_38_621, 285.52, 111.52, 1.79721
_13765_, 285.52, 106.08, 1.79724
_15543_, 285.52, 106.08, 1.79724
_15546_, 285.52, 106.08, 1.79724
_15952_, 285.52, 106.08, 1.79724
_18128_, 285.52, 106.08, 1.79724
FILLER_0_35_599, 285.52, 106.08, 1.79724
FILLER_0_35_605, 285.52, 106.08, 1.79724
FILLER_0_35_613, 285.52, 106.08, 1.79724
FILLER_0_35_617, 285.52, 106.08, 1.79724
_18519_, 285.52, 100.64, 1.79723
FILLER_0_33_610, 285.52, 100.64, 1.79723
FILLER_0_33_617, 285.52, 100.64, 1.79723
FILLER_0_34_619, 285.52, 100.64, 1.79723
_14682_, 285.52, 95.2, 1.79726
_14683_, 285.52, 95.2, 1.79726
_16384_, 285.52, 95.2, 1.79726
_16387_, 285.52, 95.2, 1.79726
_18516_, 285.52, 95.2, 1.79726
FILLER_0_31_597, 285.52, 95.2, 1.79726
_14689_, 285.52, 89.76, 1.79727
_14691_, 285.52, 89.76, 1.79727
_14692_, 285.52, 89.76, 1.79727
_16385_, 285.52, 89.76, 1.79727
FILLER_0_28_601, 285.52, 89.76, 1.79727
FILLER_0_29_620, 285.52, 89.76, 1.79727
_14686_, 285.52, 84.32, 1.79727
_14688_, 285.52, 84.32, 1.79727
_16386_, 285.52, 84.32, 1.79727
_18517_, 285.52, 84.32, 1.79727
FILLER_0_27_599, 285.52, 84.32, 1.79727
FILLER_0_27_606, 285.52, 84.32, 1.79727
_11570_, 285.52, 78.88, 1.79728
_11571_, 285.52, 78.88, 1.79728
_14685_, 285.52, 78.88, 1.79728
FILLER_0_25_617, 285.52, 78.88, 1.79728
_09334_, 285.52, 73.44, 1.79729
_14478_, 285.52, 73.44, 1.79729
_16492_, 285.52, 73.44, 1.79729
FILLER_0_22_608, 285.52, 73.44, 1.79729
FILLER_0_23_609, 285.52, 73.44, 1.79729
_09455_, 285.52, 68, 1.7973
_14694_, 285.52, 68, 1.7973
_14695_, 285.52, 68, 1.7973
_16382_, 285.52, 68, 1.7973
_18515_, 285.52, 68, 1.7973
FILLER_0_21_600, 285.52, 68, 1.7973
FILLER_0_21_608, 285.52, 68, 1.7973
FILLER_0_22_619, 285.52, 68, 1.7973
_11699_, 285.52, 62.56, 1.7973
clkbuf_leaf_147_i_clk, 285.52, 62.56, 1.7973
FILLER_0_19_610, 285.52, 62.56, 1.7973
_09462_, 285.52, 57.12, 1.79731
_16344_, 285.52, 57.12, 1.79731
_18514_, 285.52, 57.12, 1.79731
FILLER_0_17_605, 285.52, 57.12, 1.79731
FILLER_0_17_613, 285.52, 57.12, 1.79731
_15203_, 285.52, 51.68, 1.79731
_15271_, 285.52, 51.68, 1.79731
_15272_, 285.52, 51.68, 1.79731
_18257_, 285.52, 51.68, 1.79731
_18289_, 285.52, 51.68, 1.79731
_15204_, 285.52, 46.24, 1.79733
_16097_, 285.52, 46.24, 1.79733
_16132_, 285.52, 46.24, 1.79733
FILLER_0_13_608, 285.52, 46.24, 1.79733
FILLER_0_14_620, 285.52, 46.24, 1.79733
_15197_, 285.52, 40.8, 1.79732
_15266_, 285.52, 40.8, 1.79732
_18260_, 285.52, 40.8, 1.79732
FILLER_0_11_606, 285.52, 40.8, 1.79732
_15263_, 285.52, 35.36, 1.79733
_15264_, 285.52, 35.36, 1.79733
_15265_, 285.52, 35.36, 1.79733
_16100_, 285.52, 35.36, 1.79733
_16101_, 285.52, 35.36, 1.79733
_16135_, 285.52, 35.36, 1.79733
_18261_, 285.52, 35.36, 1.79733
_15269_, 285.52, 29.92, 1.79733
FILLER_0_6_598, 285.52, 29.92, 1.79733
FILLER_0_7_609, 285.52, 29.92, 1.79733
FILLER_0_7_617, 285.52, 29.92, 1.79733
_09399_, 285.52, 24.48, 1.79733
_15267_, 285.52, 24.48, 1.79733
_15270_, 285.52, 24.48, 1.79733
_18258_, 285.52, 24.48, 1.79733
FILLER_0_5_597, 285.52, 24.48, 1.79733
FILLER_0_5_605, 285.52, 24.48, 1.79733
FILLER_0_5_613, 285.52, 24.48, 1.79733
_15199_, 285.52, 19.04, 1.79733
_15201_, 285.52, 19.04, 1.79733
_15268_, 285.52, 19.04, 1.79733
_16098_, 285.52, 19.04, 1.79733
_16133_, 285.52, 19.04, 1.79733
_18259_, 285.52, 19.04, 1.79733
FILLER_0_0_611, 285.52, 13.6, 1.79734
FILLER_0_0_617, 285.52, 13.6, 1.79734
FILLER_0_1_609, 285.52, 13.6, 1.79734
FILLER_0_174_551, 260.52, 486.88, 1.79487
_12399_, 260.52, 481.44, 1.79486
_12400_, 260.52, 481.44, 1.79486
_12406_, 260.52, 481.44, 1.79486
_17113_, 260.52, 481.44, 1.79486
_19173_, 260.52, 481.44, 1.79486
_19174_, 260.52, 481.44, 1.79486
output11, 260.52, 481.44, 1.79486
FILLER_0_173_549, 260.52, 481.44, 1.79486
FILLER_0_173_557, 260.52, 481.44, 1.79486
_12404_, 260.52, 476, 1.79486
_12567_, 260.52, 476, 1.79486
_19175_, 260.52, 476, 1.79486
FILLER_0_171_551, 260.52, 476, 1.79486
_12392_, 260.52, 470.56, 1.79486
_12395_, 260.52, 470.56, 1.79486
_12397_, 260.52, 470.56, 1.79486
_12564_, 260.52, 470.56, 1.79486
_17115_, 260.52, 470.56, 1.79486
FILLER_0_169_551, 260.52, 470.56, 1.79486
FILLER_0_170_558, 260.52, 470.56, 1.79486
_12390_, 260.52, 465.12, 1.79487
_12393_, 260.52, 465.12, 1.79487
_12394_, 260.52, 465.12, 1.79487
_12396_, 260.52, 465.12, 1.79487
_12407_, 260.52, 465.12, 1.79487
_12563_, 260.52, 465.12, 1.79487
_12572_, 260.52, 465.12, 1.79487
_12577_, 260.52, 465.12, 1.79487
_12573_, 260.52, 459.68, 1.79487
_12574_, 260.52, 459.68, 1.79487
_12576_, 260.52, 459.68, 1.79487
_19327_, 260.52, 459.68, 1.79487
FILLER_0_164_554, 260.52, 459.68, 1.79487
_12378_, 260.52, 454.24, 1.79487
_12386_, 260.52, 454.24, 1.79487
_12580_, 260.52, 454.24, 1.79487
clkbuf_leaf_88_i_clk, 260.52, 454.24, 1.79487
FILLER_0_163_553, 260.52, 454.24, 1.79487
_12373_, 260.52, 448.8, 1.79487
_12376_, 260.52, 448.8, 1.79487
_12377_, 260.52, 448.8, 1.79487
_12579_, 260.52, 448.8, 1.79487
_12587_, 260.52, 448.8, 1.79487
_12588_, 260.52, 448.8, 1.79487
_12589_, 260.52, 448.8, 1.79487
_12591_, 260.52, 448.8, 1.79487
FILLER_0_162_563, 260.52, 448.8, 1.79487
_12374_, 260.52, 443.36, 1.79488
_12375_, 260.52, 443.36, 1.79488
_12590_, 260.52, 443.36, 1.79488
_17348_, 260.52, 443.36, 1.79488
hold267, 260.52, 443.36, 1.79488
FILLER_0_159_554, 260.52, 443.36, 1.79488
FILLER_0_160_556, 260.52, 443.36, 1.79488
FILLER_0_160_567, 260.52, 443.36, 1.79488
_13076_, 260.52, 437.92, 1.79489
_19165_, 260.52, 437.92, 1.79489
FILLER_0_157_553, 260.52, 437.92, 1.79489
hold190, 260.52, 432.48, 1.7949
FILLER_0_155_551, 260.52, 432.48, 1.7949
FILLER_0_156_565, 260.52, 432.48, 1.7949
_19380_, 260.52, 427.04, 1.7949
_19452_, 260.52, 427.04, 1.7949
hold19, 260.52, 427.04, 1.7949
_17459_, 260.52, 421.6, 1.79492
_17566_, 260.52, 421.6, 1.79492
_17600_, 260.52, 421.6, 1.79492
_17633_, 260.52, 421.6, 1.79492
_19420_, 260.52, 421.6, 1.79492
_19436_, 260.52, 421.6, 1.79492
_17565_, 260.52, 416.16, 1.79492
_17599_, 260.52, 416.16, 1.79492
hold152, 260.52, 416.16, 1.79492
FILLER_0_149_547, 260.52, 416.16, 1.79492
_17456_, 260.52, 410.72, 1.79494
hold45, 260.52, 410.72, 1.79494
FILLER_0_147_556, 260.52, 410.72, 1.79494
_17455_, 260.52, 405.28, 1.79495
_17631_, 260.52, 405.28, 1.79495
_19419_, 260.52, 405.28, 1.79495
_19435_, 260.52, 405.28, 1.79495
hold46, 260.52, 405.28, 1.79495
FILLER_0_144_541, 260.52, 405.28, 1.79495
_17564_, 260.52, 399.84, 1.79496
_17574_, 260.52, 399.84, 1.79496
_17597_, 260.52, 399.84, 1.79496
clkbuf_leaf_85_i_clk, 260.52, 399.84, 1.79496
_19384_, 260.52, 394.4, 1.79499
_19440_, 260.52, 394.4, 1.79499
hold79, 260.52, 394.4, 1.79499
hold80, 260.52, 394.4, 1.79499
_17475_, 260.52, 388.96, 1.795
_17573_, 260.52, 388.96, 1.795
_17607_, 260.52, 388.96, 1.795
_17641_, 260.52, 388.96, 1.795
_19424_, 260.52, 388.96, 1.795
_17484_, 260.52, 383.52, 1.79503
_17645_, 260.52, 383.52, 1.79503
_17483_, 260.52, 378.08, 1.79505
_17577_, 260.52, 378.08, 1.79505
_17611_, 260.52, 378.08, 1.79505
_19442_, 260.52, 378.08, 1.79505
hold171, 260.52, 378.08, 1.79505
FILLER_0_136_563, 260.52, 378.08, 1.79505
_17578_, 260.52, 372.64, 1.79507
_19426_, 260.52, 372.64, 1.79507
hold3, 260.52, 372.64, 1.79507
_17432_, 260.52, 367.2, 1.79509
_17730_, 260.52, 367.2, 1.79509
_17731_, 260.52, 367.2, 1.79509
_17383_, 260.52, 361.76, 1.79511
_17719_, 260.52, 361.76, 1.79511
_17723_, 260.52, 361.76, 1.79511
_17760_, 260.52, 361.76, 1.79511
FILLER_0_128_549, 260.52, 361.76, 1.79511
FILLER_0_129_555, 260.52, 361.76, 1.79511
FILLER_0_129_561, 260.52, 361.76, 1.79511
_17390_, 260.52, 356.32, 1.79515
_17451_, 260.52, 356.32, 1.79515
FILLER_0_127_556, 260.52, 356.32, 1.79515
FILLER_0_127_561, 260.52, 356.32, 1.79515
_17481_, 260.52, 350.88, 1.79517
_17700_, 260.52, 350.88, 1.79517
FILLER_0_124_541, 260.52, 350.88, 1.79517
FILLER_0_125_556, 260.52, 350.88, 1.79517
FILLER_0_125_561, 260.52, 350.88, 1.79517
_09186_, 260.52, 345.44, 1.79518
_15838_, 260.52, 345.44, 1.79518
_17450_, 260.52, 345.44, 1.79518
_17695_, 260.52, 345.44, 1.79518
_17757_, 260.52, 345.44, 1.79518
_17758_, 260.52, 345.44, 1.79518
_17789_, 260.52, 345.44, 1.79518
FILLER_0_122_542, 260.52, 345.44, 1.79518
_17751_, 260.52, 340, 1.79525
_17852_, 260.52, 340, 1.79525
_17853_, 260.52, 340, 1.79525
FILLER_0_121_561, 260.52, 340, 1.79525
_17754_, 260.52, 334.56, 1.79528
_17755_, 260.52, 334.56, 1.79528
_17869_, 260.52, 334.56, 1.79528
_17870_, 260.52, 334.56, 1.79528
FILLER_0_118_541, 260.52, 334.56, 1.79528
_17756_, 260.52, 329.12, 1.79534
_17807_, 260.52, 329.12, 1.79534
_17877_, 260.52, 329.12, 1.79534
_17915_, 260.52, 329.12, 1.79534
_19504_, 260.52, 329.12, 1.79534
FILLER_0_117_555, 260.52, 329.12, 1.79534
FILLER_0_118_567, 260.52, 329.12, 1.79534
_17727_, 260.52, 323.68, 1.79539
_17916_, 260.52, 323.68, 1.79539
_17921_, 260.52, 323.68, 1.79539
FILLER_0_114_551, 260.52, 323.68, 1.79539
FILLER_0_115_544, 260.52, 323.68, 1.79539
FILLER_0_115_556, 260.52, 323.68, 1.79539
FILLER_0_115_561, 260.52, 323.68, 1.79539
FILLER_0_116_561, 260.52, 323.68, 1.79539
_17903_, 260.52, 318.24, 1.79544
_17951_, 260.52, 318.24, 1.79544
_17955_, 260.52, 318.24, 1.79544
_17975_, 260.52, 318.24, 1.79544
_17979_, 260.52, 318.24, 1.79544
FILLER_0_113_543, 260.52, 318.24, 1.79544
FILLER_0_113_556, 260.52, 318.24, 1.79544
_17701_, 260.52, 312.8, 1.7955
_17922_, 260.52, 312.8, 1.7955
_19506_, 260.52, 312.8, 1.7955
FILLER_0_111_554, 260.52, 312.8, 1.7955
FILLER_0_111_561, 260.52, 312.8, 1.7955
FILLER_0_112_557, 260.52, 312.8, 1.7955
_17812_, 260.52, 307.36, 1.79556
_17813_, 260.52, 307.36, 1.79556
_17827_, 260.52, 307.36, 1.79556
_19494_, 260.52, 307.36, 1.79556
clkbuf_leaf_76_i_clk, 260.52, 307.36, 1.79556
FILLER_0_110_563, 260.52, 307.36, 1.79556
_17705_, 260.52, 301.92, 1.79562
_17728_, 260.52, 301.92, 1.79562
_19497_, 260.52, 301.92, 1.79562
_10032_, 260.52, 296.48, 1.79572
_17725_, 260.52, 296.48, 1.79572
FILLER_0_106_561, 260.52, 296.48, 1.79572
_10035_, 260.52, 291.04, 1.79578
_10042_, 260.52, 291.04, 1.79578
_15889_, 260.52, 291.04, 1.79578
FILLER_0_102_549, 260.52, 291.04, 1.79578
FILLER_0_103_547, 260.52, 291.04, 1.79578
_10040_, 260.52, 285.6, 1.79585
_15888_, 260.52, 285.6, 1.79585
_17796_, 260.52, 285.6, 1.79585
_17797_, 260.52, 285.6, 1.79585
FILLER_0_101_561, 260.52, 285.6, 1.79585
FILLER_0_102_561, 260.52, 285.6, 1.79585
_19498_, 260.52, 280.16, 1.7959
_19518_, 260.52, 280.16, 1.7959
FILLER_0_97_553, 260.52, 274.72, 1.79595
FILLER_0_98_566, 260.52, 274.72, 1.79595
_10105_, 260.52, 269.28, 1.79602
FILLER_0_95_556, 260.52, 269.28, 1.79602
FILLER_0_95_561, 260.52, 269.28, 1.79602
_10096_, 260.52, 263.84, 1.79612
_12230_, 260.52, 263.84, 1.79612
_17647_, 260.52, 263.84, 1.79612
_17897_, 260.52, 258.4, 1.79621
_17952_, 260.52, 258.4, 1.79621
_17954_, 260.52, 258.4, 1.79621
_17981_, 260.52, 258.4, 1.79621
FILLER_0_90_554, 260.52, 258.4, 1.79621
FILLER_0_91_543, 260.52, 258.4, 1.79621
_17978_, 260.52, 252.96, 1.79629
_17980_, 260.52, 252.96, 1.79629
_17982_, 260.52, 252.96, 1.79629
_19554_, 260.52, 252.96, 1.79629
FILLER_0_89_564, 260.52, 252.96, 1.79629
_17956_, 260.52, 247.52, 1.79637
_19547_, 260.52, 247.52, 1.79637
ANTENNA_60, 260.52, 247.52, 1.79637
FILLER_0_87_557, 260.52, 247.52, 1.79637
_17957_, 260.52, 242.08, 1.79646
_17958_, 260.52, 242.08, 1.79646
_17972_, 260.52, 242.08, 1.79646
_17974_, 260.52, 242.08, 1.79646
FILLER_0_85_548, 260.52, 242.08, 1.79646
_17668_, 260.52, 236.64, 1.79651
_17669_, 260.52, 236.64, 1.79651
_17670_, 260.52, 236.64, 1.79651
_17671_, 260.52, 236.64, 1.79651
_19478_, 260.52, 236.64, 1.79651
_19548_, 260.52, 236.64, 1.79651
_19552_, 260.52, 236.64, 1.79651
FILLER_0_82_550, 260.52, 236.64, 1.79651
FILLER_0_83_549, 260.52, 236.64, 1.79651
FILLER_0_83_557, 260.52, 236.64, 1.79651
FILLER_0_84_556, 260.52, 236.64, 1.79651
_11815_, 260.52, 231.2, 1.79655
clkbuf_leaf_160_i_clk, 260.52, 231.2, 1.79655
FILLER_0_81_567, 260.52, 231.2, 1.79655
_15589_, 260.52, 225.76, 1.79661
_15590_, 260.52, 225.76, 1.79661
_19607_, 260.52, 225.76, 1.79661
hold327, 260.52, 225.76, 1.79661
_09051_, 260.52, 220.32, 1.79667
_19001_, 260.52, 220.32, 1.79667
FILLER_0_76_545, 260.52, 220.32, 1.79667
FILLER_0_77_557, 260.52, 220.32, 1.79667
FILLER_0_78_565, 260.52, 220.32, 1.79667
_09984_, 260.52, 214.88, 1.79672
_12218_, 260.52, 214.88, 1.79672
_13612_, 260.52, 214.88, 1.79672
_13613_, 260.52, 214.88, 1.79672
FILLER_0_75_549, 260.52, 214.88, 1.79672
_09995_, 260.52, 209.44, 1.79675
_12219_, 260.52, 209.44, 1.79675
_12229_, 260.52, 209.44, 1.79675
clkbuf_leaf_159_i_clk, 260.52, 209.44, 1.79675
FILLER_0_73_542, 260.52, 209.44, 1.79675
FILLER_0_73_554, 260.52, 209.44, 1.79675
_09980_, 260.52, 204, 1.7968
_09985_, 260.52, 204, 1.7968
_14124_, 260.52, 204, 1.7968
FILLER_0_71_557, 260.52, 204, 1.7968
FILLER_0_71_561, 260.52, 204, 1.7968
_12214_, 260.52, 198.56, 1.79684
_14195_, 260.52, 198.56, 1.79684
_16531_, 260.52, 198.56, 1.79684
_18745_, 260.52, 198.56, 1.79684
_18777_, 260.52, 198.56, 1.79684
_18713_, 260.52, 193.12, 1.79688
FILLER_0_67_561, 260.52, 193.12, 1.79688
_14055_, 260.52, 187.68, 1.79691
_14263_, 260.52, 187.68, 1.79691
_14264_, 260.52, 187.68, 1.79691
_16709_, 260.52, 187.68, 1.79691
ANTENNA_39, 260.52, 187.68, 1.79691
FILLER_0_64_547, 260.52, 187.68, 1.79691
FILLER_0_65_551, 260.52, 187.68, 1.79691
FILLER_0_66_559, 260.52, 187.68, 1.79691
_11492_, 260.52, 182.24, 1.79694
_14606_, 260.52, 182.24, 1.79694
_18553_, 260.52, 182.24, 1.79694
ANTENNA_58, 260.52, 182.24, 1.79694
FILLER_0_63_550, 260.52, 182.24, 1.79694
_09253_, 260.52, 176.8, 1.79697
_14607_, 260.52, 176.8, 1.79697
_15461_, 260.52, 176.8, 1.79697
_15462_, 260.52, 176.8, 1.79697
_15998_, 260.52, 176.8, 1.79697
FILLER_0_62_559, 260.52, 176.8, 1.79697
_09256_, 260.52, 171.36, 1.79701
_15393_, 260.52, 171.36, 1.79701
_16033_, 260.52, 171.36, 1.79701
FILLER_0_58_552, 260.52, 171.36, 1.79701
_09052_, 260.52, 165.92, 1.79704
_13956_, 260.52, 165.92, 1.79704
_14676_, 260.52, 165.92, 1.79704
FILLER_0_57_554, 260.52, 165.92, 1.79704
_14921_, 260.52, 160.48, 1.79706
_16277_, 260.52, 160.48, 1.79706
_16278_, 260.52, 160.48, 1.79706
_18420_, 260.52, 160.48, 1.79706
clkbuf_leaf_157_i_clk, 260.52, 160.48, 1.79706
_11602_, 260.52, 155.04, 1.79711
_14920_, 260.52, 155.04, 1.79711
_14922_, 260.52, 155.04, 1.79711
_14923_, 260.52, 155.04, 1.79711
FILLER_0_53_545, 260.52, 155.04, 1.79711
_09366_, 260.52, 149.6, 1.79714
_11582_, 260.52, 149.6, 1.79714
FILLER_0_50_545, 260.52, 149.6, 1.79714
_09306_, 260.52, 144.16, 1.79717
_11542_, 260.52, 144.16, 1.79717
_13755_, 260.52, 144.16, 1.79717
_13756_, 260.52, 144.16, 1.79717
_14917_, 260.52, 144.16, 1.79717
_16848_, 260.52, 144.16, 1.79717
_18423_, 260.52, 144.16, 1.79717
_14916_, 260.52, 138.72, 1.7972
FILLER_0_47_557, 260.52, 138.72, 1.7972
_09386_, 260.52, 133.28, 1.79723
_16276_, 260.52, 133.28, 1.79723
_18419_, 260.52, 133.28, 1.79723
FILLER_0_45_543, 260.52, 133.28, 1.79723
FILLER_0_45_556, 260.52, 133.28, 1.79723
_14924_, 260.52, 127.84, 1.79725
_14925_, 260.52, 127.84, 1.79725
_18931_, 260.52, 127.84, 1.79725
hold397, 260.52, 127.84, 1.79725
FILLER_0_43_542, 260.52, 127.84, 1.79725
_11622_, 260.52, 122.4, 1.79727
_16275_, 260.52, 122.4, 1.79727
_18418_, 260.52, 122.4, 1.79727
FILLER_0_41_556, 260.52, 122.4, 1.79727
FILLER_0_42_557, 260.52, 122.4, 1.79727
_09406_, 260.52, 116.96, 1.7973
_14926_, 260.52, 116.96, 1.7973
_14927_, 260.52, 116.96, 1.7973
hold389, 260.52, 116.96, 1.7973
_11683_, 260.52, 111.52, 1.79731
_14928_, 260.52, 111.52, 1.79731
_14929_, 260.52, 111.52, 1.79731
_18417_, 260.52, 111.52, 1.79731
FILLER_0_36_548, 260.52, 111.52, 1.79731
FILLER_0_37_545, 260.52, 111.52, 1.79731
FILLER_0_37_553, 260.52, 111.52, 1.79731
_14931_, 260.52, 106.08, 1.79733
_16273_, 260.52, 106.08, 1.79733
_16274_, 260.52, 106.08, 1.79733
_18416_, 260.52, 106.08, 1.79733
FILLER_0_34_545, 260.52, 106.08, 1.79733
FILLER_0_35_549, 260.52, 106.08, 1.79733
_13769_, 260.52, 100.64, 1.79733
_13770_, 260.52, 100.64, 1.79733
_14930_, 260.52, 100.64, 1.79733
_18928_, 260.52, 100.64, 1.79733
FILLER_0_33_541, 260.52, 100.64, 1.79733
_11501_, 260.52, 95.2, 1.79735
_14779_, 260.52, 95.2, 1.79735
_16353_, 260.52, 95.2, 1.79735
FILLER_0_30_545, 260.52, 95.2, 1.79735
FILLER_0_31_549, 260.52, 95.2, 1.79735
FILLER_0_31_557, 260.52, 95.2, 1.79735
_09260_, 260.52, 89.76, 1.79734
_11499_, 260.52, 89.76, 1.79734
_14778_, 260.52, 89.76, 1.79734
_16351_, 260.52, 89.76, 1.79734
FILLER_0_30_564, 260.52, 89.76, 1.79734
_11509_, 260.52, 84.32, 1.79736
_11538_, 260.52, 84.32, 1.79736
clkbuf_leaf_149_i_clk, 260.52, 84.32, 1.79736
FILLER_0_27_555, 260.52, 84.32, 1.79736
FILLER_0_28_556, 260.52, 84.32, 1.79736
_09299_, 260.52, 78.88, 1.79737
_14704_, 260.52, 78.88, 1.79737
_16886_, 260.52, 78.88, 1.79737
FILLER_0_25_549, 260.52, 78.88, 1.79737
FILLER_0_25_557, 260.52, 78.88, 1.79737
FILLER_0_25_561, 260.52, 78.88, 1.79737
_16380_, 260.52, 73.44, 1.79738
_18512_, 260.52, 73.44, 1.79738
_18513_, 260.52, 73.44, 1.79738
_18608_, 260.52, 73.44, 1.79738
FILLER_0_23_546, 260.52, 73.44, 1.79738
FILLER_0_23_554, 260.52, 73.44, 1.79738
FILLER_0_23_561, 260.52, 73.44, 1.79738
FILLER_0_24_557, 260.52, 73.44, 1.79738
_09475_, 260.52, 68, 1.79739
_11713_, 260.52, 68, 1.79739
_14700_, 260.52, 68, 1.79739
_14701_, 260.52, 68, 1.79739
FILLER_0_22_561, 260.52, 68, 1.79739
_09482_, 260.52, 62.56, 1.79738
_11720_, 260.52, 62.56, 1.79738
_18960_, 260.52, 62.56, 1.79738
FILLER_0_19_555, 260.52, 62.56, 1.79738
_13702_, 260.52, 57.12, 1.7974
_16059_, 260.52, 57.12, 1.7974
_16343_, 260.52, 57.12, 1.7974
_18224_, 260.52, 57.12, 1.7974
FILLER_0_16_549, 260.52, 57.12, 1.7974
FILLER_0_17_549, 260.52, 57.12, 1.7974
FILLER_0_17_557, 260.52, 57.12, 1.7974
FILLER_0_18_556, 260.52, 57.12, 1.7974
FILLER_0_18_564, 260.52, 57.12, 1.7974
_11697_, 260.52, 51.68, 1.7974
_15341_, 260.52, 51.68, 1.7974
_15342_, 260.52, 51.68, 1.7974
FILLER_0_14_543, 260.52, 51.68, 1.7974
_09460_, 260.52, 46.24, 1.79741
_15136_, 260.52, 46.24, 1.79741
FILLER_0_13_553, 260.52, 46.24, 1.79741
FILLER_0_14_563, 260.52, 46.24, 1.79741
_15137_, 260.52, 40.8, 1.7974
_16166_, 260.52, 40.8, 1.7974
_18448_, 260.52, 40.8, 1.7974
clkbuf_leaf_146_i_clk, 260.52, 40.8, 1.7974
FILLER_0_11_557, 260.52, 40.8, 1.7974
FILLER_0_12_560, 260.52, 40.8, 1.7974
_14407_, 260.52, 35.36, 1.79741
_16529_, 260.52, 35.36, 1.79741
_17026_, 260.52, 35.36, 1.79741
_18647_, 260.52, 35.36, 1.79741
FILLER_0_9_543, 260.52, 35.36, 1.79741
FILLER_0_9_551, 260.52, 35.36, 1.79741
FILLER_0_9_557, 260.52, 35.36, 1.79741
FILLER_0_10_560, 260.52, 35.36, 1.79741
FILLER_0_10_566, 260.52, 35.36, 1.79741
_11556_, 260.52, 29.92, 1.79741
_11557_, 260.52, 29.92, 1.79741
_13412_, 260.52, 29.92, 1.79741
_13413_, 260.52, 29.92, 1.79741
FILLER_0_6_554, 260.52, 29.92, 1.79741
FILLER_0_7_555, 260.52, 29.92, 1.79741
_09319_, 260.52, 24.48, 1.79741
_09320_, 260.52, 24.48, 1.79741
_11555_, 260.52, 24.48, 1.79741
_15259_, 260.52, 24.48, 1.79741
_14848_, 260.52, 19.04, 1.79741
_14849_, 260.52, 19.04, 1.79741
_16138_, 260.52, 19.04, 1.79741
_18231_, 260.52, 13.6, 1.79741
_18455_, 260.52, 13.6, 1.79741
output57, 260.52, 13.6, 1.79741
FILLER_0_0_557, 260.52, 13.6, 1.79741
FILLER_0_1_549, 260.52, 13.6, 1.79741
FILLER_0_1_557, 260.52, 13.6, 1.79741
_13069_, 235.52, 481.44, 1.79494
_17112_, 235.52, 481.44, 1.79494
output43, 235.52, 481.44, 1.79494
hold156, 235.52, 481.44, 1.79494
ANTENNA_127, 235.52, 481.44, 1.79494
FILLER_0_174_501, 235.52, 481.44, 1.79494
_13070_, 235.52, 476, 1.79494
_17110_, 235.52, 476, 1.79494
_17111_, 235.52, 476, 1.79494
_19329_, 235.52, 476, 1.79494
hold155, 235.52, 476, 1.79494
FILLER_0_171_513, 235.52, 476, 1.79494
FILLER_0_172_505, 235.52, 476, 1.79494
_19328_, 235.52, 470.56, 1.79493
clkbuf_leaf_61_i_clk, 235.52, 470.56, 1.79493
hold2, 235.52, 470.56, 1.79493
hold68, 235.52, 470.56, 1.79493
FILLER_0_169_505, 235.52, 470.56, 1.79493
FILLER_0_170_501, 235.52, 470.56, 1.79493
_13071_, 235.52, 465.12, 1.79494
_13072_, 235.52, 465.12, 1.79494
_17108_, 235.52, 465.12, 1.79494
_17109_, 235.52, 465.12, 1.79494
_19169_, 235.52, 465.12, 1.79494
hold1, 235.52, 465.12, 1.79494
hold140, 235.52, 465.12, 1.79494
FILLER_0_166_489, 235.52, 465.12, 1.79494
FILLER_0_167_498, 235.52, 465.12, 1.79494
FILLER_0_168_512, 235.52, 465.12, 1.79494
_13073_, 235.52, 459.68, 1.79495
_17093_, 235.52, 459.68, 1.79495
_17105_, 235.52, 459.68, 1.79495
FILLER_0_165_511, 235.52, 459.68, 1.79495
_12383_, 235.52, 454.24, 1.79495
_17107_, 235.52, 454.24, 1.79495
hold137, 235.52, 454.24, 1.79495
FILLER_0_163_490, 235.52, 454.24, 1.79495
FILLER_0_163_505, 235.52, 454.24, 1.79495
_13074_, 235.52, 448.8, 1.79495
_13075_, 235.52, 448.8, 1.79495
_17106_, 235.52, 448.8, 1.79495
hold103, 235.52, 448.8, 1.79495
hold136, 235.52, 448.8, 1.79495
FILLER_0_160_489, 235.52, 448.8, 1.79495
FILLER_0_161_512, 235.52, 448.8, 1.79495
FILLER_0_162_501, 235.52, 448.8, 1.79495
_19324_, 235.52, 443.36, 1.79495
_19325_, 235.52, 443.36, 1.79495
clkbuf_leaf_62_i_clk, 235.52, 443.36, 1.79495
FILLER_0_159_496, 235.52, 443.36, 1.79495
FILLER_0_159_505, 235.52, 443.36, 1.79495
FILLER_0_157_493, 235.52, 437.92, 1.79497
FILLER_0_157_501, 235.52, 437.92, 1.79497
_17408_, 235.52, 432.48, 1.79498
_17627_, 235.52, 432.48, 1.79498
_19360_, 235.52, 432.48, 1.79498
_19448_, 235.52, 432.48, 1.79498
hold243, 235.52, 432.48, 1.79498
_17407_, 235.52, 427.04, 1.79498
_17624_, 235.52, 427.04, 1.79498
_17625_, 235.52, 427.04, 1.79498
hold34, 235.52, 427.04, 1.79498
FILLER_0_153_487, 235.52, 427.04, 1.79498
_17557_, 235.52, 421.6, 1.795
_17558_, 235.52, 421.6, 1.795
_19432_, 235.52, 421.6, 1.795
hold35, 235.52, 421.6, 1.795
hold138, 235.52, 421.6, 1.795
FILLER_0_151_505, 235.52, 421.6, 1.795
_17590_, 235.52, 416.16, 1.79501
_17591_, 235.52, 416.16, 1.79501
_19416_, 235.52, 416.16, 1.79501
hold207, 235.52, 416.16, 1.79501
_17414_, 235.52, 410.72, 1.79501
_17595_, 235.52, 410.72, 1.79501
clkbuf_leaf_64_i_clk, 235.52, 410.72, 1.79501
FILLER_0_146_490, 235.52, 410.72, 1.79501
FILLER_0_147_500, 235.52, 410.72, 1.79501
FILLER_0_147_509, 235.52, 410.72, 1.79501
_17617_, 235.52, 405.28, 1.79504
_17629_, 235.52, 405.28, 1.79504
_19450_, 235.52, 405.28, 1.79504
hold177, 235.52, 405.28, 1.79504
FILLER_0_144_494, 235.52, 405.28, 1.79504
_17413_, 235.52, 399.84, 1.79506
_19362_, 235.52, 399.84, 1.79506
hold210, 235.52, 399.84, 1.79506
FILLER_0_143_499, 235.52, 399.84, 1.79506
FILLER_0_143_505, 235.52, 399.84, 1.79506
_17623_, 235.52, 394.4, 1.79508
hold23, 235.52, 394.4, 1.79508
hold33, 235.52, 394.4, 1.79508
FILLER_0_141_488, 235.52, 394.4, 1.79508
FILLER_0_141_500, 235.52, 394.4, 1.79508
FILLER_0_141_505, 235.52, 394.4, 1.79508
FILLER_0_142_510, 235.52, 394.4, 1.79508
_17550_, 235.52, 388.96, 1.79509
_17589_, 235.52, 388.96, 1.79509
_19359_, 235.52, 388.96, 1.79509
_19431_, 235.52, 388.96, 1.79509
hold173, 235.52, 388.96, 1.79509
FILLER_0_138_500, 235.52, 388.96, 1.79509
_17404_, 235.52, 383.52, 1.79511
_17405_, 235.52, 383.52, 1.79511
_19447_, 235.52, 383.52, 1.79511
clkbuf_leaf_65_i_clk, 235.52, 383.52, 1.79511
hold146, 235.52, 383.52, 1.79511
hold286, 235.52, 383.52, 1.79511
FILLER_0_137_505, 235.52, 383.52, 1.79511
_17391_, 235.52, 378.08, 1.79514
_17580_, 235.52, 378.08, 1.79514
_19412_, 235.52, 378.08, 1.79514
hold24, 235.52, 378.08, 1.79514
FILLER_0_135_497, 235.52, 378.08, 1.79514
FILLER_0_135_505, 235.52, 378.08, 1.79514
_19411_, 235.52, 372.64, 1.79516
_19414_, 235.52, 372.64, 1.79516
hold64, 235.52, 372.64, 1.79516
_17394_, 235.52, 367.2, 1.79518
_17400_, 235.52, 367.2, 1.79518
_17745_, 235.52, 367.2, 1.79518
FILLER_0_131_488, 235.52, 367.2, 1.79518
FILLER_0_131_496, 235.52, 367.2, 1.79518
_17403_, 235.52, 361.76, 1.79521
_17406_, 235.52, 361.76, 1.79521
_17688_, 235.52, 361.76, 1.79521
_17724_, 235.52, 361.76, 1.79521
_17739_, 235.52, 361.76, 1.79521
_17748_, 235.52, 361.76, 1.79521
FILLER_0_128_490, 235.52, 361.76, 1.79521
FILLER_0_129_489, 235.52, 361.76, 1.79521
FILLER_0_129_505, 235.52, 361.76, 1.79521
_17696_, 235.52, 356.32, 1.79525
_17765_, 235.52, 356.32, 1.79525
clkbuf_leaf_72_i_clk, 235.52, 356.32, 1.79525
FILLER_0_127_494, 235.52, 356.32, 1.79525
FILLER_0_127_505, 235.52, 356.32, 1.79525
FILLER_0_128_504, 235.52, 356.32, 1.79525
_17763_, 235.52, 350.88, 1.79526
_17764_, 235.52, 350.88, 1.79526
_17768_, 235.52, 350.88, 1.79526
_17769_, 235.52, 350.88, 1.79526
_19507_, 235.52, 350.88, 1.79526
FILLER_0_125_511, 235.52, 350.88, 1.79526
_17815_, 235.52, 345.44, 1.7953
_17818_, 235.52, 345.44, 1.7953
_17819_, 235.52, 345.44, 1.7953
_17820_, 235.52, 345.44, 1.7953
_17821_, 235.52, 340, 1.79535
_17832_, 235.52, 340, 1.79535
_17850_, 235.52, 340, 1.79535
_17860_, 235.52, 340, 1.79535
FILLER_0_120_493, 235.52, 340, 1.79535
FILLER_0_121_501, 235.52, 340, 1.79535
_17814_, 235.52, 334.56, 1.7954
_17862_, 235.52, 334.56, 1.7954
_17863_, 235.52, 334.56, 1.7954
_17868_, 235.52, 334.56, 1.7954
_17871_, 235.52, 334.56, 1.7954
_17908_, 235.52, 334.56, 1.7954
_17816_, 235.52, 329.12, 1.79545
_17838_, 235.52, 329.12, 1.79545
_17872_, 235.52, 329.12, 1.79545
_17886_, 235.52, 329.12, 1.79545
FILLER_0_116_489, 235.52, 329.12, 1.79545
FILLER_0_118_511, 235.52, 329.12, 1.79545
_17837_, 235.52, 323.68, 1.79549
_17839_, 235.52, 323.68, 1.79549
_17843_, 235.52, 323.68, 1.79549
_17845_, 235.52, 323.68, 1.79549
_17893_, 235.52, 323.68, 1.79549
FILLER_0_114_489, 235.52, 323.68, 1.79549
_17836_, 235.52, 318.24, 1.79553
_17844_, 235.52, 318.24, 1.79553
_17847_, 235.52, 318.24, 1.79553
_17898_, 235.52, 318.24, 1.79553
_17931_, 235.52, 318.24, 1.79553
FILLER_0_112_489, 235.52, 318.24, 1.79553
FILLER_0_113_491, 235.52, 318.24, 1.79553
_17702_, 235.52, 312.8, 1.79559
_17923_, 235.52, 312.8, 1.79559
_17927_, 235.52, 312.8, 1.79559
_17935_, 235.52, 312.8, 1.79559
_17939_, 235.52, 312.8, 1.79559
FILLER_0_110_499, 235.52, 312.8, 1.79559
FILLER_0_111_500, 235.52, 312.8, 1.79559
FILLER_0_111_505, 235.52, 312.8, 1.79559
_17822_, 235.52, 307.36, 1.79565
_17823_, 235.52, 307.36, 1.79565
_17942_, 235.52, 307.36, 1.79565
_19523_, 235.52, 307.36, 1.79565
hold47, 235.52, 307.36, 1.79565
FILLER_0_108_493, 235.52, 307.36, 1.79565
_17703_, 235.52, 301.92, 1.7957
_17824_, 235.52, 301.92, 1.7957
FILLER_0_107_497, 235.52, 301.92, 1.7957
FILLER_0_107_513, 235.52, 301.92, 1.7957
_17900_, 235.52, 296.48, 1.79577
_19493_, 235.52, 296.48, 1.79577
_19534_, 235.52, 296.48, 1.79577
FILLER_0_105_497, 235.52, 296.48, 1.79577
FILLER_0_106_501, 235.52, 296.48, 1.79577
_09194_, 235.52, 291.04, 1.79582
_17826_, 235.52, 291.04, 1.79582
_17899_, 235.52, 291.04, 1.79582
_17901_, 235.52, 291.04, 1.79582
clkbuf_leaf_74_i_clk, 235.52, 291.04, 1.79582
_17918_, 235.52, 285.6, 1.7959
_17919_, 235.52, 285.6, 1.7959
_17924_, 235.52, 285.6, 1.7959
_17930_, 235.52, 285.6, 1.7959
hold72, 235.52, 285.6, 1.7959
FILLER_0_100_494, 235.52, 285.6, 1.7959
FILLER_0_101_490, 235.52, 285.6, 1.7959
_17740_, 235.52, 280.16, 1.79594
_17741_, 235.52, 280.16, 1.79594
_17932_, 235.52, 280.16, 1.79594
_19499_, 235.52, 280.16, 1.79594
_19502_, 235.52, 280.16, 1.79594
FILLER_0_98_500, 235.52, 280.16, 1.79594
FILLER_0_99_489, 235.52, 280.16, 1.79594
_15924_, 235.52, 274.72, 1.79602
_17747_, 235.52, 274.72, 1.79602
_17810_, 235.52, 274.72, 1.79602
_17933_, 235.52, 274.72, 1.79602
FILLER_0_96_499, 235.52, 274.72, 1.79602
FILLER_0_97_498, 235.52, 274.72, 1.79602
FILLER_0_97_505, 235.52, 274.72, 1.79602
_15925_, 235.52, 269.28, 1.79605
_17752_, 235.52, 269.28, 1.79605
_17771_, 235.52, 269.28, 1.79605
_17788_, 235.52, 269.28, 1.79605
_19501_, 235.52, 269.28, 1.79605
_19510_, 235.52, 269.28, 1.79605
FILLER_0_94_495, 235.52, 269.28, 1.79605
_11450_, 235.52, 263.84, 1.79614
_11456_, 235.52, 263.84, 1.79614
FILLER_0_92_487, 235.52, 263.84, 1.79614
_11447_, 235.52, 258.4, 1.7962
_11460_, 235.52, 258.4, 1.7962
_11465_, 235.52, 258.4, 1.7962
_11489_, 235.52, 258.4, 1.7962
FILLER_0_91_505, 235.52, 258.4, 1.7962
_11444_, 235.52, 252.96, 1.79627
_11445_, 235.52, 252.96, 1.79627
_11446_, 235.52, 252.96, 1.79627
_11453_, 235.52, 252.96, 1.79627
_11516_, 235.52, 252.96, 1.79627
_19542_, 235.52, 252.96, 1.79627
FILLER_0_89_505, 235.52, 252.96, 1.79627
FILLER_0_90_501, 235.52, 252.96, 1.79627
_11449_, 235.52, 247.52, 1.79634
_11470_, 235.52, 247.52, 1.79634
_11471_, 235.52, 247.52, 1.79634
_11502_, 235.52, 247.52, 1.79634
FILLER_0_87_487, 235.52, 247.52, 1.79634
FILLER_0_87_505, 235.52, 247.52, 1.79634
FILLER_0_88_504, 235.52, 247.52, 1.79634
_11487_, 235.52, 242.08, 1.79642
_11500_, 235.52, 242.08, 1.79642
_11504_, 235.52, 242.08, 1.79642
_11510_, 235.52, 242.08, 1.79642
_11512_, 235.52, 242.08, 1.79642
FILLER_0_84_487, 235.52, 242.08, 1.79642
_11466_, 235.52, 236.64, 1.79647
_11477_, 235.52, 236.64, 1.79647
_11514_, 235.52, 236.64, 1.79647
_13958_, 235.52, 231.2, 1.79654
_14057_, 235.52, 231.2, 1.79654
_14058_, 235.52, 231.2, 1.79654
FILLER_0_80_489, 235.52, 231.2, 1.79654
FILLER_0_81_501, 235.52, 231.2, 1.79654
FILLER_0_82_508, 235.52, 231.2, 1.79654
_09057_, 235.52, 225.76, 1.79659
_13887_, 235.52, 225.76, 1.79659
_13957_, 235.52, 225.76, 1.79659
_14196_, 235.52, 225.76, 1.79659
_14197_, 235.52, 225.76, 1.79659
_14333_, 235.52, 225.76, 1.79659
_14402_, 235.52, 225.76, 1.79659
_13407_, 235.52, 220.32, 1.79665
_13476_, 235.52, 220.32, 1.79665
_13819_, 235.52, 220.32, 1.79665
_14265_, 235.52, 220.32, 1.79665
_15391_, 235.52, 220.32, 1.79665
_15459_, 235.52, 220.32, 1.79665
_09061_, 235.52, 214.88, 1.7967
_13545_, 235.52, 214.88, 1.7967
_13751_, 235.52, 214.88, 1.7967
FILLER_0_76_511, 235.52, 214.88, 1.7967
_09195_, 235.52, 209.44, 1.79675
_15458_, 235.52, 209.44, 1.79675
_18169_, 235.52, 209.44, 1.79675
FILLER_0_74_510, 235.52, 209.44, 1.79675
_14773_, 235.52, 204, 1.7968
_15457_, 235.52, 204, 1.7968
_15999_, 235.52, 204, 1.7968
_16247_, 235.52, 204, 1.7968
FILLER_0_71_495, 235.52, 204, 1.7968
FILLER_0_71_505, 235.52, 204, 1.7968
_13885_, 235.52, 198.56, 1.79685
_13886_, 235.52, 198.56, 1.79685
_16780_, 235.52, 198.56, 1.79685
_18873_, 235.52, 198.56, 1.79685
FILLER_0_68_497, 235.52, 198.56, 1.79685
FILLER_0_69_498, 235.52, 198.56, 1.79685
_14674_, 235.52, 193.12, 1.79689
_14675_, 235.52, 193.12, 1.79689
_18521_, 235.52, 193.12, 1.79689
FILLER_0_67_505, 235.52, 193.12, 1.79689
_13750_, 235.52, 187.68, 1.79693
_16851_, 235.52, 187.68, 1.79693
_18937_, 235.52, 187.68, 1.79693
FILLER_0_65_495, 235.52, 187.68, 1.79693
_13749_, 235.52, 182.24, 1.79698
_14468_, 235.52, 182.24, 1.79698
FILLER_0_64_504, 235.52, 182.24, 1.79698
_14469_, 235.52, 176.8, 1.79701
_14774_, 235.52, 176.8, 1.79701
_14775_, 235.52, 176.8, 1.79701
_16496_, 235.52, 176.8, 1.79701
_18489_, 235.52, 176.8, 1.79701
FILLER_0_60_498, 235.52, 176.8, 1.79701
FILLER_0_61_496, 235.52, 176.8, 1.79701
FILLER_0_61_505, 235.52, 176.8, 1.79701
_14539_, 235.52, 171.36, 1.79706
_16495_, 235.52, 171.36, 1.79706
_18585_, 235.52, 171.36, 1.79706
FILLER_0_59_499, 235.52, 171.36, 1.79706
_16850_, 235.52, 165.92, 1.79709
clkbuf_leaf_163_i_clk, 235.52, 165.92, 1.79709
FILLER_0_57_494, 235.52, 165.92, 1.79709
FILLER_0_57_505, 235.52, 165.92, 1.79709
FILLER_0_58_503, 235.52, 165.92, 1.79709
FILLER_0_58_511, 235.52, 165.92, 1.79709
_16208_, 235.52, 160.48, 1.79714
_18388_, 235.52, 160.48, 1.79714
FILLER_0_54_495, 235.52, 160.48, 1.79714
FILLER_0_55_500, 235.52, 160.48, 1.79714
_09225_, 235.52, 155.04, 1.79718
_11464_, 235.52, 155.04, 1.79718
_15058_, 235.52, 155.04, 1.79718
_16281_, 235.52, 155.04, 1.79718
_18357_, 235.52, 155.04, 1.79718
FILLER_0_53_488, 235.52, 155.04, 1.79718
FILLER_0_53_501, 235.52, 155.04, 1.79718
FILLER_0_53_505, 235.52, 155.04, 1.79718
FILLER_0_54_503, 235.52, 155.04, 1.79718
_18356_, 235.52, 149.6, 1.79721
FILLER_0_51_499, 235.52, 149.6, 1.79721
_14985_, 235.52, 144.16, 1.79726
_15054_, 235.52, 144.16, 1.79726
_15060_, 235.52, 144.16, 1.79726
_16210_, 235.52, 144.16, 1.79726
FILLER_0_48_493, 235.52, 144.16, 1.79726
FILLER_0_49_496, 235.52, 144.16, 1.79726
FILLER_0_49_505, 235.52, 144.16, 1.79726
FILLER_0_50_507, 235.52, 144.16, 1.79726
_13758_, 235.52, 138.72, 1.79729
_18359_, 235.52, 138.72, 1.79729
_18391_, 235.52, 138.72, 1.79729
FILLER_0_47_498, 235.52, 138.72, 1.79729
_11561_, 235.52, 133.28, 1.79733
_11562_, 235.52, 133.28, 1.79733
FILLER_0_46_507, 235.52, 133.28, 1.79733
_09326_, 235.52, 127.84, 1.79735
_13757_, 235.52, 127.84, 1.79735
_16847_, 235.52, 127.84, 1.79735
_18386_, 235.52, 127.84, 1.79735
_18387_, 235.52, 127.84, 1.79735
FILLER_0_42_492, 235.52, 127.84, 1.79735
FILLER_0_43_500, 235.52, 127.84, 1.79735
FILLER_0_43_505, 235.52, 127.84, 1.79735
FILLER_0_44_508, 235.52, 127.84, 1.79735
_09213_, 235.52, 122.4, 1.79739
_11452_, 235.52, 122.4, 1.79739
ANTENNA_103, 235.52, 122.4, 1.79739
FILLER_0_41_495, 235.52, 122.4, 1.79739
_09466_, 235.52, 116.96, 1.79741
_11704_, 235.52, 116.96, 1.79741
_18354_, 235.52, 116.96, 1.79741
FILLER_0_39_505, 235.52, 116.96, 1.79741
FILLER_0_40_513, 235.52, 116.96, 1.79741
_15067_, 235.52, 111.52, 1.79743
_15068_, 235.52, 111.52, 1.79743
_18352_, 235.52, 111.52, 1.79743
FILLER_0_37_487, 235.52, 111.52, 1.79743
FILLER_0_37_495, 235.52, 111.52, 1.79743
FILLER_0_37_501, 235.52, 111.52, 1.79743
FILLER_0_38_510, 235.52, 111.52, 1.79743
_16201_, 235.52, 106.08, 1.79745
_18353_, 235.52, 106.08, 1.79745
FILLER_0_35_496, 235.52, 106.08, 1.79745
_14997_, 235.52, 100.64, 1.79745
_14998_, 235.52, 100.64, 1.79745
_14999_, 235.52, 100.64, 1.79745
_16237_, 235.52, 100.64, 1.79745
_18385_, 235.52, 100.64, 1.79745
FILLER_0_34_504, 235.52, 100.64, 1.79745
FILLER_0_34_511, 235.52, 100.64, 1.79745
_11523_, 235.52, 95.2, 1.79746
_16238_, 235.52, 95.2, 1.79746
clkbuf_leaf_170_i_clk, 235.52, 95.2, 1.79746
_11507_, 235.52, 89.76, 1.79746
_11521_, 235.52, 89.76, 1.79746
_11525_, 235.52, 89.76, 1.79746
_14475_, 235.52, 89.76, 1.79746
_18616_, 235.52, 89.76, 1.79746
ANTENNA_46, 235.52, 89.76, 1.79746
FILLER_0_28_490, 235.52, 89.76, 1.79746
FILLER_0_29_500, 235.52, 89.76, 1.79746
FILLER_0_29_508, 235.52, 89.76, 1.79746
FILLER_0_30_506, 235.52, 89.76, 1.79746
_14404_, 235.52, 84.32, 1.79747
_14405_, 235.52, 84.32, 1.79747
_18520_, 235.52, 84.32, 1.79747
_18648_, 235.52, 84.32, 1.79747
hold433, 235.52, 84.32, 1.79747
FILLER_0_27_508, 235.52, 84.32, 1.79747
_09298_, 235.52, 78.88, 1.79748
_11537_, 235.52, 78.88, 1.79748
_16530_, 235.52, 78.88, 1.79748
FILLER_0_26_511, 235.52, 78.88, 1.79748
_11528_, 235.52, 73.44, 1.79748
_14492_, 235.52, 73.44, 1.79748
_14493_, 235.52, 73.44, 1.79748
_14707_, 235.52, 73.44, 1.79748
_16175_, 235.52, 73.44, 1.79748
FILLER_0_23_496, 235.52, 73.44, 1.79748
_16378_, 235.52, 68, 1.79749
_18511_, 235.52, 68, 1.79749
_18607_, 235.52, 68, 1.79749
FILLER_0_21_493, 235.52, 68, 1.79749
FILLER_0_21_501, 235.52, 68, 1.79749
_14422_, 235.52, 62.56, 1.79749
_14423_, 235.52, 62.56, 1.79749
_14706_, 235.52, 62.56, 1.79749
_16058_, 235.52, 62.56, 1.79749
_16520_, 235.52, 62.56, 1.79749
_18639_, 235.52, 62.56, 1.79749
FILLER_0_19_487, 235.52, 62.56, 1.79749
FILLER_0_19_495, 235.52, 62.56, 1.79749
_09481_, 235.52, 57.12, 1.7975
_11719_, 235.52, 57.12, 1.7975
_15343_, 235.52, 57.12, 1.7975
FILLER_0_16_496, 235.52, 57.12, 1.7975
FILLER_0_17_498, 235.52, 57.12, 1.7975
_09478_, 235.52, 51.68, 1.7975
_11716_, 235.52, 51.68, 1.7975
_14864_, 235.52, 51.68, 1.7975
FILLER_0_15_494, 235.52, 51.68, 1.7975
_14865_, 235.52, 46.24, 1.79749
_16307_, 235.52, 46.24, 1.79749
clkbuf_leaf_172_i_clk, 235.52, 46.24, 1.79749
FILLER_0_13_505, 235.52, 46.24, 1.79749
_15205_, 235.52, 40.8, 1.7975
_15206_, 235.52, 40.8, 1.7975
_18288_, 235.52, 40.8, 1.7975
FILLER_0_10_496, 235.52, 40.8, 1.7975
FILLER_0_11_497, 235.52, 40.8, 1.7975
FILLER_0_11_505, 235.52, 40.8, 1.7975
_11577_, 235.52, 35.36, 1.7975
_14408_, 235.52, 35.36, 1.7975
_14409_, 235.52, 35.36, 1.7975
_16528_, 235.52, 35.36, 1.7975
_18646_, 235.52, 35.36, 1.7975
hold368, 235.52, 35.36, 1.7975
FILLER_0_8_490, 235.52, 35.36, 1.7975
FILLER_0_9_497, 235.52, 35.36, 1.7975
FILLER_0_9_513, 235.52, 35.36, 1.7975
_09341_, 235.52, 29.92, 1.7975
_11574_, 235.52, 29.92, 1.7975
_15330_, 235.52, 29.92, 1.7975
_16173_, 235.52, 29.92, 1.7975
FILLER_0_6_500, 235.52, 29.92, 1.7975
FILLER_0_7_496, 235.52, 29.92, 1.7975
_14850_, 235.52, 24.48, 1.7975
_18327_, 235.52, 24.48, 1.7975
_18454_, 235.52, 24.48, 1.7975
FILLER_0_4_489, 235.52, 24.48, 1.7975
_14851_, 235.52, 19.04, 1.79751
_15329_, 235.52, 19.04, 1.79751
_16066_, 235.52, 19.04, 1.79751
_18230_, 235.52, 19.04, 1.79751
FILLER_0_2_489, 235.52, 19.04, 1.79751
output55, 235.52, 13.6, 1.79751
ANTENNA_97, 235.52, 13.6, 1.79751
FILLER_0_0_489, 235.52, 13.6, 1.79751
FILLER_0_1_497, 235.52, 13.6, 1.79751
output2, 210.52, 486.88, 1.79503
FILLER_0_174_433, 210.52, 486.88, 1.79503
FILLER_0_174_443, 210.52, 486.88, 1.79503
FILLER_0_173_441, 210.52, 481.44, 1.79503
_19594_, 210.52, 476, 1.79502
hold206, 210.52, 476, 1.79502
FILLER_0_170_433, 210.52, 476, 1.79502
FILLER_0_171_441, 210.52, 476, 1.79502
_17306_, 210.52, 470.56, 1.79502
_18019_, 210.52, 470.56, 1.79502
_18033_, 210.52, 470.56, 1.79502
_18034_, 210.52, 470.56, 1.79502
_19285_, 210.52, 470.56, 1.79502
hold65, 210.52, 470.56, 1.79502
_17449_, 210.52, 465.12, 1.79501
_17507_, 210.52, 465.12, 1.79501
_19378_, 210.52, 465.12, 1.79501
clkbuf_leaf_60_i_clk, 210.52, 465.12, 1.79501
hold66, 210.52, 465.12, 1.79501
hold139, 210.52, 465.12, 1.79501
_17448_, 210.52, 459.68, 1.79503
_17521_, 210.52, 459.68, 1.79503
FILLER_0_165_449, 210.52, 459.68, 1.79503
_17445_, 210.52, 454.24, 1.79503
_18030_, 210.52, 454.24, 1.79503
_19283_, 210.52, 454.24, 1.79503
_19376_, 210.52, 454.24, 1.79503
hold7, 210.52, 454.24, 1.79503
FILLER_0_163_442, 210.52, 454.24, 1.79503
FILLER_0_164_449, 210.52, 454.24, 1.79503
_17299_, 210.52, 448.8, 1.79503
_17300_, 210.52, 448.8, 1.79503
_17518_, 210.52, 448.8, 1.79503
_19592_, 210.52, 448.8, 1.79503
hold21, 210.52, 448.8, 1.79503
hold164, 210.52, 448.8, 1.79503
_17444_, 210.52, 443.36, 1.79504
_17520_, 210.52, 443.36, 1.79504
hold31, 210.52, 443.36, 1.79504
hold215, 210.52, 443.36, 1.79504
hold232, 210.52, 443.36, 1.79504
FILLER_0_159_444, 210.52, 443.36, 1.79504
FILLER_0_159_457, 210.52, 443.36, 1.79504
_17293_, 210.52, 437.92, 1.79505
_17294_, 210.52, 437.92, 1.79505
_17519_, 210.52, 437.92, 1.79505
_19281_, 210.52, 437.92, 1.79505
_19374_, 210.52, 437.92, 1.79505
hold191, 210.52, 437.92, 1.79505
_17441_, 210.52, 432.48, 1.79506
_18025_, 210.52, 432.48, 1.79506
_19590_, 210.52, 432.48, 1.79506
FILLER_0_155_438, 210.52, 432.48, 1.79506
FILLER_0_155_445, 210.52, 432.48, 1.79506
_17283_, 210.52, 427.04, 1.79506
_17416_, 210.52, 427.04, 1.79506
_17433_, 210.52, 427.04, 1.79506
_17503_, 210.52, 427.04, 1.79506
_17524_, 210.52, 427.04, 1.79506
hold14, 210.52, 427.04, 1.79506
FILLER_0_153_444, 210.52, 427.04, 1.79506
FILLER_0_154_446, 210.52, 427.04, 1.79506
_17254_, 210.52, 421.6, 1.79507
_18018_, 210.52, 421.6, 1.79507
clkbuf_leaf_63_i_clk, 210.52, 421.6, 1.79507
hold181, 210.52, 421.6, 1.79507
FILLER_0_151_442, 210.52, 421.6, 1.79507
FILLER_0_151_457, 210.52, 421.6, 1.79507
FILLER_0_152_452, 210.52, 421.6, 1.79507
_17275_, 210.52, 416.16, 1.79509
_17506_, 210.52, 416.16, 1.79509
_19429_, 210.52, 416.16, 1.79509
hold196, 210.52, 416.16, 1.79509
FILLER_0_149_449, 210.52, 416.16, 1.79509
FILLER_0_150_455, 210.52, 416.16, 1.79509
_17276_, 210.52, 410.72, 1.79509
_17430_, 210.52, 410.72, 1.79509
_17528_, 210.52, 410.72, 1.79509
_17542_, 210.52, 410.72, 1.79509
hold131, 210.52, 410.72, 1.79509
_17541_, 210.52, 405.28, 1.79512
_19410_, 210.52, 405.28, 1.79512
hold26, 210.52, 405.28, 1.79512
hold27, 210.52, 405.28, 1.79512
FILLER_0_144_445, 210.52, 405.28, 1.79512
FILLER_0_145_439, 210.52, 405.28, 1.79512
_17498_, 210.52, 399.84, 1.79514
_17527_, 210.52, 399.84, 1.79514
_17539_, 210.52, 399.84, 1.79514
_17583_, 210.52, 399.84, 1.79514
hold59, 210.52, 399.84, 1.79514
FILLER_0_143_443, 210.52, 399.84, 1.79514
_17272_, 210.52, 394.4, 1.79516
_17540_, 210.52, 394.4, 1.79516
hold205, 210.52, 394.4, 1.79516
_17428_, 210.52, 388.96, 1.79518
_19430_, 210.52, 388.96, 1.79518
hold168, 210.52, 388.96, 1.79518
FILLER_0_138_444, 210.52, 388.96, 1.79518
FILLER_0_139_444, 210.52, 388.96, 1.79518
FILLER_0_139_449, 210.52, 388.96, 1.79518
_17266_, 210.52, 383.52, 1.79519
_17424_, 210.52, 383.52, 1.79519
_17535_, 210.52, 383.52, 1.79519
hold60, 210.52, 383.52, 1.79519
hold195, 210.52, 383.52, 1.79519
FILLER_0_137_449, 210.52, 383.52, 1.79519
_17253_, 210.52, 378.08, 1.79522
_17485_, 210.52, 378.08, 1.79522
_17536_, 210.52, 378.08, 1.79522
_17267_, 210.52, 372.64, 1.79525
_17415_, 210.52, 372.64, 1.79525
hold16, 210.52, 372.64, 1.79525
hold17, 210.52, 372.64, 1.79525
FILLER_0_133_436, 210.52, 372.64, 1.79525
FILLER_0_133_449, 210.52, 372.64, 1.79525
_17224_, 210.52, 367.2, 1.79526
_17265_, 210.52, 367.2, 1.79526
_17271_, 210.52, 367.2, 1.79526
_17298_, 210.52, 367.2, 1.79526
_17304_, 210.52, 367.2, 1.79526
_19407_, 210.52, 367.2, 1.79526
FILLER_0_132_447, 210.52, 367.2, 1.79526
_17274_, 210.52, 361.76, 1.7953
_17292_, 210.52, 361.76, 1.7953
FILLER_0_128_445, 210.52, 361.76, 1.7953
FILLER_0_129_435, 210.52, 361.76, 1.7953
FILLER_0_129_445, 210.52, 361.76, 1.7953
FILLER_0_130_449, 210.52, 361.76, 1.7953
_17656_, 210.52, 356.32, 1.79534
_19409_, 210.52, 356.32, 1.79534
FILLER_0_127_445, 210.52, 356.32, 1.79534
_12070_, 210.52, 350.88, 1.79534
_12090_, 210.52, 350.88, 1.79534
_17655_, 210.52, 350.88, 1.79534
_19466_, 210.52, 350.88, 1.79534
clkbuf_leaf_71_i_clk, 210.52, 350.88, 1.79534
_19492_, 210.52, 345.44, 1.79539
_19495_, 210.52, 345.44, 1.79539
hold154, 210.52, 345.44, 1.79539
FILLER_0_123_449, 210.52, 345.44, 1.79539
_17692_, 210.52, 340, 1.79544
_17698_, 210.52, 340, 1.79544
_18044_, 210.52, 340, 1.79544
FILLER_0_121_441, 210.52, 340, 1.79544
FILLER_0_121_449, 210.52, 340, 1.79544
FILLER_0_122_449, 210.52, 340, 1.79544
_17856_, 210.52, 334.56, 1.79548
_17858_, 210.52, 334.56, 1.79548
_17866_, 210.52, 334.56, 1.79548
_17875_, 210.52, 334.56, 1.79548
_19527_, 210.52, 334.56, 1.79548
FILLER_0_119_435, 210.52, 334.56, 1.79548
FILLER_0_119_444, 210.52, 334.56, 1.79548
_17864_, 210.52, 329.12, 1.79553
_17874_, 210.52, 329.12, 1.79553
_19529_, 210.52, 329.12, 1.79553
FILLER_0_116_441, 210.52, 329.12, 1.79553
FILLER_0_117_445, 210.52, 329.12, 1.79553
_09166_, 210.52, 323.68, 1.79557
_17857_, 210.52, 323.68, 1.79557
_17865_, 210.52, 323.68, 1.79557
_17895_, 210.52, 323.68, 1.79557
_17896_, 210.52, 323.68, 1.79557
_19533_, 210.52, 323.68, 1.79557
FILLER_0_115_445, 210.52, 323.68, 1.79557
_09150_, 210.52, 318.24, 1.79561
_17884_, 210.52, 318.24, 1.79561
_17894_, 210.52, 318.24, 1.79561
_19491_, 210.52, 318.24, 1.79561
FILLER_0_112_440, 210.52, 318.24, 1.79561
FILLER_0_113_442, 210.52, 318.24, 1.79561
FILLER_0_113_449, 210.52, 318.24, 1.79561
_17693_, 210.52, 312.8, 1.79567
FILLER_0_111_438, 210.52, 312.8, 1.79567
FILLER_0_111_456, 210.52, 312.8, 1.79567
_09162_, 210.52, 307.36, 1.79572
_17882_, 210.52, 307.36, 1.79572
_17883_, 210.52, 307.36, 1.79572
_17911_, 210.52, 307.36, 1.79572
_19530_, 210.52, 307.36, 1.79572
ANTENNA_131, 210.52, 307.36, 1.79572
FILLER_0_108_441, 210.52, 307.36, 1.79572
_17906_, 210.52, 301.92, 1.79576
_17910_, 210.52, 301.92, 1.79576
_17940_, 210.52, 301.92, 1.79576
_19532_, 210.52, 301.92, 1.79576
clkbuf_leaf_73_i_clk, 210.52, 301.92, 1.79576
FILLER_0_106_443, 210.52, 301.92, 1.79576
_17825_, 210.52, 296.48, 1.79583
_17941_, 210.52, 296.48, 1.79583
_19543_, 210.52, 296.48, 1.79583
FILLER_0_105_441, 210.52, 296.48, 1.79583
FILLER_0_105_449, 210.52, 296.48, 1.79583
_17835_, 210.52, 291.04, 1.79588
_17943_, 210.52, 291.04, 1.79588
_19524_, 210.52, 291.04, 1.79588
_19544_, 210.52, 291.04, 1.79588
FILLER_0_102_436, 210.52, 291.04, 1.79588
FILLER_0_104_451, 210.52, 291.04, 1.79588
_17944_, 210.52, 285.6, 1.79594
_18047_, 210.52, 285.6, 1.79594
hold321, 210.52, 285.6, 1.79594
FILLER_0_101_449, 210.52, 285.6, 1.79594
_09954_, 210.52, 280.16, 1.79599
_17663_, 210.52, 280.16, 1.79599
_19597_, 210.52, 280.16, 1.79599
FILLER_0_98_438, 210.52, 280.16, 1.79599
FILLER_0_99_445, 210.52, 280.16, 1.79599
FILLER_0_100_455, 210.52, 280.16, 1.79599
_17662_, 210.52, 274.72, 1.79605
_19475_, 210.52, 274.72, 1.79605
FILLER_0_97_452, 210.52, 274.72, 1.79605
_09207_, 210.52, 269.28, 1.79609
_09221_, 210.52, 269.28, 1.79609
_09226_, 210.52, 269.28, 1.79609
_11875_, 210.52, 269.28, 1.79609
_11915_, 210.52, 269.28, 1.79609
ANTENNA_54, 210.52, 269.28, 1.79609
FILLER_0_95_449, 210.52, 269.28, 1.79609
FILLER_0_95_458, 210.52, 269.28, 1.79609
_09103_, 210.52, 263.84, 1.79615
_09208_, 210.52, 263.84, 1.79615
_09211_, 210.52, 263.84, 1.79615
_09217_, 210.52, 263.84, 1.79615
_09250_, 210.52, 263.84, 1.79615
_09265_, 210.52, 263.84, 1.79615
FILLER_0_93_449, 210.52, 263.84, 1.79615
_09231_, 210.52, 258.4, 1.79622
_09232_, 210.52, 258.4, 1.79622
_09248_, 210.52, 258.4, 1.79622
_09259_, 210.52, 258.4, 1.79622
_09281_, 210.52, 258.4, 1.79622
FILLER_0_90_442, 210.52, 258.4, 1.79622
_09210_, 210.52, 252.96, 1.79628
_09216_, 210.52, 252.96, 1.79628
_09240_, 210.52, 252.96, 1.79628
_09263_, 210.52, 252.96, 1.79628
_09285_, 210.52, 252.96, 1.79628
_09212_, 210.52, 247.52, 1.79636
_09227_, 210.52, 247.52, 1.79636
_09244_, 210.52, 247.52, 1.79636
_09261_, 210.52, 247.52, 1.79636
_09273_, 210.52, 247.52, 1.79636
_09205_, 210.52, 242.08, 1.79642
_09238_, 210.52, 242.08, 1.79642
_09242_, 210.52, 242.08, 1.79642
_09254_, 210.52, 242.08, 1.79642
_09277_, 210.52, 242.08, 1.79642
FILLER_0_84_445, 210.52, 242.08, 1.79642
FILLER_0_86_459, 210.52, 242.08, 1.79642
_09267_, 210.52, 236.64, 1.79647
_09275_, 210.52, 236.64, 1.79647
_09283_, 210.52, 236.64, 1.79647
_09288_, 210.52, 236.64, 1.79647
_09294_, 210.52, 236.64, 1.79647
FILLER_0_83_459, 210.52, 236.64, 1.79647
_09222_, 210.52, 231.2, 1.79653
_09234_, 210.52, 231.2, 1.79653
_09290_, 210.52, 231.2, 1.79653
_09292_, 210.52, 231.2, 1.79653
_18048_, 210.52, 231.2, 1.79653
_15961_, 210.52, 225.76, 1.7966
_16923_, 210.52, 225.76, 1.7966
FILLER_0_78_433, 210.52, 225.76, 1.7966
FILLER_0_79_441, 210.52, 225.76, 1.7966
_13614_, 210.52, 220.32, 1.79666
_14052_, 210.52, 220.32, 1.79666
_15049_, 210.52, 220.32, 1.79666
FILLER_0_77_443, 210.52, 220.32, 1.79666
FILLER_0_77_458, 210.52, 220.32, 1.79666
_13408_, 210.52, 214.88, 1.79672
_14912_, 210.52, 214.88, 1.79672
_14980_, 210.52, 214.88, 1.79672
_16532_, 210.52, 214.88, 1.79672
_16710_, 210.52, 214.88, 1.79672
FILLER_0_74_440, 210.52, 214.88, 1.79672
_09959_, 210.52, 209.44, 1.79677
_12193_, 210.52, 209.44, 1.79677
_12194_, 210.52, 209.44, 1.79677
_15950_, 210.52, 209.44, 1.79677
hold361, 210.52, 209.44, 1.79677
FILLER_0_73_437, 210.52, 209.44, 1.79677
FILLER_0_73_457, 210.52, 209.44, 1.79677
_15116_, 210.52, 204, 1.79682
_18329_, 210.52, 204, 1.79682
_18361_, 210.52, 204, 1.79682
hold387, 210.52, 204, 1.79682
FILLER_0_71_445, 210.52, 204, 1.79682
FILLER_0_71_449, 210.52, 204, 1.79682
_15047_, 210.52, 198.56, 1.79688
_16212_, 210.52, 198.56, 1.79688
_16390_, 210.52, 198.56, 1.79688
FILLER_0_69_437, 210.52, 198.56, 1.79688
FILLER_0_69_445, 210.52, 198.56, 1.79688
FILLER_0_69_456, 210.52, 198.56, 1.79688
_16094_, 210.52, 193.12, 1.79692
_16206_, 210.52, 193.12, 1.79692
FILLER_0_66_433, 210.52, 193.12, 1.79692
FILLER_0_67_440, 210.52, 193.12, 1.79692
_15390_, 210.52, 187.68, 1.79697
_15987_, 210.52, 187.68, 1.79697
_16034_, 210.52, 187.68, 1.79697
_16205_, 210.52, 187.68, 1.79697
_16427_, 210.52, 187.68, 1.79697
_18201_, 210.52, 187.68, 1.79697
FILLER_0_64_437, 210.52, 187.68, 1.79697
_16772_, 210.52, 182.24, 1.79702
clkbuf_leaf_162_i_clk, 210.52, 182.24, 1.79702
FILLER_0_62_433, 210.52, 182.24, 1.79702
FILLER_0_63_438, 210.52, 182.24, 1.79702
FILLER_0_63_449, 210.52, 182.24, 1.79702
_15185_, 210.52, 176.8, 1.79707
_16849_, 210.52, 176.8, 1.79707
hold423, 210.52, 176.8, 1.79707
ANTENNA_3, 210.52, 176.8, 1.79707
FILLER_0_60_433, 210.52, 176.8, 1.79707
FILLER_0_61_434, 210.52, 176.8, 1.79707
FILLER_0_61_449, 210.52, 176.8, 1.79707
_15184_, 210.52, 171.36, 1.79712
_16069_, 210.52, 171.36, 1.79712
_16141_, 210.52, 171.36, 1.79712
_18297_, 210.52, 171.36, 1.79712
ANTENNA_110, 210.52, 171.36, 1.79712
FILLER_0_58_433, 210.52, 171.36, 1.79712
FILLER_0_58_441, 210.52, 171.36, 1.79712
FILLER_0_59_436, 210.52, 171.36, 1.79712
_09991_, 210.52, 165.92, 1.79717
_14911_, 210.52, 165.92, 1.79717
_15253_, 210.52, 165.92, 1.79717
_15254_, 210.52, 165.92, 1.79717
_15322_, 210.52, 165.92, 1.79717
_18233_, 210.52, 165.92, 1.79717
hold439, 210.52, 165.92, 1.79717
ANTENNA_109, 210.52, 165.92, 1.79717
FILLER_0_57_449, 210.52, 165.92, 1.79717
_13989_, 210.52, 160.48, 1.79721
_15321_, 210.52, 160.48, 1.79721
_16590_, 210.52, 160.48, 1.79721
_16705_, 210.52, 160.48, 1.79721
_18265_, 210.52, 160.48, 1.79721
FILLER_0_55_438, 210.52, 160.48, 1.79721
_16272_, 210.52, 155.04, 1.79727
_16561_, 210.52, 155.04, 1.79727
_16583_, 210.52, 155.04, 1.79727
FILLER_0_53_437, 210.52, 155.04, 1.79727
FILLER_0_53_445, 210.52, 155.04, 1.79727
FILLER_0_54_450, 210.52, 155.04, 1.79727
_15948_, 210.52, 149.6, 1.79729
_16550_, 210.52, 149.6, 1.79729
_16616_, 210.52, 149.6, 1.79729
_18392_, 210.52, 149.6, 1.79729
FILLER_0_50_441, 210.52, 149.6, 1.79729
_13998_, 210.52, 144.16, 1.79736
_15548_, 210.52, 144.16, 1.79736
_15551_, 210.52, 144.16, 1.79736
_15951_, 210.52, 144.16, 1.79736
_16838_, 210.52, 144.16, 1.79736
_18126_, 210.52, 144.16, 1.79736
FILLER_0_49_439, 210.52, 144.16, 1.79736
FILLER_0_49_449, 210.52, 144.16, 1.79736
_15547_, 210.52, 138.72, 1.79741
_16730_, 210.52, 138.72, 1.79741
hold349, 210.52, 138.72, 1.79741
FILLER_0_47_439, 210.52, 138.72, 1.79741
_16732_, 210.52, 133.28, 1.79745
_16727_, 210.52, 127.84, 1.79749
_16731_, 210.52, 127.84, 1.79749
_18390_, 210.52, 127.84, 1.79749
FILLER_0_42_433, 210.52, 127.84, 1.79749
FILLER_0_44_451, 210.52, 127.84, 1.79749
_14632_, 210.52, 122.4, 1.79753
_16412_, 210.52, 122.4, 1.79753
_16694_, 210.52, 122.4, 1.79753
_18422_, 210.52, 122.4, 1.79753
_18542_, 210.52, 122.4, 1.79753
FILLER_0_42_449, 210.52, 122.4, 1.79753
_14636_, 210.52, 116.96, 1.79756
_16661_, 210.52, 116.96, 1.79756
_18540_, 210.52, 116.96, 1.79756
clkbuf_leaf_169_i_clk, 210.52, 116.96, 1.79756
FILLER_0_39_437, 210.52, 116.96, 1.79756
FILLER_0_39_445, 210.52, 116.96, 1.79756
_14152_, 210.52, 111.52, 1.79759
_16483_, 210.52, 111.52, 1.79759
_16484_, 210.52, 111.52, 1.79759
_16527_, 210.52, 111.52, 1.79759
_16697_, 210.52, 111.52, 1.79759
FILLER_0_36_438, 210.52, 111.52, 1.79759
FILLER_0_37_439, 210.52, 111.52, 1.79759
_16516_, 210.52, 106.08, 1.79759
_16662_, 210.52, 106.08, 1.79759
_18351_, 210.52, 106.08, 1.79759
_14086_, 210.52, 100.64, 1.7976
_16981_, 210.52, 100.64, 1.7976
FILLER_0_32_439, 210.52, 100.64, 1.7976
FILLER_0_33_445, 210.52, 100.64, 1.7976
FILLER_0_33_449, 210.52, 100.64, 1.7976
FILLER_0_33_457, 210.52, 100.64, 1.7976
_16695_, 210.52, 95.2, 1.7976
_16696_, 210.52, 95.2, 1.7976
_18415_, 210.52, 95.2, 1.7976
FILLER_0_31_452, 210.52, 95.2, 1.7976
_16228_, 210.52, 89.76, 1.7976
_16261_, 210.52, 89.76, 1.7976
_16271_, 210.52, 89.76, 1.7976
FILLER_0_28_433, 210.52, 89.76, 1.7976
FILLER_0_30_459, 210.52, 89.76, 1.7976
_16305_, 210.52, 84.32, 1.79761
_16306_, 210.52, 84.32, 1.79761
_16980_, 210.52, 84.32, 1.79761
_18456_, 210.52, 84.32, 1.79761
FILLER_0_27_439, 210.52, 84.32, 1.79761
_16140_, 210.52, 78.88, 1.79761
_18232_, 210.52, 78.88, 1.79761
_18296_, 210.52, 78.88, 1.79761
FILLER_0_25_437, 210.52, 78.88, 1.79761
FILLER_0_25_445, 210.52, 78.88, 1.79761
FILLER_0_25_449, 210.52, 78.88, 1.79761
FILLER_0_25_457, 210.52, 78.88, 1.79761
FILLER_0_26_451, 210.52, 78.88, 1.79761
_09295_, 210.52, 73.44, 1.79759
_15190_, 210.52, 73.44, 1.79759
_16105_, 210.52, 73.44, 1.79759
_16839_, 210.52, 73.44, 1.79759
ANTENNA_25, 210.52, 73.44, 1.79759
FILLER_0_23_433, 210.52, 73.44, 1.79759
_09289_, 210.52, 68, 1.79759
_09291_, 210.52, 68, 1.79759
_15256_, 210.52, 68, 1.79759
_15257_, 210.52, 68, 1.79759
_15258_, 210.52, 68, 1.79759
_18264_, 210.52, 68, 1.79759
clkbuf_leaf_171_i_clk, 210.52, 68, 1.79759
ANTENNA_133, 210.52, 68, 1.79759
FILLER_0_20_433, 210.52, 68, 1.79759
FILLER_0_21_435, 210.52, 68, 1.79759
_16095_, 210.52, 62.56, 1.7976
_17016_, 210.52, 62.56, 1.7976
ANTENNA_10, 210.52, 62.56, 1.7976
FILLER_0_18_433, 210.52, 62.56, 1.7976
FILLER_0_19_445, 210.52, 62.56, 1.7976
_13429_, 210.52, 57.12, 1.79761
_17017_, 210.52, 57.12, 1.79761
_17018_, 210.52, 57.12, 1.79761
ANTENNA_107, 210.52, 57.12, 1.79761
FILLER_0_16_433, 210.52, 57.12, 1.79761
FILLER_0_17_441, 210.52, 57.12, 1.79761
FILLER_0_17_449, 210.52, 57.12, 1.79761
FILLER_0_18_452, 210.52, 57.12, 1.79761
_15275_, 210.52, 51.68, 1.7976
_15276_, 210.52, 51.68, 1.7976
_19087_, 210.52, 51.68, 1.7976
FILLER_0_14_439, 210.52, 51.68, 1.7976
_15188_, 210.52, 46.24, 1.7976
_15207_, 210.52, 46.24, 1.7976
_15208_, 210.52, 46.24, 1.7976
_16130_, 210.52, 46.24, 1.7976
_16172_, 210.52, 46.24, 1.7976
_18287_, 210.52, 46.24, 1.7976
ANTENNA_6, 210.52, 46.24, 1.7976
FILLER_0_13_443, 210.52, 46.24, 1.7976
FILLER_0_14_452, 210.52, 46.24, 1.7976
FILLER_0_11_441, 210.52, 40.8, 1.7976
_15261_, 210.52, 35.36, 1.7976
_15262_, 210.52, 35.36, 1.7976
_16102_, 210.52, 35.36, 1.7976
_18262_, 210.52, 35.36, 1.7976
_18294_, 210.52, 35.36, 1.7976
FILLER_0_8_433, 210.52, 35.36, 1.7976
FILLER_0_9_436, 210.52, 35.36, 1.7976
FILLER_0_10_447, 210.52, 35.36, 1.7976
FILLER_0_10_456, 210.52, 35.36, 1.7976
_15194_, 210.52, 29.92, 1.7976
_16137_, 210.52, 29.92, 1.7976
FILLER_0_7_441, 210.52, 29.92, 1.7976
FILLER_0_7_456, 210.52, 29.92, 1.7976
FILLER_0_5_441, 210.52, 24.48, 1.7976
FILLER_0_3_441, 210.52, 19.04, 1.7976
output48, 210.52, 13.6, 1.7976
FILLER_0_0_441, 210.52, 13.6, 1.7976
FILLER_0_1_441, 210.52, 13.6, 1.7976
FILLER_0_174_385, 185.52, 486.88, 1.7951
FILLER_0_173_385, 185.52, 481.44, 1.7951
FILLER_0_171_385, 185.52, 476, 1.7951
_19282_, 185.52, 470.56, 1.7951
FILLER_0_169_385, 185.52, 470.56, 1.7951
_17297_, 185.52, 465.12, 1.7951
_17443_, 185.52, 465.12, 1.7951
_18027_, 185.52, 465.12, 1.7951
_18028_, 185.52, 465.12, 1.7951
_19375_, 185.52, 465.12, 1.7951
_19591_, 185.52, 465.12, 1.7951
_17442_, 185.52, 459.68, 1.79511
_17516_, 185.52, 459.68, 1.79511
hold179, 185.52, 459.68, 1.79511
FILLER_0_164_389, 185.52, 459.68, 1.79511
FILLER_0_165_385, 185.52, 459.68, 1.79511
_17288_, 185.52, 454.24, 1.79511
_17437_, 185.52, 454.24, 1.79511
_17515_, 185.52, 454.24, 1.79511
_18021_, 185.52, 454.24, 1.79511
_18022_, 185.52, 454.24, 1.79511
_19588_, 185.52, 454.24, 1.79511
hold82, 185.52, 454.24, 1.79511
_17287_, 185.52, 448.8, 1.7951
_19372_, 185.52, 448.8, 1.7951
clkbuf_leaf_59_i_clk, 185.52, 448.8, 1.7951
_17436_, 185.52, 443.36, 1.79512
FILLER_0_158_389, 185.52, 443.36, 1.79512
FILLER_0_159_385, 185.52, 443.36, 1.79512
FILLER_0_160_392, 185.52, 443.36, 1.79512
_17439_, 185.52, 437.92, 1.79513
_17511_, 185.52, 437.92, 1.79513
_18024_, 185.52, 437.92, 1.79513
_19373_, 185.52, 437.92, 1.79513
_19589_, 185.52, 437.92, 1.79513
hold30, 185.52, 437.92, 1.79513
FILLER_0_156_378, 185.52, 437.92, 1.79513
_17290_, 185.52, 432.48, 1.79514
_17512_, 185.52, 432.48, 1.79514
_18023_, 185.52, 432.48, 1.79514
FILLER_0_155_403, 185.52, 432.48, 1.79514
_17258_, 185.52, 427.04, 1.79514
_17418_, 185.52, 427.04, 1.79514
_19271_, 185.52, 427.04, 1.79514
hold11, 185.52, 427.04, 1.79514
_17488_, 185.52, 421.6, 1.79515
_17526_, 185.52, 421.6, 1.79515
_19404_, 185.52, 421.6, 1.79515
hold145, 185.52, 421.6, 1.79515
_17257_, 185.52, 416.16, 1.79517
_17525_, 185.52, 416.16, 1.79517
_19366_, 185.52, 416.16, 1.79517
hold41, 185.52, 416.16, 1.79517
hold141, 185.52, 416.16, 1.79517
FILLER_0_149_388, 185.52, 416.16, 1.79517
_17423_, 185.52, 410.72, 1.79518
_17492_, 185.52, 410.72, 1.79518
_17493_, 185.52, 410.72, 1.79518
_19273_, 185.52, 410.72, 1.79518
_19390_, 185.52, 410.72, 1.79518
FILLER_0_147_378, 185.52, 410.72, 1.79518
_17263_, 185.52, 405.28, 1.7952
_17264_, 185.52, 405.28, 1.7952
_17534_, 185.52, 405.28, 1.7952
FILLER_0_145_386, 185.52, 405.28, 1.7952
_17490_, 185.52, 399.84, 1.79521
_19406_, 185.52, 399.84, 1.79521
clkbuf_leaf_67_i_clk, 185.52, 399.84, 1.79521
FILLER_0_143_382, 185.52, 399.84, 1.79521
FILLER_0_143_393, 185.52, 399.84, 1.79521
FILLER_0_144_394, 185.52, 399.84, 1.79521
_17261_, 185.52, 394.4, 1.79524
_17421_, 185.52, 394.4, 1.79524
_17491_, 185.52, 394.4, 1.79524
_19272_, 185.52, 394.4, 1.79524
_19365_, 185.52, 394.4, 1.79524
FILLER_0_140_380, 185.52, 394.4, 1.79524
_17420_, 185.52, 388.96, 1.79526
_17531_, 185.52, 388.96, 1.79526
_19389_, 185.52, 388.96, 1.79526
_17426_, 185.52, 383.52, 1.79527
_17427_, 185.52, 383.52, 1.79527
_17497_, 185.52, 383.52, 1.79527
_19368_, 185.52, 383.52, 1.79527
_19392_, 185.52, 383.52, 1.79527
FILLER_0_136_381, 185.52, 383.52, 1.79527
FILLER_0_137_389, 185.52, 383.52, 1.79527
_16392_, 185.52, 378.08, 1.7953
_17270_, 185.52, 378.08, 1.7953
_19275_, 185.52, 378.08, 1.7953
FILLER_0_135_382, 185.52, 378.08, 1.7953
_09917_, 185.52, 372.64, 1.79533
_17496_, 185.52, 372.64, 1.79533
FILLER_0_133_387, 185.52, 372.64, 1.79533
FILLER_0_134_393, 185.52, 372.64, 1.79533
_12154_, 185.52, 367.2, 1.79535
_16712_, 185.52, 367.2, 1.79535
_17289_, 185.52, 367.2, 1.79535
FILLER_0_131_396, 185.52, 367.2, 1.79535
FILLER_0_132_401, 185.52, 367.2, 1.79535
_09918_, 185.52, 361.76, 1.79538
_16534_, 185.52, 361.76, 1.79538
_17256_, 185.52, 361.76, 1.79538
_17651_, 185.52, 356.32, 1.79541
_19463_, 185.52, 356.32, 1.79541
FILLER_0_126_383, 185.52, 356.32, 1.79541
FILLER_0_127_387, 185.52, 356.32, 1.79541
FILLER_0_127_393, 185.52, 356.32, 1.79541
_09814_, 185.52, 350.88, 1.79543
_12050_, 185.52, 350.88, 1.79543
_12130_, 185.52, 350.88, 1.79543
_12150_, 185.52, 350.88, 1.79543
_17652_, 185.52, 350.88, 1.79543
_19464_, 185.52, 350.88, 1.79543
FILLER_0_125_380, 185.52, 350.88, 1.79543
_19468_, 185.52, 345.44, 1.79546
_19604_, 185.52, 345.44, 1.79546
hold214, 185.52, 345.44, 1.79546
FILLER_0_123_387, 185.52, 345.44, 1.79546
_18042_, 185.52, 340, 1.79551
_18045_, 185.52, 340, 1.79551
_19599_, 185.52, 340, 1.79551
hold172, 185.52, 340, 1.79551
_09914_, 185.52, 334.56, 1.79555
_18040_, 185.52, 334.56, 1.79555
_19605_, 185.52, 334.56, 1.79555
hold248, 185.52, 334.56, 1.79555
FILLER_0_118_384, 185.52, 334.56, 1.79555
FILLER_0_119_387, 185.52, 334.56, 1.79555
FILLER_0_119_396, 185.52, 334.56, 1.79555
_09794_, 185.52, 329.12, 1.79559
_09894_, 185.52, 329.12, 1.79559
_18046_, 185.52, 329.12, 1.79559
_19600_, 185.52, 329.12, 1.79559
FILLER_0_117_389, 185.52, 329.12, 1.79559
_09923_, 185.52, 323.68, 1.79563
_09933_, 185.52, 323.68, 1.79563
_16570_, 185.52, 323.68, 1.79563
hold151, 185.52, 323.68, 1.79563
FILLER_0_115_384, 185.52, 323.68, 1.79563
_15583_, 185.52, 318.24, 1.79567
_15584_, 185.52, 318.24, 1.79567
_18108_, 185.52, 318.24, 1.79567
hold296, 185.52, 318.24, 1.79567
FILLER_0_112_381, 185.52, 318.24, 1.79567
FILLER_0_114_396, 185.52, 318.24, 1.79567
_09921_, 185.52, 312.8, 1.79573
_12159_, 185.52, 312.8, 1.79573
_12169_, 185.52, 312.8, 1.79573
FILLER_0_111_388, 185.52, 312.8, 1.79573
FILLER_0_111_402, 185.52, 312.8, 1.79573
_09772_, 185.52, 307.36, 1.79577
_19462_, 185.52, 307.36, 1.79577
FILLER_0_109_393, 185.52, 307.36, 1.79577
_12170_, 185.52, 301.92, 1.79582
_13609_, 185.52, 301.92, 1.79582
_17650_, 185.52, 301.92, 1.79582
_19471_, 185.52, 301.92, 1.79582
FILLER_0_106_383, 185.52, 301.92, 1.79582
FILLER_0_107_381, 185.52, 301.92, 1.79582
FILLER_0_107_389, 185.52, 301.92, 1.79582
FILLER_0_107_393, 185.52, 301.92, 1.79582
FILLER_0_108_392, 185.52, 301.92, 1.79582
_09183_, 185.52, 296.48, 1.79587
_11937_, 185.52, 296.48, 1.79587
_13608_, 185.52, 296.48, 1.79587
_16924_, 185.52, 296.48, 1.79587
_19472_, 185.52, 296.48, 1.79587
ANTENNA_118, 185.52, 296.48, 1.79587
_09942_, 185.52, 291.04, 1.79592
_11977_, 185.52, 291.04, 1.79592
_11979_, 185.52, 291.04, 1.79592
_13589_, 185.52, 291.04, 1.79592
FILLER_0_103_388, 185.52, 291.04, 1.79592
FILLER_0_104_395, 185.52, 291.04, 1.79592
_09740_, 185.52, 285.6, 1.79596
_09741_, 185.52, 285.6, 1.79596
_09953_, 185.52, 285.6, 1.79596
_11978_, 185.52, 285.6, 1.79596
_15586_, 185.52, 285.6, 1.79596
FILLER_0_101_402, 185.52, 285.6, 1.79596
FILLER_0_102_398, 185.52, 285.6, 1.79596
_09938_, 185.52, 280.16, 1.79603
_09943_, 185.52, 280.16, 1.79603
_12179_, 185.52, 280.16, 1.79603
_12189_, 185.52, 280.16, 1.79603
_18106_, 185.52, 280.16, 1.79603
_18107_, 185.52, 280.16, 1.79603
_09721_, 185.52, 274.72, 1.79608
_09734_, 185.52, 274.72, 1.79608
_11972_, 185.52, 274.72, 1.79608
_12190_, 185.52, 274.72, 1.79608
_14308_, 185.52, 274.72, 1.79608
_14376_, 185.52, 274.72, 1.79608
_15585_, 185.52, 274.72, 1.79608
_19461_, 185.52, 274.72, 1.79608
FILLER_0_96_380, 185.52, 274.72, 1.79608
FILLER_0_97_382, 185.52, 274.72, 1.79608
_09728_, 185.52, 269.28, 1.79613
_11958_, 185.52, 269.28, 1.79613
_11966_, 185.52, 269.28, 1.79613
_11971_, 185.52, 269.28, 1.79613
_12173_, 185.52, 269.28, 1.79613
_15972_, 185.52, 269.28, 1.79613
hold442, 185.52, 269.28, 1.79613
FILLER_0_95_389, 185.52, 269.28, 1.79613
_09729_, 185.52, 263.84, 1.7962
_09730_, 185.52, 263.84, 1.7962
_11967_, 185.52, 263.84, 1.7962
_11968_, 185.52, 263.84, 1.7962
_14101_, 185.52, 263.84, 1.7962
FILLER_0_92_383, 185.52, 263.84, 1.7962
FILLER_0_93_399, 185.52, 263.84, 1.7962
_12152_, 185.52, 258.4, 1.79627
_13881_, 185.52, 258.4, 1.79627
_13882_, 185.52, 258.4, 1.79627
_09735_, 185.52, 252.96, 1.79633
_13814_, 185.52, 252.96, 1.79633
_18875_, 185.52, 252.96, 1.79633
FILLER_0_89_387, 185.52, 252.96, 1.79633
FILLER_0_89_393, 185.52, 252.96, 1.79633
FILLER_0_90_392, 185.52, 252.96, 1.79633
_09722_, 185.52, 247.52, 1.79639
_09723_, 185.52, 247.52, 1.79639
_11959_, 185.52, 247.52, 1.79639
_11960_, 185.52, 247.52, 1.79639
_13813_, 185.52, 247.52, 1.79639
_18138_, 185.52, 247.52, 1.79639
FILLER_0_86_381, 185.52, 247.52, 1.79639
FILLER_0_87_388, 185.52, 247.52, 1.79639
FILLER_0_88_401, 185.52, 247.52, 1.79639
_11962_, 185.52, 242.08, 1.79645
_11965_, 185.52, 242.08, 1.79645
_11973_, 185.52, 242.08, 1.79645
_16000_, 185.52, 242.08, 1.79645
_16818_, 185.52, 242.08, 1.79645
FILLER_0_84_384, 185.52, 242.08, 1.79645
FILLER_0_85_387, 185.52, 242.08, 1.79645
FILLER_0_86_403, 185.52, 242.08, 1.79645
_09724_, 185.52, 236.64, 1.7965
_09725_, 185.52, 236.64, 1.7965
_15455_, 185.52, 236.64, 1.7965
_15456_, 185.52, 236.64, 1.7965
_18170_, 185.52, 236.64, 1.7965
FILLER_0_82_390, 185.52, 236.64, 1.7965
FILLER_0_84_404, 185.52, 236.64, 1.7965
_14330_, 185.52, 231.2, 1.79656
_14770_, 185.52, 231.2, 1.79656
_18682_, 185.52, 231.2, 1.79656
FILLER_0_81_393, 185.52, 231.2, 1.79656
_13794_, 185.52, 225.76, 1.79663
_13862_, 185.52, 225.76, 1.79663
_14955_, 185.52, 225.76, 1.79663
_16249_, 185.52, 225.76, 1.79663
_16817_, 185.52, 225.76, 1.79663
_13815_, 185.52, 220.32, 1.79668
_14977_, 185.52, 220.32, 1.79668
_16248_, 185.52, 220.32, 1.79668
_18394_, 185.52, 220.32, 1.79668
FILLER_0_76_391, 185.52, 220.32, 1.79668
_09956_, 185.52, 214.88, 1.79674
_09957_, 185.52, 214.88, 1.79674
_14976_, 185.52, 214.88, 1.79674
clkbuf_leaf_26_i_clk, 185.52, 214.88, 1.79674
FILLER_0_75_385, 185.52, 214.88, 1.79674
FILLER_0_75_393, 185.52, 214.88, 1.79674
_12195_, 185.52, 209.44, 1.79681
_14192_, 185.52, 209.44, 1.79681
_14193_, 185.52, 209.44, 1.79681
_09960_, 185.52, 204, 1.79686
_09961_, 185.52, 204, 1.79686
_14123_, 185.52, 204, 1.79686
_18778_, 185.52, 204, 1.79686
FILLER_0_70_389, 185.52, 204, 1.79686
FILLER_0_71_381, 185.52, 204, 1.79686
_14122_, 185.52, 198.56, 1.79692
_16239_, 185.52, 198.56, 1.79692
_16675_, 185.52, 198.56, 1.79692
FILLER_0_68_385, 185.52, 198.56, 1.79692
FILLER_0_69_388, 185.52, 198.56, 1.79692
FILLER_0_69_393, 185.52, 198.56, 1.79692
FILLER_0_69_404, 185.52, 198.56, 1.79692
_11782_, 185.52, 193.12, 1.79697
_15417_, 185.52, 193.12, 1.79697
_15484_, 185.52, 193.12, 1.79697
_16316_, 185.52, 193.12, 1.79697
FILLER_0_67_393, 185.52, 193.12, 1.79697
_09507_, 185.52, 187.68, 1.79701
_09546_, 185.52, 187.68, 1.79701
_11745_, 185.52, 187.68, 1.79701
_11746_, 185.52, 187.68, 1.79701
_11802_, 185.52, 187.68, 1.79701
_15485_, 185.52, 187.68, 1.79701
_18156_, 185.52, 187.68, 1.79701
_18157_, 185.52, 187.68, 1.79701
FILLER_0_66_392, 185.52, 187.68, 1.79701
_09509_, 185.52, 182.24, 1.79709
_09566_, 185.52, 182.24, 1.79709
_15487_, 185.52, 182.24, 1.79709
_15986_, 185.52, 182.24, 1.79709
FILLER_0_63_386, 185.52, 182.24, 1.79709
_09505_, 185.52, 176.8, 1.79714
_09506_, 185.52, 176.8, 1.79714
_09567_, 185.52, 176.8, 1.79714
_11742_, 185.52, 176.8, 1.79714
_11803_, 185.52, 176.8, 1.79714
_13568_, 185.52, 176.8, 1.79714
FILLER_0_61_383, 185.52, 176.8, 1.79714
_09547_, 185.52, 171.36, 1.7972
_11743_, 185.52, 171.36, 1.7972
_11783_, 185.52, 171.36, 1.7972
_16943_, 185.52, 171.36, 1.7972
_16944_, 185.52, 171.36, 1.7972
FILLER_0_59_388, 185.52, 171.36, 1.7972
_09109_, 185.52, 165.92, 1.79726
_09510_, 185.52, 165.92, 1.79726
_11747_, 185.52, 165.92, 1.79726
_13569_, 185.52, 165.92, 1.79726
_13571_, 185.52, 165.92, 1.79726
_13572_, 185.52, 165.92, 1.79726
_14355_, 185.52, 165.92, 1.79726
FILLER_0_58_403, 185.52, 165.92, 1.79726
_09495_, 185.52, 160.48, 1.79731
_11732_, 185.52, 160.48, 1.79731
_13841_, 185.52, 160.48, 1.79731
_16945_, 185.52, 160.48, 1.79731
_19022_, 185.52, 160.48, 1.79731
clkbuf_leaf_165_i_clk, 185.52, 160.48, 1.79731
FILLER_0_54_380, 185.52, 160.48, 1.79731
FILLER_0_55_393, 185.52, 160.48, 1.79731
_09494_, 185.52, 155.04, 1.79738
_11730_, 185.52, 155.04, 1.79738
_13570_, 185.52, 155.04, 1.79738
hold305, 185.52, 155.04, 1.79738
FILLER_0_53_389, 185.52, 155.04, 1.79738
FILLER_0_53_393, 185.52, 155.04, 1.79738
FILLER_0_54_403, 185.52, 155.04, 1.79738
_09537_, 185.52, 149.6, 1.79742
_14361_, 185.52, 149.6, 1.79742
_16405_, 185.52, 149.6, 1.79742
_18668_, 185.52, 149.6, 1.79742
FILLER_0_51_378, 185.52, 149.6, 1.79742
FILLER_0_51_386, 185.52, 149.6, 1.79742
FILLER_0_52_397, 185.52, 149.6, 1.79742
_11834_, 185.52, 144.16, 1.79749
_14360_, 185.52, 144.16, 1.79749
_16553_, 185.52, 144.16, 1.79749
FILLER_0_48_389, 185.52, 144.16, 1.79749
FILLER_0_49_388, 185.52, 144.16, 1.79749
FILLER_0_49_402, 185.52, 144.16, 1.79749
FILLER_0_50_402, 185.52, 144.16, 1.79749
_09563_, 185.52, 138.72, 1.79756
_11799_, 185.52, 138.72, 1.79756
_18670_, 185.52, 138.72, 1.79756
FILLER_0_47_393, 185.52, 138.72, 1.79756
_09588_, 185.52, 133.28, 1.79762
_11735_, 185.52, 133.28, 1.79762
_14356_, 185.52, 133.28, 1.79762
_14357_, 185.52, 133.28, 1.79762
_16555_, 185.52, 133.28, 1.79762
FILLER_0_45_388, 185.52, 133.28, 1.79762
_09497_, 185.52, 127.84, 1.79767
_09548_, 185.52, 127.84, 1.79767
_11734_, 185.52, 127.84, 1.79767
_14358_, 185.52, 127.84, 1.79767
_16554_, 185.52, 127.84, 1.79767
FILLER_0_44_403, 185.52, 127.84, 1.79767
_09542_, 185.52, 122.4, 1.79772
_09562_, 185.52, 122.4, 1.79772
_11778_, 185.52, 122.4, 1.79772
_11779_, 185.52, 122.4, 1.79772
_11798_, 185.52, 122.4, 1.79772
FILLER_0_40_380, 185.52, 122.4, 1.79772
FILLER_0_40_388, 185.52, 122.4, 1.79772
_13846_, 185.52, 116.96, 1.79777
FILLER_0_39_389, 185.52, 116.96, 1.79777
_09500_, 185.52, 111.52, 1.79779
_13842_, 185.52, 111.52, 1.79779
_13843_, 185.52, 111.52, 1.79779
_16801_, 185.52, 111.52, 1.79779
_18894_, 185.52, 111.52, 1.79779
ANTENNA_12, 185.52, 111.52, 1.79779
FILLER_0_38_392, 185.52, 111.52, 1.79779
_11736_, 185.52, 106.08, 1.79779
_16803_, 185.52, 106.08, 1.79779
FILLER_0_35_385, 185.52, 106.08, 1.79779
_09545_, 185.52, 100.64, 1.79778
_11801_, 185.52, 100.64, 1.79778
_14154_, 185.52, 100.64, 1.79778
FILLER_0_33_384, 185.52, 100.64, 1.79778
FILLER_0_33_401, 185.52, 100.64, 1.79778
_11738_, 185.52, 95.2, 1.79777
_11781_, 185.52, 95.2, 1.79777
_14153_, 185.52, 95.2, 1.79777
_14156_, 185.52, 95.2, 1.79777
_16659_, 185.52, 95.2, 1.79777
_16660_, 185.52, 95.2, 1.79777
_18764_, 185.52, 95.2, 1.79777
_09544_, 185.52, 89.76, 1.79776
_11780_, 185.52, 89.76, 1.79776
_11800_, 185.52, 89.76, 1.79776
_13637_, 185.52, 89.76, 1.79776
FILLER_0_28_386, 185.52, 89.76, 1.79776
FILLER_0_29_393, 185.52, 89.76, 1.79776
_09564_, 185.52, 84.32, 1.79776
_11740_, 185.52, 84.32, 1.79776
_13638_, 185.52, 84.32, 1.79776
_13639_, 185.52, 84.32, 1.79776
_13642_, 185.52, 84.32, 1.79776
hold406, 185.52, 84.32, 1.79776
FILLER_0_26_378, 185.52, 84.32, 1.79776
FILLER_0_27_389, 185.52, 84.32, 1.79776
_13643_, 185.52, 78.88, 1.79775
_18988_, 185.52, 78.88, 1.79775
_18990_, 185.52, 78.88, 1.79775
FILLER_0_25_379, 185.52, 78.88, 1.79775
_09487_, 185.52, 73.44, 1.79773
_09488_, 185.52, 73.44, 1.79773
_11724_, 185.52, 73.44, 1.79773
_11725_, 185.52, 73.44, 1.79773
_11726_, 185.52, 73.44, 1.79773
_16908_, 185.52, 73.44, 1.79773
ANTENNA_38, 185.52, 73.44, 1.79773
FILLER_0_24_397, 185.52, 73.44, 1.79773
_09489_, 185.52, 68, 1.79772
_09490_, 185.52, 68, 1.79772
_09491_, 185.52, 68, 1.79772
_11728_, 185.52, 68, 1.79772
_11729_, 185.52, 68, 1.79772
_15071_, 185.52, 68, 1.79772
FILLER_0_20_385, 185.52, 68, 1.79772
FILLER_0_21_385, 185.52, 68, 1.79772
_09492_, 185.52, 62.56, 1.79773
_11797_, 185.52, 62.56, 1.79773
FILLER_0_18_385, 185.52, 62.56, 1.79773
FILLER_0_19_381, 185.52, 62.56, 1.79773
FILLER_0_19_389, 185.52, 62.56, 1.79773
FILLER_0_19_393, 185.52, 62.56, 1.79773
FILLER_0_19_404, 185.52, 62.56, 1.79773
_09541_, 185.52, 57.12, 1.79772
_09561_, 185.52, 57.12, 1.79772
_11777_, 185.52, 57.12, 1.79772
_11796_, 185.52, 57.12, 1.79772
_13776_, 185.52, 57.12, 1.79772
FILLER_0_17_378, 185.52, 57.12, 1.79772
FILLER_0_18_393, 185.52, 57.12, 1.79772
FILLER_0_18_404, 185.52, 57.12, 1.79772
_09540_, 185.52, 51.68, 1.79771
_09560_, 185.52, 51.68, 1.79771
_11776_, 185.52, 51.68, 1.79771
_15075_, 185.52, 51.68, 1.79771
FILLER_0_15_379, 185.52, 51.68, 1.79771
_16234_, 185.52, 46.24, 1.79771
FILLER_0_13_385, 185.52, 46.24, 1.79771
FILLER_0_14_401, 185.52, 46.24, 1.79771
_15007_, 185.52, 40.8, 1.7977
_15072_, 185.52, 40.8, 1.7977
_15073_, 185.52, 40.8, 1.7977
_16235_, 185.52, 40.8, 1.7977
_18350_, 185.52, 40.8, 1.7977
FILLER_0_10_389, 185.52, 40.8, 1.7977
FILLER_0_12_392, 185.52, 40.8, 1.7977
_15076_, 185.52, 35.36, 1.7977
_15077_, 185.52, 35.36, 1.7977
_18348_, 185.52, 35.36, 1.7977
FILLER_0_9_393, 185.52, 35.36, 1.7977
FILLER_0_7_385, 185.52, 29.92, 1.7977
FILLER_0_5_385, 185.52, 24.48, 1.7977
FILLER_0_3_385, 185.52, 19.04, 1.7977
ANTENNA_79, 185.52, 13.6, 1.7977
FILLER_0_0_382, 185.52, 13.6, 1.7977
FILLER_0_1_385, 185.52, 13.6, 1.7977
FILLER_0_174_327, 160.52, 486.88, 1.79517
FILLER_0_173_329, 160.52, 481.44, 1.79517
FILLER_0_171_329, 160.52, 476, 1.79517
FILLER_0_169_329, 160.52, 470.56, 1.79517
FILLER_0_167_329, 160.52, 465.12, 1.79518
FILLER_0_165_329, 160.52, 459.68, 1.79518
FILLER_0_163_329, 160.52, 454.24, 1.79518
FILLER_0_161_329, 160.52, 448.8, 1.79519
FILLER_0_159_329, 160.52, 443.36, 1.7952
FILLER_0_157_329, 160.52, 437.92, 1.7952
FILLER_0_155_329, 160.52, 432.48, 1.79521
_16961_, 160.52, 427.04, 1.79522
FILLER_0_153_333, 160.52, 427.04, 1.79522
FILLER_0_153_337, 160.52, 427.04, 1.79522
FILLER_0_153_349, 160.52, 427.04, 1.79522
_13536_, 160.52, 421.6, 1.79522
_16962_, 160.52, 421.6, 1.79522
_19036_, 160.52, 421.6, 1.79522
_19037_, 160.52, 421.6, 1.79522
clkbuf_leaf_57_i_clk, 160.52, 421.6, 1.79522
_13535_, 160.52, 416.16, 1.79524
_13538_, 160.52, 416.16, 1.79524
_13674_, 160.52, 416.16, 1.79524
_16892_, 160.52, 416.16, 1.79524
_18973_, 160.52, 416.16, 1.79524
FILLER_0_149_330, 160.52, 416.16, 1.79524
FILLER_0_149_346, 160.52, 416.16, 1.79524
_12115_, 160.52, 410.72, 1.79526
_12135_, 160.52, 410.72, 1.79526
_13673_, 160.52, 410.72, 1.79526
_16891_, 160.52, 410.72, 1.79526
_09880_, 160.52, 405.28, 1.79527
_09899_, 160.52, 405.28, 1.79527
_12116_, 160.52, 405.28, 1.79527
_16643_, 160.52, 405.28, 1.79527
FILLER_0_145_349, 160.52, 405.28, 1.79527
_14184_, 160.52, 399.84, 1.79529
FILLER_0_143_349, 160.52, 399.84, 1.79529
FILLER_0_144_341, 160.52, 399.84, 1.79529
FILLER_0_144_349, 160.52, 399.84, 1.79529
_14116_, 160.52, 394.4, 1.79531
_14117_, 160.52, 394.4, 1.79531
_16678_, 160.52, 394.4, 1.79531
_18781_, 160.52, 394.4, 1.79531
FILLER_0_140_329, 160.52, 394.4, 1.79531
_14186_, 160.52, 388.96, 1.79533
_14187_, 160.52, 388.96, 1.79533
_16786_, 160.52, 388.96, 1.79533
_18749_, 160.52, 388.96, 1.79533
FILLER_0_138_334, 160.52, 388.96, 1.79533
FILLER_0_139_330, 160.52, 388.96, 1.79533
FILLER_0_139_337, 160.52, 388.96, 1.79533
_13878_, 160.52, 383.52, 1.79535
_16785_, 160.52, 383.52, 1.79535
_18877_, 160.52, 383.52, 1.79535
FILLER_0_136_333, 160.52, 383.52, 1.79535
FILLER_0_137_326, 160.52, 383.52, 1.79535
FILLER_0_138_342, 160.52, 383.52, 1.79535
FILLER_0_138_349, 160.52, 383.52, 1.79535
_12113_, 160.52, 378.08, 1.79537
_13877_, 160.52, 378.08, 1.79537
_14667_, 160.52, 378.08, 1.79537
FILLER_0_134_335, 160.52, 378.08, 1.79537
FILLER_0_135_331, 160.52, 378.08, 1.79537
FILLER_0_135_337, 160.52, 378.08, 1.79537
_14666_, 160.52, 372.64, 1.79539
_16714_, 160.52, 372.64, 1.79539
_18525_, 160.52, 372.64, 1.79539
clkbuf_leaf_68_i_clk, 160.52, 372.64, 1.79539
FILLER_0_133_340, 160.52, 372.64, 1.79539
_09897_, 160.52, 367.2, 1.79542
_12114_, 160.52, 367.2, 1.79542
_14043_, 160.52, 367.2, 1.79542
_14044_, 160.52, 367.2, 1.79542
FILLER_0_131_337, 160.52, 367.2, 1.79542
FILLER_0_132_347, 160.52, 367.2, 1.79542
_14391_, 160.52, 361.76, 1.79543
_14392_, 160.52, 361.76, 1.79543
_16536_, 160.52, 361.76, 1.79543
_18813_, 160.52, 361.76, 1.79543
FILLER_0_128_332, 160.52, 361.76, 1.79543
FILLER_0_129_333, 160.52, 361.76, 1.79543
FILLER_0_129_337, 160.52, 361.76, 1.79543
_18653_, 160.52, 356.32, 1.79548
FILLER_0_127_332, 160.52, 356.32, 1.79548
FILLER_0_127_349, 160.52, 356.32, 1.79548
_12119_, 160.52, 350.88, 1.79551
_15579_, 160.52, 350.88, 1.79551
_15580_, 160.52, 350.88, 1.79551
_15934_, 160.52, 350.88, 1.79551
_18110_, 160.52, 350.88, 1.79551
hold341, 160.52, 350.88, 1.79551
FILLER_0_124_326, 160.52, 350.88, 1.79551
FILLER_0_125_333, 160.52, 350.88, 1.79551
FILLER_0_126_338, 160.52, 350.88, 1.79551
FILLER_0_126_344, 160.52, 350.88, 1.79551
_09883_, 160.52, 345.44, 1.79553
_09893_, 160.52, 345.44, 1.79553
_12129_, 160.52, 345.44, 1.79553
_15933_, 160.52, 345.44, 1.79553
FILLER_0_123_347, 160.52, 345.44, 1.79553
FILLER_0_124_350, 160.52, 345.44, 1.79553
hold393, 160.52, 340, 1.79558
FILLER_0_121_331, 160.52, 340, 1.79558
FILLER_0_121_349, 160.52, 340, 1.79558
_09882_, 160.52, 334.56, 1.79561
_12118_, 160.52, 334.56, 1.79561
_12138_, 160.52, 334.56, 1.79561
_13602_, 160.52, 334.56, 1.79561
_13604_, 160.52, 334.56, 1.79561
_16928_, 160.52, 334.56, 1.79561
FILLER_0_120_345, 160.52, 334.56, 1.79561
_09171_, 160.52, 329.12, 1.79564
_13605_, 160.52, 329.12, 1.79564
_14758_, 160.52, 329.12, 1.79564
_19005_, 160.52, 329.12, 1.79564
FILLER_0_117_332, 160.52, 329.12, 1.79564
_09175_, 160.52, 323.68, 1.79568
_09901_, 160.52, 323.68, 1.79568
_14761_, 160.52, 323.68, 1.79568
_18141_, 160.52, 323.68, 1.79568
hold405, 160.52, 323.68, 1.79568
FILLER_0_115_337, 160.52, 323.68, 1.79568
_12117_, 160.52, 318.24, 1.79573
_15517_, 160.52, 318.24, 1.79573
_15518_, 160.52, 318.24, 1.79573
_15967_, 160.52, 318.24, 1.79573
_15520_, 160.52, 312.8, 1.79579
FILLER_0_111_329, 160.52, 312.8, 1.79579
_15449_, 160.52, 307.36, 1.79582
_15450_, 160.52, 307.36, 1.79582
_15452_, 160.52, 307.36, 1.79582
_18140_, 160.52, 307.36, 1.79582
_18172_, 160.52, 307.36, 1.79582
FILLER_0_110_338, 160.52, 307.36, 1.79582
_15451_, 160.52, 301.92, 1.79586
_16003_, 160.52, 301.92, 1.79586
clkbuf_leaf_33_i_clk, 160.52, 301.92, 1.79586
FILLER_0_107_329, 160.52, 301.92, 1.79586
_15453_, 160.52, 296.48, 1.79592
_15965_, 160.52, 296.48, 1.79592
_16001_, 160.52, 296.48, 1.79592
_18171_, 160.52, 296.48, 1.79592
FILLER_0_105_327, 160.52, 296.48, 1.79592
_15454_, 160.52, 291.04, 1.79597
_16676_, 160.52, 291.04, 1.79597
_18139_, 160.52, 291.04, 1.79597
FILLER_0_102_332, 160.52, 291.04, 1.79597
_14190_, 160.52, 285.6, 1.79601
_14191_, 160.52, 285.6, 1.79601
_15522_, 160.52, 285.6, 1.79601
hold413, 160.52, 285.6, 1.79601
FILLER_0_101_325, 160.52, 285.6, 1.79601
FILLER_0_101_333, 160.52, 285.6, 1.79601
FILLER_0_101_349, 160.52, 285.6, 1.79601
FILLER_0_102_344, 160.52, 285.6, 1.79601
_09940_, 160.52, 280.16, 1.79608
_12176_, 160.52, 280.16, 1.79608
_16640_, 160.52, 280.16, 1.79608
_16889_, 160.52, 280.16, 1.79608
FILLER_0_99_345, 160.52, 280.16, 1.79608
FILLER_0_100_347, 160.52, 280.16, 1.79608
_12175_, 160.52, 274.72, 1.79613
_18651_, 160.52, 274.72, 1.79613
hold378, 160.52, 274.72, 1.79613
FILLER_0_97_332, 160.52, 274.72, 1.79613
FILLER_0_98_340, 160.52, 274.72, 1.79613
_13810_, 160.52, 269.28, 1.79619
_18909_, 160.52, 269.28, 1.79619
FILLER_0_95_326, 160.52, 269.28, 1.79619
FILLER_0_95_349, 160.52, 269.28, 1.79619
_13809_, 160.52, 263.84, 1.79625
_14971_, 160.52, 263.84, 1.79625
_16252_, 160.52, 263.84, 1.79625
_16820_, 160.52, 263.84, 1.79625
_18397_, 160.52, 263.84, 1.79625
hold384, 160.52, 263.84, 1.79625
_09876_, 160.52, 258.4, 1.7963
_09896_, 160.52, 258.4, 1.7963
_14970_, 160.52, 258.4, 1.7963
clkbuf_leaf_31_i_clk, 160.52, 258.4, 1.7963
FILLER_0_91_331, 160.52, 258.4, 1.7963
_14972_, 160.52, 252.96, 1.79637
_14973_, 160.52, 252.96, 1.79637
_16251_, 160.52, 252.96, 1.79637
_16253_, 160.52, 252.96, 1.79637
_18396_, 160.52, 252.96, 1.79637
hold374, 160.52, 252.96, 1.79637
FILLER_0_89_337, 160.52, 252.96, 1.79637
_09895_, 160.52, 247.52, 1.79643
_12131_, 160.52, 247.52, 1.79643
_18333_, 160.52, 247.52, 1.79643
FILLER_0_87_337, 160.52, 247.52, 1.79643
_15038_, 160.52, 242.08, 1.79649
_15107_, 160.52, 242.08, 1.79649
_15108_, 160.52, 242.08, 1.79649
_15110_, 160.52, 242.08, 1.79649
hold367, 160.52, 242.08, 1.79649
FILLER_0_84_329, 160.52, 242.08, 1.79649
_15039_, 160.52, 236.64, 1.79654
_16180_, 160.52, 236.64, 1.79654
_18365_, 160.52, 236.64, 1.79654
FILLER_0_83_333, 160.52, 236.64, 1.79654
FILLER_0_83_349, 160.52, 236.64, 1.79654
_15042_, 160.52, 231.2, 1.7966
_15043_, 160.52, 231.2, 1.7966
_16216_, 160.52, 231.2, 1.7966
_18332_, 160.52, 231.2, 1.7966
FILLER_0_80_330, 160.52, 231.2, 1.7966
FILLER_0_81_330, 160.52, 231.2, 1.7966
FILLER_0_82_346, 160.52, 231.2, 1.7966
_15111_, 160.52, 225.76, 1.79666
_18363_, 160.52, 225.76, 1.79666
_16177_, 160.52, 220.32, 1.79672
_16178_, 160.52, 220.32, 1.79672
_18330_, 160.52, 220.32, 1.79672
FILLER_0_77_324, 160.52, 220.32, 1.79672
FILLER_0_77_330, 160.52, 220.32, 1.79672
FILLER_0_77_337, 160.52, 220.32, 1.79672
FILLER_0_77_343, 160.52, 220.32, 1.79672
_15113_, 160.52, 214.88, 1.79678
_15114_, 160.52, 214.88, 1.79678
_16959_, 160.52, 214.88, 1.79678
_18362_, 160.52, 214.88, 1.79678
FILLER_0_75_333, 160.52, 214.88, 1.79678
_15981_, 160.52, 209.44, 1.79685
_16958_, 160.52, 209.44, 1.79685
_19034_, 160.52, 209.44, 1.79685
FILLER_0_73_327, 160.52, 209.44, 1.79685
FILLER_0_74_344, 160.52, 209.44, 1.79685
_13541_, 160.52, 204, 1.79689
_13542_, 160.52, 204, 1.79689
_15490_, 160.52, 204, 1.79689
_15982_, 160.52, 204, 1.79689
_18155_, 160.52, 204, 1.79689
clkbuf_leaf_23_i_clk, 160.52, 204, 1.79689
_15421_, 160.52, 198.56, 1.79697
_15488_, 160.52, 198.56, 1.79697
_15489_, 160.52, 198.56, 1.79697
FILLER_0_69_333, 160.52, 198.56, 1.79697
_14721_, 160.52, 193.12, 1.79703
_16018_, 160.52, 193.12, 1.79703
_16019_, 160.52, 193.12, 1.79703
_18187_, 160.52, 193.12, 1.79703
_09586_, 160.52, 187.68, 1.79709
_09606_, 160.52, 187.68, 1.79709
_11842_, 160.52, 187.68, 1.79709
_15420_, 160.52, 187.68, 1.79709
_15995_, 160.52, 187.68, 1.79709
FILLER_0_65_326, 160.52, 187.68, 1.79709
FILLER_0_65_348, 160.52, 187.68, 1.79709
_14297_, 160.52, 182.24, 1.79716
FILLER_0_62_329, 160.52, 182.24, 1.79716
FILLER_0_63_326, 160.52, 182.24, 1.79716
FILLER_0_63_349, 160.52, 182.24, 1.79716
_09607_, 160.52, 176.8, 1.79722
_11843_, 160.52, 176.8, 1.79722
_16586_, 160.52, 176.8, 1.79722
_16871_, 160.52, 176.8, 1.79722
_18698_, 160.52, 176.8, 1.79722
clkbuf_leaf_22_i_clk, 160.52, 176.8, 1.79722
_14002_, 160.52, 171.36, 1.7973
_14296_, 160.52, 171.36, 1.7973
_16927_, 160.52, 171.36, 1.7973
_09121_, 160.52, 165.92, 1.79736
_11823_, 160.52, 165.92, 1.79736
_13577_, 160.52, 165.92, 1.79736
_13578_, 160.52, 165.92, 1.79736
_16938_, 160.52, 165.92, 1.79736
_16941_, 160.52, 165.92, 1.79736
FILLER_0_57_330, 160.52, 165.92, 1.79736
FILLER_0_58_349, 160.52, 165.92, 1.79736
_16017_, 160.52, 160.48, 1.79744
_16587_, 160.52, 160.48, 1.79744
_16949_, 160.52, 160.48, 1.79744
_18699_, 160.52, 160.48, 1.79744
FILLER_0_55_331, 160.52, 160.48, 1.79744
_14295_, 160.52, 155.04, 1.79751
_15942_, 160.52, 155.04, 1.79751
hold328, 160.52, 155.04, 1.79751
FILLER_0_54_341, 160.52, 155.04, 1.79751
FILLER_0_54_349, 160.52, 155.04, 1.79751
_15556_, 160.52, 149.6, 1.79757
_15944_, 160.52, 149.6, 1.79757
_18122_, 160.52, 149.6, 1.79757
FILLER_0_52_338, 160.52, 149.6, 1.79757
_09618_, 160.52, 144.16, 1.79765
_15555_, 160.52, 144.16, 1.79765
_15559_, 160.52, 144.16, 1.79765
_18667_, 160.52, 144.16, 1.79765
hold332, 160.52, 144.16, 1.79765
FILLER_0_49_337, 160.52, 144.16, 1.79765
_11854_, 160.52, 138.72, 1.79772
_14004_, 160.52, 138.72, 1.79772
_18826_, 160.52, 138.72, 1.79772
clkbuf_leaf_166_i_clk, 160.52, 138.72, 1.79772
FILLER_0_47_330, 160.52, 138.72, 1.79772
FILLER_0_48_341, 160.52, 138.72, 1.79772
_14003_, 160.52, 133.28, 1.79782
_14365_, 160.52, 133.28, 1.79782
_16728_, 160.52, 133.28, 1.79782
FILLER_0_45_328, 160.52, 133.28, 1.79782
FILLER_0_45_346, 160.52, 133.28, 1.79782
_09603_, 160.52, 127.84, 1.7979
_11839_, 160.52, 127.84, 1.7979
_14364_, 160.52, 127.84, 1.7979
_16551_, 160.52, 127.84, 1.7979
FILLER_0_42_329, 160.52, 127.84, 1.7979
_09602_, 160.52, 122.4, 1.79797
_09608_, 160.52, 122.4, 1.79797
_11838_, 160.52, 122.4, 1.79797
_11844_, 160.52, 122.4, 1.79797
clkbuf_3_1_0_i_clk, 160.52, 122.4, 1.79797
hold440, 160.52, 122.4, 1.79797
FILLER_0_41_344, 160.52, 122.4, 1.79797
_13851_, 160.52, 116.96, 1.79805
_14639_, 160.52, 116.96, 1.79805
_16408_, 160.52, 116.96, 1.79805
_18539_, 160.52, 116.96, 1.79805
FILLER_0_39_333, 160.52, 116.96, 1.79805
_13850_, 160.52, 111.52, 1.79805
_16799_, 160.52, 111.52, 1.79805
_16800_, 160.52, 111.52, 1.79805
_18891_, 160.52, 111.52, 1.79805
FILLER_0_36_336, 160.52, 111.52, 1.79805
FILLER_0_37_340, 160.52, 111.52, 1.79805
FILLER_0_38_340, 160.52, 111.52, 1.79805
_13848_, 160.52, 106.08, 1.79803
_13849_, 160.52, 106.08, 1.79803
_14159_, 160.52, 106.08, 1.79803
FILLER_0_35_327, 160.52, 106.08, 1.79803
FILLER_0_36_344, 160.52, 106.08, 1.79803
_09605_, 160.52, 100.64, 1.798
_14160_, 160.52, 100.64, 1.798
_16657_, 160.52, 100.64, 1.798
_16883_, 160.52, 100.64, 1.798
_16960_, 160.52, 100.64, 1.798
_18763_, 160.52, 100.64, 1.798
FILLER_0_34_345, 160.52, 100.64, 1.798
_11840_, 160.52, 95.2, 1.79798
_11841_, 160.52, 95.2, 1.79798
_13508_, 160.52, 95.2, 1.79798
_16872_, 160.52, 95.2, 1.79798
_16971_, 160.52, 95.2, 1.79798
FILLER_0_31_328, 160.52, 95.2, 1.79798
_09604_, 160.52, 89.76, 1.79795
_16250_, 160.52, 89.76, 1.79795
_16976_, 160.52, 89.76, 1.79795
FILLER_0_28_326, 160.52, 89.76, 1.79795
_13506_, 160.52, 84.32, 1.79792
_13507_, 160.52, 84.32, 1.79792
_19051_, 160.52, 84.32, 1.79792
FILLER_0_27_337, 160.52, 84.32, 1.79792
_13646_, 160.52, 78.88, 1.79791
_13647_, 160.52, 78.88, 1.79791
_18986_, 160.52, 78.88, 1.79791
FILLER_0_24_334, 160.52, 78.88, 1.79791
_13645_, 160.52, 73.44, 1.79789
_16906_, 160.52, 73.44, 1.79789
_18987_, 160.52, 73.44, 1.79789
FILLER_0_22_333, 160.52, 73.44, 1.79789
FILLER_0_23_331, 160.52, 73.44, 1.79789
FILLER_0_23_337, 160.52, 73.44, 1.79789
FILLER_0_23_345, 160.52, 73.44, 1.79789
_13782_, 160.52, 68, 1.79786
_13783_, 160.52, 68, 1.79786
_18922_, 160.52, 68, 1.79786
clkbuf_leaf_177_i_clk, 160.52, 68, 1.79786
FILLER_0_21_332, 160.52, 68, 1.79786
FILLER_0_21_337, 160.52, 68, 1.79786
_09601_, 160.52, 62.56, 1.79785
_11837_, 160.52, 62.56, 1.79785
_14943_, 160.52, 62.56, 1.79785
_14944_, 160.52, 62.56, 1.79785
_16266_, 160.52, 62.56, 1.79785
_18410_, 160.52, 62.56, 1.79785
_09600_, 160.52, 57.12, 1.79784
_18923_, 160.52, 57.12, 1.79784
FILLER_0_17_331, 160.52, 57.12, 1.79784
FILLER_0_17_349, 160.52, 57.12, 1.79784
_11836_, 160.52, 51.68, 1.79783
FILLER_0_14_331, 160.52, 51.68, 1.79783
FILLER_0_15_329, 160.52, 51.68, 1.79783
FILLER_0_15_349, 160.52, 51.68, 1.79783
FILLER_0_16_347, 160.52, 51.68, 1.79783
_15078_, 160.52, 46.24, 1.79781
_15079_, 160.52, 46.24, 1.79781
_16264_, 160.52, 46.24, 1.79781
_18347_, 160.52, 46.24, 1.79781
_18411_, 160.52, 46.24, 1.79781
FILLER_0_13_328, 160.52, 46.24, 1.79781
FILLER_0_14_344, 160.52, 46.24, 1.79781
_15080_, 160.52, 40.8, 1.7978
_15081_, 160.52, 40.8, 1.7978
_16196_, 160.52, 40.8, 1.7978
FILLER_0_11_331, 160.52, 40.8, 1.7978
_15009_, 160.52, 35.36, 1.7978
_15011_, 160.52, 35.36, 1.7978
_18379_, 160.52, 35.36, 1.7978
FILLER_0_10_338, 160.52, 35.36, 1.7978
_15010_, 160.52, 29.92, 1.7978
_16231_, 160.52, 29.92, 1.7978
_16232_, 160.52, 29.92, 1.7978
FILLER_0_7_330, 160.52, 29.92, 1.7978
FILLER_0_8_346, 160.52, 29.92, 1.7978
FILLER_0_5_329, 160.52, 24.48, 1.7978
FILLER_0_3_329, 160.52, 19.04, 1.79779
FILLER_0_0_333, 160.52, 13.6, 1.79779
FILLER_0_1_329, 160.52, 13.6, 1.79779
FILLER_0_174_277, 135.52, 486.88, 1.79523
FILLER_0_173_273, 135.52, 481.44, 1.79523
FILLER_0_171_273, 135.52, 476, 1.79524
FILLER_0_169_273, 135.52, 470.56, 1.79524
FILLER_0_167_273, 135.52, 465.12, 1.79524
FILLER_0_165_273, 135.52, 459.68, 1.79524
FILLER_0_163_273, 135.52, 454.24, 1.79525
FILLER_0_161_273, 135.52, 448.8, 1.79525
FILLER_0_159_273, 135.52, 443.36, 1.79526
FILLER_0_157_273, 135.52, 437.92, 1.79527
FILLER_0_155_273, 135.52, 432.48, 1.79528
FILLER_0_153_273, 135.52, 427.04, 1.79528
_13527_, 135.52, 421.6, 1.79529
_16966_, 135.52, 421.6, 1.79529
_19039_, 135.52, 421.6, 1.79529
_09819_, 135.52, 416.16, 1.7953
_12055_, 135.52, 416.16, 1.7953
_13531_, 135.52, 416.16, 1.7953
_13532_, 135.52, 416.16, 1.7953
_13670_, 135.52, 416.16, 1.7953
_16896_, 135.52, 416.16, 1.7953
_18975_, 135.52, 416.16, 1.7953
FILLER_0_149_275, 135.52, 416.16, 1.7953
FILLER_0_149_281, 135.52, 416.16, 1.7953
_12056_, 135.52, 410.72, 1.79532
_13669_, 135.52, 410.72, 1.79532
FILLER_0_147_273, 135.52, 410.72, 1.79532
FILLER_0_147_293, 135.52, 410.72, 1.79532
FILLER_0_148_286, 135.52, 410.72, 1.79532
_14179_, 135.52, 405.28, 1.79533
_16681_, 135.52, 405.28, 1.79533
_18753_, 135.52, 405.28, 1.79533
_18785_, 135.52, 405.28, 1.79533
FILLER_0_145_272, 135.52, 405.28, 1.79533
_09820_, 135.52, 399.84, 1.79535
_14108_, 135.52, 399.84, 1.79535
_14109_, 135.52, 399.84, 1.79535
_14178_, 135.52, 399.84, 1.79535
_16646_, 135.52, 399.84, 1.79535
_16682_, 135.52, 399.84, 1.79535
FILLER_0_143_296, 135.52, 399.84, 1.79535
_14113_, 135.52, 394.4, 1.79537
_14183_, 135.52, 394.4, 1.79537
_16648_, 135.52, 394.4, 1.79537
FILLER_0_140_276, 135.52, 394.4, 1.79537
FILLER_0_141_277, 135.52, 394.4, 1.79537
FILLER_0_141_296, 135.52, 394.4, 1.79537
_14112_, 135.52, 388.96, 1.79538
_16680_, 135.52, 388.96, 1.79538
_18751_, 135.52, 388.96, 1.79538
_18783_, 135.52, 388.96, 1.79538
clkbuf_leaf_56_i_clk, 135.52, 388.96, 1.79538
FILLER_0_138_277, 135.52, 388.96, 1.79538
FILLER_0_139_273, 135.52, 388.96, 1.79538
_13873_, 135.52, 383.52, 1.79541
_13874_, 135.52, 383.52, 1.79541
_16647_, 135.52, 383.52, 1.79541
_16787_, 135.52, 383.52, 1.79541
_18879_, 135.52, 383.52, 1.79541
FILLER_0_136_276, 135.52, 383.52, 1.79541
FILLER_0_137_271, 135.52, 383.52, 1.79541
_14663_, 135.52, 378.08, 1.79543
_18527_, 135.52, 378.08, 1.79543
FILLER_0_134_273, 135.52, 378.08, 1.79543
FILLER_0_135_276, 135.52, 378.08, 1.79543
FILLER_0_135_296, 135.52, 378.08, 1.79543
_09857_, 135.52, 372.64, 1.79545
_12093_, 135.52, 372.64, 1.79545
_14662_, 135.52, 372.64, 1.79545
_16396_, 135.52, 372.64, 1.79545
FILLER_0_132_273, 135.52, 372.64, 1.79545
_14037_, 135.52, 367.2, 1.79548
_16718_, 135.52, 367.2, 1.79548
_18815_, 135.52, 367.2, 1.79548
FILLER_0_131_293, 135.52, 367.2, 1.79548
_14388_, 135.52, 361.76, 1.79549
_18655_, 135.52, 361.76, 1.79549
FILLER_0_129_275, 135.52, 361.76, 1.79549
FILLER_0_129_281, 135.52, 361.76, 1.79549
FILLER_0_130_296, 135.52, 361.76, 1.79549
_12059_, 135.52, 356.32, 1.79554
_14387_, 135.52, 356.32, 1.79554
_15571_, 135.52, 356.32, 1.79554
_15572_, 135.52, 356.32, 1.79554
_18114_, 135.52, 356.32, 1.79554
hold313, 135.52, 356.32, 1.79554
_12069_, 135.52, 350.88, 1.79557
_15575_, 135.52, 350.88, 1.79557
_15937_, 135.52, 350.88, 1.79557
_18113_, 135.52, 350.88, 1.79557
hold320, 135.52, 350.88, 1.79557
_09823_, 135.52, 345.44, 1.79559
_09833_, 135.52, 345.44, 1.79559
_15574_, 135.52, 345.44, 1.79559
_15576_, 135.52, 345.44, 1.79559
_15935_, 135.52, 345.44, 1.79559
hold311, 135.52, 340, 1.79563
FILLER_0_120_272, 135.52, 340, 1.79563
FILLER_0_121_277, 135.52, 340, 1.79563
_13600_, 135.52, 334.56, 1.79566
_13601_, 135.52, 334.56, 1.79566
_14320_, 135.52, 334.56, 1.79566
_15569_, 135.52, 334.56, 1.79566
_15938_, 135.52, 334.56, 1.79566
_18687_, 135.52, 334.56, 1.79566
FILLER_0_119_281, 135.52, 334.56, 1.79566
FILLER_0_120_287, 135.52, 334.56, 1.79566
_09862_, 135.52, 329.12, 1.7957
_19007_, 135.52, 329.12, 1.7957
FILLER_0_117_276, 135.52, 329.12, 1.7957
FILLER_0_117_281, 135.52, 329.12, 1.7957
FILLER_0_117_289, 135.52, 329.12, 1.7957
FILLER_0_118_283, 135.52, 329.12, 1.7957
_09167_, 135.52, 323.68, 1.79573
_12058_, 135.52, 323.68, 1.79573
_14030_, 135.52, 323.68, 1.79573
_15509_, 135.52, 323.68, 1.79573
FILLER_0_115_287, 135.52, 323.68, 1.79573
FILLER_0_116_289, 135.52, 323.68, 1.79573
_14749_, 135.52, 318.24, 1.79577
_15510_, 135.52, 318.24, 1.79577
_18143_, 135.52, 318.24, 1.79577
_18145_, 135.52, 318.24, 1.79577
_15505_, 135.52, 312.8, 1.79583
_15971_, 135.52, 312.8, 1.79583
_15446_, 135.52, 307.36, 1.79587
_15511_, 135.52, 307.36, 1.79587
_15512_, 135.52, 307.36, 1.79587
_15970_, 135.52, 307.36, 1.79587
_15974_, 135.52, 307.36, 1.79587
_18144_, 135.52, 307.36, 1.79587
FILLER_0_108_279, 135.52, 307.36, 1.79587
FILLER_0_109_271, 135.52, 307.36, 1.79587
FILLER_0_110_285, 135.52, 307.36, 1.79587
_15973_, 135.52, 301.92, 1.79591
_13591_, 135.52, 296.48, 1.79597
_16934_, 135.52, 296.48, 1.79597
_19012_, 135.52, 296.48, 1.79597
hold381, 135.52, 296.48, 1.79597
_09744_, 135.52, 291.04, 1.79601
_09745_, 135.52, 291.04, 1.79601
_11981_, 135.52, 291.04, 1.79601
_11982_, 135.52, 291.04, 1.79601
_13590_, 135.52, 291.04, 1.79601
_14020_, 135.52, 291.04, 1.79601
_14739_, 135.52, 291.04, 1.79601
FILLER_0_102_272, 135.52, 291.04, 1.79601
FILLER_0_104_292, 135.52, 291.04, 1.79601
_09146_, 135.52, 285.6, 1.79606
_14309_, 135.52, 285.6, 1.79606
_14310_, 135.52, 285.6, 1.79606
_16579_, 135.52, 285.6, 1.79606
_18692_, 135.52, 285.6, 1.79606
FILLER_0_100_273, 135.52, 285.6, 1.79606
FILLER_0_101_272, 135.52, 285.6, 1.79606
_09739_, 135.52, 280.16, 1.79611
_09746_, 135.52, 280.16, 1.79611
_09773_, 135.52, 280.16, 1.79611
_11976_, 135.52, 280.16, 1.79611
_11983_, 135.52, 280.16, 1.79611
_12009_, 135.52, 280.16, 1.79611
_14102_, 135.52, 280.16, 1.79611
_14172_, 135.52, 280.16, 1.79611
_14173_, 135.52, 274.72, 1.79617
clkbuf_leaf_32_i_clk, 135.52, 274.72, 1.79617
FILLER_0_97_276, 135.52, 274.72, 1.79617
FILLER_0_97_281, 135.52, 274.72, 1.79617
_12072_, 135.52, 269.28, 1.79623
_18399_, 135.52, 269.28, 1.79623
_18911_, 135.52, 269.28, 1.79623
FILLER_0_95_274, 135.52, 269.28, 1.79623
FILLER_0_96_289, 135.52, 269.28, 1.79623
_13805_, 135.52, 263.84, 1.79629
_13806_, 135.52, 263.84, 1.79629
FILLER_0_93_281, 135.52, 263.84, 1.79629
_09816_, 135.52, 258.4, 1.79634
_12052_, 135.52, 258.4, 1.79634
_16256_, 135.52, 258.4, 1.79634
hold418, 135.52, 258.4, 1.79634
FILLER_0_91_289, 135.52, 258.4, 1.79634
_09727_, 135.52, 252.96, 1.7964
_14957_, 135.52, 252.96, 1.7964
_18404_, 135.52, 252.96, 1.7964
FILLER_0_89_277, 135.52, 252.96, 1.7964
FILLER_0_89_281, 135.52, 252.96, 1.7964
_11963_, 135.52, 247.52, 1.79646
_11964_, 135.52, 247.52, 1.79646
_12051_, 135.52, 247.52, 1.79646
_14956_, 135.52, 247.52, 1.79646
_16259_, 135.52, 247.52, 1.79646
_09726_, 135.52, 242.08, 1.79652
_15037_, 135.52, 242.08, 1.79652
_16185_, 135.52, 242.08, 1.79652
_18366_, 135.52, 242.08, 1.79652
FILLER_0_85_274, 135.52, 242.08, 1.79652
FILLER_0_85_281, 135.52, 242.08, 1.79652
_16218_, 135.52, 236.64, 1.79658
FILLER_0_84_286, 135.52, 236.64, 1.79658
FILLER_0_84_296, 135.52, 236.64, 1.79658
_15024_, 135.52, 231.2, 1.79664
_15025_, 135.52, 231.2, 1.79664
_15034_, 135.52, 231.2, 1.79664
_15035_, 135.52, 231.2, 1.79664
_15104_, 135.52, 231.2, 1.79664
_16219_, 135.52, 231.2, 1.79664
_16224_, 135.52, 231.2, 1.79664
FILLER_0_80_274, 135.52, 231.2, 1.79664
FILLER_0_80_281, 135.52, 231.2, 1.79664
FILLER_0_81_274, 135.52, 231.2, 1.79664
FILLER_0_82_287, 135.52, 231.2, 1.79664
_18367_, 135.52, 225.76, 1.79669
clkbuf_leaf_24_i_clk, 135.52, 225.76, 1.79669
_13795_, 135.52, 220.32, 1.79676
_13796_, 135.52, 220.32, 1.79676
_15093_, 135.52, 220.32, 1.79676
_16188_, 135.52, 220.32, 1.79676
_18116_, 135.52, 220.32, 1.79676
_18916_, 135.52, 220.32, 1.79676
FILLER_0_77_290, 135.52, 220.32, 1.79676
FILLER_0_78_295, 135.52, 220.32, 1.79676
_16828_, 135.52, 214.88, 1.79683
FILLER_0_75_274, 135.52, 214.88, 1.79683
FILLER_0_75_281, 135.52, 214.88, 1.79683
FILLER_0_76_294, 135.52, 214.88, 1.79683
_15492_, 135.52, 209.44, 1.79689
_15496_, 135.52, 209.44, 1.79689
_15977_, 135.52, 209.44, 1.79689
_15978_, 135.52, 209.44, 1.79689
FILLER_0_73_284, 135.52, 209.44, 1.79689
FILLER_0_73_292, 135.52, 209.44, 1.79689
_14724_, 135.52, 204, 1.79694
_14730_, 135.52, 204, 1.79694
_15493_, 135.52, 204, 1.79694
_15500_, 135.52, 204, 1.79694
_18153_, 135.52, 204, 1.79694
_15976_, 135.52, 198.56, 1.79702
_16015_, 135.52, 198.56, 1.79702
_16016_, 135.52, 198.56, 1.79702
_18185_, 135.52, 198.56, 1.79702
FILLER_0_68_273, 135.52, 198.56, 1.79702
FILLER_0_69_281, 135.52, 198.56, 1.79702
FILLER_0_70_283, 135.52, 198.56, 1.79702
FILLER_0_70_290, 135.52, 198.56, 1.79702
_09686_, 135.52, 193.12, 1.79708
_11923_, 135.52, 193.12, 1.79708
_15425_, 135.52, 193.12, 1.79708
_18184_, 135.52, 193.12, 1.79708
FILLER_0_67_273, 135.52, 193.12, 1.79708
FILLER_0_67_281, 135.52, 193.12, 1.79708
_09626_, 135.52, 187.68, 1.79716
_09666_, 135.52, 187.68, 1.79716
_09706_, 135.52, 187.68, 1.79716
_11902_, 135.52, 187.68, 1.79716
_15424_, 135.52, 187.68, 1.79716
FILLER_0_65_288, 135.52, 187.68, 1.79716
FILLER_0_66_284, 135.52, 187.68, 1.79716
_09707_, 135.52, 182.24, 1.79723
_11862_, 135.52, 182.24, 1.79723
_14011_, 135.52, 182.24, 1.79723
FILLER_0_63_276, 135.52, 182.24, 1.79723
FILLER_0_64_291, 135.52, 182.24, 1.79723
_09667_, 135.52, 176.8, 1.79731
_09687_, 135.52, 176.8, 1.79731
_11903_, 135.52, 176.8, 1.79731
_11924_, 135.52, 176.8, 1.79731
_14301_, 135.52, 176.8, 1.79731
_18696_, 135.52, 176.8, 1.79731
FILLER_0_60_271, 135.52, 176.8, 1.79731
FILLER_0_61_289, 135.52, 176.8, 1.79731
FILLER_0_62_283, 135.52, 176.8, 1.79731
FILLER_0_58_277, 135.52, 171.36, 1.79739
FILLER_0_59_293, 135.52, 171.36, 1.79739
_09125_, 135.52, 165.92, 1.79746
_14299_, 135.52, 165.92, 1.79746
_16722_, 135.52, 165.92, 1.79746
_18697_, 135.52, 165.92, 1.79746
FILLER_0_57_274, 135.52, 165.92, 1.79746
FILLER_0_58_290, 135.52, 165.92, 1.79746
_09703_, 135.52, 160.48, 1.79756
_14298_, 135.52, 160.48, 1.79756
FILLER_0_55_271, 135.52, 160.48, 1.79756
FILLER_0_55_293, 135.52, 160.48, 1.79756
_09708_, 135.52, 155.04, 1.79764
_09718_, 135.52, 155.04, 1.79764
_11936_, 135.52, 155.04, 1.79764
_11946_, 135.52, 155.04, 1.79764
_18117_, 135.52, 155.04, 1.79764
FILLER_0_52_276, 135.52, 155.04, 1.79764
FILLER_0_53_281, 135.52, 155.04, 1.79764
FILLER_0_54_285, 135.52, 155.04, 1.79764
_09683_, 135.52, 149.6, 1.79772
_09688_, 135.52, 149.6, 1.79772
_11925_, 135.52, 149.6, 1.79772
_11956_, 135.52, 149.6, 1.79772
clkbuf_leaf_21_i_clk, 135.52, 149.6, 1.79772
_09663_, 135.52, 144.16, 1.79782
_09678_, 135.52, 144.16, 1.79782
_18119_, 135.52, 144.16, 1.79782
FILLER_0_49_276, 135.52, 144.16, 1.79782
FILLER_0_49_281, 135.52, 144.16, 1.79782
_11899_, 135.52, 138.72, 1.79793
_11914_, 135.52, 138.72, 1.79793
_15561_, 135.52, 138.72, 1.79793
_15562_, 135.52, 138.72, 1.79793
hold362, 135.52, 138.72, 1.79793
FILLER_0_47_293, 135.52, 138.72, 1.79793
_09668_, 135.52, 133.28, 1.79806
_11904_, 135.52, 133.28, 1.79806
_16651_, 135.52, 133.28, 1.79806
_16724_, 135.52, 133.28, 1.79806
_16725_, 135.52, 133.28, 1.79806
FILLER_0_44_277, 135.52, 133.28, 1.79806
FILLER_0_45_273, 135.52, 133.28, 1.79806
_09623_, 135.52, 127.84, 1.79817
_11859_, 135.52, 127.84, 1.79817
_14009_, 135.52, 127.84, 1.79817
_14010_, 135.52, 127.84, 1.79817
_18824_, 135.52, 127.84, 1.79817
_09622_, 135.52, 122.4, 1.79829
_11878_, 135.52, 122.4, 1.79829
_16407_, 135.52, 122.4, 1.79829
_16672_, 135.52, 122.4, 1.79829
FILLER_0_42_289, 135.52, 122.4, 1.79829
_14643_, 135.52, 116.96, 1.79841
_14644_, 135.52, 116.96, 1.79841
_18536_, 135.52, 116.96, 1.79841
FILLER_0_39_272, 135.52, 116.96, 1.79841
FILLER_0_39_281, 135.52, 116.96, 1.79841
FILLER_0_40_284, 135.52, 116.96, 1.79841
_09685_, 135.52, 111.52, 1.79838
_16653_, 135.52, 111.52, 1.79838
clkbuf_leaf_179_i_clk, 135.52, 111.52, 1.79838
_11922_, 135.52, 106.08, 1.79832
_11943_, 135.52, 106.08, 1.79832
FILLER_0_36_293, 135.52, 106.08, 1.79832
_09665_, 135.52, 100.64, 1.79826
_09705_, 135.52, 100.64, 1.79826
_11901_, 135.52, 100.64, 1.79826
_14165_, 135.52, 100.64, 1.79826
_09704_, 135.52, 95.2, 1.7982
_11942_, 135.52, 95.2, 1.7982
_16654_, 135.52, 95.2, 1.7982
_18761_, 135.52, 95.2, 1.7982
FILLER_0_31_293, 135.52, 95.2, 1.7982
FILLER_0_32_291, 135.52, 95.2, 1.7982
_09664_, 135.52, 89.76, 1.79814
_09684_, 135.52, 89.76, 1.79814
_11900_, 135.52, 89.76, 1.79814
_11921_, 135.52, 89.76, 1.79814
FILLER_0_29_288, 135.52, 89.76, 1.79814
_13510_, 135.52, 84.32, 1.7981
_16972_, 135.52, 84.32, 1.7981
_16973_, 135.52, 84.32, 1.7981
FILLER_0_27_275, 135.52, 84.32, 1.7981
FILLER_0_27_281, 135.52, 84.32, 1.7981
_13511_, 135.52, 78.88, 1.79806
_16975_, 135.52, 78.88, 1.79806
_19049_, 135.52, 78.88, 1.79806
FILLER_0_25_276, 135.52, 78.88, 1.79806
FILLER_0_25_281, 135.52, 78.88, 1.79806
FILLER_0_25_291, 135.52, 78.88, 1.79806
_09701_, 135.52, 73.44, 1.79803
_13648_, 135.52, 73.44, 1.79803
_18985_, 135.52, 73.44, 1.79803
FILLER_0_23_271, 135.52, 73.44, 1.79803
FILLER_0_23_281, 135.52, 73.44, 1.79803
_09700_, 135.52, 68, 1.798
_11938_, 135.52, 68, 1.798
_11939_, 135.52, 68, 1.798
_13649_, 135.52, 68, 1.798
_11918_, 135.52, 62.56, 1.79797
_13784_, 135.52, 62.56, 1.79797
_13785_, 135.52, 62.56, 1.79797
_16833_, 135.52, 62.56, 1.79797
FILLER_0_18_280, 135.52, 62.56, 1.79797
FILLER_0_19_277, 135.52, 62.56, 1.79797
FILLER_0_19_281, 135.52, 62.56, 1.79797
FILLER_0_20_292, 135.52, 62.56, 1.79797
_09661_, 135.52, 57.12, 1.79795
_09681_, 135.52, 57.12, 1.79795
_11897_, 135.52, 57.12, 1.79795
_18921_, 135.52, 57.12, 1.79795
FILLER_0_17_289, 135.52, 57.12, 1.79795
_09620_, 135.52, 51.68, 1.79794
_16262_, 135.52, 51.68, 1.79794
FILLER_0_15_271, 135.52, 51.68, 1.79794
_14946_, 135.52, 46.24, 1.79791
_16263_, 135.52, 46.24, 1.79791
clkbuf_leaf_176_i_clk, 135.52, 46.24, 1.79791
FILLER_0_12_278, 135.52, 46.24, 1.79791
FILLER_0_14_288, 135.52, 46.24, 1.79791
FILLER_0_14_295, 135.52, 46.24, 1.79791
_14945_, 135.52, 40.8, 1.7979
_15085_, 135.52, 40.8, 1.7979
_16192_, 135.52, 40.8, 1.7979
_18344_, 135.52, 40.8, 1.7979
_18409_, 135.52, 40.8, 1.7979
FILLER_0_11_270, 135.52, 40.8, 1.7979
FILLER_0_11_281, 135.52, 40.8, 1.7979
FILLER_0_11_288, 135.52, 40.8, 1.7979
_15013_, 135.52, 35.36, 1.79789
_15082_, 135.52, 35.36, 1.79789
_15083_, 135.52, 35.36, 1.79789
_16193_, 135.52, 35.36, 1.79789
_15014_, 135.52, 29.92, 1.79788
_18377_, 135.52, 29.92, 1.79788
FILLER_0_7_273, 135.52, 29.92, 1.79788
FILLER_0_7_281, 135.52, 29.92, 1.79788
FILLER_0_5_273, 135.52, 24.48, 1.79788
FILLER_0_3_273, 135.52, 19.04, 1.79788
FILLER_0_0_277, 135.52, 13.6, 1.79787
FILLER_0_0_293, 135.52, 13.6, 1.79787
FILLER_0_1_273, 135.52, 13.6, 1.79787
FILLER_0_174_221, 110.52, 486.88, 1.79528
output28, 110.52, 481.44, 1.79528
FILLER_0_173_217, 110.52, 481.44, 1.79528
FILLER_0_174_237, 110.52, 481.44, 1.79528
FILLER_0_171_217, 110.52, 476, 1.79529
FILLER_0_169_217, 110.52, 470.56, 1.79529
FILLER_0_167_217, 110.52, 465.12, 1.79529
FILLER_0_165_217, 110.52, 459.68, 1.79529
FILLER_0_163_217, 110.52, 454.24, 1.7953
FILLER_0_161_217, 110.52, 448.8, 1.7953
FILLER_0_159_217, 110.52, 443.36, 1.79531
FILLER_0_157_217, 110.52, 437.92, 1.79532
FILLER_0_155_217, 110.52, 432.48, 1.79533
FILLER_0_153_217, 110.52, 427.04, 1.79534
_13530_, 110.52, 421.6, 1.79534
_19040_, 110.52, 421.6, 1.79534
FILLER_0_151_217, 110.52, 421.6, 1.79534
_13668_, 110.52, 416.16, 1.79535
_18976_, 110.52, 416.16, 1.79535
FILLER_0_148_221, 110.52, 416.16, 1.79535
FILLER_0_149_217, 110.52, 416.16, 1.79535
_13667_, 110.52, 410.72, 1.79537
_16895_, 110.52, 410.72, 1.79537
FILLER_0_147_217, 110.52, 410.72, 1.79537
_12015_, 110.52, 405.28, 1.79538
_13661_, 110.52, 405.28, 1.79538
_13662_, 110.52, 405.28, 1.79538
_16898_, 110.52, 405.28, 1.79538
_18784_, 110.52, 405.28, 1.79538
FILLER_0_144_226, 110.52, 405.28, 1.79538
FILLER_0_145_220, 110.52, 405.28, 1.79538
FILLER_0_146_235, 110.52, 405.28, 1.79538
_14111_, 110.52, 399.84, 1.79539
clkbuf_leaf_55_i_clk, 110.52, 399.84, 1.79539
FILLER_0_143_217, 110.52, 399.84, 1.79539
_13663_, 110.52, 394.4, 1.79542
_13664_, 110.52, 394.4, 1.79542
_16897_, 110.52, 394.4, 1.79542
_18787_, 110.52, 394.4, 1.79542
FILLER_0_141_221, 110.52, 394.4, 1.79542
FILLER_0_141_234, 110.52, 394.4, 1.79542
FILLER_0_142_236, 110.52, 394.4, 1.79542
_14104_, 110.52, 388.96, 1.79543
_14105_, 110.52, 388.96, 1.79543
_16685_, 110.52, 388.96, 1.79543
FILLER_0_139_233, 110.52, 388.96, 1.79543
_14657_, 110.52, 383.52, 1.79546
_18786_, 110.52, 383.52, 1.79546
FILLER_0_137_221, 110.52, 383.52, 1.79546
FILLER_0_137_225, 110.52, 383.52, 1.79546
FILLER_0_138_241, 110.52, 383.52, 1.79546
_14107_, 110.52, 378.08, 1.79548
_14654_, 110.52, 378.08, 1.79548
_14656_, 110.52, 378.08, 1.79548
_16399_, 110.52, 378.08, 1.79548
_16400_, 110.52, 378.08, 1.79548
FILLER_0_136_233, 110.52, 378.08, 1.79548
_09777_, 110.52, 372.64, 1.7955
_12033_, 110.52, 372.64, 1.7955
clkbuf_leaf_50_i_clk, 110.52, 372.64, 1.7955
FILLER_0_133_225, 110.52, 372.64, 1.7955
FILLER_0_134_231, 110.52, 372.64, 1.7955
_09837_, 110.52, 367.2, 1.79553
_12073_, 110.52, 367.2, 1.79553
_14660_, 110.52, 367.2, 1.79553
_16397_, 110.52, 367.2, 1.79553
_16398_, 110.52, 367.2, 1.79553
_09817_, 110.52, 361.76, 1.79555
_14658_, 110.52, 361.76, 1.79555
_14659_, 110.52, 361.76, 1.79555
hold400, 110.52, 361.76, 1.79555
FILLER_0_129_221, 110.52, 361.76, 1.79555
FILLER_0_129_234, 110.52, 361.76, 1.79555
FILLER_0_130_241, 110.52, 361.76, 1.79555
_16719_, 110.52, 356.32, 1.79559
_18818_, 110.52, 356.32, 1.79559
FILLER_0_127_219, 110.52, 356.32, 1.79559
FILLER_0_128_233, 110.52, 356.32, 1.79559
_14028_, 110.52, 350.88, 1.79561
_14029_, 110.52, 350.88, 1.79561
_16540_, 110.52, 350.88, 1.79561
_16542_, 110.52, 350.88, 1.79561
_18816_, 110.52, 350.88, 1.79561
FILLER_0_124_221, 110.52, 350.88, 1.79561
FILLER_0_125_240, 110.52, 350.88, 1.79561
_14034_, 110.52, 345.44, 1.79564
_14035_, 110.52, 345.44, 1.79564
FILLER_0_123_215, 110.52, 345.44, 1.79564
FILLER_0_123_225, 110.52, 345.44, 1.79564
_13595_, 110.52, 340, 1.79567
_13599_, 110.52, 340, 1.79567
_16575_, 110.52, 340, 1.79567
_19008_, 110.52, 340, 1.79567
FILLER_0_121_221, 110.52, 340, 1.79567
_16932_, 110.52, 334.56, 1.79571
_19010_, 110.52, 334.56, 1.79571
FILLER_0_118_224, 110.52, 334.56, 1.79571
FILLER_0_119_216, 110.52, 334.56, 1.79571
_13594_, 110.52, 329.12, 1.79575
_13597_, 110.52, 329.12, 1.79575
_13598_, 110.52, 329.12, 1.79575
FILLER_0_116_225, 110.52, 329.12, 1.79575
FILLER_0_117_221, 110.52, 329.12, 1.79575
_13593_, 110.52, 323.68, 1.79578
_13596_, 110.52, 323.68, 1.79578
_16576_, 110.52, 323.68, 1.79578
_16578_, 110.52, 323.68, 1.79578
_16933_, 110.52, 323.68, 1.79578
_19009_, 110.52, 323.68, 1.79578
_19011_, 110.52, 323.68, 1.79578
FILLER_0_114_220, 110.52, 323.68, 1.79578
FILLER_0_115_218, 110.52, 323.68, 1.79578
_09151_, 110.52, 318.24, 1.79581
_14024_, 110.52, 318.24, 1.79581
FILLER_0_113_225, 110.52, 318.24, 1.79581
_09163_, 110.52, 312.8, 1.79587
_14743_, 110.52, 312.8, 1.79587
_15441_, 110.52, 312.8, 1.79587
FILLER_0_110_226, 110.52, 312.8, 1.79587
FILLER_0_111_234, 110.52, 312.8, 1.79587
FILLER_0_112_230, 110.52, 312.8, 1.79587
_15437_, 110.52, 307.36, 1.79591
_15438_, 110.52, 307.36, 1.79591
_15443_, 110.52, 307.36, 1.79591
_16007_, 110.52, 307.36, 1.79591
_16008_, 110.52, 307.36, 1.79591
_18179_, 110.52, 307.36, 1.79591
FILLER_0_108_216, 110.52, 307.36, 1.79591
FILLER_0_108_225, 110.52, 307.36, 1.79591
_09155_, 110.52, 301.92, 1.79595
_16009_, 110.52, 301.92, 1.79595
_18178_, 110.52, 301.92, 1.79595
FILLER_0_107_218, 110.52, 301.92, 1.79595
_15439_, 110.52, 296.48, 1.796
_15440_, 110.52, 296.48, 1.796
_16899_, 110.52, 296.48, 1.796
_18980_, 110.52, 296.48, 1.796
FILLER_0_105_225, 110.52, 296.48, 1.796
_13659_, 110.52, 291.04, 1.79605
_13660_, 110.52, 291.04, 1.79605
FILLER_0_103_219, 110.52, 291.04, 1.79605
FILLER_0_103_225, 110.52, 291.04, 1.79605
FILLER_0_103_241, 110.52, 291.04, 1.79605
_14022_, 110.52, 285.6, 1.79611
_14023_, 110.52, 285.6, 1.79611
_18820_, 110.52, 285.6, 1.79611
FILLER_0_101_225, 110.52, 285.6, 1.79611
_11969_, 110.52, 280.16, 1.79615
_13863_, 110.52, 280.16, 1.79615
_14652_, 110.52, 280.16, 1.79615
_16401_, 110.52, 274.72, 1.79619
clkbuf_leaf_38_i_clk, 110.52, 274.72, 1.79619
FILLER_0_97_228, 110.52, 274.72, 1.79619
FILLER_0_97_236, 110.52, 274.72, 1.79619
_13803_, 110.52, 269.28, 1.79626
_16826_, 110.52, 269.28, 1.79626
_18400_, 110.52, 269.28, 1.79626
FILLER_0_95_215, 110.52, 269.28, 1.79626
FILLER_0_96_233, 110.52, 269.28, 1.79626
_13797_, 110.52, 263.84, 1.79631
_14959_, 110.52, 263.84, 1.79631
_16258_, 110.52, 263.84, 1.79631
_16823_, 110.52, 263.84, 1.79631
_18403_, 110.52, 263.84, 1.79631
FILLER_0_93_234, 110.52, 263.84, 1.79631
_13800_, 110.52, 258.4, 1.79637
_13801_, 110.52, 258.4, 1.79637
_16824_, 110.52, 258.4, 1.79637
FILLER_0_90_217, 110.52, 258.4, 1.79637
_13799_, 110.52, 252.96, 1.79643
_16825_, 110.52, 252.96, 1.79643
_18402_, 110.52, 252.96, 1.79643
_18914_, 110.52, 252.96, 1.79643
FILLER_0_89_215, 110.52, 252.96, 1.79643
FILLER_0_90_238, 110.52, 252.96, 1.79643
_15032_, 110.52, 247.52, 1.79649
FILLER_0_87_216, 110.52, 247.52, 1.79649
FILLER_0_87_237, 110.52, 247.52, 1.79649
_15030_, 110.52, 242.08, 1.79655
_15102_, 110.52, 242.08, 1.79655
_16220_, 110.52, 242.08, 1.79655
_16221_, 110.52, 242.08, 1.79655
FILLER_0_84_225, 110.52, 242.08, 1.79655
FILLER_0_85_234, 110.52, 242.08, 1.79655
FILLER_0_86_236, 110.52, 242.08, 1.79655
_15029_, 110.52, 236.64, 1.79661
_18336_, 110.52, 236.64, 1.79661
_18370_, 110.52, 236.64, 1.79661
FILLER_0_83_218, 110.52, 236.64, 1.79661
_15026_, 110.52, 231.2, 1.79666
_15027_, 110.52, 231.2, 1.79666
_15028_, 110.52, 231.2, 1.79666
_16223_, 110.52, 231.2, 1.79666
hold429, 110.52, 231.2, 1.79666
FILLER_0_82_231, 110.52, 231.2, 1.79666
_09967_, 110.52, 225.76, 1.79673
_16603_, 110.52, 225.76, 1.79673
_18339_, 110.52, 225.76, 1.79673
_12203_, 110.52, 220.32, 1.7968
_13953_, 110.52, 220.32, 1.7968
FILLER_0_77_237, 110.52, 220.32, 1.7968
FILLER_0_78_236, 110.52, 220.32, 1.7968
_09968_, 110.52, 214.88, 1.79685
_09972_, 110.52, 214.88, 1.79685
_12208_, 110.52, 214.88, 1.79685
_13952_, 110.52, 214.88, 1.79685
_18842_, 110.52, 214.88, 1.79685
ANTENNA_15, 110.52, 214.88, 1.79685
ANTENNA_17, 110.52, 214.88, 1.79685
FILLER_0_75_217, 110.52, 214.88, 1.79685
FILLER_0_75_237, 110.52, 214.88, 1.79685
_09969_, 110.52, 209.44, 1.79692
_12204_, 110.52, 209.44, 1.79692
_15388_, 110.52, 209.44, 1.79692
clkbuf_leaf_18_i_clk, 110.52, 209.44, 1.79692
FILLER_0_73_216, 110.52, 209.44, 1.79692
FILLER_0_73_237, 110.52, 209.44, 1.79692
_15387_, 110.52, 204, 1.79699
_18202_, 110.52, 204, 1.79699
FILLER_0_71_225, 110.52, 204, 1.79699
_15431_, 110.52, 198.56, 1.79707
_16394_, 110.52, 198.56, 1.79707
_16497_, 110.52, 198.56, 1.79707
FILLER_0_68_217, 110.52, 198.56, 1.79707
FILLER_0_69_216, 110.52, 198.56, 1.79707
FILLER_0_69_225, 110.52, 198.56, 1.79707
_15430_, 110.52, 193.12, 1.79713
_16006_, 110.52, 193.12, 1.79713
_16013_, 110.52, 193.12, 1.79713
_18181_, 110.52, 193.12, 1.79713
_18182_, 110.52, 193.12, 1.79713
_15432_, 110.52, 187.68, 1.79721
_15433_, 110.52, 187.68, 1.79721
_16416_, 110.52, 187.68, 1.79721
FILLER_0_65_218, 110.52, 187.68, 1.79721
FILLER_0_65_237, 110.52, 187.68, 1.79721
_14307_, 110.52, 182.24, 1.79729
_16580_, 110.52, 182.24, 1.79729
FILLER_0_63_221, 110.52, 182.24, 1.79729
FILLER_0_64_241, 110.52, 182.24, 1.79729
_14302_, 110.52, 176.8, 1.79738
_14306_, 110.52, 176.8, 1.79738
_16581_, 110.52, 176.8, 1.79738
_16582_, 110.52, 176.8, 1.79738
_19013_, 110.52, 176.8, 1.79738
FILLER_0_61_234, 110.52, 176.8, 1.79738
_14304_, 110.52, 171.36, 1.79746
_14305_, 110.52, 171.36, 1.79746
_16683_, 110.52, 171.36, 1.79746
_16793_, 110.52, 171.36, 1.79746
_18694_, 110.52, 171.36, 1.79746
FILLER_0_58_216, 110.52, 171.36, 1.79746
FILLER_0_59_221, 110.52, 171.36, 1.79746
FILLER_0_59_237, 110.52, 171.36, 1.79746
_13861_, 110.52, 165.92, 1.79753
_14650_, 110.52, 165.92, 1.79753
_18533_, 110.52, 165.92, 1.79753
_18885_, 110.52, 165.92, 1.79753
clkbuf_leaf_20_i_clk, 110.52, 165.92, 1.79753
FILLER_0_57_217, 110.52, 165.92, 1.79753
_14649_, 110.52, 160.48, 1.79765
_16402_, 110.52, 160.48, 1.79765
FILLER_0_55_220, 110.52, 160.48, 1.79765
FILLER_0_55_225, 110.52, 160.48, 1.79765
_14647_, 110.52, 155.04, 1.79775
_18534_, 110.52, 155.04, 1.79775
FILLER_0_53_216, 110.52, 155.04, 1.79775
FILLER_0_53_225, 110.52, 155.04, 1.79775
_14648_, 110.52, 149.6, 1.79785
_16404_, 110.52, 149.6, 1.79785
_18886_, 110.52, 149.6, 1.79785
FILLER_0_50_219, 110.52, 149.6, 1.79785
FILLER_0_51_225, 110.52, 149.6, 1.79785
_13859_, 110.52, 144.16, 1.79796
_16795_, 110.52, 144.16, 1.79796
_18535_, 110.52, 144.16, 1.79796
FILLER_0_49_237, 110.52, 144.16, 1.79796
FILLER_0_50_230, 110.52, 144.16, 1.79796
_14371_, 110.52, 138.72, 1.7981
_14645_, 110.52, 138.72, 1.7981
_14646_, 110.52, 138.72, 1.7981
FILLER_0_47_219, 110.52, 138.72, 1.7981
_13856_, 110.52, 133.28, 1.79826
_13857_, 110.52, 133.28, 1.79826
_14370_, 110.52, 133.28, 1.79826
_16547_, 110.52, 133.28, 1.79826
_18094_, 110.52, 133.28, 1.79826
_18887_, 110.52, 133.28, 1.79826
FILLER_0_45_221, 110.52, 133.28, 1.79826
FILLER_0_45_234, 110.52, 133.28, 1.79826
_14368_, 110.52, 127.84, 1.79841
clkbuf_leaf_5_i_clk, 110.52, 127.84, 1.79841
FILLER_0_43_236, 110.52, 127.84, 1.79841
_16548_, 110.52, 122.4, 1.79858
_18888_, 110.52, 122.4, 1.79858
clkbuf_3_0_0_i_clk, 110.52, 122.4, 1.79858
FILLER_0_41_228, 110.52, 122.4, 1.79858
_13853_, 110.52, 116.96, 1.79876
_13854_, 110.52, 116.96, 1.79876
_13855_, 110.52, 116.96, 1.79876
_16690_, 110.52, 116.96, 1.79876
_18889_, 110.52, 116.96, 1.79876
FILLER_0_39_220, 110.52, 116.96, 1.79876
FILLER_0_39_225, 110.52, 116.96, 1.79876
_14093_, 110.52, 111.52, 1.7987
_14097_, 110.52, 111.52, 1.7987
_16688_, 110.52, 111.52, 1.7987
FILLER_0_36_227, 110.52, 111.52, 1.7987
_14087_, 110.52, 106.08, 1.79859
_14089_, 110.52, 106.08, 1.79859
_14100_, 110.52, 106.08, 1.79859
_16692_, 110.52, 106.08, 1.79859
_18789_, 110.52, 106.08, 1.79859
FILLER_0_35_237, 110.52, 106.08, 1.79859
_14091_, 110.52, 100.64, 1.79848
_14092_, 110.52, 100.64, 1.79848
_16691_, 110.52, 100.64, 1.79848
_18791_, 110.52, 100.64, 1.79848
_18793_, 110.52, 100.64, 1.79848
FILLER_0_34_238, 110.52, 100.64, 1.79848
_16693_, 110.52, 95.2, 1.79838
FILLER_0_31_221, 110.52, 95.2, 1.79838
_13655_, 110.52, 89.76, 1.79829
_13656_, 110.52, 89.76, 1.79829
_13657_, 110.52, 89.76, 1.79829
FILLER_0_29_218, 110.52, 89.76, 1.79829
FILLER_0_29_225, 110.52, 89.76, 1.79829
_16900_, 110.52, 84.32, 1.79823
_18981_, 110.52, 84.32, 1.79823
_18982_, 110.52, 84.32, 1.79823
clkbuf_leaf_180_i_clk, 110.52, 84.32, 1.79823
FILLER_0_27_225, 110.52, 84.32, 1.79823
FILLER_0_28_229, 110.52, 84.32, 1.79823
_18983_, 110.52, 78.88, 1.79818
clkbuf_leaf_181_i_clk, 110.52, 78.88, 1.79818
FILLER_0_24_217, 110.52, 78.88, 1.79818
FILLER_0_25_216, 110.52, 78.88, 1.79818
_13652_, 110.52, 73.44, 1.79814
_13653_, 110.52, 73.44, 1.79814
_13792_, 110.52, 73.44, 1.79814
_13793_, 110.52, 73.44, 1.79814
_16902_, 110.52, 73.44, 1.79814
_18917_, 110.52, 73.44, 1.79814
FILLER_0_22_219, 110.52, 73.44, 1.79814
_15021_, 110.52, 68, 1.79809
_15022_, 110.52, 68, 1.79809
_16225_, 110.52, 68, 1.79809
_18373_, 110.52, 68, 1.79809
FILLER_0_19_216, 110.52, 62.56, 1.79806
_13789_, 110.52, 57.12, 1.79804
_13790_, 110.52, 57.12, 1.79804
_13791_, 110.52, 57.12, 1.79804
_18918_, 110.52, 57.12, 1.79804
FILLER_0_16_226, 110.52, 57.12, 1.79804
FILLER_0_17_217, 110.52, 57.12, 1.79804
_15018_, 110.52, 51.68, 1.798
_18919_, 110.52, 51.68, 1.798
clkbuf_leaf_183_i_clk, 110.52, 51.68, 1.798
FILLER_0_14_221, 110.52, 51.68, 1.798
FILLER_0_15_221, 110.52, 51.68, 1.798
FILLER_0_15_225, 110.52, 51.68, 1.798
_15017_, 110.52, 46.24, 1.79798
_15020_, 110.52, 46.24, 1.79798
_16226_, 110.52, 46.24, 1.79798
_18374_, 110.52, 46.24, 1.79798
_18375_, 110.52, 46.24, 1.79798
_15019_, 110.52, 40.8, 1.79797
FILLER_0_9_237, 110.52, 35.36, 1.79796
FILLER_0_10_237, 110.52, 35.36, 1.79796
_18342_, 110.52, 29.92, 1.79795
FILLER_0_7_217, 110.52, 29.92, 1.79795
FILLER_0_7_237, 110.52, 29.92, 1.79795
FILLER_0_5_217, 110.52, 24.48, 1.79795
FILLER_0_3_217, 110.52, 19.04, 1.79794
output18, 110.52, 13.6, 1.79793
ANTENNA_67, 110.52, 13.6, 1.79793
FILLER_0_0_221, 110.52, 13.6, 1.79793
FILLER_0_0_225, 110.52, 13.6, 1.79793
FILLER_0_1_217, 110.52, 13.6, 1.79793
FILLER_0_174_165, 85.52, 486.88, 1.79532
FILLER_0_174_169, 85.52, 486.88, 1.79532
output60, 85.52, 481.44, 1.79532
ANTENNA_98, 85.52, 481.44, 1.79532
FILLER_0_173_161, 85.52, 481.44, 1.79532
FILLER_0_171_161, 85.52, 476, 1.79533
FILLER_0_169_161, 85.52, 470.56, 1.79533
FILLER_0_167_161, 85.52, 465.12, 1.79533
FILLER_0_165_161, 85.52, 459.68, 1.79533
FILLER_0_163_161, 85.52, 454.24, 1.79534
FILLER_0_161_161, 85.52, 448.8, 1.79535
FILLER_0_159_161, 85.52, 443.36, 1.79535
FILLER_0_157_161, 85.52, 437.92, 1.79536
FILLER_0_155_161, 85.52, 432.48, 1.79537
FILLER_0_153_161, 85.52, 427.04, 1.79538
FILLER_0_151_161, 85.52, 421.6, 1.79539
FILLER_0_149_161, 85.52, 416.16, 1.7954
FILLER_0_147_161, 85.52, 410.72, 1.79542
_09176_, 85.52, 405.28, 1.79543
_09177_, 85.52, 405.28, 1.79543
_09180_, 85.52, 399.84, 1.79544
_09181_, 85.52, 399.84, 1.79544
_16606_, 85.52, 399.84, 1.79544
_18075_, 85.52, 399.84, 1.79544
_19630_, 85.52, 399.84, 1.79544
FILLER_0_142_164, 85.52, 399.84, 1.79544
_12142_, 85.52, 394.4, 1.79546
_16607_, 85.52, 394.4, 1.79546
_18074_, 85.52, 394.4, 1.79546
_09926_, 85.52, 388.96, 1.79547
_12162_, 85.52, 388.96, 1.79547
_13872_, 85.52, 388.96, 1.79547
clkbuf_leaf_51_i_clk, 85.52, 388.96, 1.79547
FILLER_0_139_176, 85.52, 388.96, 1.79547
FILLER_0_140_184, 85.52, 388.96, 1.79547
_13948_, 85.52, 383.52, 1.7955
_13949_, 85.52, 383.52, 1.7955
FILLER_0_138_185, 85.52, 383.52, 1.7955
_09927_, 85.52, 378.08, 1.79551
_12163_, 85.52, 378.08, 1.79551
_18844_, 85.52, 378.08, 1.79551
_18882_, 85.52, 378.08, 1.79551
FILLER_0_135_179, 85.52, 378.08, 1.79551
FILLER_0_136_185, 85.52, 378.08, 1.79551
_09907_, 85.52, 372.64, 1.79554
_13947_, 85.52, 372.64, 1.79554
_16747_, 85.52, 372.64, 1.79554
FILLER_0_133_169, 85.52, 372.64, 1.79554
FILLER_0_134_181, 85.52, 372.64, 1.79554
_13946_, 85.52, 367.2, 1.79557
_16748_, 85.52, 367.2, 1.79557
_18881_, 85.52, 367.2, 1.79557
FILLER_0_131_178, 85.52, 367.2, 1.79557
_12143_, 85.52, 361.76, 1.79559
_13870_, 85.52, 361.76, 1.79559
_18659_, 85.52, 361.76, 1.79559
FILLER_0_129_181, 85.52, 361.76, 1.79559
FILLER_0_130_183, 85.52, 361.76, 1.79559
_13741_, 85.52, 356.32, 1.79562
_13742_, 85.52, 356.32, 1.79562
_16855_, 85.52, 356.32, 1.79562
_18657_, 85.52, 356.32, 1.79562
FILLER_0_127_181, 85.52, 356.32, 1.79562
FILLER_0_128_185, 85.52, 356.32, 1.79562
_09905_, 85.52, 350.88, 1.79565
FILLER_0_124_165, 85.52, 350.88, 1.79565
_09912_, 85.52, 345.44, 1.79565
_12141_, 85.52, 345.44, 1.79565
_12148_, 85.52, 345.44, 1.79565
_14835_, 85.52, 345.44, 1.79565
_18461_, 85.52, 345.44, 1.79565
clkbuf_leaf_49_i_clk, 85.52, 345.44, 1.79565
FILLER_0_123_165, 85.52, 345.44, 1.79565
_13744_, 85.52, 340, 1.79571
_14834_, 85.52, 340, 1.79571
_16323_, 85.52, 340, 1.79571
_18940_, 85.52, 340, 1.79571
FILLER_0_121_163, 85.52, 340, 1.79571
_13743_, 85.52, 334.56, 1.79575
_16854_, 85.52, 334.56, 1.79575
FILLER_0_119_165, 85.52, 334.56, 1.79575
_12160_, 85.52, 329.12, 1.79578
_14836_, 85.52, 329.12, 1.79578
_14837_, 85.52, 329.12, 1.79578
_18460_, 85.52, 329.12, 1.79578
FILLER_0_117_164, 85.52, 329.12, 1.79578
_09924_, 85.52, 323.68, 1.79581
_09925_, 85.52, 323.68, 1.79581
_09932_, 85.52, 323.68, 1.79581
_12161_, 85.52, 323.68, 1.79581
_14463_, 85.52, 323.68, 1.79581
FILLER_0_114_173, 85.52, 323.68, 1.79581
FILLER_0_115_164, 85.52, 323.68, 1.79581
FILLER_0_115_169, 85.52, 323.68, 1.79581
_12168_, 85.52, 318.24, 1.79585
_14462_, 85.52, 318.24, 1.79585
_18620_, 85.52, 318.24, 1.79585
FILLER_0_114_187, 85.52, 318.24, 1.79585
_12164_, 85.52, 312.8, 1.79591
_14905_, 85.52, 312.8, 1.79591
_16286_, 85.52, 312.8, 1.79591
_16499_, 85.52, 312.8, 1.79591
_18428_, 85.52, 312.8, 1.79591
FILLER_0_111_163, 85.52, 312.8, 1.79591
_09928_, 85.52, 307.36, 1.79594
_09931_, 85.52, 307.36, 1.79594
_12167_, 85.52, 307.36, 1.79594
_14904_, 85.52, 307.36, 1.79594
_09908_, 85.52, 301.92, 1.79599
_14902_, 85.52, 301.92, 1.79599
_15383_, 85.52, 301.92, 1.79599
_18204_, 85.52, 301.92, 1.79599
FILLER_0_107_164, 85.52, 301.92, 1.79599
FILLER_0_107_178, 85.52, 301.92, 1.79599
FILLER_0_108_181, 85.52, 301.92, 1.79599
_09911_, 85.52, 296.48, 1.79603
_12144_, 85.52, 296.48, 1.79603
_15382_, 85.52, 296.48, 1.79603
_16287_, 85.52, 296.48, 1.79603
_18205_, 85.52, 296.48, 1.79603
FILLER_0_105_164, 85.52, 296.48, 1.79603
FILLER_0_105_169, 85.52, 296.48, 1.79603
_12147_, 85.52, 291.04, 1.79608
_15381_, 85.52, 291.04, 1.79608
_16746_, 85.52, 291.04, 1.79608
FILLER_0_103_161, 85.52, 291.04, 1.79608
_11986_, 85.52, 285.6, 1.79613
_13950_, 85.52, 285.6, 1.79613
_14819_, 85.52, 285.6, 1.79613
FILLER_0_100_164, 85.52, 285.6, 1.79613
FILLER_0_102_183, 85.52, 285.6, 1.79613
_09748_, 85.52, 280.16, 1.79617
_09749_, 85.52, 280.16, 1.79617
_11985_, 85.52, 280.16, 1.79617
_11987_, 85.52, 280.16, 1.79617
_13931_, 85.52, 280.16, 1.79617
_14602_, 85.52, 280.16, 1.79617
_14603_, 85.52, 280.16, 1.79617
FILLER_0_99_187, 85.52, 280.16, 1.79617
_09756_, 85.52, 274.72, 1.79622
_09757_, 85.52, 274.72, 1.79622
_11991_, 85.52, 274.72, 1.79622
_11992_, 85.52, 274.72, 1.79622
_11994_, 85.52, 274.72, 1.79622
_18203_, 85.52, 274.72, 1.79622
_18555_, 85.52, 274.72, 1.79622
FILLER_0_97_169, 85.52, 274.72, 1.79622
_09754_, 85.52, 269.28, 1.79629
_09755_, 85.52, 269.28, 1.79629
_11993_, 85.52, 269.28, 1.79629
_11998_, 85.52, 269.28, 1.79629
_14445_, 85.52, 269.28, 1.79629
_09750_, 85.52, 263.84, 1.79632
_09762_, 85.52, 263.84, 1.79632
_11999_, 85.52, 263.84, 1.79632
_13467_, 85.52, 263.84, 1.79632
_19069_, 85.52, 263.84, 1.79632
clkbuf_leaf_39_i_clk, 85.52, 263.84, 1.79632
FILLER_0_93_175, 85.52, 263.84, 1.79632
_12145_, 85.52, 258.4, 1.79639
_13466_, 85.52, 258.4, 1.79639
_16074_, 85.52, 258.4, 1.79639
FILLER_0_90_171, 85.52, 258.4, 1.79639
_09910_, 85.52, 252.96, 1.79645
_12146_, 85.52, 252.96, 1.79645
_15177_, 85.52, 252.96, 1.79645
_18301_, 85.52, 252.96, 1.79645
FILLER_0_89_169, 85.52, 252.96, 1.79645
FILLER_0_89_177, 85.52, 252.96, 1.79645
_09930_, 85.52, 247.52, 1.79651
_12166_, 85.52, 247.52, 1.79651
_15176_, 85.52, 247.52, 1.79651
_16997_, 85.52, 247.52, 1.79651
FILLER_0_87_172, 85.52, 247.52, 1.79651
_12165_, 85.52, 242.08, 1.79657
_13468_, 85.52, 242.08, 1.79657
_13469_, 85.52, 242.08, 1.79657
_15178_, 85.52, 242.08, 1.79657
_18300_, 85.52, 242.08, 1.79657
FILLER_0_85_165, 85.52, 242.08, 1.79657
FILLER_0_85_178, 85.52, 242.08, 1.79657
_09147_, 85.52, 236.64, 1.79662
_09929_, 85.52, 236.64, 1.79662
_12003_, 85.52, 236.64, 1.79662
_12004_, 85.52, 236.64, 1.79662
_16073_, 85.52, 236.64, 1.79662
_18071_, 85.52, 236.64, 1.79662
hold407, 85.52, 236.64, 1.79662
FILLER_0_82_161, 85.52, 236.64, 1.79662
_09764_, 85.52, 231.2, 1.79668
_09767_, 85.52, 231.2, 1.79668
_14583_, 85.52, 231.2, 1.79668
_19628_, 85.52, 231.2, 1.79668
ANTENNA_27, 85.52, 231.2, 1.79668
FILLER_0_80_168, 85.52, 231.2, 1.79668
FILLER_0_81_175, 85.52, 231.2, 1.79668
_09766_, 85.52, 225.76, 1.79675
_12001_, 85.52, 225.76, 1.79675
_13472_, 85.52, 225.76, 1.79675
_13473_, 85.52, 225.76, 1.79675
_15298_, 85.52, 225.76, 1.79675
_19066_, 85.52, 225.76, 1.79675
FILLER_0_80_183, 85.52, 225.76, 1.79675
_09970_, 85.52, 220.32, 1.79682
_12205_, 85.52, 220.32, 1.79682
_12206_, 85.52, 220.32, 1.79682
_13726_, 85.52, 220.32, 1.79682
ANTENNA_28, 85.52, 220.32, 1.79682
FILLER_0_77_164, 85.52, 220.32, 1.79682
FILLER_0_77_169, 85.52, 220.32, 1.79682
_15182_, 85.52, 214.88, 1.79688
_15183_, 85.52, 214.88, 1.79688
_15319_, 85.52, 214.88, 1.79688
_18298_, 85.52, 214.88, 1.79688
FILLER_0_75_162, 85.52, 214.88, 1.79688
FILLER_0_75_178, 85.52, 214.88, 1.79688
_09965_, 85.52, 209.44, 1.79695
_09966_, 85.52, 209.44, 1.79695
_12200_, 85.52, 209.44, 1.79695
_13748_, 85.52, 209.44, 1.79695
FILLER_0_73_165, 85.52, 209.44, 1.79695
FILLER_0_73_176, 85.52, 209.44, 1.79695
_12201_, 85.52, 204, 1.79702
_13747_, 85.52, 204, 1.79702
_14709_, 85.52, 204, 1.79702
_14840_, 85.52, 204, 1.79702
_16852_, 85.52, 204, 1.79702
_18082_, 85.52, 204, 1.79702
_18458_, 85.52, 204, 1.79702
FILLER_0_70_167, 85.52, 204, 1.79702
FILLER_0_71_161, 85.52, 204, 1.79702
_18938_, 85.52, 198.56, 1.79709
FILLER_0_68_171, 85.52, 198.56, 1.79709
FILLER_0_69_163, 85.52, 198.56, 1.79709
_14798_, 85.52, 193.12, 1.79715
_16283_, 85.52, 193.12, 1.79715
clkbuf_leaf_19_i_clk, 85.52, 193.12, 1.79715
FILLER_0_66_165, 85.52, 193.12, 1.79715
FILLER_0_67_169, 85.52, 193.12, 1.79715
_14799_, 85.52, 187.68, 1.79724
_14800_, 85.52, 187.68, 1.79724
_14802_, 85.52, 187.68, 1.79724
_16605_, 85.52, 187.68, 1.79724
_18478_, 85.52, 187.68, 1.79724
FILLER_0_65_161, 85.52, 187.68, 1.79724
FILLER_0_65_169, 85.52, 187.68, 1.79724
_09515_, 85.52, 182.24, 1.79731
_14801_, 85.52, 182.24, 1.79731
_14803_, 85.52, 182.24, 1.79731
_14804_, 85.52, 182.24, 1.79731
_18476_, 85.52, 182.24, 1.79731
FILLER_0_62_172, 85.52, 182.24, 1.79731
_09514_, 85.52, 176.8, 1.79739
_09517_, 85.52, 176.8, 1.79739
_09570_, 85.52, 176.8, 1.79739
_11751_, 85.52, 176.8, 1.79739
FILLER_0_60_173, 85.52, 176.8, 1.79739
FILLER_0_61_169, 85.52, 176.8, 1.79739
_09550_, 85.52, 171.36, 1.79747
_11754_, 85.52, 171.36, 1.79747
_11806_, 85.52, 171.36, 1.79747
_13710_, 85.52, 171.36, 1.79747
FILLER_0_58_161, 85.52, 171.36, 1.79747
FILLER_0_58_171, 85.52, 171.36, 1.79747
FILLER_0_59_177, 85.52, 171.36, 1.79747
_09518_, 85.52, 165.92, 1.79755
_11755_, 85.52, 165.92, 1.79755
FILLER_0_58_179, 85.52, 165.92, 1.79755
_13706_, 85.52, 160.48, 1.79764
_13707_, 85.52, 160.48, 1.79764
_14495_, 85.52, 160.48, 1.79764
_14496_, 85.52, 160.48, 1.79764
_18606_, 85.52, 160.48, 1.79764
_18958_, 85.52, 160.48, 1.79764
FILLER_0_54_161, 85.52, 160.48, 1.79764
FILLER_0_56_176, 85.52, 160.48, 1.79764
_11758_, 85.52, 155.04, 1.79773
_14219_, 85.52, 155.04, 1.79773
_18092_, 85.52, 155.04, 1.79773
hold416, 85.52, 155.04, 1.79773
FILLER_0_52_167, 85.52, 155.04, 1.79773
FILLER_0_54_184, 85.52, 155.04, 1.79773
_09105_, 85.52, 149.6, 1.79781
_09521_, 85.52, 149.6, 1.79781
_09557_, 85.52, 149.6, 1.79781
_11757_, 85.52, 149.6, 1.79781
_11788_, 85.52, 149.6, 1.79781
clkbuf_leaf_6_i_clk, 85.52, 149.6, 1.79781
FILLER_0_52_184, 85.52, 149.6, 1.79781
_09520_, 85.52, 144.16, 1.79791
_09522_, 85.52, 144.16, 1.79791
_09571_, 85.52, 144.16, 1.79791
_11756_, 85.52, 144.16, 1.79791
_11793_, 85.52, 144.16, 1.79791
_11807_, 85.52, 144.16, 1.79791
_13911_, 85.52, 144.16, 1.79791
_09523_, 85.52, 138.72, 1.79803
_09524_, 85.52, 138.72, 1.79803
_09572_, 85.52, 138.72, 1.79803
_11760_, 85.52, 138.72, 1.79803
_11761_, 85.52, 138.72, 1.79803
FILLER_0_47_162, 85.52, 138.72, 1.79803
FILLER_0_47_169, 85.52, 138.72, 1.79803
_09114_, 85.52, 133.28, 1.79816
_11808_, 85.52, 133.28, 1.79816
_16625_, 85.52, 133.28, 1.79816
FILLER_0_46_186, 85.52, 133.28, 1.79816
_09106_, 85.52, 127.84, 1.79828
_13916_, 85.52, 127.84, 1.79828
_16766_, 85.52, 127.84, 1.79828
FILLER_0_42_166, 85.52, 127.84, 1.79828
FILLER_0_43_169, 85.52, 127.84, 1.79828
FILLER_0_43_181, 85.52, 127.84, 1.79828
FILLER_0_44_177, 85.52, 127.84, 1.79828
_13915_, 85.52, 122.4, 1.7984
_14567_, 85.52, 122.4, 1.7984
_16767_, 85.52, 122.4, 1.7984
_18860_, 85.52, 122.4, 1.7984
FILLER_0_41_169, 85.52, 122.4, 1.7984
FILLER_0_41_177, 85.52, 122.4, 1.7984
_14563_, 85.52, 116.96, 1.79852
_14564_, 85.52, 116.96, 1.79852
_18574_, 85.52, 116.96, 1.79852
FILLER_0_39_162, 85.52, 116.96, 1.79852
_14562_, 85.52, 111.52, 1.79849
_14568_, 85.52, 111.52, 1.79849
_18572_, 85.52, 111.52, 1.79849
FILLER_0_36_165, 85.52, 111.52, 1.79849
FILLER_0_38_180, 85.52, 111.52, 1.79849
_14425_, 85.52, 106.08, 1.79843
_14426_, 85.52, 106.08, 1.79843
_16446_, 85.52, 106.08, 1.79843
_16518_, 85.52, 106.08, 1.79843
_18636_, 85.52, 106.08, 1.79843
_18638_, 85.52, 106.08, 1.79843
FILLER_0_35_169, 85.52, 106.08, 1.79843
FILLER_0_35_175, 85.52, 106.08, 1.79843
FILLER_0_36_178, 85.52, 106.08, 1.79843
_14424_, 85.52, 100.64, 1.79837
_14429_, 85.52, 100.64, 1.79837
_14430_, 85.52, 100.64, 1.79837
_16517_, 85.52, 100.64, 1.79837
_09527_, 85.52, 95.2, 1.7983
_09573_, 85.52, 95.2, 1.7983
_11764_, 85.52, 95.2, 1.7983
_11789_, 85.52, 95.2, 1.7983
_11792_, 85.52, 95.2, 1.7983
ANTENNA_47, 85.52, 95.2, 1.7983
FILLER_0_31_169, 85.52, 95.2, 1.7983
FILLER_0_32_179, 85.52, 95.2, 1.7983
_11809_, 85.52, 89.76, 1.79825
_14871_, 85.52, 89.76, 1.79825
_14872_, 85.52, 89.76, 1.79825
_16303_, 85.52, 89.76, 1.79825
_18444_, 85.52, 89.76, 1.79825
_09556_, 85.52, 84.32, 1.79821
_16294_, 85.52, 84.32, 1.79821
FILLER_0_27_161, 85.52, 84.32, 1.79821
FILLER_0_28_184, 85.52, 84.32, 1.79821
_15348_, 85.52, 78.88, 1.79817
_15349_, 85.52, 78.88, 1.79817
_15350_, 85.52, 78.88, 1.79817
_15351_, 85.52, 78.88, 1.79817
ANTENNA_116, 85.52, 78.88, 1.79817
FILLER_0_25_164, 85.52, 78.88, 1.79817
_11767_, 85.52, 73.44, 1.79814
_15277_, 85.52, 73.44, 1.79814
_16056_, 85.52, 73.44, 1.79814
_18220_, 85.52, 73.44, 1.79814
ANTENNA_134, 85.52, 73.44, 1.79814
FILLER_0_23_169, 85.52, 73.44, 1.79814
_09529_, 85.52, 68, 1.7981
_11768_, 85.52, 68, 1.7981
_13433_, 85.52, 68, 1.7981
ANTENNA_24, 85.52, 68, 1.7981
ANTENNA_49, 85.52, 68, 1.7981
ANTENNA_51, 85.52, 68, 1.7981
FILLER_0_21_169, 85.52, 68, 1.7981
FILLER_0_21_185, 85.52, 68, 1.7981
_09532_, 85.52, 62.56, 1.79808
_09555_, 85.52, 62.56, 1.79808
_11790_, 85.52, 62.56, 1.79808
hold403, 85.52, 62.56, 1.79808
ANTENNA_53, 85.52, 62.56, 1.79808
FILLER_0_19_177, 85.52, 62.56, 1.79808
FILLER_0_19_185, 85.52, 62.56, 1.79808
_09534_, 85.52, 57.12, 1.79806
_09574_, 85.52, 57.12, 1.79806
_11810_, 85.52, 57.12, 1.79806
_15282_, 85.52, 57.12, 1.79806
_15283_, 85.52, 57.12, 1.79806
FILLER_0_17_165, 85.52, 57.12, 1.79806
FILLER_0_17_178, 85.52, 57.12, 1.79806
_11770_, 85.52, 51.68, 1.79804
_15278_, 85.52, 51.68, 1.79804
_15279_, 85.52, 51.68, 1.79804
_16090_, 85.52, 51.68, 1.79804
FILLER_0_14_168, 85.52, 51.68, 1.79804
FILLER_0_15_163, 85.52, 51.68, 1.79804
FILLER_0_15_172, 85.52, 51.68, 1.79804
_15209_, 85.52, 46.24, 1.79802
_16092_, 85.52, 46.24, 1.79802
_18254_, 85.52, 46.24, 1.79802
ANTENNA_7, 85.52, 46.24, 1.79802
FILLER_0_12_172, 85.52, 46.24, 1.79802
FILLER_0_13_179, 85.52, 46.24, 1.79802
_15143_, 85.52, 40.8, 1.79801
_15144_, 85.52, 40.8, 1.79801
_15211_, 85.52, 40.8, 1.79801
_18286_, 85.52, 40.8, 1.79801
_18317_, 85.52, 40.8, 1.79801
FILLER_0_11_161, 85.52, 40.8, 1.79801
FILLER_0_11_169, 85.52, 40.8, 1.79801
_15214_, 85.52, 35.36, 1.798
_18318_, 85.52, 35.36, 1.798
FILLER_0_9_178, 85.52, 35.36, 1.798
FILLER_0_10_184, 85.52, 35.36, 1.798
FILLER_0_7_161, 85.52, 29.92, 1.798
FILLER_0_5_161, 85.52, 24.48, 1.79799
FILLER_0_3_161, 85.52, 19.04, 1.79798
output53, 85.52, 13.6, 1.79798
ANTENNA_95, 85.52, 13.6, 1.79798
FILLER_0_0_165, 85.52, 13.6, 1.79798
FILLER_0_0_169, 85.52, 13.6, 1.79798
FILLER_0_1_161, 85.52, 13.6, 1.79798
output19, 60.52, 486.88, 1.79535
FILLER_0_174_109, 60.52, 486.88, 1.79535
ANTENNA_123, 60.52, 481.44, 1.79536
FILLER_0_172_133, 60.52, 476, 1.79536
FILLER_0_170_133, 60.52, 470.56, 1.79536
FILLER_0_168_133, 60.52, 465.12, 1.79536
FILLER_0_166_133, 60.52, 459.68, 1.79536
FILLER_0_164_133, 60.52, 454.24, 1.79537
FILLER_0_162_133, 60.52, 448.8, 1.79538
FILLER_0_160_133, 60.52, 443.36, 1.79538
FILLER_0_158_133, 60.52, 437.92, 1.79539
FILLER_0_156_133, 60.52, 432.48, 1.7954
FILLER_0_154_133, 60.52, 427.04, 1.79541
FILLER_0_152_133, 60.52, 421.6, 1.79542
FILLER_0_150_133, 60.52, 416.16, 1.79543
FILLER_0_148_133, 60.52, 410.72, 1.79545
_18076_, 60.52, 405.28, 1.79546
FILLER_0_144_111, 60.52, 405.28, 1.79546
FILLER_0_145_125, 60.52, 405.28, 1.79546
FILLER_0_146_133, 60.52, 405.28, 1.79546
_09168_, 60.52, 399.84, 1.79547
_09172_, 60.52, 399.84, 1.79547
_09173_, 60.52, 399.84, 1.79547
_18077_, 60.52, 399.84, 1.79547
_19632_, 60.52, 399.84, 1.79547
FILLER_0_143_122, 60.52, 399.84, 1.79547
_16609_, 60.52, 394.4, 1.79549
_18718_, 60.52, 394.4, 1.79549
FILLER_0_140_115, 60.52, 394.4, 1.79549
FILLER_0_141_113, 60.52, 394.4, 1.79549
_09886_, 60.52, 388.96, 1.79551
_12102_, 60.52, 388.96, 1.79551
_14253_, 60.52, 388.96, 1.79551
_14254_, 60.52, 388.96, 1.79551
_13944_, 60.52, 383.52, 1.79552
_13945_, 60.52, 383.52, 1.79552
_16752_, 60.52, 383.52, 1.79552
_18846_, 60.52, 383.52, 1.79552
FILLER_0_137_109, 60.52, 383.52, 1.79552
FILLER_0_137_125, 60.52, 383.52, 1.79552
_09887_, 60.52, 378.08, 1.79555
_12103_, 60.52, 378.08, 1.79555
_13942_, 60.52, 378.08, 1.79555
_13943_, 60.52, 378.08, 1.79555
_14596_, 60.52, 378.08, 1.79555
_14597_, 60.52, 378.08, 1.79555
_16751_, 60.52, 378.08, 1.79555
FILLER_0_134_109, 60.52, 378.08, 1.79555
FILLER_0_135_125, 60.52, 378.08, 1.79555
FILLER_0_136_122, 60.52, 378.08, 1.79555
_09867_, 60.52, 372.64, 1.79557
_14594_, 60.52, 372.64, 1.79557
_16432_, 60.52, 372.64, 1.79557
_18558_, 60.52, 372.64, 1.79557
FILLER_0_132_133, 60.52, 367.2, 1.7956
_16857_, 60.52, 361.76, 1.79562
_18590_, 60.52, 361.76, 1.79562
_18942_, 60.52, 361.76, 1.79562
FILLER_0_129_113, 60.52, 361.76, 1.79562
FILLER_0_130_130, 60.52, 361.76, 1.79562
_13737_, 60.52, 356.32, 1.79565
_13739_, 60.52, 356.32, 1.79565
_13740_, 60.52, 356.32, 1.79565
_14529_, 60.52, 356.32, 1.79565
_16466_, 60.52, 356.32, 1.79565
_16467_, 60.52, 356.32, 1.79565
_09865_, 60.52, 350.88, 1.79567
_12108_, 60.52, 350.88, 1.79567
_12120_, 60.52, 350.88, 1.79567
FILLER_0_125_108, 60.52, 350.88, 1.79567
FILLER_0_125_113, 60.52, 350.88, 1.79567
FILLER_0_125_126, 60.52, 350.88, 1.79567
_09872_, 60.52, 345.44, 1.79567
_09884_, 60.52, 345.44, 1.79567
_12101_, 60.52, 345.44, 1.79567
_18462_, 60.52, 345.44, 1.79567
clkbuf_leaf_47_i_clk, 60.52, 345.44, 1.79567
FILLER_0_123_108, 60.52, 345.44, 1.79567
FILLER_0_123_113, 60.52, 345.44, 1.79567
_14833_, 60.52, 340, 1.79573
_16324_, 60.52, 340, 1.79573
_16325_, 60.52, 340, 1.79573
_18494_, 60.52, 340, 1.79573
FILLER_0_121_125, 60.52, 340, 1.79573
_14759_, 60.52, 334.56, 1.79578
_14760_, 60.52, 334.56, 1.79578
_14830_, 60.52, 334.56, 1.79578
_16359_, 60.52, 334.56, 1.79578
FILLER_0_119_113, 60.52, 334.56, 1.79578
FILLER_0_120_131, 60.52, 334.56, 1.79578
_16360_, 60.52, 329.12, 1.79581
FILLER_0_117_128, 60.52, 329.12, 1.79581
FILLER_0_118_132, 60.52, 329.12, 1.79581
_16501_, 60.52, 323.68, 1.79584
_18622_, 60.52, 323.68, 1.79584
FILLER_0_115_108, 60.52, 323.68, 1.79584
FILLER_0_115_125, 60.52, 323.68, 1.79584
FILLER_0_115_132, 60.52, 323.68, 1.79584
FILLER_0_116_127, 60.52, 323.68, 1.79584
_14456_, 60.52, 318.24, 1.79588
_14458_, 60.52, 318.24, 1.79588
_14459_, 60.52, 318.24, 1.79588
_16502_, 60.52, 318.24, 1.79588
hold421, 60.52, 318.24, 1.79588
FILLER_0_113_106, 60.52, 318.24, 1.79588
_12104_, 60.52, 312.8, 1.79593
_14898_, 60.52, 312.8, 1.79593
_14901_, 60.52, 312.8, 1.79593
_16289_, 60.52, 312.8, 1.79593
_18430_, 60.52, 312.8, 1.79593
FILLER_0_111_122, 60.52, 312.8, 1.79593
FILLER_0_112_126, 60.52, 312.8, 1.79593
_09868_, 60.52, 307.36, 1.79597
_09871_, 60.52, 307.36, 1.79597
_09888_, 60.52, 307.36, 1.79597
_12107_, 60.52, 307.36, 1.79597
_15377_, 60.52, 301.92, 1.79601
_15378_, 60.52, 301.92, 1.79601
_16041_, 60.52, 301.92, 1.79601
_18206_, 60.52, 301.92, 1.79601
FILLER_0_107_125, 60.52, 301.92, 1.79601
_14535_, 60.52, 296.48, 1.79606
_16356_, 60.52, 296.48, 1.79606
_18587_, 60.52, 296.48, 1.79606
FILLER_0_105_109, 60.52, 296.48, 1.79606
FILLER_0_105_118, 60.52, 296.48, 1.79606
FILLER_0_106_129, 60.52, 296.48, 1.79606
_12180_, 60.52, 291.04, 1.79611
_14534_, 60.52, 291.04, 1.79611
_14768_, 60.52, 291.04, 1.79611
_14769_, 60.52, 291.04, 1.79611
FILLER_0_102_116, 60.52, 291.04, 1.79611
FILLER_0_103_109, 60.52, 291.04, 1.79611
_13746_, 60.52, 285.6, 1.79615
_14838_, 60.52, 285.6, 1.79615
_16321_, 60.52, 285.6, 1.79615
_18939_, 60.52, 285.6, 1.79615
FILLER_0_101_109, 60.52, 285.6, 1.79615
FILLER_0_101_122, 60.52, 285.6, 1.79615
FILLER_0_101_132, 60.52, 285.6, 1.79615
_14465_, 60.52, 280.16, 1.79619
_14906_, 60.52, 280.16, 1.79619
clkbuf_leaf_40_i_clk, 60.52, 280.16, 1.79619
FILLER_0_98_118, 60.52, 280.16, 1.79619
FILLER_0_99_113, 60.52, 280.16, 1.79619
_09185_, 60.52, 274.72, 1.79625
_09948_, 60.52, 274.72, 1.79625
_09951_, 60.52, 274.72, 1.79625
_14464_, 60.52, 274.72, 1.79625
_16498_, 60.52, 274.72, 1.79625
_19629_, 60.52, 274.72, 1.79625
_12184_, 60.52, 269.28, 1.79631
_12187_, 60.52, 269.28, 1.79631
_13464_, 60.52, 263.84, 1.79636
_13465_, 60.52, 263.84, 1.79636
_15312_, 60.52, 263.84, 1.79636
FILLER_0_93_113, 60.52, 263.84, 1.79636
FILLER_0_93_121, 60.52, 263.84, 1.79636
_09870_, 60.52, 258.4, 1.79639
_12106_, 60.52, 258.4, 1.79639
_13462_, 60.52, 258.4, 1.79639
_17000_, 60.52, 258.4, 1.79639
_18238_, 60.52, 258.4, 1.79639
_19070_, 60.52, 258.4, 1.79639
_09889_, 60.52, 252.96, 1.79647
_12125_, 60.52, 252.96, 1.79647
FILLER_0_89_125, 60.52, 252.96, 1.79647
FILLER_0_90_125, 60.52, 252.96, 1.79647
_15174_, 60.52, 247.52, 1.79653
_15175_, 60.52, 247.52, 1.79653
_15243_, 60.52, 247.52, 1.79653
_15244_, 60.52, 247.52, 1.79653
_16111_, 60.52, 247.52, 1.79653
_16112_, 60.52, 247.52, 1.79653
FILLER_0_87_113, 60.52, 247.52, 1.79653
_16146_, 60.52, 242.08, 1.79659
_18270_, 60.52, 242.08, 1.79659
_18302_, 60.52, 242.08, 1.79659
FILLER_0_85_107, 60.52, 242.08, 1.79659
_09950_, 60.52, 236.64, 1.79664
_13471_, 60.52, 236.64, 1.79664
_19067_, 60.52, 236.64, 1.79664
FILLER_0_83_113, 60.52, 236.64, 1.79664
FILLER_0_83_120, 60.52, 236.64, 1.79664
FILLER_0_84_133, 60.52, 236.64, 1.79664
_12185_, 60.52, 231.2, 1.7967
_12186_, 60.52, 231.2, 1.7967
_16996_, 60.52, 231.2, 1.7967
clkbuf_leaf_14_i_clk, 60.52, 231.2, 1.7967
FILLER_0_80_109, 60.52, 231.2, 1.7967
_09949_, 60.52, 225.76, 1.79677
_13470_, 60.52, 225.76, 1.79677
_15181_, 60.52, 225.76, 1.79677
_15249_, 60.52, 225.76, 1.79677
FILLER_0_80_130, 60.52, 225.76, 1.79677
_15180_, 60.52, 220.32, 1.79683
_15252_, 60.52, 220.32, 1.79683
_15317_, 60.52, 220.32, 1.79683
_15318_, 60.52, 220.32, 1.79683
_16143_, 60.52, 220.32, 1.79683
_18235_, 60.52, 220.32, 1.79683
FILLER_0_76_110, 60.52, 220.32, 1.79683
FILLER_0_77_106, 60.52, 220.32, 1.79683
FILLER_0_77_126, 60.52, 220.32, 1.79683
_16071_, 60.52, 214.88, 1.7969
_16760_, 60.52, 214.88, 1.7969
_16860_, 60.52, 214.88, 1.7969
FILLER_0_74_112, 60.52, 214.88, 1.7969
FILLER_0_75_113, 60.52, 214.88, 1.7969
FILLER_0_75_130, 60.52, 214.88, 1.7969
FILLER_0_76_133, 60.52, 214.88, 1.7969
_16368_, 60.52, 209.44, 1.79696
_16461_, 60.52, 209.44, 1.79696
_16494_, 60.52, 209.44, 1.79696
_16505_, 60.52, 209.44, 1.79696
_18470_, 60.52, 209.44, 1.79696
_14735_, 60.52, 204, 1.79703
_14815_, 60.52, 204, 1.79703
_16333_, 60.52, 204, 1.79703
_16428_, 60.52, 204, 1.79703
_16472_, 60.52, 204, 1.79703
_16317_, 60.52, 198.56, 1.7971
_16361_, 60.52, 198.56, 1.7971
FILLER_0_70_133, 60.52, 198.56, 1.7971
_13723_, 60.52, 193.12, 1.79716
_14807_, 60.52, 193.12, 1.79716
_14808_, 60.52, 193.12, 1.79716
_16337_, 60.52, 193.12, 1.79716
_16350_, 60.52, 193.12, 1.79716
_18509_, 60.52, 193.12, 1.79716
FILLER_0_68_133, 60.52, 193.12, 1.79716
_16865_, 60.52, 187.68, 1.79724
_18950_, 60.52, 187.68, 1.79724
FILLER_0_64_107, 60.52, 187.68, 1.79724
FILLER_0_64_115, 60.52, 187.68, 1.79724
FILLER_0_66_132, 60.52, 187.68, 1.79724
_09689_, 60.52, 182.24, 1.79731
_11926_, 60.52, 182.24, 1.79731
_11927_, 60.52, 182.24, 1.79731
_13722_, 60.52, 182.24, 1.79731
FILLER_0_62_113, 60.52, 182.24, 1.79731
FILLER_0_63_113, 60.52, 182.24, 1.79731
FILLER_0_64_130, 60.52, 182.24, 1.79731
_09610_, 60.52, 176.8, 1.79739
_09690_, 60.52, 176.8, 1.79739
_11845_, 60.52, 176.8, 1.79739
_16866_, 60.52, 176.8, 1.79739
_18604_, 60.52, 176.8, 1.79739
FILLER_0_61_125, 60.52, 176.8, 1.79739
_11846_, 60.52, 171.36, 1.79746
_16869_, 60.52, 171.36, 1.79746
clkbuf_leaf_7_i_clk, 60.52, 171.36, 1.79746
FILLER_0_59_106, 60.52, 171.36, 1.79746
FILLER_0_59_113, 60.52, 171.36, 1.79746
_13714_, 60.52, 165.92, 1.79754
_18605_, 60.52, 165.92, 1.79754
hold409, 60.52, 165.92, 1.79754
FILLER_0_57_108, 60.52, 165.92, 1.79754
FILLER_0_57_122, 60.52, 165.92, 1.79754
FILLER_0_58_128, 60.52, 165.92, 1.79754
_13927_, 60.52, 160.48, 1.79761
_16372_, 60.52, 160.48, 1.79761
_18854_, 60.52, 160.48, 1.79761
FILLER_0_55_113, 60.52, 160.48, 1.79761
_09139_, 60.52, 155.04, 1.79766
_13928_, 60.52, 155.04, 1.79766
_18085_, 60.52, 155.04, 1.79766
_18086_, 60.52, 155.04, 1.79766
_19640_, 60.52, 155.04, 1.79766
clkbuf_4_1__f_i_clk, 60.52, 155.04, 1.79766
FILLER_0_54_120, 60.52, 155.04, 1.79766
_09138_, 60.52, 149.6, 1.79776
_09677_, 60.52, 149.6, 1.79776
_09691_, 60.52, 149.6, 1.79776
_11908_, 60.52, 149.6, 1.79776
hold437, 60.52, 149.6, 1.79776
FILLER_0_51_108, 60.52, 149.6, 1.79776
_09617_, 60.52, 144.16, 1.79782
_11913_, 60.52, 144.16, 1.79782
_11928_, 60.52, 144.16, 1.79782
clkbuf_leaf_8_i_clk, 60.52, 144.16, 1.79782
FILLER_0_48_106, 60.52, 144.16, 1.79782
FILLER_0_50_131, 60.52, 144.16, 1.79782
_09611_, 60.52, 138.72, 1.79793
_09612_, 60.52, 138.72, 1.79793
_11853_, 60.52, 138.72, 1.79793
_14225_, 60.52, 138.72, 1.79793
_18732_, 60.52, 138.72, 1.79793
FILLER_0_47_125, 60.52, 138.72, 1.79793
FILLER_0_48_133, 60.52, 138.72, 1.79793
_09122_, 60.52, 133.28, 1.79802
_11848_, 60.52, 133.28, 1.79802
_13919_, 60.52, 133.28, 1.79802
_14223_, 60.52, 133.28, 1.79802
_18089_, 60.52, 133.28, 1.79802
_18733_, 60.52, 133.28, 1.79802
FILLER_0_45_122, 60.52, 133.28, 1.79802
FILLER_0_46_130, 60.52, 133.28, 1.79802
_16764_, 60.52, 127.84, 1.79811
FILLER_0_43_107, 60.52, 127.84, 1.79811
FILLER_0_44_131, 60.52, 127.84, 1.79811
_14571_, 60.52, 122.4, 1.79819
_14580_, 60.52, 122.4, 1.79819
_18566_, 60.52, 122.4, 1.79819
FILLER_0_41_113, 60.52, 122.4, 1.79819
_14572_, 60.52, 116.96, 1.79827
_14579_, 60.52, 116.96, 1.79827
_16444_, 60.52, 116.96, 1.79827
FILLER_0_39_109, 60.52, 116.96, 1.79827
FILLER_0_39_128, 60.52, 116.96, 1.79827
_14442_, 60.52, 111.52, 1.79827
_18630_, 60.52, 111.52, 1.79827
FILLER_0_37_107, 60.52, 111.52, 1.79827
FILLER_0_37_113, 60.52, 111.52, 1.79827
FILLER_0_38_122, 60.52, 111.52, 1.79827
_14441_, 60.52, 106.08, 1.79825
_15361_, 60.52, 106.08, 1.79825
_16049_, 60.52, 106.08, 1.79825
_16510_, 60.52, 106.08, 1.79825
FILLER_0_35_129, 60.52, 106.08, 1.79825
FILLER_0_36_120, 60.52, 106.08, 1.79825
_14882_, 60.52, 100.64, 1.79822
_15360_, 60.52, 100.64, 1.79822
_18214_, 60.52, 100.64, 1.79822
FILLER_0_33_109, 60.52, 100.64, 1.79822
FILLER_0_33_122, 60.52, 100.64, 1.79822
_09676_, 60.52, 95.2, 1.7982
_09693_, 60.52, 95.2, 1.7982
_11909_, 60.52, 95.2, 1.7982
_11912_, 60.52, 95.2, 1.7982
_14881_, 60.52, 95.2, 1.7982
_16298_, 60.52, 95.2, 1.7982
FILLER_0_30_106, 60.52, 95.2, 1.7982
FILLER_0_31_129, 60.52, 95.2, 1.7982
FILLER_0_32_129, 60.52, 95.2, 1.7982
_09613_, 60.52, 89.76, 1.79816
_09616_, 60.52, 89.76, 1.79816
clkbuf_leaf_3_i_clk, 60.52, 89.76, 1.79816
FILLER_0_28_111, 60.52, 89.76, 1.79816
FILLER_0_29_120, 60.52, 89.76, 1.79816
_11852_, 60.52, 84.32, 1.79816
_15354_, 60.52, 84.32, 1.79816
_15355_, 60.52, 84.32, 1.79816
_18218_, 60.52, 84.32, 1.79816
_16053_, 60.52, 78.88, 1.79811
_16054_, 60.52, 78.88, 1.79811
_16150_, 60.52, 78.88, 1.79811
clkbuf_4_0__f_i_clk, 60.52, 78.88, 1.79811
FILLER_0_25_125, 60.52, 78.88, 1.79811
_11851_, 60.52, 73.44, 1.79811
_17012_, 60.52, 73.44, 1.79811
_18310_, 60.52, 73.44, 1.79811
FILLER_0_23_121, 60.52, 73.44, 1.79811
_09614_, 60.52, 68, 1.79808
_09615_, 60.52, 68, 1.79808
_13439_, 60.52, 68, 1.79808
_15158_, 60.52, 68, 1.79808
_15287_, 60.52, 68, 1.79808
FILLER_0_21_109, 60.52, 68, 1.79808
FILLER_0_22_132, 60.52, 68, 1.79808
_09675_, 60.52, 62.56, 1.79807
_11911_, 60.52, 62.56, 1.79807
_13446_, 60.52, 62.56, 1.79807
_17009_, 60.52, 62.56, 1.79807
FILLER_0_18_108, 60.52, 62.56, 1.79807
FILLER_0_19_113, 60.52, 62.56, 1.79807
FILLER_0_20_131, 60.52, 62.56, 1.79807
_11910_, 60.52, 57.12, 1.79806
_13445_, 60.52, 57.12, 1.79806
_19079_, 60.52, 57.12, 1.79806
FILLER_0_17_113, 60.52, 57.12, 1.79806
FILLER_0_17_121, 60.52, 57.12, 1.79806
_09674_, 60.52, 51.68, 1.79805
_15292_, 60.52, 51.68, 1.79805
_15294_, 60.52, 51.68, 1.79805
_15295_, 60.52, 51.68, 1.79805
_16085_, 60.52, 51.68, 1.79805
_16156_, 60.52, 51.68, 1.79805
FILLER_0_15_122, 60.52, 51.68, 1.79805
FILLER_0_16_127, 60.52, 51.68, 1.79805
_15155_, 60.52, 46.24, 1.79803
_15156_, 60.52, 46.24, 1.79803
_18246_, 60.52, 46.24, 1.79803
_18311_, 60.52, 46.24, 1.79803
FILLER_0_13_106, 60.52, 46.24, 1.79803
FILLER_0_13_124, 60.52, 46.24, 1.79803
FILLER_0_11_106, 60.52, 40.8, 1.79803
_15224_, 60.52, 35.36, 1.79802
_15225_, 60.52, 35.36, 1.79802
_15226_, 60.52, 35.36, 1.79802
_15227_, 60.52, 35.36, 1.79802
_16121_, 60.52, 35.36, 1.79802
_18278_, 60.52, 35.36, 1.79802
FILLER_0_9_109, 60.52, 35.36, 1.79802
FILLER_0_6_133, 60.52, 24.48, 1.79801
FILLER_0_4_133, 60.52, 19.04, 1.79801
output44, 60.52, 13.6, 1.798
ANTENNA_85, 60.52, 13.6, 1.798
FILLER_0_0_109, 60.52, 13.6, 1.798
FILLER_0_2_133, 60.52, 13.6, 1.798
output46, 35.52, 486.88, 1.79537
ANTENNA_88, 35.52, 486.88, 1.79537
FILLER_0_174_53, 35.52, 486.88, 1.79537
FILLER_0_172_77, 35.52, 476, 1.79538
FILLER_0_170_77, 35.52, 470.56, 1.79538
FILLER_0_168_77, 35.52, 465.12, 1.79538
FILLER_0_166_77, 35.52, 459.68, 1.79539
FILLER_0_164_77, 35.52, 454.24, 1.79539
FILLER_0_162_77, 35.52, 448.8, 1.7954
FILLER_0_160_77, 35.52, 443.36, 1.7954
FILLER_0_158_77, 35.52, 437.92, 1.79541
FILLER_0_156_77, 35.52, 432.48, 1.79542
FILLER_0_154_77, 35.52, 427.04, 1.79543
FILLER_0_152_77, 35.52, 421.6, 1.79544
FILLER_0_150_77, 35.52, 416.16, 1.79545
FILLER_0_148_77, 35.52, 410.72, 1.79547
_09153_, 35.52, 405.28, 1.79548
hold432, 35.52, 405.28, 1.79548
FILLER_0_146_77, 35.52, 405.28, 1.79548
_09152_, 35.52, 399.84, 1.79548
_18081_, 35.52, 399.84, 1.79548
_19634_, 35.52, 399.84, 1.79548
clkbuf_leaf_54_i_clk, 35.52, 399.84, 1.79548
FILLER_0_143_69, 35.52, 399.84, 1.79548
_09165_, 35.52, 394.4, 1.79551
_16611_, 35.52, 394.4, 1.79551
_18079_, 35.52, 394.4, 1.79551
_18720_, 35.52, 394.4, 1.79551
FILLER_0_140_60, 35.52, 394.4, 1.79551
_09826_, 35.52, 388.96, 1.79553
_12062_, 35.52, 388.96, 1.79553
_14249_, 35.52, 388.96, 1.79553
_14250_, 35.52, 388.96, 1.79553
FILLER_0_138_64, 35.52, 388.96, 1.79553
FILLER_0_139_72, 35.52, 388.96, 1.79553
FILLER_0_140_78, 35.52, 388.96, 1.79553
_13939_, 35.52, 383.52, 1.79554
_16753_, 35.52, 383.52, 1.79554
_18849_, 35.52, 383.52, 1.79554
FILLER_0_136_54, 35.52, 383.52, 1.79554
FILLER_0_137_78, 35.52, 383.52, 1.79554
FILLER_0_138_75, 35.52, 383.52, 1.79554
_09786_, 35.52, 378.08, 1.79556
_09827_, 35.52, 378.08, 1.79556
_12063_, 35.52, 378.08, 1.79556
FILLER_0_134_58, 35.52, 378.08, 1.79556
_09787_, 35.52, 372.64, 1.79559
_12022_, 35.52, 372.64, 1.79559
_18851_, 35.52, 372.64, 1.79559
hold408, 35.52, 372.64, 1.79559
FILLER_0_132_64, 35.52, 372.64, 1.79559
FILLER_0_133_57, 35.52, 372.64, 1.79559
FILLER_0_133_65, 35.52, 372.64, 1.79559
FILLER_0_134_76, 35.52, 372.64, 1.79559
_09807_, 35.52, 367.2, 1.79561
_12023_, 35.52, 367.2, 1.79561
_12042_, 35.52, 367.2, 1.79561
_14245_, 35.52, 367.2, 1.79561
FILLER_0_130_54, 35.52, 367.2, 1.79561
FILLER_0_131_66, 35.52, 367.2, 1.79561
_09806_, 35.52, 361.76, 1.79564
_12043_, 35.52, 361.76, 1.79564
_13937_, 35.52, 361.76, 1.79564
_18850_, 35.52, 361.76, 1.79564
FILLER_0_129_66, 35.52, 361.76, 1.79564
FILLER_0_130_66, 35.52, 361.76, 1.79564
_13733_, 35.52, 356.32, 1.79566
_16859_, 35.52, 356.32, 1.79566
_18944_, 35.52, 356.32, 1.79566
clkbuf_leaf_46_i_clk, 35.52, 356.32, 1.79566
FILLER_0_127_52, 35.52, 356.32, 1.79566
FILLER_0_128_77, 35.52, 356.32, 1.79566
_09824_, 35.52, 350.88, 1.79569
_09825_, 35.52, 350.88, 1.79569
_12048_, 35.52, 350.88, 1.79569
_13736_, 35.52, 350.88, 1.79569
FILLER_0_125_69, 35.52, 350.88, 1.79569
FILLER_0_126_78, 35.52, 350.88, 1.79569
_09805_, 35.52, 345.44, 1.79571
_12041_, 35.52, 345.44, 1.79571
_12061_, 35.52, 345.44, 1.79571
_12068_, 35.52, 345.44, 1.79571
_12081_, 35.52, 345.44, 1.79571
FILLER_0_123_57, 35.52, 345.44, 1.79571
FILLER_0_123_77, 35.52, 345.44, 1.79571
FILLER_0_124_70, 35.52, 345.44, 1.79571
_14826_, 35.52, 340, 1.79575
_14827_, 35.52, 340, 1.79575
_18465_, 35.52, 340, 1.79575
FILLER_0_121_57, 35.52, 340, 1.79575
FILLER_0_121_65, 35.52, 340, 1.79575
_14828_, 35.52, 334.56, 1.7958
_14829_, 35.52, 334.56, 1.7958
_16861_, 35.52, 334.56, 1.7958
_18464_, 35.52, 334.56, 1.7958
FILLER_0_120_69, 35.52, 334.56, 1.7958
_09785_, 35.52, 329.12, 1.79583
_12021_, 35.52, 329.12, 1.79583
_16862_, 35.52, 329.12, 1.79583
FILLER_0_117_73, 35.52, 329.12, 1.79583
FILLER_0_118_73, 35.52, 329.12, 1.79583
_09792_, 35.52, 323.68, 1.79586
_14452_, 35.52, 323.68, 1.79586
_18625_, 35.52, 323.68, 1.79586
FILLER_0_114_56, 35.52, 323.68, 1.79586
FILLER_0_115_69, 35.52, 323.68, 1.79586
_16330_, 35.52, 318.24, 1.79591
_18624_, 35.52, 318.24, 1.79591
FILLER_0_113_69, 35.52, 318.24, 1.79591
_12064_, 35.52, 312.8, 1.79595
_14455_, 35.52, 312.8, 1.79595
FILLER_0_111_77, 35.52, 312.8, 1.79595
FILLER_0_112_74, 35.52, 312.8, 1.79595
_09828_, 35.52, 307.36, 1.79599
_09831_, 35.52, 307.36, 1.79599
_12067_, 35.52, 307.36, 1.79599
_15373_, 35.52, 307.36, 1.79599
_16043_, 35.52, 307.36, 1.79599
FILLER_0_109_53, 35.52, 307.36, 1.79599
FILLER_0_109_77, 35.52, 307.36, 1.79599
_09788_, 35.52, 301.92, 1.79603
_09791_, 35.52, 301.92, 1.79603
_12024_, 35.52, 301.92, 1.79603
_15369_, 35.52, 301.92, 1.79603
_16045_, 35.52, 301.92, 1.79603
_12027_, 35.52, 296.48, 1.79607
_12044_, 35.52, 296.48, 1.79607
FILLER_0_104_64, 35.52, 296.48, 1.79607
FILLER_0_106_74, 35.52, 296.48, 1.79607
_09808_, 35.52, 291.04, 1.79612
_12047_, 35.52, 291.04, 1.79612
_14820_, 35.52, 291.04, 1.79612
_16863_, 35.52, 291.04, 1.79612
_18210_, 35.52, 291.04, 1.79612
_09753_, 35.52, 285.6, 1.79617
_11990_, 35.52, 285.6, 1.79617
_15372_, 35.52, 285.6, 1.79617
FILLER_0_102_69, 35.52, 285.6, 1.79617
_09758_, 35.52, 280.16, 1.79621
_11996_, 35.52, 280.16, 1.79621
_12008_, 35.52, 280.16, 1.79621
FILLER_0_98_52, 35.52, 280.16, 1.79621
FILLER_0_98_65, 35.52, 280.16, 1.79621
FILLER_0_99_52, 35.52, 280.16, 1.79621
FILLER_0_100_70, 35.52, 280.16, 1.79621
_09759_, 35.52, 274.72, 1.79626
_09771_, 35.52, 274.72, 1.79626
_11995_, 35.52, 274.72, 1.79626
_18212_, 35.52, 274.72, 1.79626
_12007_, 35.52, 269.28, 1.79632
_15367_, 35.52, 269.28, 1.79632
_16046_, 35.52, 269.28, 1.79632
FILLER_0_94_58, 35.52, 269.28, 1.79632
FILLER_0_95_57, 35.52, 269.28, 1.79632
FILLER_0_96_74, 35.52, 269.28, 1.79632
_09770_, 35.52, 263.84, 1.79637
_12000_, 35.52, 263.84, 1.79637
_17001_, 35.52, 263.84, 1.79637
_17002_, 35.52, 263.84, 1.79637
_19072_, 35.52, 263.84, 1.79637
FILLER_0_92_57, 35.52, 263.84, 1.79637
FILLER_0_93_69, 35.52, 263.84, 1.79637
_12085_, 35.52, 258.4, 1.7964
_13458_, 35.52, 258.4, 1.7964
_13460_, 35.52, 258.4, 1.7964
_13461_, 35.52, 258.4, 1.7964
clkbuf_leaf_41_i_clk, 35.52, 258.4, 1.7964
FILLER_0_91_66, 35.52, 258.4, 1.7964
_09829_, 35.52, 252.96, 1.79648
_09830_, 35.52, 252.96, 1.79648
_12066_, 35.52, 252.96, 1.79648
_12086_, 35.52, 252.96, 1.79648
FILLER_0_88_60, 35.52, 252.96, 1.79648
FILLER_0_89_73, 35.52, 252.96, 1.79648
_15169_, 35.52, 247.52, 1.79654
_17004_, 35.52, 247.52, 1.79654
_18305_, 35.52, 247.52, 1.79654
FILLER_0_86_56, 35.52, 247.52, 1.79654
FILLER_0_88_76, 35.52, 247.52, 1.79654
_09790_, 35.52, 242.08, 1.7966
_12026_, 35.52, 242.08, 1.7966
_13454_, 35.52, 242.08, 1.7966
_15168_, 35.52, 242.08, 1.7966
FILLER_0_84_58, 35.52, 242.08, 1.7966
FILLER_0_86_75, 35.52, 242.08, 1.7966
_09809_, 35.52, 236.64, 1.79666
_12006_, 35.52, 236.64, 1.79666
_12025_, 35.52, 236.64, 1.79666
_12046_, 35.52, 236.64, 1.79666
_13457_, 35.52, 236.64, 1.79666
FILLER_0_82_63, 35.52, 236.64, 1.79666
_09769_, 35.52, 231.2, 1.79671
_09810_, 35.52, 231.2, 1.79671
_12045_, 35.52, 231.2, 1.79671
_13456_, 35.52, 231.2, 1.79671
_19074_, 35.52, 231.2, 1.79671
FILLER_0_81_57, 35.52, 231.2, 1.79671
_18307_, 35.52, 225.76, 1.79678
FILLER_0_79_69, 35.52, 225.76, 1.79678
FILLER_0_80_75, 35.52, 225.76, 1.79678
_15162_, 35.52, 220.32, 1.79684
_15163_, 35.52, 220.32, 1.79684
_15164_, 35.52, 220.32, 1.79684
_15165_, 35.52, 220.32, 1.79684
_18306_, 35.52, 220.32, 1.79684
_18308_, 35.52, 220.32, 1.79684
FILLER_0_76_52, 35.52, 220.32, 1.79684
_16152_, 35.52, 214.88, 1.79691
_16153_, 35.52, 214.88, 1.79691
FILLER_0_75_57, 35.52, 214.88, 1.79691
_18503_, 35.52, 209.44, 1.79697
FILLER_0_73_69, 35.52, 209.44, 1.79697
FILLER_0_74_77, 35.52, 209.44, 1.79697
_14731_, 35.52, 204, 1.79703
_14809_, 35.52, 204, 1.79703
_16336_, 35.52, 204, 1.79703
FILLER_0_72_69, 35.52, 204, 1.79703
_14806_, 35.52, 198.56, 1.79709
_16335_, 35.52, 198.56, 1.79709
_18475_, 35.52, 198.56, 1.79709
clkbuf_leaf_11_i_clk, 35.52, 198.56, 1.79709
FILLER_0_69_52, 35.52, 198.56, 1.79709
FILLER_0_69_60, 35.52, 198.56, 1.79709
FILLER_0_70_74, 35.52, 198.56, 1.79709
_13724_, 35.52, 193.12, 1.79717
_14811_, 35.52, 193.12, 1.79717
_16864_, 35.52, 193.12, 1.79717
_18507_, 35.52, 193.12, 1.79717
FILLER_0_66_64, 35.52, 193.12, 1.79717
_11885_, 35.52, 187.68, 1.79724
_11947_, 35.52, 187.68, 1.79724
_14720_, 35.52, 187.68, 1.79724
_14805_, 35.52, 187.68, 1.79724
_09710_, 35.52, 182.24, 1.79731
_11948_, 35.52, 182.24, 1.79731
_13718_, 35.52, 182.24, 1.79731
_09650_, 35.52, 176.8, 1.79737
_11865_, 35.52, 176.8, 1.79737
_11886_, 35.52, 176.8, 1.79737
FILLER_0_61_57, 35.52, 176.8, 1.79737
_09630_, 35.52, 171.36, 1.79744
_11866_, 35.52, 171.36, 1.79744
_16868_, 35.52, 171.36, 1.79744
_18955_, 35.52, 171.36, 1.79744
FILLER_0_59_57, 35.52, 171.36, 1.79744
_13712_, 35.52, 165.92, 1.79752
_13713_, 35.52, 165.92, 1.79752
_13716_, 35.52, 165.92, 1.79752
FILLER_0_57_66, 35.52, 165.92, 1.79752
_13930_, 35.52, 160.48, 1.79758
_16757_, 35.52, 160.48, 1.79758
_18853_, 35.52, 160.48, 1.79758
FILLER_0_54_52, 35.52, 160.48, 1.79758
FILLER_0_54_60, 35.52, 160.48, 1.79758
FILLER_0_55_53, 35.52, 160.48, 1.79758
_09142_, 35.52, 155.04, 1.79764
_09711_, 35.52, 155.04, 1.79764
_09717_, 35.52, 155.04, 1.79764
_13929_, 35.52, 155.04, 1.79764
FILLER_0_53_64, 35.52, 155.04, 1.79764
FILLER_0_53_72, 35.52, 155.04, 1.79764
FILLER_0_54_76, 35.52, 155.04, 1.79764
_09712_, 35.52, 149.6, 1.79772
_11949_, 35.52, 149.6, 1.79772
_11950_, 35.52, 149.6, 1.79772
_11955_, 35.52, 149.6, 1.79772
FILLER_0_51_64, 35.52, 149.6, 1.79772
FILLER_0_51_72, 35.52, 149.6, 1.79772
_09631_, 35.52, 144.16, 1.79777
_09637_, 35.52, 144.16, 1.79777
FILLER_0_48_63, 35.52, 144.16, 1.79777
FILLER_0_49_53, 35.52, 144.16, 1.79777
FILLER_0_49_69, 35.52, 144.16, 1.79777
_09591_, 35.52, 138.72, 1.79785
_09592_, 35.52, 138.72, 1.79785
_09632_, 35.52, 138.72, 1.79785
_09651_, 35.52, 138.72, 1.79785
_09657_, 35.52, 138.72, 1.79785
_11867_, 35.52, 138.72, 1.79785
_11868_, 35.52, 138.72, 1.79785
FILLER_0_47_64, 35.52, 138.72, 1.79785
_09118_, 35.52, 133.28, 1.79793
_09652_, 35.52, 133.28, 1.79793
_11827_, 35.52, 133.28, 1.79793
_11888_, 35.52, 133.28, 1.79793
_18087_, 35.52, 133.28, 1.79793
FILLER_0_45_57, 35.52, 133.28, 1.79793
FILLER_0_46_77, 35.52, 133.28, 1.79793
_13918_, 35.52, 127.84, 1.798
_18859_, 35.52, 127.84, 1.798
FILLER_0_42_65, 35.52, 127.84, 1.798
FILLER_0_43_69, 35.52, 127.84, 1.798
FILLER_0_44_67, 35.52, 127.84, 1.798
FILLER_0_44_75, 35.52, 127.84, 1.798
_13923_, 35.52, 122.4, 1.79805
_13924_, 35.52, 122.4, 1.79805
_16443_, 35.52, 122.4, 1.79805
_16445_, 35.52, 122.4, 1.79805
_18856_, 35.52, 122.4, 1.79805
_18857_, 35.52, 122.4, 1.79805
FILLER_0_40_60, 35.52, 122.4, 1.79805
FILLER_0_41_57, 35.52, 122.4, 1.79805
_13922_, 35.52, 116.96, 1.79811
_14573_, 35.52, 116.96, 1.79811
_16442_, 35.52, 116.96, 1.79811
FILLER_0_39_52, 35.52, 116.96, 1.79811
FILLER_0_39_66, 35.52, 116.96, 1.79811
FILLER_0_36_65, 35.52, 111.52, 1.79813
FILLER_0_38_77, 35.52, 111.52, 1.79813
_16047_, 35.52, 106.08, 1.79813
_16513_, 35.52, 106.08, 1.79813
_18213_, 35.52, 106.08, 1.79813
FILLER_0_35_57, 35.52, 106.08, 1.79813
FILLER_0_36_73, 35.52, 106.08, 1.79813
_11954_, 35.52, 100.64, 1.79812
_15364_, 35.52, 100.64, 1.79812
_15365_, 35.52, 100.64, 1.79812
_16509_, 35.52, 100.64, 1.79812
FILLER_0_32_65, 35.52, 100.64, 1.79812
FILLER_0_33_69, 35.52, 100.64, 1.79812
_09713_, 35.52, 95.2, 1.79812
_11869_, 35.52, 95.2, 1.79812
_11872_, 35.52, 95.2, 1.79812
_11951_, 35.52, 95.2, 1.79812
_16296_, 35.52, 95.2, 1.79812
FILLER_0_30_59, 35.52, 95.2, 1.79812
FILLER_0_31_53, 35.52, 95.2, 1.79812
FILLER_0_31_57, 35.52, 95.2, 1.79812
_09633_, 35.52, 89.76, 1.7981
_09653_, 35.52, 89.76, 1.7981
_11889_, 35.52, 89.76, 1.7981
_11892_, 35.52, 89.76, 1.7981
_14875_, 35.52, 89.76, 1.7981
_14876_, 35.52, 89.76, 1.7981
_16301_, 35.52, 89.76, 1.7981
FILLER_0_30_67, 35.52, 89.76, 1.7981
FILLER_0_30_77, 35.52, 89.76, 1.7981
_15356_, 35.52, 84.32, 1.79811
_15357_, 35.52, 84.32, 1.79811
_18216_, 35.52, 84.32, 1.79811
_18217_, 35.52, 84.32, 1.79811
FILLER_0_26_53, 35.52, 84.32, 1.79811
FILLER_0_26_61, 35.52, 84.32, 1.79811
FILLER_0_27_57, 35.52, 84.32, 1.79811
_15358_, 35.52, 78.88, 1.79809
_15359_, 35.52, 78.88, 1.79809
_17007_, 35.52, 78.88, 1.79809
FILLER_0_25_52, 35.52, 78.88, 1.79809
_11952_, 35.52, 73.44, 1.79808
_11953_, 35.52, 73.44, 1.79808
_15296_, 35.52, 73.44, 1.79808
FILLER_0_22_56, 35.52, 73.44, 1.79808
FILLER_0_23_66, 35.52, 73.44, 1.79808
_09714_, 35.52, 68, 1.79807
_13438_, 35.52, 68, 1.79807
_13443_, 35.52, 68, 1.79807
_19083_, 35.52, 68, 1.79807
FILLER_0_22_72, 35.52, 68, 1.79807
_09655_, 35.52, 62.56, 1.79806
_11891_, 35.52, 62.56, 1.79806
_13441_, 35.52, 62.56, 1.79806
FILLER_0_19_69, 35.52, 62.56, 1.79806
FILLER_0_20_66, 35.52, 62.56, 1.79806
_09635_, 35.52, 57.12, 1.79805
_09654_, 35.52, 57.12, 1.79805
_11871_, 35.52, 57.12, 1.79805
_11890_, 35.52, 57.12, 1.79805
_15288_, 35.52, 57.12, 1.79805
_15290_, 35.52, 57.12, 1.79805
_09634_, 35.52, 51.68, 1.79805
_11870_, 35.52, 51.68, 1.79805
_16086_, 35.52, 51.68, 1.79805
_16087_, 35.52, 51.68, 1.79805
FILLER_0_15_52, 35.52, 51.68, 1.79805
FILLER_0_15_60, 35.52, 51.68, 1.79805
FILLER_0_15_75, 35.52, 51.68, 1.79805
FILLER_0_16_78, 35.52, 51.68, 1.79805
_15228_, 35.52, 46.24, 1.79803
_15285_, 35.52, 46.24, 1.79803
_18251_, 35.52, 46.24, 1.79803
FILLER_0_13_66, 35.52, 46.24, 1.79803
_15220_, 35.52, 40.8, 1.79802
_15222_, 35.52, 40.8, 1.79802
_18283_, 35.52, 40.8, 1.79802
clkbuf_leaf_185_i_clk, 35.52, 40.8, 1.79802
FILLER_0_10_61, 35.52, 40.8, 1.79802
FILLER_0_11_53, 35.52, 40.8, 1.79802
FILLER_0_11_57, 35.52, 40.8, 1.79802
FILLER_0_11_70, 35.52, 40.8, 1.79802
_15217_, 35.52, 35.36, 1.79803
_15221_, 35.52, 35.36, 1.79803
_16123_, 35.52, 35.36, 1.79803
_18281_, 35.52, 35.36, 1.79803
FILLER_0_7_53, 35.52, 29.92, 1.79803
FILLER_0_6_77, 35.52, 24.48, 1.79802
FILLER_0_4_77, 35.52, 19.04, 1.79802
FILLER_0_2_77, 35.52, 13.6, 1.79801
_15923_, 10.52, 481.44, 1.79539
FILLER_0_174_18, 10.52, 481.44, 1.79539
ANTENNA_100, 10.52, 465.12, 1.79539
FILLER_0_156_21, 10.52, 432.48, 1.79543
ANTENNA_71, 10.52, 405.28, 1.79549
_18561_, 10.52, 383.52, 1.79556
_14591_, 10.52, 378.08, 1.79558
_16434_, 10.52, 378.08, 1.79558
FILLER_0_135_24, 10.52, 378.08, 1.79558
_14586_, 10.52, 372.64, 1.7956
_14587_, 10.52, 372.64, 1.7956
FILLER_0_133_14, 10.52, 372.64, 1.7956
FILLER_0_134_21, 10.52, 372.64, 1.7956
_18562_, 10.52, 367.2, 1.79562
_14588_, 10.52, 361.76, 1.79566
_14589_, 10.52, 361.76, 1.79566
_16436_, 10.52, 361.76, 1.79566
FILLER_0_130_11, 10.52, 361.76, 1.79566
_14520_, 10.52, 356.32, 1.79568
_14521_, 10.52, 356.32, 1.79568
_14522_, 10.52, 356.32, 1.79568
_18593_, 10.52, 356.32, 1.79568
_18594_, 10.52, 350.88, 1.79571
_14751_, 10.52, 345.44, 1.79574
_14754_, 10.52, 345.44, 1.79574
_18496_, 10.52, 345.44, 1.79574
_18497_, 10.52, 340, 1.79577
FILLER_0_120_9, 10.52, 340, 1.79577
_14519_, 10.52, 334.56, 1.7958
_16362_, 10.52, 334.56, 1.7958
_16363_, 10.52, 334.56, 1.7958
_16471_, 10.52, 334.56, 1.7958
_18595_, 10.52, 334.56, 1.7958
FILLER_0_119_18, 10.52, 334.56, 1.7958
_14747_, 10.52, 323.68, 1.79587
_14748_, 10.52, 323.68, 1.79587
_18499_, 10.52, 323.68, 1.79587
clkbuf_leaf_45_i_clk, 10.52, 323.68, 1.79587
FILLER_0_115_15, 10.52, 323.68, 1.79587
FILLER_0_116_14, 10.52, 323.68, 1.79587
_14745_, 10.52, 318.24, 1.79592
_16365_, 10.52, 318.24, 1.79592
FILLER_0_113_22, 10.52, 318.24, 1.79592
_14895_, 10.52, 312.8, 1.79596
_14896_, 10.52, 312.8, 1.79596
_14897_, 10.52, 312.8, 1.79596
_18432_, 10.52, 312.8, 1.79596
_18433_, 10.52, 312.8, 1.79596
FILLER_0_112_11, 10.52, 312.8, 1.79596
_14448_, 10.52, 301.92, 1.79604
_14449_, 10.52, 301.92, 1.79604
_18435_, 10.52, 301.92, 1.79604
FILLER_0_108_15, 10.52, 301.92, 1.79604
_14451_, 10.52, 296.48, 1.79608
_16507_, 10.52, 296.48, 1.79608
_18434_, 10.52, 296.48, 1.79608
_18626_, 10.52, 296.48, 1.79608
FILLER_0_106_20, 10.52, 296.48, 1.79608
_14892_, 10.52, 291.04, 1.79613
_14893_, 10.52, 291.04, 1.79613
_16366_, 10.52, 285.6, 1.79618
_18500_, 10.52, 285.6, 1.79618
FILLER_0_101_15, 10.52, 285.6, 1.79618
_14741_, 10.52, 280.16, 1.79623
_14742_, 10.52, 280.16, 1.79623
FILLER_0_99_9, 10.52, 280.16, 1.79623
_14584_, 10.52, 274.72, 1.79628
_14585_, 10.52, 274.72, 1.79628
ANTENNA_1, 10.52, 274.72, 1.79628
_14447_, 10.52, 269.28, 1.79632
_14516_, 10.52, 269.28, 1.79632
_18628_, 10.52, 269.28, 1.79632
FILLER_0_96_15, 10.52, 269.28, 1.79632
_14446_, 10.52, 263.84, 1.79638
_14517_, 10.52, 263.84, 1.79638
FILLER_0_93_14, 10.52, 263.84, 1.79638
_15240_, 10.52, 258.4, 1.79643
_18240_, 10.52, 258.4, 1.79643
FILLER_0_92_15, 10.52, 258.4, 1.79643
_15237_, 10.52, 252.96, 1.79649
_18241_, 10.52, 252.96, 1.79649
_15239_, 10.52, 247.52, 1.79655
_16114_, 10.52, 247.52, 1.79655
FILLER_0_86_21, 10.52, 242.08, 1.7966
_15233_, 10.52, 236.64, 1.79667
_15234_, 10.52, 236.64, 1.79667
FILLER_0_84_15, 10.52, 236.64, 1.79667
_16116_, 10.52, 231.2, 1.79672
FILLER_0_81_15, 10.52, 231.2, 1.79672
FILLER_0_82_17, 10.52, 231.2, 1.79672
_15235_, 10.52, 225.76, 1.79679
_15236_, 10.52, 225.76, 1.79679
_16115_, 10.52, 225.76, 1.79679
FILLER_0_79_24, 10.52, 225.76, 1.79679
_14888_, 10.52, 220.32, 1.79685
_14889_, 10.52, 220.32, 1.79685
_15232_, 10.52, 220.32, 1.79685
FILLER_0_77_13, 10.52, 220.32, 1.79685
_16473_, 10.52, 214.88, 1.79691
ANTENNA_130, 10.52, 214.88, 1.79691
FILLER_0_76_23, 10.52, 214.88, 1.79691
_16371_, 10.52, 209.44, 1.79698
_14726_, 10.52, 204, 1.79703
clkbuf_leaf_12_i_clk, 10.52, 204, 1.79703
FILLER_0_71_15, 10.52, 204, 1.79703
_14725_, 10.52, 198.56, 1.7971
_16370_, 10.52, 198.56, 1.7971
_18501_, 10.52, 198.56, 1.7971
_18504_, 10.52, 198.56, 1.7971
_14729_, 10.52, 193.12, 1.79717
_18597_, 10.52, 193.12, 1.79717
_14511_, 10.52, 187.68, 1.79723
_14514_, 10.52, 187.68, 1.79723
_16475_, 10.52, 187.68, 1.79723
ANTENNA_132, 10.52, 187.68, 1.79723
_14509_, 10.52, 182.24, 1.7973
_14510_, 10.52, 182.24, 1.7973
_14512_, 10.52, 182.24, 1.7973
_16476_, 10.52, 182.24, 1.7973
_18600_, 10.52, 182.24, 1.7973
FILLER_0_64_14, 10.52, 182.24, 1.7973
_14508_, 10.52, 176.8, 1.79736
_14504_, 10.52, 171.36, 1.79744
_16479_, 10.52, 171.36, 1.79744
_16480_, 10.52, 171.36, 1.79744
_18602_, 10.52, 171.36, 1.79744
FILLER_0_60_20, 10.52, 171.36, 1.79744
_14501_, 10.52, 165.92, 1.7975
_14502_, 10.52, 165.92, 1.7975
_14506_, 10.52, 165.92, 1.7975
_18601_, 10.52, 165.92, 1.7975
FILLER_0_57_13, 10.52, 165.92, 1.7975
FILLER_0_55_15, 10.52, 160.48, 1.79757
FILLER_0_55_23, 10.52, 160.48, 1.79757
FILLER_0_56_23, 10.52, 160.48, 1.79757
_14234_, 10.52, 155.04, 1.79763
_14237_, 10.52, 155.04, 1.79763
_14582_, 10.52, 155.04, 1.79763
_18565_, 10.52, 155.04, 1.79763
FILLER_0_54_14, 10.52, 155.04, 1.79763
_14236_, 10.52, 149.6, 1.79768
clkbuf_leaf_9_i_clk, 10.52, 149.6, 1.79768
ANTENNA_92, 10.52, 149.6, 1.79768
FILLER_0_52_13, 10.52, 149.6, 1.79768
_16617_, 10.52, 144.16, 1.79776
_16618_, 10.52, 144.16, 1.79776
_18729_, 10.52, 144.16, 1.79776
_14231_, 10.52, 138.72, 1.79783
_16620_, 10.52, 138.72, 1.79783
_14226_, 10.52, 133.28, 1.79788
_14227_, 10.52, 133.28, 1.79788
_16622_, 10.52, 133.28, 1.79788
_14232_, 10.52, 127.84, 1.79794
_14233_, 10.52, 127.84, 1.79794
_18728_, 10.52, 127.84, 1.79794
_18730_, 10.52, 122.4, 1.79799
_16621_, 10.52, 116.96, 1.79804
ANTENNA_62, 10.52, 116.96, 1.79804
ANTENNA_63, 10.52, 116.96, 1.79804
FILLER_0_40_20, 10.52, 116.96, 1.79804
_14438_, 10.52, 111.52, 1.79806
_16512_, 10.52, 111.52, 1.79806
_16514_, 10.52, 111.52, 1.79806
_18632_, 10.52, 111.52, 1.79806
_18634_, 10.52, 111.52, 1.79806
FILLER_0_38_23, 10.52, 111.52, 1.79806
_14433_, 10.52, 106.08, 1.79807
FILLER_0_35_15, 10.52, 106.08, 1.79807
_16295_, 10.52, 100.64, 1.79807
_16511_, 10.52, 100.64, 1.79807
_18631_, 10.52, 100.64, 1.79807
FILLER_0_34_21, 10.52, 100.64, 1.79807
_14439_, 10.52, 95.2, 1.79808
_14440_, 10.52, 95.2, 1.79808
_18441_, 10.52, 95.2, 1.79808
FILLER_0_30_9, 10.52, 95.2, 1.79808
_14873_, 10.52, 89.76, 1.79807
_14874_, 10.52, 89.76, 1.79807
_14878_, 10.52, 89.76, 1.79807
_14880_, 10.52, 89.76, 1.79807
_16300_, 10.52, 89.76, 1.79807
_18443_, 10.52, 89.76, 1.79807
FILLER_0_29_11, 10.52, 89.76, 1.79807
FILLER_0_30_21, 10.52, 89.76, 1.79807
_18440_, 10.52, 84.32, 1.79808
_16154_, 10.52, 78.88, 1.79807
_18309_, 10.52, 78.88, 1.79807
FILLER_0_25_15, 10.52, 78.88, 1.79807
_15159_, 10.52, 73.44, 1.79807
_15160_, 10.52, 73.44, 1.79807
FILLER_0_23_11, 10.52, 73.44, 1.79807
FILLER_0_23_17, 10.52, 73.44, 1.79807
_15150_, 10.52, 68, 1.79806
_18314_, 10.52, 68, 1.79806
FILLER_0_22_19, 10.52, 68, 1.79806
_15153_, 10.52, 62.56, 1.79806
_15154_, 10.52, 62.56, 1.79806
_16159_, 10.52, 62.56, 1.79806
_15148_, 10.52, 57.12, 1.79804
_15151_, 10.52, 57.12, 1.79804
_15152_, 10.52, 57.12, 1.79804
_18313_, 10.52, 57.12, 1.79804
clkbuf_leaf_186_i_clk, 10.52, 57.12, 1.79804
ANTENNA_82, 10.52, 57.12, 1.79804
ANTENNA_83, 10.52, 57.12, 1.79804
FILLER_0_17_18, 10.52, 57.12, 1.79804
_18315_, 10.52, 51.68, 1.79804
_16160_, 10.52, 46.24, 1.79804
FILLER_0_14_15, 10.52, 46.24, 1.79804
FILLER_0_14_24, 10.52, 46.24, 1.79804
ANTENNA_93, 10.52, 29.92, 1.79803
ANTENNA_94, 10.52, 29.92, 1.79803
ANTENNA_87, 10.52, 13.6, 1.79802
PHY_348, 5.52, 486.88, 1.79539
PHY_349, 494.04, 486.88, 1.79449
output47, 494.04, 486.88, 1.79449
FILLER_0_174_79, 48.02, 486.88, 1.79536
FILLER_0_174_137, 73.02, 486.88, 1.79534
FILLER_0_174_247, 123.02, 486.88, 1.79526
output61, 148.02, 486.88, 1.7952
FILLER_0_174_305, 148.02, 486.88, 1.7952
FILLER_0_174_361, 173.02, 486.88, 1.79514
FILLER_0_174_417, 198.02, 486.88, 1.79507
FILLER_0_174_527, 248.02, 486.88, 1.79491
hold112, 273.02, 486.88, 1.79484
FILLER_0_174_569, 273.02, 486.88, 1.79484
FILLER_0_174_581, 273.02, 486.88, 1.79484
output30, 298.02, 486.88, 1.79476
_13058_, 323.02, 486.88, 1.79469
FILLER_0_174_683, 323.02, 486.88, 1.79469
_12439_, 373.02, 486.88, 1.79459
FILLER_0_174_793, 373.02, 486.88, 1.79459
output59, 448.02, 486.88, 1.7945
FILLER_0_174_949, 448.02, 486.88, 1.7945
output41, 473.02, 486.88, 1.79449
FILLER_0_174_1005, 473.02, 486.88, 1.79449
PHY_344, 5.52, 481.44, 1.79539
PHY_346, 5.52, 481.44, 1.79539
input1, 5.52, 481.44, 1.79539
FILLER_0_173_3, 5.52, 481.44, 1.79539
PHY_345, 494.04, 481.44, 1.7945
PHY_347, 494.04, 481.44, 1.7945
FILLER_0_173_46, 23.02, 481.44, 1.79538
FILLER_0_173_105, 48.02, 481.44, 1.79537
FILLER_0_172_189, 98.02, 481.44, 1.7953
FILLER_0_172_245, 123.02, 481.44, 1.79526
FILLER_0_172_301, 148.02, 481.44, 1.7952
output13, 173.02, 481.44, 1.79514
FILLER_0_172_357, 173.02, 481.44, 1.79514
FILLER_0_172_413, 198.02, 481.44, 1.79507
FILLER_0_172_469, 223.02, 481.44, 1.79499
FILLER_0_173_485, 223.02, 481.44, 1.79499
FILLER_0_174_473, 223.02, 481.44, 1.79499
_12398_, 248.02, 481.44, 1.7949
_12566_, 248.02, 481.44, 1.7949
_12568_, 248.02, 481.44, 1.7949
FILLER_0_173_520, 248.02, 481.44, 1.7949
FILLER_0_174_533, 248.02, 481.44, 1.7949
_12413_, 273.02, 481.44, 1.79482
_13067_, 273.02, 481.44, 1.79482
_17114_, 273.02, 481.44, 1.79482
hold108, 273.02, 481.44, 1.79482
hold113, 273.02, 481.44, 1.79482
FILLER_0_174_589, 273.02, 481.44, 1.79482
_12420_, 298.02, 481.44, 1.79474
_12421_, 298.02, 481.44, 1.79474
_12424_, 298.02, 481.44, 1.79474
_12551_, 298.02, 481.44, 1.79474
_13063_, 298.02, 481.44, 1.79474
_19176_, 298.02, 481.44, 1.79474
FILLER_0_172_623, 298.02, 481.44, 1.79474
FILLER_0_173_626, 298.02, 481.44, 1.79474
FILLER_0_173_634, 298.02, 481.44, 1.79474
FILLER_0_174_645, 298.02, 481.44, 1.79474
_13061_, 323.02, 481.44, 1.79467
_17123_, 323.02, 481.44, 1.79467
_19182_, 323.02, 481.44, 1.79467
hold237, 323.02, 481.44, 1.79467
hold238, 323.02, 481.44, 1.79467
hold302, 323.02, 481.44, 1.79467
hold338, 323.02, 481.44, 1.79467
_17120_, 348.02, 481.44, 1.79462
_17121_, 348.02, 481.44, 1.79462
_19339_, 348.02, 481.44, 1.79462
hold197, 348.02, 481.44, 1.79462
FILLER_0_172_739, 348.02, 481.44, 1.79462
FILLER_0_174_748, 348.02, 481.44, 1.79462
_12525_, 373.02, 481.44, 1.79457
_12536_, 373.02, 481.44, 1.79457
_12538_, 373.02, 481.44, 1.79457
FILLER_0_173_810, 373.02, 481.44, 1.79457
_12428_, 398.02, 481.44, 1.79453
_12429_, 398.02, 481.44, 1.79453
_12432_, 398.02, 481.44, 1.79453
_12437_, 398.02, 481.44, 1.79453
_12547_, 398.02, 481.44, 1.79453
_12548_, 398.02, 481.44, 1.79453
FILLER_0_174_865, 398.02, 481.44, 1.79453
FILLER_0_174_921, 423.02, 481.44, 1.79452
FILLER_0_172_961, 448.02, 481.44, 1.7945
FILLER_0_174_971, 448.02, 481.44, 1.7945
FILLER_0_174_1029, 473.02, 481.44, 1.7945
PHY_340, 5.52, 476, 1.79539
PHY_342, 5.52, 476, 1.79539
PHY_341, 494.04, 476, 1.79449
PHY_343, 494.04, 476, 1.79449
FILLER_0_171_51, 23.02, 476, 1.79538
FILLER_0_171_105, 48.02, 476, 1.79537
FILLER_0_170_189, 98.02, 476, 1.79531
FILLER_0_170_245, 123.02, 476, 1.79526
FILLER_0_170_301, 148.02, 476, 1.79521
FILLER_0_170_357, 173.02, 476, 1.79514
FILLER_0_170_413, 198.02, 476, 1.79506
_19171_, 223.02, 476, 1.79497
_19172_, 223.02, 476, 1.79497
hold254, 223.02, 476, 1.79497
FILLER_0_171_475, 223.02, 476, 1.79497
FILLER_0_172_477, 223.02, 476, 1.79497
_12401_, 248.02, 476, 1.79489
_12402_, 248.02, 476, 1.79489
_12403_, 248.02, 476, 1.79489
_12408_, 248.02, 476, 1.79489
_12570_, 248.02, 476, 1.79489
_17354_, 248.02, 476, 1.79489
hold117, 248.02, 476, 1.79489
FILLER_0_172_533, 248.02, 476, 1.79489
_12410_, 273.02, 476, 1.79482
_12562_, 273.02, 476, 1.79482
_13064_, 273.02, 476, 1.79482
hold107, 273.02, 476, 1.79482
_12426_, 298.02, 476, 1.79474
_12552_, 298.02, 476, 1.79474
_12554_, 298.02, 476, 1.79474
_12556_, 298.02, 476, 1.79474
hold135, 298.02, 476, 1.79474
_17122_, 323.02, 476, 1.79468
_19181_, 323.02, 476, 1.79468
hold202, 323.02, 476, 1.79468
FILLER_0_170_679, 323.02, 476, 1.79468
FILLER_0_171_702, 323.02, 476, 1.79468
FILLER_0_172_701, 323.02, 476, 1.79468
_12450_, 348.02, 476, 1.79462
_12517_, 348.02, 476, 1.79462
_12527_, 348.02, 476, 1.79462
_12529_, 348.02, 476, 1.79462
_12531_, 348.02, 476, 1.79462
_17365_, 348.02, 476, 1.79462
FILLER_0_170_741, 348.02, 476, 1.79462
FILLER_0_172_750, 348.02, 476, 1.79462
_12443_, 373.02, 476, 1.79457
_12444_, 373.02, 476, 1.79457
_19337_, 373.02, 476, 1.79457
FILLER_0_172_806, 373.02, 476, 1.79457
_12427_, 398.02, 476, 1.79453
_12430_, 398.02, 476, 1.79453
_12436_, 398.02, 476, 1.79453
_12542_, 398.02, 476, 1.79453
_12543_, 398.02, 476, 1.79453
_12544_, 398.02, 476, 1.79453
_12545_, 398.02, 476, 1.79453
_12546_, 398.02, 476, 1.79453
_19334_, 398.02, 476, 1.79453
FILLER_0_170_840, 398.02, 476, 1.79453
FILLER_0_172_863, 398.02, 476, 1.79453
_19307_, 423.02, 476, 1.79451
FILLER_0_171_921, 423.02, 476, 1.79451
FILLER_0_172_916, 423.02, 476, 1.79451
_17328_, 448.02, 476, 1.79448
_19305_, 448.02, 476, 1.79448
clkbuf_leaf_101_i_clk, 448.02, 476, 1.79448
FILLER_0_170_952, 448.02, 476, 1.79448
FILLER_0_171_953, 448.02, 476, 1.79448
FILLER_0_172_969, 448.02, 476, 1.79448
FILLER_0_172_1029, 473.02, 476, 1.79449
PHY_336, 5.52, 470.56, 1.79539
PHY_338, 5.52, 470.56, 1.79539
PHY_337, 494.04, 470.56, 1.79449
PHY_339, 494.04, 470.56, 1.79449
FILLER_0_169_51, 23.02, 470.56, 1.79538
FILLER_0_169_105, 48.02, 470.56, 1.79537
FILLER_0_168_189, 98.02, 470.56, 1.79531
FILLER_0_168_245, 123.02, 470.56, 1.79526
FILLER_0_168_301, 148.02, 470.56, 1.79521
FILLER_0_168_357, 173.02, 470.56, 1.79514
_17285_, 198.02, 470.56, 1.79506
_18020_, 198.02, 470.56, 1.79506
_19587_, 198.02, 470.56, 1.79506
hold175, 198.02, 470.56, 1.79506
FILLER_0_169_405, 198.02, 470.56, 1.79506
_17305_, 223.02, 470.56, 1.79497
_19170_, 223.02, 470.56, 1.79497
hold67, 223.02, 470.56, 1.79497
FILLER_0_168_471, 223.02, 470.56, 1.79497
_12565_, 248.02, 470.56, 1.7949
_12569_, 248.02, 470.56, 1.7949
_17353_, 248.02, 470.56, 1.7949
FILLER_0_168_521, 248.02, 470.56, 1.7949
FILLER_0_169_529, 248.02, 470.56, 1.7949
FILLER_0_169_540, 248.02, 470.56, 1.7949
FILLER_0_170_529, 248.02, 470.56, 1.7949
_12412_, 273.02, 470.56, 1.79482
_13056_, 273.02, 470.56, 1.79482
_17352_, 273.02, 470.56, 1.79482
_19330_, 273.02, 470.56, 1.79482
FILLER_0_168_572, 273.02, 470.56, 1.79482
FILLER_0_169_593, 273.02, 470.56, 1.79482
FILLER_0_170_582, 273.02, 470.56, 1.79482
_12553_, 298.02, 470.56, 1.79475
_19333_, 298.02, 470.56, 1.79475
hold370, 298.02, 470.56, 1.79475
FILLER_0_168_631, 298.02, 470.56, 1.79475
_13059_, 323.02, 470.56, 1.79468
_17124_, 323.02, 470.56, 1.79468
clkbuf_leaf_91_i_clk, 323.02, 470.56, 1.79468
FILLER_0_170_697, 323.02, 470.56, 1.79468
_12445_, 348.02, 470.56, 1.79462
_12448_, 348.02, 470.56, 1.79462
_12449_, 348.02, 470.56, 1.79462
_12451_, 348.02, 470.56, 1.79462
_12518_, 348.02, 470.56, 1.79462
_12519_, 348.02, 470.56, 1.79462
_12520_, 348.02, 470.56, 1.79462
_12521_, 348.02, 470.56, 1.79462
_12523_, 348.02, 470.56, 1.79462
FILLER_0_169_736, 348.02, 470.56, 1.79462
FILLER_0_169_749, 348.02, 470.56, 1.79462
FILLER_0_170_751, 348.02, 470.56, 1.79462
_12438_, 373.02, 470.56, 1.79458
_12539_, 373.02, 470.56, 1.79458
_17364_, 373.02, 470.56, 1.79458
FILLER_0_170_807, 373.02, 470.56, 1.79458
hold309, 398.02, 470.56, 1.79454
_17330_, 423.02, 470.56, 1.79451
hold371, 423.02, 470.56, 1.79451
FILLER_0_169_897, 423.02, 470.56, 1.79451
FILLER_0_170_921, 423.02, 470.56, 1.79451
_12655_, 448.02, 470.56, 1.7945
_12657_, 448.02, 470.56, 1.7945
FILLER_0_169_953, 448.02, 470.56, 1.7945
FILLER_0_169_961, 448.02, 470.56, 1.7945
_12663_, 473.02, 470.56, 1.79449
FILLER_0_168_1007, 473.02, 470.56, 1.79449
FILLER_0_170_1026, 473.02, 470.56, 1.79449
PHY_332, 5.52, 465.12, 1.79538
PHY_334, 5.52, 465.12, 1.79538
output64, 5.52, 465.12, 1.79538
PHY_333, 494.04, 465.12, 1.79448
PHY_335, 494.04, 465.12, 1.79448
output20, 494.04, 465.12, 1.79448
FILLER_0_167_49, 23.02, 465.12, 1.79538
FILLER_0_167_105, 48.02, 465.12, 1.79537
FILLER_0_166_189, 98.02, 465.12, 1.79531
FILLER_0_166_245, 123.02, 465.12, 1.79526
FILLER_0_166_301, 148.02, 465.12, 1.79521
FILLER_0_166_357, 173.02, 465.12, 1.79514
FILLER_0_167_373, 173.02, 465.12, 1.79514
FILLER_0_168_377, 173.02, 465.12, 1.79514
_17284_, 198.02, 465.12, 1.79505
_17296_, 198.02, 465.12, 1.79505
_17508_, 198.02, 465.12, 1.79505
_19278_, 198.02, 465.12, 1.79505
hold36, 198.02, 465.12, 1.79505
FILLER_0_167_418, 198.02, 465.12, 1.79505
_17522_, 223.02, 465.12, 1.79497
_19395_, 223.02, 465.12, 1.79497
_19402_, 223.02, 465.12, 1.79497
FILLER_0_167_465, 223.02, 465.12, 1.79497
FILLER_0_167_485, 223.02, 465.12, 1.79497
FILLER_0_168_486, 223.02, 465.12, 1.79497
_12381_, 248.02, 465.12, 1.7949
_12391_, 248.02, 465.12, 1.7949
_12405_, 248.02, 465.12, 1.7949
FILLER_0_166_515, 248.02, 465.12, 1.7949
FILLER_0_166_524, 248.02, 465.12, 1.7949
FILLER_0_167_532, 248.02, 465.12, 1.7949
FILLER_0_168_529, 248.02, 465.12, 1.7949
FILLER_0_168_533, 248.02, 465.12, 1.7949
_12578_, 273.02, 465.12, 1.79482
_13054_, 273.02, 465.12, 1.79482
_13068_, 273.02, 465.12, 1.79482
hold347, 273.02, 465.12, 1.79482
FILLER_0_167_568, 273.02, 465.12, 1.79482
FILLER_0_168_584, 273.02, 465.12, 1.79482
_17358_, 298.02, 465.12, 1.79476
_17359_, 298.02, 465.12, 1.79476
FILLER_0_167_646, 298.02, 465.12, 1.79476
_12530_, 323.02, 465.12, 1.79469
_17125_, 323.02, 465.12, 1.79469
hold132, 323.02, 465.12, 1.79469
FILLER_0_168_694, 323.02, 465.12, 1.79469
_12447_, 348.02, 465.12, 1.79463
_12522_, 348.02, 465.12, 1.79463
_12524_, 348.02, 465.12, 1.79463
_19341_, 348.02, 465.12, 1.79463
FILLER_0_166_744, 348.02, 465.12, 1.79463
FILLER_0_168_757, 348.02, 465.12, 1.79463
_12490_, 373.02, 465.12, 1.79458
_12744_, 373.02, 465.12, 1.79458
_12747_, 373.02, 465.12, 1.79458
_12846_, 373.02, 465.12, 1.79458
_12881_, 373.02, 465.12, 1.79458
_12882_, 373.02, 465.12, 1.79458
FILLER_0_167_799, 373.02, 465.12, 1.79458
FILLER_0_168_807, 373.02, 465.12, 1.79458
_12860_, 398.02, 465.12, 1.79453
_12862_, 398.02, 465.12, 1.79453
_12867_, 398.02, 465.12, 1.79453
_12868_, 398.02, 465.12, 1.79453
_12869_, 398.02, 465.12, 1.79453
_12875_, 398.02, 465.12, 1.79453
FILLER_0_167_862, 398.02, 465.12, 1.79453
FILLER_0_168_861, 398.02, 465.12, 1.79453
_12730_, 423.02, 465.12, 1.7945
_12859_, 423.02, 465.12, 1.7945
_12866_, 423.02, 465.12, 1.7945
_12873_, 423.02, 465.12, 1.7945
FILLER_0_168_916, 423.02, 465.12, 1.7945
_12652_, 448.02, 465.12, 1.79449
_12653_, 448.02, 465.12, 1.79449
_12656_, 448.02, 465.12, 1.79449
FILLER_0_166_956, 448.02, 465.12, 1.79449
FILLER_0_167_953, 448.02, 465.12, 1.79449
FILLER_0_168_962, 448.02, 465.12, 1.79449
FILLER_0_168_974, 448.02, 465.12, 1.79449
_12280_, 473.02, 465.12, 1.79448
_12659_, 473.02, 465.12, 1.79448
_12660_, 473.02, 465.12, 1.79448
_17325_, 473.02, 465.12, 1.79448
_19302_, 473.02, 465.12, 1.79448
FILLER_0_168_1017, 473.02, 465.12, 1.79448
FILLER_0_168_1028, 473.02, 465.12, 1.79448
PHY_328, 5.52, 459.68, 1.7954
PHY_330, 5.52, 459.68, 1.7954
PHY_329, 494.04, 459.68, 1.79449
PHY_331, 494.04, 459.68, 1.79449
FILLER_0_165_51, 23.02, 459.68, 1.79539
FILLER_0_165_105, 48.02, 459.68, 1.79538
FILLER_0_164_189, 98.02, 459.68, 1.79531
FILLER_0_164_245, 123.02, 459.68, 1.79527
FILLER_0_164_301, 148.02, 459.68, 1.79521
FILLER_0_164_357, 173.02, 459.68, 1.79514
FILLER_0_166_377, 173.02, 459.68, 1.79514
_17434_, 198.02, 459.68, 1.79506
_17435_, 198.02, 459.68, 1.79506
_19371_, 198.02, 459.68, 1.79506
hold37, 198.02, 459.68, 1.79506
hold159, 198.02, 459.68, 1.79506
FILLER_0_166_421, 198.02, 459.68, 1.79506
_19168_, 223.02, 459.68, 1.79499
hold188, 223.02, 459.68, 1.79499
FILLER_0_164_466, 223.02, 459.68, 1.79499
_12379_, 248.02, 459.68, 1.79491
_12380_, 248.02, 459.68, 1.79491
_12385_, 248.02, 459.68, 1.79491
_12387_, 248.02, 459.68, 1.79491
_12582_, 248.02, 459.68, 1.79491
FILLER_0_164_517, 248.02, 459.68, 1.79491
FILLER_0_166_533, 248.02, 459.68, 1.79491
_17351_, 273.02, 459.68, 1.79483
_19326_, 273.02, 459.68, 1.79483
_19331_, 273.02, 459.68, 1.79483
FILLER_0_165_569, 273.02, 459.68, 1.79483
_19186_, 298.02, 459.68, 1.79476
FILLER_0_165_629, 298.02, 459.68, 1.79476
FILLER_0_166_641, 298.02, 459.68, 1.79476
FILLER_0_166_645, 298.02, 459.68, 1.79476
_12512_, 323.02, 459.68, 1.79469
_12575_, 323.02, 459.68, 1.79469
FILLER_0_165_699, 323.02, 459.68, 1.79469
FILLER_0_166_692, 323.02, 459.68, 1.79469
_17367_, 348.02, 459.68, 1.79464
hold279, 348.02, 459.68, 1.79464
_12839_, 373.02, 459.68, 1.79458
_12840_, 373.02, 459.68, 1.79458
_12847_, 373.02, 459.68, 1.79458
_12888_, 373.02, 459.68, 1.79458
FILLER_0_165_801, 373.02, 459.68, 1.79458
_12861_, 398.02, 459.68, 1.79454
_12874_, 398.02, 459.68, 1.79454
_12876_, 398.02, 459.68, 1.79454
FILLER_0_165_857, 398.02, 459.68, 1.79454
FILLER_0_166_865, 398.02, 459.68, 1.79454
_12858_, 423.02, 459.68, 1.79451
_12865_, 423.02, 459.68, 1.79451
_12872_, 423.02, 459.68, 1.79451
FILLER_0_165_897, 423.02, 459.68, 1.79451
FILLER_0_166_914, 423.02, 459.68, 1.79451
_12281_, 448.02, 459.68, 1.79449
_12282_, 448.02, 459.68, 1.79449
_12283_, 448.02, 459.68, 1.79449
_12285_, 448.02, 459.68, 1.79449
_12286_, 448.02, 459.68, 1.79449
_12291_, 448.02, 459.68, 1.79449
_17324_, 448.02, 459.68, 1.79449
FILLER_0_165_949, 448.02, 459.68, 1.79449
FILLER_0_165_965, 448.02, 459.68, 1.79449
_12658_, 473.02, 459.68, 1.79448
_12661_, 473.02, 459.68, 1.79448
_19303_, 473.02, 459.68, 1.79448
FILLER_0_165_1015, 473.02, 459.68, 1.79448
FILLER_0_166_1019, 473.02, 459.68, 1.79448
PHY_324, 5.52, 454.24, 1.7954
PHY_326, 5.52, 454.24, 1.7954
PHY_325, 494.04, 454.24, 1.79448
PHY_327, 494.04, 454.24, 1.79448
FILLER_0_162_1056, 494.04, 454.24, 1.79448
FILLER_0_163_51, 23.02, 454.24, 1.7954
FILLER_0_163_105, 48.02, 454.24, 1.79538
FILLER_0_162_189, 98.02, 454.24, 1.79532
FILLER_0_162_245, 123.02, 454.24, 1.79527
FILLER_0_162_301, 148.02, 454.24, 1.79522
FILLER_0_162_357, 173.02, 454.24, 1.79515
_17509_, 198.02, 454.24, 1.79506
_17510_, 198.02, 454.24, 1.79506
_19399_, 198.02, 454.24, 1.79506
hold83, 198.02, 454.24, 1.79506
_17204_, 223.02, 454.24, 1.79498
_17517_, 223.02, 454.24, 1.79498
_18029_, 223.02, 454.24, 1.79498
hold8, 223.02, 454.24, 1.79498
hold201, 223.02, 454.24, 1.79498
FILLER_0_164_486, 223.02, 454.24, 1.79498
_12382_, 248.02, 454.24, 1.79491
_12389_, 248.02, 454.24, 1.79491
_12581_, 248.02, 454.24, 1.79491
_12583_, 248.02, 454.24, 1.79491
_12584_, 248.02, 454.24, 1.79491
_12585_, 248.02, 454.24, 1.79491
_12586_, 248.02, 454.24, 1.79491
FILLER_0_163_538, 248.02, 454.24, 1.79491
_12592_, 273.02, 454.24, 1.79483
FILLER_0_162_580, 273.02, 454.24, 1.79483
FILLER_0_164_583, 273.02, 454.24, 1.79483
_17128_, 298.02, 454.24, 1.79476
_17345_, 298.02, 454.24, 1.79476
_19187_, 298.02, 454.24, 1.79476
FILLER_0_163_640, 298.02, 454.24, 1.79476
FILLER_0_164_637, 298.02, 454.24, 1.79476
_12461_, 323.02, 454.24, 1.79468
_12462_, 323.02, 454.24, 1.79468
_12464_, 323.02, 454.24, 1.79468
_12502_, 323.02, 454.24, 1.79468
_12504_, 323.02, 454.24, 1.79468
_12507_, 323.02, 454.24, 1.79468
_12509_, 323.02, 454.24, 1.79468
_17372_, 323.02, 454.24, 1.79468
hold345, 323.02, 454.24, 1.79468
_12772_, 348.02, 454.24, 1.79462
hold287, 348.02, 454.24, 1.79462
FILLER_0_163_742, 348.02, 454.24, 1.79462
FILLER_0_163_753, 348.02, 454.24, 1.79462
FILLER_0_164_752, 348.02, 454.24, 1.79462
FILLER_0_164_757, 348.02, 454.24, 1.79462
_12883_, 373.02, 454.24, 1.79457
_12889_, 373.02, 454.24, 1.79457
_12890_, 373.02, 454.24, 1.79457
_12891_, 373.02, 454.24, 1.79457
FILLER_0_162_795, 373.02, 454.24, 1.79457
FILLER_0_163_797, 373.02, 454.24, 1.79457
FILLER_0_164_803, 373.02, 454.24, 1.79457
_12814_, 398.02, 454.24, 1.79454
_12822_, 398.02, 454.24, 1.79454
FILLER_0_164_861, 398.02, 454.24, 1.79454
_12729_, 423.02, 454.24, 1.7945
_12880_, 423.02, 454.24, 1.7945
_17332_, 423.02, 454.24, 1.7945
_19309_, 423.02, 454.24, 1.7945
FILLER_0_164_917, 423.02, 454.24, 1.7945
_17331_, 448.02, 454.24, 1.79449
_12233_, 473.02, 454.24, 1.79447
_12277_, 473.02, 454.24, 1.79447
_12669_, 473.02, 454.24, 1.79447
_12670_, 473.02, 454.24, 1.79447
clkbuf_leaf_102_i_clk, 473.02, 454.24, 1.79447
FILLER_0_163_1009, 473.02, 454.24, 1.79447
FILLER_0_164_1029, 473.02, 454.24, 1.79447
PHY_320, 5.52, 448.8, 1.79541
PHY_322, 5.52, 448.8, 1.79541
PHY_321, 494.04, 448.8, 1.79448
PHY_323, 494.04, 448.8, 1.79448
FILLER_0_161_51, 23.02, 448.8, 1.7954
FILLER_0_161_105, 48.02, 448.8, 1.79539
FILLER_0_160_189, 98.02, 448.8, 1.79532
FILLER_0_160_245, 123.02, 448.8, 1.79528
FILLER_0_160_301, 148.02, 448.8, 1.79522
_19279_, 173.02, 448.8, 1.79514
FILLER_0_160_357, 173.02, 448.8, 1.79514
FILLER_0_162_377, 173.02, 448.8, 1.79514
_19396_, 198.02, 448.8, 1.79506
hold259, 198.02, 448.8, 1.79506
FILLER_0_160_416, 198.02, 448.8, 1.79506
FILLER_0_161_429, 198.02, 448.8, 1.79506
_19166_, 223.02, 448.8, 1.79498
_19167_, 223.02, 448.8, 1.79498
_19400_, 223.02, 448.8, 1.79498
FILLER_0_160_467, 223.02, 448.8, 1.79498
FILLER_0_162_477, 223.02, 448.8, 1.79498
_12384_, 248.02, 448.8, 1.79491
_12388_, 248.02, 448.8, 1.79491
_17346_, 248.02, 448.8, 1.79491
_17350_, 248.02, 448.8, 1.79491
_13077_, 273.02, 448.8, 1.79483
_17347_, 273.02, 448.8, 1.79483
_19322_, 273.02, 448.8, 1.79483
hold116, 273.02, 448.8, 1.79483
FILLER_0_161_568, 273.02, 448.8, 1.79483
_17344_, 298.02, 448.8, 1.79475
_19188_, 298.02, 448.8, 1.79475
clkbuf_leaf_90_i_clk, 298.02, 448.8, 1.79475
hold251, 298.02, 448.8, 1.79475
FILLER_0_161_640, 298.02, 448.8, 1.79475
FILLER_0_162_638, 298.02, 448.8, 1.79475
_12232_, 323.02, 448.8, 1.79469
_12468_, 323.02, 448.8, 1.79469
_12496_, 323.02, 448.8, 1.79469
_12508_, 323.02, 448.8, 1.79469
_19344_, 323.02, 448.8, 1.79469
FILLER_0_161_691, 323.02, 448.8, 1.79469
FILLER_0_162_695, 323.02, 448.8, 1.79469
_12741_, 348.02, 448.8, 1.79463
_12935_, 348.02, 448.8, 1.79463
_12941_, 348.02, 448.8, 1.79463
FILLER_0_160_734, 348.02, 448.8, 1.79463
FILLER_0_161_733, 348.02, 448.8, 1.79463
FILLER_0_161_741, 348.02, 448.8, 1.79463
FILLER_0_162_745, 348.02, 448.8, 1.79463
FILLER_0_162_753, 348.02, 448.8, 1.79463
_12748_, 373.02, 448.8, 1.79458
_12816_, 373.02, 448.8, 1.79458
_12817_, 373.02, 448.8, 1.79458
_12818_, 373.02, 448.8, 1.79458
_12813_, 398.02, 448.8, 1.79453
_12823_, 398.02, 448.8, 1.79453
_12827_, 398.02, 448.8, 1.79453
_19311_, 398.02, 448.8, 1.79453
FILLER_0_161_857, 398.02, 448.8, 1.79453
FILLER_0_162_863, 398.02, 448.8, 1.79453
_12640_, 423.02, 448.8, 1.7945
_12879_, 423.02, 448.8, 1.7945
_12886_, 423.02, 448.8, 1.7945
_12894_, 423.02, 448.8, 1.7945
_12895_, 423.02, 448.8, 1.7945
FILLER_0_161_897, 423.02, 448.8, 1.7945
FILLER_0_161_913, 423.02, 448.8, 1.7945
FILLER_0_161_921, 423.02, 448.8, 1.7945
FILLER_0_162_914, 423.02, 448.8, 1.7945
_17313_, 448.02, 448.8, 1.79447
_19301_, 448.02, 448.8, 1.79447
clkbuf_leaf_100_i_clk, 448.02, 448.8, 1.79447
FILLER_0_161_953, 448.02, 448.8, 1.79447
_12276_, 473.02, 448.8, 1.79447
_17322_, 473.02, 448.8, 1.79447
_19300_, 473.02, 448.8, 1.79447
FILLER_0_160_1005, 473.02, 448.8, 1.79447
PHY_316, 5.52, 443.36, 1.79541
PHY_318, 5.52, 443.36, 1.79541
PHY_317, 494.04, 443.36, 1.79449
PHY_319, 494.04, 443.36, 1.79449
FILLER_0_159_51, 23.02, 443.36, 1.79541
FILLER_0_159_105, 48.02, 443.36, 1.79539
FILLER_0_158_189, 98.02, 443.36, 1.79533
FILLER_0_158_245, 123.02, 443.36, 1.79528
FILLER_0_158_301, 148.02, 443.36, 1.79523
FILLER_0_158_357, 173.02, 443.36, 1.79516
FILLER_0_160_377, 173.02, 443.36, 1.79516
_17303_, 198.02, 443.36, 1.79508
_17447_, 198.02, 443.36, 1.79508
_18032_, 198.02, 443.36, 1.79508
_19284_, 198.02, 443.36, 1.79508
_19593_, 198.02, 443.36, 1.79508
FILLER_0_158_407, 198.02, 443.36, 1.79508
FILLER_0_159_405, 198.02, 443.36, 1.79508
_17513_, 223.02, 443.36, 1.79498
_19401_, 223.02, 443.36, 1.79498
hold22, 223.02, 443.36, 1.79498
hold75, 223.02, 443.36, 1.79498
_12371_, 248.02, 443.36, 1.79491
_12372_, 248.02, 443.36, 1.79491
_17349_, 248.02, 443.36, 1.79491
hold102, 248.02, 443.36, 1.79491
_19164_, 273.02, 443.36, 1.79484
hold115, 273.02, 443.36, 1.79484
hold203, 273.02, 443.36, 1.79484
FILLER_0_158_569, 273.02, 443.36, 1.79484
FILLER_0_159_569, 273.02, 443.36, 1.79484
FILLER_0_160_585, 273.02, 443.36, 1.79484
FILLER_0_160_589, 273.02, 443.36, 1.79484
_19189_, 298.02, 443.36, 1.79477
hold148, 298.02, 443.36, 1.79477
FILLER_0_158_635, 298.02, 443.36, 1.79477
FILLER_0_160_637, 298.02, 443.36, 1.79477
FILLER_0_160_645, 298.02, 443.36, 1.79477
_12471_, 323.02, 443.36, 1.7947
_12497_, 323.02, 443.36, 1.7947
_12498_, 323.02, 443.36, 1.7947
FILLER_0_159_699, 323.02, 443.36, 1.7947
FILLER_0_160_692, 323.02, 443.36, 1.7947
FILLER_0_160_701, 323.02, 443.36, 1.7947
_12740_, 348.02, 443.36, 1.79463
_12934_, 348.02, 443.36, 1.79463
_12942_, 348.02, 443.36, 1.79463
_12949_, 348.02, 443.36, 1.79463
FILLER_0_159_741, 348.02, 443.36, 1.79463
_12749_, 373.02, 443.36, 1.79457
_12807_, 373.02, 443.36, 1.79457
_12808_, 373.02, 443.36, 1.79457
_12809_, 373.02, 443.36, 1.79457
FILLER_0_159_794, 373.02, 443.36, 1.79457
FILLER_0_160_805, 373.02, 443.36, 1.79457
_12833_, 398.02, 443.36, 1.79454
FILLER_0_160_865, 398.02, 443.36, 1.79454
_12912_, 423.02, 443.36, 1.79451
FILLER_0_158_898, 423.02, 443.36, 1.79451
FILLER_0_160_919, 423.02, 443.36, 1.79451
_13168_, 448.02, 443.36, 1.79449
_17085_, 448.02, 443.36, 1.79449
_19147_, 448.02, 443.36, 1.79449
_19148_, 448.02, 443.36, 1.79449
FILLER_0_159_953, 448.02, 443.36, 1.79449
FILLER_0_159_965, 448.02, 443.36, 1.79449
FILLER_0_160_969, 448.02, 443.36, 1.79449
_12274_, 473.02, 443.36, 1.79449
_12673_, 473.02, 443.36, 1.79449
FILLER_0_158_1016, 473.02, 443.36, 1.79449
FILLER_0_159_1004, 473.02, 443.36, 1.79449
FILLER_0_159_1009, 473.02, 443.36, 1.79449
FILLER_0_159_1023, 473.02, 443.36, 1.79449
PHY_312, 5.52, 437.92, 1.79542
PHY_314, 5.52, 437.92, 1.79542
PHY_313, 494.04, 437.92, 1.79447
PHY_315, 494.04, 437.92, 1.79447
output42, 494.04, 437.92, 1.79447
FILLER_0_157_51, 23.02, 437.92, 1.79542
FILLER_0_157_105, 48.02, 437.92, 1.7954
FILLER_0_156_189, 98.02, 437.92, 1.79534
FILLER_0_156_245, 123.02, 437.92, 1.79529
FILLER_0_156_301, 148.02, 437.92, 1.79523
_19280_, 173.02, 437.92, 1.79516
FILLER_0_156_357, 173.02, 437.92, 1.79516
FILLER_0_157_361, 173.02, 437.92, 1.79516
_17438_, 198.02, 437.92, 1.79508
_17446_, 198.02, 437.92, 1.79508
_18031_, 198.02, 437.92, 1.79508
_19377_, 198.02, 437.92, 1.79508
hold193, 198.02, 437.92, 1.79508
FILLER_0_156_417, 198.02, 437.92, 1.79508
FILLER_0_157_417, 198.02, 437.92, 1.79508
_17440_, 223.02, 437.92, 1.79501
_18026_, 223.02, 437.92, 1.79501
_19397_, 223.02, 437.92, 1.79501
hold222, 223.02, 437.92, 1.79501
FILLER_0_158_473, 223.02, 437.92, 1.79501
FILLER_0_158_485, 223.02, 437.92, 1.79501
_19323_, 248.02, 437.92, 1.79493
_19449_, 248.02, 437.92, 1.79493
FILLER_0_158_533, 248.02, 437.92, 1.79493
_17094_, 273.02, 437.92, 1.79485
_17103_, 273.02, 437.92, 1.79485
_17104_, 273.02, 437.92, 1.79485
_19163_, 273.02, 437.92, 1.79485
FILLER_0_156_580, 273.02, 437.92, 1.79485
_12356_, 298.02, 437.92, 1.79477
_12593_, 298.02, 437.92, 1.79477
_12601_, 298.02, 437.92, 1.79477
_19190_, 298.02, 437.92, 1.79477
hold291, 298.02, 437.92, 1.79477
FILLER_0_157_635, 298.02, 437.92, 1.79477
FILLER_0_158_645, 298.02, 437.92, 1.79477
_12469_, 323.02, 437.92, 1.7947
_12470_, 323.02, 437.92, 1.7947
_12493_, 323.02, 437.92, 1.7947
_12494_, 323.02, 437.92, 1.7947
_12495_, 323.02, 437.92, 1.7947
_12500_, 323.02, 437.92, 1.7947
_19347_, 323.02, 437.92, 1.7947
FILLER_0_156_686, 323.02, 437.92, 1.7947
FILLER_0_158_701, 323.02, 437.92, 1.7947
_12948_, 348.02, 437.92, 1.79463
_12955_, 348.02, 437.92, 1.79463
_12956_, 348.02, 437.92, 1.79463
_12962_, 348.02, 437.92, 1.79463
_12963_, 348.02, 437.92, 1.79463
_12970_, 348.02, 437.92, 1.79463
FILLER_0_156_737, 348.02, 437.92, 1.79463
FILLER_0_158_746, 348.02, 437.92, 1.79463
FILLER_0_158_753, 348.02, 437.92, 1.79463
_12800_, 373.02, 437.92, 1.79457
_12802_, 373.02, 437.92, 1.79457
_12836_, 373.02, 437.92, 1.79457
FILLER_0_157_797, 373.02, 437.92, 1.79457
FILLER_0_158_807, 373.02, 437.92, 1.79457
_12329_, 398.02, 437.92, 1.79453
hold228, 398.02, 437.92, 1.79453
FILLER_0_157_841, 398.02, 437.92, 1.79453
FILLER_0_158_864, 398.02, 437.92, 1.79453
_12728_, 423.02, 437.92, 1.79449
_12903_, 423.02, 437.92, 1.79449
_12904_, 423.02, 437.92, 1.79449
_12918_, 423.02, 437.92, 1.79449
_12919_, 423.02, 437.92, 1.79449
FILLER_0_157_897, 423.02, 437.92, 1.79449
FILLER_0_158_915, 423.02, 437.92, 1.79449
_13161_, 448.02, 437.92, 1.79448
_13162_, 448.02, 437.92, 1.79448
_13163_, 448.02, 437.92, 1.79448
_13166_, 448.02, 437.92, 1.79448
_13167_, 448.02, 437.92, 1.79448
_17086_, 448.02, 437.92, 1.79448
_12672_, 473.02, 437.92, 1.79447
_12678_, 473.02, 437.92, 1.79447
_19298_, 473.02, 437.92, 1.79447
hold219, 473.02, 437.92, 1.79447
FILLER_0_157_1009, 473.02, 437.92, 1.79447
FILLER_0_158_1027, 473.02, 437.92, 1.79447
PHY_308, 5.52, 432.48, 1.79543
PHY_310, 5.52, 432.48, 1.79543
output14, 5.52, 432.48, 1.79543
PHY_309, 494.04, 432.48, 1.79448
PHY_311, 494.04, 432.48, 1.79448
FILLER_0_155_51, 23.02, 432.48, 1.79542
FILLER_0_155_105, 48.02, 432.48, 1.79541
FILLER_0_154_189, 98.02, 432.48, 1.79535
FILLER_0_154_245, 123.02, 432.48, 1.7953
FILLER_0_154_301, 148.02, 432.48, 1.79525
_17291_, 173.02, 432.48, 1.79518
FILLER_0_154_357, 173.02, 432.48, 1.79518
FILLER_0_155_373, 173.02, 432.48, 1.79518
FILLER_0_156_365, 173.02, 432.48, 1.79518
_17302_, 198.02, 432.48, 1.7951
hold240, 198.02, 432.48, 1.7951
FILLER_0_154_413, 198.02, 432.48, 1.7951
FILLER_0_156_432, 198.02, 432.48, 1.7951
_17514_, 223.02, 432.48, 1.79501
_19398_, 223.02, 432.48, 1.79501
hold76, 223.02, 432.48, 1.79501
FILLER_0_154_466, 223.02, 432.48, 1.79501
FILLER_0_155_469, 223.02, 432.48, 1.79501
FILLER_0_155_485, 223.02, 432.48, 1.79501
FILLER_0_156_473, 223.02, 432.48, 1.79501
FILLER_0_156_477, 223.02, 432.48, 1.79501
_17410_, 248.02, 432.48, 1.79494
_17411_, 248.02, 432.48, 1.79494
_17626_, 248.02, 432.48, 1.79494
_19361_, 248.02, 432.48, 1.79494
hold229, 248.02, 432.48, 1.79494
_13078_, 273.02, 432.48, 1.79485
_17102_, 273.02, 432.48, 1.79485
_19162_, 273.02, 432.48, 1.79485
clkbuf_leaf_87_i_clk, 273.02, 432.48, 1.79485
FILLER_0_154_574, 273.02, 432.48, 1.79485
_12357_, 298.02, 432.48, 1.79477
_12358_, 298.02, 432.48, 1.79477
_12602_, 298.02, 432.48, 1.79477
_19318_, 298.02, 432.48, 1.79477
FILLER_0_154_631, 298.02, 432.48, 1.79477
_12231_, 323.02, 432.48, 1.7947
_12472_, 323.02, 432.48, 1.7947
_12473_, 323.02, 432.48, 1.7947
FILLER_0_154_682, 323.02, 432.48, 1.7947
FILLER_0_155_681, 323.02, 432.48, 1.7947
FILLER_0_155_703, 323.02, 432.48, 1.7947
_12969_, 348.02, 432.48, 1.79464
FILLER_0_156_750, 348.02, 432.48, 1.79464
_12792_, 373.02, 432.48, 1.79458
_17178_, 373.02, 432.48, 1.79458
FILLER_0_155_804, 373.02, 432.48, 1.79458
FILLER_0_155_812, 373.02, 432.48, 1.79458
FILLER_0_156_803, 373.02, 432.48, 1.79458
_12624_, 398.02, 432.48, 1.79453
_12626_, 398.02, 432.48, 1.79453
_12628_, 398.02, 432.48, 1.79453
_12629_, 398.02, 432.48, 1.79453
_17336_, 398.02, 432.48, 1.79453
FILLER_0_154_846, 398.02, 432.48, 1.79453
FILLER_0_155_855, 398.02, 432.48, 1.79453
FILLER_0_156_858, 398.02, 432.48, 1.79453
_12911_, 423.02, 432.48, 1.79451
FILLER_0_154_905, 423.02, 432.48, 1.79451
FILLER_0_156_913, 423.02, 432.48, 1.79451
FILLER_0_156_921, 423.02, 432.48, 1.79451
_12271_, 473.02, 432.48, 1.79448
_17320_, 473.02, 432.48, 1.79448
FILLER_0_155_1009, 473.02, 432.48, 1.79448
FILLER_0_155_1019, 473.02, 432.48, 1.79448
FILLER_0_156_1027, 473.02, 432.48, 1.79448
PHY_304, 5.52, 427.04, 1.79544
PHY_306, 5.52, 427.04, 1.79544
PHY_305, 494.04, 427.04, 1.79448
PHY_307, 494.04, 427.04, 1.79448
FILLER_0_153_51, 23.02, 427.04, 1.79544
FILLER_0_153_105, 48.02, 427.04, 1.79542
FILLER_0_152_189, 98.02, 427.04, 1.79536
FILLER_0_152_245, 123.02, 427.04, 1.79531
FILLER_0_152_253, 123.02, 427.04, 1.79531
_16963_, 148.02, 427.04, 1.79525
_19038_, 148.02, 427.04, 1.79525
FILLER_0_152_299, 148.02, 427.04, 1.79525
_19364_, 173.02, 427.04, 1.79517
clkbuf_leaf_58_i_clk, 173.02, 427.04, 1.79517
FILLER_0_153_373, 173.02, 427.04, 1.79517
_17255_, 198.02, 427.04, 1.7951
_17417_, 198.02, 427.04, 1.7951
_17487_, 198.02, 427.04, 1.7951
_19363_, 198.02, 427.04, 1.7951
hold12, 198.02, 427.04, 1.7951
FILLER_0_153_410, 198.02, 427.04, 1.7951
FILLER_0_154_421, 198.02, 427.04, 1.7951
_17502_, 223.02, 427.04, 1.79501
_17504_, 223.02, 427.04, 1.79501
hold5, 223.02, 427.04, 1.79501
hold15, 223.02, 427.04, 1.79501
_17560_, 248.02, 427.04, 1.79494
_19417_, 248.02, 427.04, 1.79494
hold55, 248.02, 427.04, 1.79494
hold56, 248.02, 427.04, 1.79494
FILLER_0_152_517, 248.02, 427.04, 1.79494
FILLER_0_153_539, 248.02, 427.04, 1.79494
FILLER_0_154_529, 248.02, 427.04, 1.79494
_17101_, 273.02, 427.04, 1.79485
_17460_, 273.02, 427.04, 1.79485
_17551_, 273.02, 427.04, 1.79485
_17552_, 273.02, 427.04, 1.79485
hold20, 273.02, 427.04, 1.79485
hold119, 273.02, 427.04, 1.79485
hold253, 273.02, 427.04, 1.79485
FILLER_0_153_572, 273.02, 427.04, 1.79485
FILLER_0_153_586, 273.02, 427.04, 1.79485
_17133_, 298.02, 427.04, 1.79479
_17342_, 298.02, 427.04, 1.79479
_19191_, 298.02, 427.04, 1.79479
_12474_, 323.02, 427.04, 1.79471
_12489_, 323.02, 427.04, 1.79471
_12491_, 323.02, 427.04, 1.79471
hold340, 323.02, 427.04, 1.79471
_12936_, 348.02, 427.04, 1.79463
_12988_, 348.02, 427.04, 1.79463
_12989_, 348.02, 427.04, 1.79463
FILLER_0_153_746, 348.02, 427.04, 1.79463
FILLER_0_154_746, 348.02, 427.04, 1.79463
_12793_, 373.02, 427.04, 1.79457
FILLER_0_154_808, 373.02, 427.04, 1.79457
_12325_, 398.02, 427.04, 1.79452
_12326_, 398.02, 427.04, 1.79452
_12327_, 398.02, 427.04, 1.79452
_12328_, 398.02, 427.04, 1.79452
_12332_, 398.02, 427.04, 1.79452
_12625_, 398.02, 427.04, 1.79452
_12627_, 398.02, 427.04, 1.79452
hold194, 398.02, 427.04, 1.79452
FILLER_0_153_866, 398.02, 427.04, 1.79452
FILLER_0_154_864, 398.02, 427.04, 1.79452
_12727_, 423.02, 427.04, 1.79449
_12926_, 423.02, 427.04, 1.79449
_12940_, 423.02, 427.04, 1.79449
_13146_, 423.02, 427.04, 1.79449
_19152_, 423.02, 427.04, 1.79449
FILLER_0_154_917, 423.02, 427.04, 1.79449
_17315_, 448.02, 427.04, 1.79448
_19293_, 448.02, 427.04, 1.79448
FILLER_0_152_953, 448.02, 427.04, 1.79448
FILLER_0_152_961, 448.02, 427.04, 1.79448
FILLER_0_153_953, 448.02, 427.04, 1.79448
FILLER_0_154_963, 448.02, 427.04, 1.79448
FILLER_0_154_975, 448.02, 427.04, 1.79448
_12269_, 473.02, 427.04, 1.79448
_12683_, 473.02, 427.04, 1.79448
_12684_, 473.02, 427.04, 1.79448
_12688_, 473.02, 427.04, 1.79448
hold330, 473.02, 427.04, 1.79448
FILLER_0_153_1004, 473.02, 427.04, 1.79448
FILLER_0_153_1009, 473.02, 427.04, 1.79448
FILLER_0_154_1024, 473.02, 427.04, 1.79448
PHY_300, 5.52, 421.6, 1.79545
PHY_302, 5.52, 421.6, 1.79545
PHY_301, 494.04, 421.6, 1.79448
PHY_303, 494.04, 421.6, 1.79448
FILLER_0_151_51, 23.02, 421.6, 1.79545
FILLER_0_151_105, 48.02, 421.6, 1.79543
FILLER_0_150_189, 98.02, 421.6, 1.79537
_13528_, 123.02, 421.6, 1.79531
_16965_, 123.02, 421.6, 1.79531
_19041_, 123.02, 421.6, 1.79531
FILLER_0_150_245, 123.02, 421.6, 1.79531
FILLER_0_150_253, 123.02, 421.6, 1.79531
_13533_, 148.02, 421.6, 1.79525
_13534_, 148.02, 421.6, 1.79525
_16964_, 148.02, 421.6, 1.79525
FILLER_0_150_299, 148.02, 421.6, 1.79525
FILLER_0_150_309, 148.02, 421.6, 1.79525
FILLER_0_151_306, 148.02, 421.6, 1.79525
FILLER_0_151_322, 148.02, 421.6, 1.79525
_13537_, 173.02, 421.6, 1.79518
_13676_, 173.02, 421.6, 1.79518
_17419_, 173.02, 421.6, 1.79518
_17489_, 173.02, 421.6, 1.79518
_19388_, 173.02, 421.6, 1.79518
FILLER_0_150_351, 173.02, 421.6, 1.79518
FILLER_0_150_360, 173.02, 421.6, 1.79518
FILLER_0_151_366, 173.02, 421.6, 1.79518
FILLER_0_152_365, 173.02, 421.6, 1.79518
_17523_, 198.02, 421.6, 1.79511
_19270_, 198.02, 421.6, 1.79511
_19387_, 198.02, 421.6, 1.79511
FILLER_0_150_409, 198.02, 421.6, 1.79511
FILLER_0_150_417, 198.02, 421.6, 1.79511
_19357_, 223.02, 421.6, 1.79503
_19403_, 223.02, 421.6, 1.79503
hold170, 223.02, 421.6, 1.79503
FILLER_0_152_477, 223.02, 421.6, 1.79503
_17559_, 248.02, 421.6, 1.79495
_17634_, 248.02, 421.6, 1.79495
_19433_, 248.02, 421.6, 1.79495
hold158, 248.02, 421.6, 1.79495
FILLER_0_150_527, 248.02, 421.6, 1.79495
_17467_, 273.02, 421.6, 1.79487
_17468_, 273.02, 421.6, 1.79487
_17637_, 273.02, 421.6, 1.79487
_17638_, 273.02, 421.6, 1.79487
_19382_, 273.02, 421.6, 1.79487
_19454_, 273.02, 421.6, 1.79487
FILLER_0_150_572, 273.02, 421.6, 1.79487
_12342_, 298.02, 421.6, 1.79479
_12343_, 298.02, 421.6, 1.79479
_12349_, 298.02, 421.6, 1.79479
_17341_, 298.02, 421.6, 1.79479
hold221, 298.02, 421.6, 1.79479
FILLER_0_150_626, 298.02, 421.6, 1.79479
FILLER_0_151_638, 298.02, 421.6, 1.79479
FILLER_0_151_645, 298.02, 421.6, 1.79479
FILLER_0_152_636, 298.02, 421.6, 1.79479
_12476_, 323.02, 421.6, 1.79471
_12481_, 323.02, 421.6, 1.79471
_12487_, 323.02, 421.6, 1.79471
_17376_, 323.02, 421.6, 1.79471
_19348_, 323.02, 421.6, 1.79471
FILLER_0_150_678, 323.02, 421.6, 1.79471
_12754_, 348.02, 421.6, 1.79464
_12755_, 348.02, 421.6, 1.79464
_12768_, 348.02, 421.6, 1.79464
FILLER_0_151_748, 348.02, 421.6, 1.79464
FILLER_0_151_758, 348.02, 421.6, 1.79464
FILLER_0_152_746, 348.02, 421.6, 1.79464
FILLER_0_152_757, 348.02, 421.6, 1.79464
_12782_, 373.02, 421.6, 1.79456
_19231_, 373.02, 421.6, 1.79456
FILLER_0_151_797, 373.02, 421.6, 1.79456
FILLER_0_152_808, 373.02, 421.6, 1.79456
_12322_, 398.02, 421.6, 1.79452
_12323_, 398.02, 421.6, 1.79452
_12324_, 398.02, 421.6, 1.79452
_12330_, 398.02, 421.6, 1.79452
_17337_, 398.02, 421.6, 1.79452
_19313_, 398.02, 421.6, 1.79452
_12925_, 423.02, 421.6, 1.79449
_12932_, 423.02, 421.6, 1.79449
_12939_, 423.02, 421.6, 1.79449
_13145_, 423.02, 421.6, 1.79449
FILLER_0_151_897, 423.02, 421.6, 1.79449
_12253_, 448.02, 421.6, 1.79448
_12694_, 448.02, 421.6, 1.79448
_12700_, 448.02, 421.6, 1.79448
_12701_, 448.02, 421.6, 1.79448
_12706_, 448.02, 421.6, 1.79448
_12708_, 448.02, 421.6, 1.79448
FILLER_0_151_965, 448.02, 421.6, 1.79448
_12235_, 473.02, 421.6, 1.79447
_12258_, 473.02, 421.6, 1.79447
_12654_, 473.02, 421.6, 1.79447
_12691_, 473.02, 421.6, 1.79447
_12692_, 473.02, 421.6, 1.79447
_19295_, 473.02, 421.6, 1.79447
hold335, 473.02, 421.6, 1.79447
PHY_296, 5.52, 416.16, 1.79546
PHY_298, 5.52, 416.16, 1.79546
PHY_297, 494.04, 416.16, 1.79449
PHY_299, 494.04, 416.16, 1.79449
FILLER_0_149_1054, 494.04, 416.16, 1.79449
FILLER_0_149_51, 23.02, 416.16, 1.79546
FILLER_0_149_105, 48.02, 416.16, 1.79544
FILLER_0_148_189, 98.02, 416.16, 1.79538
_09839_, 123.02, 416.16, 1.79532
_12075_, 123.02, 416.16, 1.79532
_13529_, 123.02, 416.16, 1.79532
_13665_, 123.02, 416.16, 1.79532
_13666_, 123.02, 416.16, 1.79532
_18977_, 123.02, 416.16, 1.79532
FILLER_0_149_254, 123.02, 416.16, 1.79532
_13672_, 148.02, 416.16, 1.79527
_16893_, 148.02, 416.16, 1.79527
_18974_, 148.02, 416.16, 1.79527
FILLER_0_148_302, 148.02, 416.16, 1.79527
FILLER_0_150_318, 148.02, 416.16, 1.79527
_16890_, 173.02, 416.16, 1.7952
_18972_, 173.02, 416.16, 1.7952
FILLER_0_148_354, 173.02, 416.16, 1.7952
FILLER_0_150_377, 173.02, 416.16, 1.7952
_17486_, 198.02, 416.16, 1.79513
hold174, 198.02, 416.16, 1.79513
hold224, 198.02, 416.16, 1.79513
FILLER_0_148_417, 198.02, 416.16, 1.79513
FILLER_0_149_423, 198.02, 416.16, 1.79513
FILLER_0_150_421, 198.02, 416.16, 1.79513
_17398_, 223.02, 416.16, 1.79504
_17399_, 223.02, 416.16, 1.79504
_17584_, 223.02, 416.16, 1.79504
_17585_, 223.02, 416.16, 1.79504
_17618_, 223.02, 416.16, 1.79504
_17619_, 223.02, 416.16, 1.79504
_19445_, 223.02, 416.16, 1.79504
FILLER_0_148_468, 223.02, 416.16, 1.79504
_17553_, 248.02, 416.16, 1.79495
_17554_, 248.02, 416.16, 1.79495
_17592_, 248.02, 416.16, 1.79495
_17593_, 248.02, 416.16, 1.79495
FILLER_0_149_514, 248.02, 416.16, 1.79495
FILLER_0_150_539, 248.02, 416.16, 1.79495
_17569_, 273.02, 416.16, 1.79486
_17570_, 273.02, 416.16, 1.79486
_19438_, 273.02, 416.16, 1.79486
hold62, 273.02, 416.16, 1.79486
hold192, 273.02, 416.16, 1.79486
FILLER_0_148_569, 273.02, 416.16, 1.79486
_12351_, 298.02, 416.16, 1.79477
_12611_, 298.02, 416.16, 1.79477
_12612_, 298.02, 416.16, 1.79477
_12614_, 298.02, 416.16, 1.79477
hold282, 298.02, 416.16, 1.79477
_12334_, 323.02, 416.16, 1.79471
_12338_, 323.02, 416.16, 1.79471
_12339_, 323.02, 416.16, 1.79471
_12571_, 323.02, 416.16, 1.79471
_12619_, 323.02, 416.16, 1.79471
_12621_, 323.02, 416.16, 1.79471
hold314, 323.02, 416.16, 1.79471
FILLER_0_149_688, 323.02, 416.16, 1.79471
_12759_, 348.02, 416.16, 1.79463
_12767_, 348.02, 416.16, 1.79463
_12769_, 348.02, 416.16, 1.79463
_12773_, 348.02, 416.16, 1.79463
_12774_, 348.02, 416.16, 1.79463
FILLER_0_149_746, 348.02, 416.16, 1.79463
FILLER_0_150_753, 348.02, 416.16, 1.79463
_12795_, 373.02, 416.16, 1.79456
_12796_, 373.02, 416.16, 1.79456
_12812_, 373.02, 416.16, 1.79456
_19233_, 373.02, 416.16, 1.79456
_13130_, 398.02, 416.16, 1.7945
_13136_, 398.02, 416.16, 1.7945
_19154_, 398.02, 416.16, 1.7945
_19155_, 398.02, 416.16, 1.7945
FILLER_0_149_841, 398.02, 416.16, 1.7945
FILLER_0_149_852, 398.02, 416.16, 1.7945
_12954_, 423.02, 416.16, 1.79447
_12960_, 423.02, 416.16, 1.79447
_12693_, 448.02, 416.16, 1.79446
_12705_, 448.02, 416.16, 1.79446
_12707_, 448.02, 416.16, 1.79446
_12710_, 448.02, 416.16, 1.79446
_19292_, 448.02, 416.16, 1.79446
clkbuf_leaf_103_i_clk, 448.02, 416.16, 1.79446
FILLER_0_148_956, 448.02, 416.16, 1.79446
FILLER_0_150_963, 448.02, 416.16, 1.79446
FILLER_0_150_971, 448.02, 416.16, 1.79446
_12234_, 473.02, 416.16, 1.79448
_12265_, 473.02, 416.16, 1.79448
_12689_, 473.02, 416.16, 1.79448
_12690_, 473.02, 416.16, 1.79448
FILLER_0_149_1009, 473.02, 416.16, 1.79448
PHY_292, 5.52, 410.72, 1.79548
PHY_294, 5.52, 410.72, 1.79548
PHY_293, 494.04, 410.72, 1.79449
PHY_295, 494.04, 410.72, 1.79449
FILLER_0_147_51, 23.02, 410.72, 1.79547
FILLER_0_147_105, 48.02, 410.72, 1.79546
_13524_, 98.02, 410.72, 1.79539
FILLER_0_146_189, 98.02, 410.72, 1.79539
FILLER_0_146_197, 98.02, 410.72, 1.79539
_09779_, 123.02, 410.72, 1.79535
_14181_, 123.02, 410.72, 1.79535
_09859_, 148.02, 410.72, 1.79529
_09879_, 148.02, 410.72, 1.79529
_12095_, 148.02, 410.72, 1.79529
_13671_, 148.02, 410.72, 1.79529
FILLER_0_146_299, 148.02, 410.72, 1.79529
FILLER_0_147_312, 148.02, 410.72, 1.79529
FILLER_0_148_312, 148.02, 410.72, 1.79529
_09919_, 173.02, 410.72, 1.79522
_12155_, 173.02, 410.72, 1.79522
_13675_, 173.02, 410.72, 1.79522
FILLER_0_146_353, 173.02, 410.72, 1.79522
FILLER_0_146_361, 173.02, 410.72, 1.79522
FILLER_0_147_357, 173.02, 410.72, 1.79522
FILLER_0_148_374, 173.02, 410.72, 1.79522
_17422_, 198.02, 410.72, 1.79513
_17431_, 198.02, 410.72, 1.79513
_17500_, 198.02, 410.72, 1.79513
_19277_, 198.02, 410.72, 1.79513
_19394_, 198.02, 410.72, 1.79513
hold125, 198.02, 410.72, 1.79513
_17396_, 223.02, 410.72, 1.79503
_17529_, 223.02, 410.72, 1.79503
_17530_, 223.02, 410.72, 1.79503
_17547_, 223.02, 410.72, 1.79503
_17548_, 223.02, 410.72, 1.79503
_19413_, 223.02, 410.72, 1.79503
hold6, 223.02, 410.72, 1.79503
FILLER_0_147_464, 223.02, 410.72, 1.79503
FILLER_0_147_481, 223.02, 410.72, 1.79503
_19434_, 248.02, 410.72, 1.79497
_19451_, 248.02, 410.72, 1.79497
hold48, 248.02, 410.72, 1.79497
hold216, 248.02, 410.72, 1.79497
FILLER_0_147_515, 248.02, 410.72, 1.79497
_17563_, 273.02, 410.72, 1.79489
_17598_, 273.02, 410.72, 1.79489
_17603_, 273.02, 410.72, 1.79489
_19422_, 273.02, 410.72, 1.79489
hold166, 273.02, 410.72, 1.79489
FILLER_0_147_590, 273.02, 410.72, 1.79489
FILLER_0_148_589, 273.02, 410.72, 1.79489
_12341_, 298.02, 410.72, 1.7948
_12610_, 298.02, 410.72, 1.7948
_19316_, 298.02, 410.72, 1.7948
FILLER_0_147_629, 298.02, 410.72, 1.7948
_12615_, 323.02, 410.72, 1.79471
_12616_, 323.02, 410.72, 1.79471
_12617_, 323.02, 410.72, 1.79471
_19314_, 323.02, 410.72, 1.79471
clkbuf_leaf_94_i_clk, 323.02, 410.72, 1.79471
_12771_, 348.02, 410.72, 1.79464
_12957_, 348.02, 410.72, 1.79464
_12964_, 348.02, 410.72, 1.79464
FILLER_0_146_739, 348.02, 410.72, 1.79464
FILLER_0_147_741, 348.02, 410.72, 1.79464
FILLER_0_148_752, 348.02, 410.72, 1.79464
_17179_, 373.02, 410.72, 1.79457
FILLER_0_146_793, 373.02, 410.72, 1.79457
FILLER_0_148_802, 373.02, 410.72, 1.79457
_13128_, 398.02, 410.72, 1.79451
_13129_, 398.02, 410.72, 1.79451
FILLER_0_147_841, 398.02, 410.72, 1.79451
FILLER_0_148_865, 398.02, 410.72, 1.79451
_12716_, 423.02, 410.72, 1.79448
_12726_, 423.02, 410.72, 1.79448
_12946_, 423.02, 410.72, 1.79448
_12947_, 423.02, 410.72, 1.79448
FILLER_0_146_903, 423.02, 410.72, 1.79448
FILLER_0_148_915, 423.02, 410.72, 1.79448
_12237_, 448.02, 410.72, 1.79448
_12238_, 448.02, 410.72, 1.79448
_12240_, 448.02, 410.72, 1.79448
_12255_, 448.02, 410.72, 1.79448
_12256_, 448.02, 410.72, 1.79448
_12704_, 448.02, 410.72, 1.79448
_12709_, 448.02, 410.72, 1.79448
_13195_, 473.02, 410.72, 1.79448
_17080_, 473.02, 410.72, 1.79448
_19143_, 473.02, 410.72, 1.79448
FILLER_0_147_1004, 473.02, 410.72, 1.79448
FILLER_0_147_1014, 473.02, 410.72, 1.79448
FILLER_0_147_1022, 473.02, 410.72, 1.79448
FILLER_0_147_1028, 473.02, 410.72, 1.79448
FILLER_0_148_1028, 473.02, 410.72, 1.79448
PHY_288, 5.52, 405.28, 1.79549
PHY_290, 5.52, 405.28, 1.79549
output23, 5.52, 405.28, 1.79549
_17078_, 494.04, 405.28, 1.79448
PHY_289, 494.04, 405.28, 1.79448
PHY_291, 494.04, 405.28, 1.79448
output49, 494.04, 405.28, 1.79448
FILLER_0_145_49, 23.02, 405.28, 1.79548
_18078_, 48.02, 405.28, 1.79547
hold390, 48.02, 405.28, 1.79547
FILLER_0_144_88, 48.02, 405.28, 1.79547
FILLER_0_145_104, 48.02, 405.28, 1.79547
FILLER_0_145_158, 73.02, 405.28, 1.79544
_16968_, 98.02, 405.28, 1.7954
_18979_, 98.02, 405.28, 1.7954
_19043_, 98.02, 405.28, 1.7954
FILLER_0_144_197, 98.02, 405.28, 1.7954
FILLER_0_145_190, 98.02, 405.28, 1.7954
FILLER_0_146_204, 98.02, 405.28, 1.7954
_12076_, 123.02, 405.28, 1.79536
_14180_, 123.02, 405.28, 1.79536
_16645_, 123.02, 405.28, 1.79536
FILLER_0_144_249, 123.02, 405.28, 1.79536
_14114_, 148.02, 405.28, 1.7953
_14115_, 148.02, 405.28, 1.7953
_16679_, 148.02, 405.28, 1.7953
FILLER_0_145_301, 148.02, 405.28, 1.7953
_14119_, 173.02, 405.28, 1.79523
_14189_, 173.02, 405.28, 1.79523
_16641_, 173.02, 405.28, 1.79523
_16677_, 173.02, 405.28, 1.79523
_18780_, 173.02, 405.28, 1.79523
FILLER_0_146_377, 173.02, 405.28, 1.79523
_17501_, 198.02, 405.28, 1.79516
_17533_, 198.02, 405.28, 1.79516
_19370_, 198.02, 405.28, 1.79516
hold42, 198.02, 405.28, 1.79516
FILLER_0_145_420, 198.02, 405.28, 1.79516
_17395_, 223.02, 405.28, 1.79508
_17546_, 223.02, 405.28, 1.79508
_19428_, 223.02, 405.28, 1.79508
hold32, 223.02, 405.28, 1.79508
FILLER_0_145_465, 223.02, 405.28, 1.79508
FILLER_0_146_477, 223.02, 405.28, 1.79508
_17561_, 248.02, 405.28, 1.79499
_17562_, 248.02, 405.28, 1.79499
_17594_, 248.02, 405.28, 1.79499
_17628_, 248.02, 405.28, 1.79499
_17632_, 248.02, 405.28, 1.79499
_19379_, 248.02, 405.28, 1.79499
FILLER_0_144_526, 248.02, 405.28, 1.79499
_17567_, 273.02, 405.28, 1.7949
_17568_, 273.02, 405.28, 1.7949
hold58, 273.02, 405.28, 1.7949
hold169, 273.02, 405.28, 1.7949
FILLER_0_145_595, 273.02, 405.28, 1.7949
_13066_, 298.02, 405.28, 1.79482
_19160_, 298.02, 405.28, 1.79482
FILLER_0_146_640, 298.02, 405.28, 1.79482
_12335_, 323.02, 405.28, 1.79473
_12336_, 323.02, 405.28, 1.79473
_12337_, 323.02, 405.28, 1.79473
_12492_, 323.02, 405.28, 1.79473
_12971_, 348.02, 405.28, 1.79463
_12985_, 348.02, 405.28, 1.79463
FILLER_0_145_753, 348.02, 405.28, 1.79463
FILLER_0_146_757, 348.02, 405.28, 1.79463
_12820_, 373.02, 405.28, 1.79456
_12821_, 373.02, 405.28, 1.79456
_12850_, 373.02, 405.28, 1.79456
_17180_, 373.02, 405.28, 1.79456
_19226_, 373.02, 405.28, 1.79456
FILLER_0_145_791, 373.02, 405.28, 1.79456
FILLER_0_146_806, 373.02, 405.28, 1.79456
_13123_, 398.02, 405.28, 1.7945
_13124_, 398.02, 405.28, 1.7945
FILLER_0_146_860, 398.02, 405.28, 1.7945
_17310_, 423.02, 405.28, 1.79448
_19289_, 423.02, 405.28, 1.79448
hold342, 423.02, 405.28, 1.79448
FILLER_0_145_897, 423.02, 405.28, 1.79448
FILLER_0_146_918, 423.02, 405.28, 1.79448
_12703_, 448.02, 405.28, 1.79447
_13133_, 448.02, 405.28, 1.79447
_13151_, 448.02, 405.28, 1.79447
FILLER_0_144_950, 448.02, 405.28, 1.79447
FILLER_0_146_969, 448.02, 405.28, 1.79447
_13188_, 473.02, 405.28, 1.79447
_13189_, 473.02, 405.28, 1.79447
_13190_, 473.02, 405.28, 1.79447
clkbuf_leaf_104_i_clk, 473.02, 405.28, 1.79447
PHY_284, 5.52, 399.84, 1.7955
PHY_286, 5.52, 399.84, 1.7955
PHY_285, 494.04, 399.84, 1.79449
PHY_287, 494.04, 399.84, 1.79449
_19635_, 23.02, 399.84, 1.79549
_19637_, 23.02, 399.84, 1.79549
FILLER_0_143_27, 23.02, 399.84, 1.79549
FILLER_0_144_41, 23.02, 399.84, 1.79549
_09164_, 48.02, 399.84, 1.79547
_16610_, 48.02, 399.84, 1.79547
_19633_, 48.02, 399.84, 1.79547
_14257_, 73.02, 399.84, 1.79545
_14258_, 73.02, 399.84, 1.79545
_18716_, 73.02, 399.84, 1.79545
_19631_, 73.02, 399.84, 1.79545
FILLER_0_142_135, 73.02, 399.84, 1.79545
FILLER_0_143_137, 73.02, 399.84, 1.79545
FILLER_0_143_159, 73.02, 399.84, 1.79545
FILLER_0_144_153, 73.02, 399.84, 1.79545
_13523_, 98.02, 399.84, 1.79541
_13526_, 98.02, 399.84, 1.79541
_16967_, 98.02, 399.84, 1.79541
_19042_, 98.02, 399.84, 1.79541
FILLER_0_143_189, 98.02, 399.84, 1.79541
_09840_, 123.02, 399.84, 1.79537
_14110_, 123.02, 399.84, 1.79537
_18752_, 123.02, 399.84, 1.79537
_14185_, 148.02, 399.84, 1.79531
_18750_, 148.02, 399.84, 1.79531
_18782_, 148.02, 399.84, 1.79531
FILLER_0_142_299, 148.02, 399.84, 1.79531
_09920_, 173.02, 399.84, 1.79524
_12156_, 173.02, 399.84, 1.79524
_14118_, 173.02, 399.84, 1.79524
_18748_, 173.02, 399.84, 1.79524
FILLER_0_142_357, 173.02, 399.84, 1.79524
hold189, 198.02, 399.84, 1.79517
hold239, 198.02, 399.84, 1.79517
FILLER_0_142_415, 198.02, 399.84, 1.79517
FILLER_0_143_409, 198.02, 399.84, 1.79517
FILLER_0_143_429, 198.02, 399.84, 1.79517
_17545_, 223.02, 399.84, 1.79509
_17616_, 223.02, 399.84, 1.79509
_19356_, 223.02, 399.84, 1.79509
_19444_, 223.02, 399.84, 1.79509
FILLER_0_142_460, 223.02, 399.84, 1.79509
FILLER_0_143_460, 223.02, 399.84, 1.79509
_19418_, 248.02, 399.84, 1.795
hold49, 248.02, 399.84, 1.795
hold176, 248.02, 399.84, 1.795
FILLER_0_142_518, 248.02, 399.84, 1.795
FILLER_0_143_519, 248.02, 399.84, 1.795
_17635_, 273.02, 399.84, 1.79492
_17636_, 273.02, 399.84, 1.79492
_19421_, 273.02, 399.84, 1.79492
_19453_, 273.02, 399.84, 1.79492
_13053_, 298.02, 399.84, 1.79482
_13104_, 298.02, 399.84, 1.79482
_17099_, 298.02, 399.84, 1.79482
_19159_, 298.02, 399.84, 1.79482
FILLER_0_143_630, 298.02, 399.84, 1.79482
FILLER_0_143_641, 298.02, 399.84, 1.79482
_12485_, 323.02, 399.84, 1.79473
_13108_, 323.02, 399.84, 1.79473
_17096_, 323.02, 399.84, 1.79473
FILLER_0_144_691, 323.02, 399.84, 1.79473
FILLER_0_144_701, 323.02, 399.84, 1.79473
_12990_, 348.02, 399.84, 1.79464
_17135_, 348.02, 399.84, 1.79464
_17183_, 348.02, 399.84, 1.79464
_19193_, 348.02, 399.84, 1.79464
wire93, 348.02, 399.84, 1.79464
FILLER_0_143_734, 348.02, 399.84, 1.79464
FILLER_0_144_746, 348.02, 399.84, 1.79464
FILLER_0_144_752, 348.02, 399.84, 1.79464
FILLER_0_144_757, 348.02, 399.84, 1.79464
_13041_, 373.02, 399.84, 1.79455
_17176_, 373.02, 399.84, 1.79455
_19230_, 373.02, 399.84, 1.79455
FILLER_0_143_812, 373.02, 399.84, 1.79455
_12981_, 398.02, 399.84, 1.7945
_13125_, 398.02, 399.84, 1.7945
_19286_, 398.02, 399.84, 1.7945
FILLER_0_144_854, 398.02, 399.84, 1.7945
FILLER_0_144_862, 398.02, 399.84, 1.7945
_12242_, 423.02, 399.84, 1.79447
_12248_, 423.02, 399.84, 1.79447
_12717_, 423.02, 399.84, 1.79447
hold233, 423.02, 399.84, 1.79447
FILLER_0_143_897, 423.02, 399.84, 1.79447
FILLER_0_143_917, 423.02, 399.84, 1.79447
FILLER_0_144_914, 423.02, 399.84, 1.79447
_12488_, 448.02, 399.84, 1.79447
_13187_, 448.02, 399.84, 1.79447
FILLER_0_142_959, 448.02, 399.84, 1.79447
FILLER_0_143_971, 448.02, 399.84, 1.79447
FILLER_0_144_966, 448.02, 399.84, 1.79447
FILLER_0_144_975, 448.02, 399.84, 1.79447
_12505_, 473.02, 399.84, 1.79448
_13206_, 473.02, 399.84, 1.79448
_19141_, 473.02, 399.84, 1.79448
FILLER_0_143_1021, 473.02, 399.84, 1.79448
PHY_280, 5.52, 394.4, 1.79552
PHY_282, 5.52, 394.4, 1.79552
_17075_, 494.04, 394.4, 1.79449
PHY_281, 494.04, 394.4, 1.79449
PHY_283, 494.04, 394.4, 1.79449
FILLER_0_141_1056, 494.04, 394.4, 1.79449
_09160_, 23.02, 394.4, 1.79551
_09161_, 23.02, 394.4, 1.79551
_18721_, 23.02, 394.4, 1.79551
FILLER_0_141_51, 23.02, 394.4, 1.79551
FILLER_0_142_41, 23.02, 394.4, 1.79551
_09169_, 48.02, 394.4, 1.7955
_18719_, 48.02, 394.4, 1.7955
hold358, 48.02, 394.4, 1.7955
FILLER_0_142_94, 48.02, 394.4, 1.7955
FILLER_0_142_105, 48.02, 394.4, 1.7955
_14256_, 73.02, 394.4, 1.79547
_16608_, 73.02, 394.4, 1.79547
_18717_, 73.02, 394.4, 1.79547
hold420, 73.02, 394.4, 1.79547
_13525_, 98.02, 394.4, 1.79543
_13866_, 98.02, 394.4, 1.79543
_13871_, 98.02, 394.4, 1.79543
_18978_, 98.02, 394.4, 1.79543
FILLER_0_141_208, 98.02, 394.4, 1.79543
_09780_, 123.02, 394.4, 1.79539
_12016_, 123.02, 394.4, 1.79539
_12035_, 123.02, 394.4, 1.79539
_14175_, 123.02, 394.4, 1.79539
_18755_, 123.02, 394.4, 1.79539
FILLER_0_141_249, 123.02, 394.4, 1.79539
FILLER_0_141_269, 123.02, 394.4, 1.79539
_09860_, 148.02, 394.4, 1.79534
_12096_, 148.02, 394.4, 1.79534
_14182_, 148.02, 394.4, 1.79534
_16644_, 148.02, 394.4, 1.79534
_12136_, 173.02, 394.4, 1.79527
_14188_, 173.02, 394.4, 1.79527
FILLER_0_141_377, 173.02, 394.4, 1.79527
FILLER_0_142_374, 173.02, 394.4, 1.79527
_17260_, 198.02, 394.4, 1.79519
_17499_, 198.02, 394.4, 1.79519
_17532_, 198.02, 394.4, 1.79519
_19276_, 198.02, 394.4, 1.79519
_19369_, 198.02, 394.4, 1.79519
hold73, 198.02, 394.4, 1.79519
FILLER_0_140_417, 198.02, 394.4, 1.79519
FILLER_0_142_421, 198.02, 394.4, 1.79519
_17549_, 223.02, 394.4, 1.79512
_17582_, 223.02, 394.4, 1.79512
_17587_, 223.02, 394.4, 1.79512
hold162, 223.02, 394.4, 1.79512
FILLER_0_140_460, 223.02, 394.4, 1.79512
_17476_, 248.02, 394.4, 1.79503
_17555_, 248.02, 394.4, 1.79503
_17588_, 248.02, 394.4, 1.79503
_17642_, 248.02, 394.4, 1.79503
hold70, 248.02, 394.4, 1.79503
FILLER_0_141_531, 248.02, 394.4, 1.79503
FILLER_0_142_529, 248.02, 394.4, 1.79503
_17571_, 273.02, 394.4, 1.79494
_17608_, 273.02, 394.4, 1.79494
_17639_, 273.02, 394.4, 1.79494
hold9, 273.02, 394.4, 1.79494
hold180, 273.02, 394.4, 1.79494
hold244, 273.02, 394.4, 1.79494
_17140_, 298.02, 394.4, 1.79484
_17141_, 298.02, 394.4, 1.79484
_19198_, 298.02, 394.4, 1.79484
FILLER_0_142_637, 298.02, 394.4, 1.79484
FILLER_0_142_645, 298.02, 394.4, 1.79484
_12482_, 323.02, 394.4, 1.79474
_13119_, 323.02, 394.4, 1.79474
_13120_, 323.02, 394.4, 1.79474
_19157_, 323.02, 394.4, 1.79474
FILLER_0_140_678, 323.02, 394.4, 1.79474
FILLER_0_141_684, 323.02, 394.4, 1.79474
FILLER_0_142_697, 323.02, 394.4, 1.79474
_12944_, 348.02, 394.4, 1.79464
_12965_, 348.02, 394.4, 1.79464
_12966_, 348.02, 394.4, 1.79464
_19213_, 348.02, 394.4, 1.79464
hold454, 348.02, 394.4, 1.79464
FILLER_0_141_737, 348.02, 394.4, 1.79464
_12856_, 373.02, 394.4, 1.79455
_17164_, 373.02, 394.4, 1.79455
FILLER_0_142_801, 373.02, 394.4, 1.79455
FILLER_0_142_809, 373.02, 394.4, 1.79455
_12870_, 398.02, 394.4, 1.79449
_17307_, 398.02, 394.4, 1.79449
hold100, 398.02, 394.4, 1.79449
FILLER_0_141_850, 398.02, 394.4, 1.79449
FILLER_0_141_863, 398.02, 394.4, 1.79449
_12243_, 423.02, 394.4, 1.79447
_12249_, 423.02, 394.4, 1.79447
_12718_, 423.02, 394.4, 1.79447
_12719_, 423.02, 394.4, 1.79447
_17309_, 423.02, 394.4, 1.79447
FILLER_0_141_897, 423.02, 394.4, 1.79447
FILLER_0_141_916, 423.02, 394.4, 1.79447
_13235_, 448.02, 394.4, 1.79447
_13236_, 448.02, 394.4, 1.79447
_13241_, 448.02, 394.4, 1.79447
_19134_, 448.02, 394.4, 1.79447
_19135_, 448.02, 394.4, 1.79447
FILLER_0_142_972, 448.02, 394.4, 1.79447
_13205_, 473.02, 394.4, 1.79448
_13210_, 473.02, 394.4, 1.79448
_13220_, 473.02, 394.4, 1.79448
_17073_, 473.02, 394.4, 1.79448
_17074_, 473.02, 394.4, 1.79448
_19138_, 473.02, 394.4, 1.79448
FILLER_0_141_1021, 473.02, 394.4, 1.79448
PHY_276, 5.52, 388.96, 1.79554
PHY_278, 5.52, 388.96, 1.79554
PHY_277, 494.04, 388.96, 1.79451
PHY_279, 494.04, 388.96, 1.79451
_14247_, 23.02, 388.96, 1.79553
_14248_, 23.02, 388.96, 1.79553
_14593_, 23.02, 388.96, 1.79553
hold415, 23.02, 388.96, 1.79553
FILLER_0_138_29, 23.02, 388.96, 1.79553
FILLER_0_139_27, 23.02, 388.96, 1.79553
FILLER_0_139_48, 23.02, 388.96, 1.79553
_09846_, 48.02, 388.96, 1.79552
_09866_, 48.02, 388.96, 1.79552
_12082_, 48.02, 388.96, 1.79552
_13938_, 48.02, 388.96, 1.79552
_13941_, 48.02, 388.96, 1.79552
_14251_, 48.02, 388.96, 1.79552
_14252_, 48.02, 388.96, 1.79552
FILLER_0_139_94, 48.02, 388.96, 1.79552
FILLER_0_139_102, 48.02, 388.96, 1.79552
_12122_, 73.02, 388.96, 1.79549
_14255_, 73.02, 388.96, 1.79549
FILLER_0_139_158, 73.02, 388.96, 1.79549
FILLER_0_140_153, 73.02, 388.96, 1.79549
_16788_, 98.02, 388.96, 1.79545
_16791_, 98.02, 388.96, 1.79545
_18880_, 98.02, 388.96, 1.79545
_18883_, 98.02, 388.96, 1.79545
_09799_, 123.02, 388.96, 1.79541
_14174_, 123.02, 388.96, 1.79541
_16684_, 123.02, 388.96, 1.79541
FILLER_0_138_248, 123.02, 388.96, 1.79541
FILLER_0_139_249, 123.02, 388.96, 1.79541
_13876_, 148.02, 388.96, 1.79535
FILLER_0_138_301, 148.02, 388.96, 1.79535
_09900_, 173.02, 388.96, 1.79529
_13880_, 173.02, 388.96, 1.79529
_16642_, 173.02, 388.96, 1.79529
_16784_, 173.02, 388.96, 1.79529
_17273_, 198.02, 388.96, 1.79522
_17429_, 198.02, 388.96, 1.79522
_19393_, 198.02, 388.96, 1.79522
hold161, 198.02, 388.96, 1.79522
FILLER_0_138_408, 198.02, 388.96, 1.79522
_17586_, 223.02, 388.96, 1.79513
_17621_, 223.02, 388.96, 1.79513
_19358_, 223.02, 388.96, 1.79513
_19446_, 223.02, 388.96, 1.79513
_17556_, 248.02, 388.96, 1.79505
_17622_, 248.02, 388.96, 1.79505
_19456_, 248.02, 388.96, 1.79505
hold153, 248.02, 388.96, 1.79505
FILLER_0_140_528, 248.02, 388.96, 1.79505
_17572_, 273.02, 388.96, 1.79495
_19383_, 273.02, 388.96, 1.79495
_19455_, 273.02, 388.96, 1.79495
FILLER_0_139_570, 273.02, 388.96, 1.79495
FILLER_0_140_584, 273.02, 388.96, 1.79495
_12994_, 298.02, 388.96, 1.79485
_12995_, 298.02, 388.96, 1.79485
_13017_, 298.02, 388.96, 1.79485
_13018_, 298.02, 388.96, 1.79485
_13019_, 298.02, 388.96, 1.79485
_17138_, 298.02, 388.96, 1.79485
hold43, 298.02, 388.96, 1.79485
FILLER_0_139_635, 298.02, 388.96, 1.79485
_13103_, 323.02, 388.96, 1.79475
_13107_, 323.02, 388.96, 1.79475
_13112_, 323.02, 388.96, 1.79475
_13113_, 323.02, 388.96, 1.79475
FILLER_0_139_679, 323.02, 388.96, 1.79475
FILLER_0_139_698, 323.02, 388.96, 1.79475
FILLER_0_140_701, 323.02, 388.96, 1.79475
_17149_, 348.02, 388.96, 1.79464
_17157_, 348.02, 388.96, 1.79464
_19210_, 348.02, 388.96, 1.79464
FILLER_0_138_739, 348.02, 388.96, 1.79464
FILLER_0_139_754, 348.02, 388.96, 1.79464
FILLER_0_140_753, 348.02, 388.96, 1.79464
FILLER_0_140_757, 348.02, 388.96, 1.79464
_12857_, 373.02, 388.96, 1.79454
_12893_, 373.02, 388.96, 1.79454
_17163_, 373.02, 388.96, 1.79454
_19225_, 373.02, 388.96, 1.79454
FILLER_0_140_803, 373.02, 388.96, 1.79454
FILLER_0_140_809, 373.02, 388.96, 1.79454
_13117_, 398.02, 388.96, 1.79448
_19287_, 398.02, 388.96, 1.79448
FILLER_0_139_853, 398.02, 388.96, 1.79448
FILLER_0_140_861, 398.02, 388.96, 1.79448
_17060_, 423.02, 388.96, 1.79447
_19132_, 423.02, 388.96, 1.79447
FILLER_0_140_913, 423.02, 388.96, 1.79447
FILLER_0_140_921, 423.02, 388.96, 1.79447
_13234_, 448.02, 388.96, 1.79448
_13240_, 448.02, 388.96, 1.79448
_17069_, 448.02, 388.96, 1.79448
_17070_, 448.02, 388.96, 1.79448
FILLER_0_139_953, 448.02, 388.96, 1.79448
_13211_, 473.02, 388.96, 1.7945
_13219_, 473.02, 388.96, 1.7945
_13221_, 473.02, 388.96, 1.7945
FILLER_0_139_1005, 473.02, 388.96, 1.7945
FILLER_0_139_1021, 473.02, 388.96, 1.7945
PHY_272, 5.52, 383.52, 1.79556
PHY_274, 5.52, 383.52, 1.79556
PHY_273, 494.04, 383.52, 1.79452
PHY_275, 494.04, 383.52, 1.79452
FILLER_0_136_1056, 494.04, 383.52, 1.79452
_14590_, 23.02, 383.52, 1.79555
_18560_, 23.02, 383.52, 1.79555
FILLER_0_137_27, 23.02, 383.52, 1.79555
FILLER_0_137_50, 23.02, 383.52, 1.79555
_13940_, 48.02, 383.52, 1.79552
_18848_, 48.02, 383.52, 1.79552
clkbuf_leaf_52_i_clk, 48.02, 383.52, 1.79552
FILLER_0_136_85, 48.02, 383.52, 1.79552
FILLER_0_138_94, 48.02, 383.52, 1.79552
_09906_, 73.02, 383.52, 1.79551
_14601_, 73.02, 383.52, 1.79551
_16750_, 73.02, 383.52, 1.79551
FILLER_0_136_141, 73.02, 383.52, 1.79551
FILLER_0_137_144, 73.02, 383.52, 1.79551
FILLER_0_137_157, 73.02, 383.52, 1.79551
FILLER_0_138_153, 73.02, 383.52, 1.79551
_13865_, 98.02, 383.52, 1.79548
_16790_, 98.02, 383.52, 1.79548
FILLER_0_136_193, 98.02, 383.52, 1.79548
FILLER_0_136_200, 98.02, 383.52, 1.79548
FILLER_0_137_193, 98.02, 383.52, 1.79548
_09800_, 123.02, 383.52, 1.79543
_12036_, 123.02, 383.52, 1.79543
_14106_, 123.02, 383.52, 1.79543
_18754_, 123.02, 383.52, 1.79543
_13875_, 148.02, 383.52, 1.79538
_18878_, 148.02, 383.52, 1.79538
FILLER_0_136_302, 148.02, 383.52, 1.79538
FILLER_0_137_313, 148.02, 383.52, 1.79538
_13879_, 173.02, 383.52, 1.79531
_18876_, 173.02, 383.52, 1.79531
FILLER_0_137_357, 173.02, 383.52, 1.79531
FILLER_0_137_365, 173.02, 383.52, 1.79531
_17269_, 198.02, 383.52, 1.79522
_17537_, 198.02, 383.52, 1.79522
clkbuf_leaf_66_i_clk, 198.02, 383.52, 1.79522
hold74, 198.02, 383.52, 1.79522
hold236, 198.02, 383.52, 1.79522
FILLER_0_136_416, 198.02, 383.52, 1.79522
FILLER_0_138_421, 198.02, 383.52, 1.79522
_17401_, 223.02, 383.52, 1.79515
_17402_, 223.02, 383.52, 1.79515
_17543_, 223.02, 383.52, 1.79515
_17581_, 223.02, 383.52, 1.79515
_17620_, 223.02, 383.52, 1.79515
hold230, 223.02, 383.52, 1.79515
FILLER_0_136_461, 223.02, 383.52, 1.79515
FILLER_0_137_464, 223.02, 383.52, 1.79515
FILLER_0_137_475, 223.02, 383.52, 1.79515
FILLER_0_138_480, 223.02, 383.52, 1.79515
_17579_, 248.02, 383.52, 1.79507
hold71, 248.02, 383.52, 1.79507
hold227, 248.02, 383.52, 1.79507
FILLER_0_136_515, 248.02, 383.52, 1.79507
FILLER_0_137_520, 248.02, 383.52, 1.79507
_17640_, 273.02, 383.52, 1.79497
_19423_, 273.02, 383.52, 1.79497
_19439_, 273.02, 383.52, 1.79497
hold185, 273.02, 383.52, 1.79497
FILLER_0_137_573, 273.02, 383.52, 1.79497
FILLER_0_138_585, 273.02, 383.52, 1.79497
FILLER_0_138_589, 273.02, 383.52, 1.79497
_17142_, 298.02, 383.52, 1.79487
_19200_, 298.02, 383.52, 1.79487
hold110, 298.02, 383.52, 1.79487
hold246, 298.02, 383.52, 1.79487
FILLER_0_138_641, 298.02, 383.52, 1.79487
_12480_, 323.02, 383.52, 1.79476
_13106_, 323.02, 383.52, 1.79476
hold84, 323.02, 383.52, 1.79476
hold85, 323.02, 383.52, 1.79476
FILLER_0_138_701, 323.02, 383.52, 1.79476
_12951_, 348.02, 383.52, 1.79464
_12952_, 348.02, 383.52, 1.79464
_17154_, 348.02, 383.52, 1.79464
_19212_, 348.02, 383.52, 1.79464
FILLER_0_136_733, 348.02, 383.52, 1.79464
FILLER_0_138_750, 348.02, 383.52, 1.79464
_12884_, 373.02, 383.52, 1.79453
_12885_, 373.02, 383.52, 1.79453
_17165_, 373.02, 383.52, 1.79453
_19221_, 373.02, 383.52, 1.79453
hold90, 373.02, 383.52, 1.79453
hold445, 373.02, 383.52, 1.79453
FILLER_0_136_789, 373.02, 383.52, 1.79453
_13099_, 398.02, 383.52, 1.79447
_13116_, 398.02, 383.52, 1.79447
_13121_, 398.02, 383.52, 1.79447
_13122_, 398.02, 383.52, 1.79447
hold92, 398.02, 383.52, 1.79447
FILLER_0_137_859, 398.02, 383.52, 1.79447
_13253_, 423.02, 383.52, 1.79446
_13258_, 423.02, 383.52, 1.79446
_13259_, 423.02, 383.52, 1.79446
_17065_, 423.02, 383.52, 1.79446
FILLER_0_138_917, 423.02, 383.52, 1.79446
_13160_, 448.02, 383.52, 1.79448
_13239_, 448.02, 383.52, 1.79448
FILLER_0_136_954, 448.02, 383.52, 1.79448
FILLER_0_137_953, 448.02, 383.52, 1.79448
FILLER_0_137_961, 448.02, 383.52, 1.79448
FILLER_0_138_971, 448.02, 383.52, 1.79448
FILLER_0_138_1029, 473.02, 383.52, 1.79451
PHY_268, 5.52, 378.08, 1.79558
PHY_270, 5.52, 378.08, 1.79558
FILLER_0_136_3, 5.52, 378.08, 1.79558
PHY_269, 494.04, 378.08, 1.79449
PHY_271, 494.04, 378.08, 1.79449
output15, 494.04, 378.08, 1.79449
FILLER_0_135_1053, 494.04, 378.08, 1.79449
_14592_, 23.02, 378.08, 1.79556
_16433_, 23.02, 378.08, 1.79556
_16613_, 23.02, 378.08, 1.79556
_18723_, 23.02, 378.08, 1.79556
clkbuf_leaf_53_i_clk, 23.02, 378.08, 1.79556
FILLER_0_135_32, 23.02, 378.08, 1.79556
_09847_, 48.02, 378.08, 1.79555
_12083_, 48.02, 378.08, 1.79555
_18847_, 48.02, 378.08, 1.79555
FILLER_0_135_81, 48.02, 378.08, 1.79555
FILLER_0_135_102, 48.02, 378.08, 1.79555
_12123_, 73.02, 378.08, 1.79553
_14600_, 73.02, 378.08, 1.79553
_16429_, 73.02, 378.08, 1.79553
_16431_, 73.02, 378.08, 1.79553
_18556_, 73.02, 378.08, 1.79553
FILLER_0_135_149, 73.02, 378.08, 1.79553
_13867_, 98.02, 378.08, 1.79549
_13868_, 98.02, 378.08, 1.79549
_14655_, 98.02, 378.08, 1.79549
_18530_, 98.02, 378.08, 1.79549
_18531_, 98.02, 378.08, 1.79549
_14176_, 123.02, 378.08, 1.79546
_14177_, 123.02, 378.08, 1.79546
FILLER_0_134_242, 123.02, 378.08, 1.79546
FILLER_0_135_249, 123.02, 378.08, 1.79546
_14664_, 148.02, 378.08, 1.7954
_14665_, 148.02, 378.08, 1.7954
_16395_, 148.02, 378.08, 1.7954
_18526_, 148.02, 378.08, 1.7954
FILLER_0_134_299, 148.02, 378.08, 1.7954
_14669_, 173.02, 378.08, 1.79534
_18524_, 173.02, 378.08, 1.79534
_17425_, 198.02, 378.08, 1.79526
_17494_, 198.02, 378.08, 1.79526
_17495_, 198.02, 378.08, 1.79526
_17538_, 198.02, 378.08, 1.79526
_19274_, 198.02, 378.08, 1.79526
_19367_, 198.02, 378.08, 1.79526
hold211, 198.02, 378.08, 1.79526
FILLER_0_134_416, 198.02, 378.08, 1.79526
_17544_, 223.02, 378.08, 1.79518
_17614_, 223.02, 378.08, 1.79518
_17615_, 223.02, 378.08, 1.79518
_19355_, 223.02, 378.08, 1.79518
_19427_, 223.02, 378.08, 1.79518
_17646_, 248.02, 378.08, 1.79509
_19386_, 248.02, 378.08, 1.79509
_19415_, 248.02, 378.08, 1.79509
max_cap68, 248.02, 378.08, 1.79509
FILLER_0_134_525, 248.02, 378.08, 1.79509
FILLER_0_136_533, 248.02, 378.08, 1.79509
_17454_, 273.02, 378.08, 1.79499
_17596_, 273.02, 378.08, 1.79499
_17612_, 273.02, 378.08, 1.79499
_17643_, 273.02, 378.08, 1.79499
_17644_, 273.02, 378.08, 1.79499
max_cap67, 273.02, 378.08, 1.79499
hold4, 273.02, 378.08, 1.79499
FILLER_0_136_583, 273.02, 378.08, 1.79499
FILLER_0_136_594, 273.02, 378.08, 1.79499
_13003_, 298.02, 378.08, 1.79488
_13009_, 298.02, 378.08, 1.79488
_13011_, 298.02, 378.08, 1.79488
_13012_, 298.02, 378.08, 1.79488
_17143_, 298.02, 378.08, 1.79488
FILLER_0_134_630, 298.02, 378.08, 1.79488
_12760_, 323.02, 378.08, 1.79475
_13111_, 323.02, 378.08, 1.79475
_13406_, 323.02, 378.08, 1.79475
clkbuf_leaf_82_i_clk, 323.02, 378.08, 1.79475
clkbuf_3_6_0_i_clk, 323.02, 378.08, 1.79475
FILLER_0_134_678, 323.02, 378.08, 1.79475
_12938_, 348.02, 378.08, 1.79463
_17156_, 348.02, 378.08, 1.79463
hold120, 348.02, 378.08, 1.79463
hold453, 348.02, 378.08, 1.79463
FILLER_0_134_738, 348.02, 378.08, 1.79463
FILLER_0_135_750, 348.02, 378.08, 1.79463
FILLER_0_136_757, 348.02, 378.08, 1.79463
_12923_, 373.02, 378.08, 1.79451
_17162_, 373.02, 378.08, 1.79451
_19224_, 373.02, 378.08, 1.79451
clkbuf_3_7_0_i_clk, 373.02, 378.08, 1.79451
_13097_, 398.02, 378.08, 1.79444
_13098_, 398.02, 378.08, 1.79444
_13126_, 398.02, 378.08, 1.79444
_13127_, 398.02, 378.08, 1.79444
FILLER_0_135_853, 398.02, 378.08, 1.79444
FILLER_0_135_865, 398.02, 378.08, 1.79444
_13143_, 423.02, 378.08, 1.79444
_13256_, 423.02, 378.08, 1.79444
_17066_, 423.02, 378.08, 1.79444
_19131_, 423.02, 378.08, 1.79444
FILLER_0_136_918, 423.02, 378.08, 1.79444
_13091_, 448.02, 378.08, 1.79447
_13092_, 448.02, 378.08, 1.79447
_13154_, 448.02, 378.08, 1.79447
_13159_, 448.02, 378.08, 1.79447
_13165_, 448.02, 378.08, 1.79447
FILLER_0_135_959, 448.02, 378.08, 1.79447
FILLER_0_135_969, 448.02, 378.08, 1.79447
FILLER_0_136_967, 448.02, 378.08, 1.79447
_13185_, 473.02, 378.08, 1.79448
_13186_, 473.02, 378.08, 1.79448
_13202_, 473.02, 378.08, 1.79448
_13213_, 473.02, 378.08, 1.79448
clkbuf_leaf_105_i_clk, 473.02, 378.08, 1.79448
FILLER_0_134_1005, 473.02, 378.08, 1.79448
PHY_264, 5.52, 372.64, 1.7956
PHY_266, 5.52, 372.64, 1.7956
output9, 5.52, 372.64, 1.7956
FILLER_0_133_3, 5.52, 372.64, 1.7956
PHY_265, 494.04, 372.64, 1.79453
PHY_267, 494.04, 372.64, 1.79453
FILLER_0_133_1054, 494.04, 372.64, 1.79453
_14243_, 23.02, 372.64, 1.7956
_14244_, 23.02, 372.64, 1.7956
_16435_, 23.02, 372.64, 1.7956
_13934_, 48.02, 372.64, 1.79558
_13935_, 48.02, 372.64, 1.79558
_14595_, 48.02, 372.64, 1.79558
_16755_, 48.02, 372.64, 1.79558
FILLER_0_133_99, 48.02, 372.64, 1.79558
FILLER_0_132_141, 73.02, 372.64, 1.79556
FILLER_0_134_156, 73.02, 372.64, 1.79556
_14661_, 98.02, 372.64, 1.79552
_16789_, 98.02, 372.64, 1.79552
_18528_, 98.02, 372.64, 1.79552
FILLER_0_132_189, 98.02, 372.64, 1.79552
FILLER_0_133_199, 98.02, 372.64, 1.79552
_09797_, 123.02, 372.64, 1.79547
_12013_, 123.02, 372.64, 1.79547
_14026_, 123.02, 372.64, 1.79547
_18819_, 123.02, 372.64, 1.79547
FILLER_0_134_265, 123.02, 372.64, 1.79547
_09877_, 148.02, 372.64, 1.79542
_14038_, 148.02, 372.64, 1.79542
_14041_, 148.02, 372.64, 1.79542
_18814_, 148.02, 372.64, 1.79542
FILLER_0_132_309, 148.02, 372.64, 1.79542
FILLER_0_133_302, 148.02, 372.64, 1.79542
FILLER_0_133_310, 148.02, 372.64, 1.79542
FILLER_0_134_312, 148.02, 372.64, 1.79542
_12133_, 173.02, 372.64, 1.79536
_14668_, 173.02, 372.64, 1.79536
_16393_, 173.02, 372.64, 1.79536
FILLER_0_132_357, 173.02, 372.64, 1.79536
_17295_, 198.02, 372.64, 1.79528
_19391_, 198.02, 372.64, 1.79528
hold53, 198.02, 372.64, 1.79528
FILLER_0_132_410, 198.02, 372.64, 1.79528
FILLER_0_133_405, 198.02, 372.64, 1.79528
FILLER_0_133_429, 198.02, 372.64, 1.79528
FILLER_0_134_421, 198.02, 372.64, 1.79528
_17392_, 223.02, 372.64, 1.7952
_17393_, 223.02, 372.64, 1.7952
_19443_, 223.02, 372.64, 1.7952
FILLER_0_133_460, 223.02, 372.64, 1.7952
FILLER_0_133_481, 223.02, 372.64, 1.7952
_17613_, 248.02, 372.64, 1.79511
_19458_, 248.02, 372.64, 1.79511
_17576_, 273.02, 372.64, 1.79501
_17630_, 273.02, 372.64, 1.79501
_19425_, 273.02, 372.64, 1.79501
_19457_, 273.02, 372.64, 1.79501
FILLER_0_132_569, 273.02, 372.64, 1.79501
FILLER_0_133_586, 273.02, 372.64, 1.79501
_12997_, 298.02, 372.64, 1.7949
_13005_, 298.02, 372.64, 1.7949
_19202_, 298.02, 372.64, 1.7949
hold25, 298.02, 372.64, 1.7949
FILLER_0_133_647, 298.02, 372.64, 1.7949
_12477_, 323.02, 372.64, 1.79477
_12478_, 323.02, 372.64, 1.79477
_12761_, 323.02, 372.64, 1.79477
_13006_, 323.02, 372.64, 1.79477
_13007_, 323.02, 372.64, 1.79477
_13405_, 323.02, 372.64, 1.79477
_17029_, 323.02, 372.64, 1.79477
FILLER_0_132_677, 323.02, 372.64, 1.79477
_12937_, 348.02, 372.64, 1.79463
_12958_, 348.02, 372.64, 1.79463
_12959_, 348.02, 372.64, 1.79463
_19211_, 348.02, 372.64, 1.79463
_19214_, 348.02, 372.64, 1.79463
hold28, 348.02, 372.64, 1.79463
_12864_, 373.02, 372.64, 1.79449
hold18, 373.02, 372.64, 1.79449
hold124, 373.02, 372.64, 1.79449
FILLER_0_133_812, 373.02, 372.64, 1.79449
FILLER_0_134_800, 373.02, 372.64, 1.79449
_17202_, 398.02, 372.64, 1.79441
clkbuf_leaf_107_i_clk, 398.02, 372.64, 1.79441
FILLER_0_132_852, 398.02, 372.64, 1.79441
FILLER_0_134_864, 398.02, 372.64, 1.79441
_13254_, 423.02, 372.64, 1.79443
_13262_, 423.02, 372.64, 1.79443
_17064_, 423.02, 372.64, 1.79443
FILLER_0_132_899, 423.02, 372.64, 1.79443
FILLER_0_132_907, 423.02, 372.64, 1.79443
FILLER_0_133_906, 423.02, 372.64, 1.79443
FILLER_0_134_916, 423.02, 372.64, 1.79443
_12479_, 448.02, 372.64, 1.79448
_13237_, 448.02, 372.64, 1.79448
FILLER_0_134_971, 448.02, 372.64, 1.79448
_13084_, 473.02, 372.64, 1.79452
_13085_, 473.02, 372.64, 1.79452
_13086_, 473.02, 372.64, 1.79452
_13201_, 473.02, 372.64, 1.79452
_13212_, 473.02, 372.64, 1.79452
FILLER_0_133_1023, 473.02, 372.64, 1.79452
_18563_, 5.52, 367.2, 1.79562
PHY_260, 5.52, 367.2, 1.79562
PHY_262, 5.52, 367.2, 1.79562
FILLER_0_131_3, 5.52, 367.2, 1.79562
_17046_, 494.04, 367.2, 1.79454
PHY_261, 494.04, 367.2, 1.79454
PHY_263, 494.04, 367.2, 1.79454
_09156_, 23.02, 367.2, 1.79561
_09157_, 23.02, 367.2, 1.79561
_14246_, 23.02, 367.2, 1.79561
_16612_, 23.02, 367.2, 1.79561
_18722_, 23.02, 367.2, 1.79561
_19636_, 23.02, 367.2, 1.79561
_13936_, 48.02, 367.2, 1.7956
_16754_, 48.02, 367.2, 1.7956
_18559_, 48.02, 367.2, 1.7956
FILLER_0_131_102, 48.02, 367.2, 1.7956
FILLER_0_132_94, 48.02, 367.2, 1.7956
_14598_, 73.02, 367.2, 1.79558
_14599_, 73.02, 367.2, 1.79558
_18557_, 73.02, 367.2, 1.79558
FILLER_0_130_141, 73.02, 367.2, 1.79558
FILLER_0_131_137, 73.02, 367.2, 1.79558
FILLER_0_132_153, 73.02, 367.2, 1.79558
_13869_, 98.02, 367.2, 1.79555
_14379_, 98.02, 367.2, 1.79555
_14380_, 98.02, 367.2, 1.79555
FILLER_0_130_193, 98.02, 367.2, 1.79555
FILLER_0_131_211, 98.02, 367.2, 1.79555
_09778_, 123.02, 367.2, 1.79551
_12014_, 123.02, 367.2, 1.79551
_14025_, 123.02, 367.2, 1.79551
_14032_, 123.02, 367.2, 1.79551
_16720_, 123.02, 367.2, 1.79551
FILLER_0_131_259, 123.02, 367.2, 1.79551
_09858_, 148.02, 367.2, 1.79545
_09878_, 148.02, 367.2, 1.79545
_12094_, 148.02, 367.2, 1.79545
_14040_, 148.02, 367.2, 1.79545
_16715_, 148.02, 367.2, 1.79545
_12153_, 173.02, 367.2, 1.79538
_14047_, 173.02, 367.2, 1.79538
_16713_, 173.02, 367.2, 1.79538
_18812_, 173.02, 367.2, 1.79538
FILLER_0_131_358, 173.02, 367.2, 1.79538
FILLER_0_131_366, 173.02, 367.2, 1.79538
FILLER_0_132_365, 173.02, 367.2, 1.79538
_17259_, 198.02, 367.2, 1.79529
_17279_, 198.02, 367.2, 1.79529
_17286_, 198.02, 367.2, 1.79529
_17301_, 198.02, 367.2, 1.79529
_19405_, 198.02, 367.2, 1.79529
hold54, 198.02, 367.2, 1.79529
FILLER_0_130_416, 198.02, 367.2, 1.79529
_17282_, 223.02, 367.2, 1.79522
hold63, 223.02, 367.2, 1.79522
_17409_, 248.02, 367.2, 1.79513
_17733_, 248.02, 367.2, 1.79513
_17734_, 248.02, 367.2, 1.79513
_17735_, 248.02, 367.2, 1.79513
_17776_, 248.02, 367.2, 1.79513
FILLER_0_131_517, 248.02, 367.2, 1.79513
_17233_, 273.02, 367.2, 1.79502
_17280_, 273.02, 367.2, 1.79502
_17687_, 273.02, 367.2, 1.79502
hold52, 273.02, 367.2, 1.79502
FILLER_0_131_573, 273.02, 367.2, 1.79502
_13004_, 298.02, 367.2, 1.79492
_17145_, 298.02, 367.2, 1.79492
FILLER_0_132_639, 298.02, 367.2, 1.79492
FILLER_0_132_645, 298.02, 367.2, 1.79492
_12484_, 323.02, 367.2, 1.79479
_12998_, 323.02, 367.2, 1.79479
_12999_, 323.02, 367.2, 1.79479
FILLER_0_131_697, 323.02, 367.2, 1.79479
FILLER_0_132_695, 323.02, 367.2, 1.79479
FILLER_0_132_701, 323.02, 367.2, 1.79479
_17159_, 348.02, 367.2, 1.79462
clkbuf_leaf_81_i_clk, 348.02, 367.2, 1.79462
hold337, 348.02, 367.2, 1.79462
FILLER_0_130_736, 348.02, 367.2, 1.79462
_15867_, 373.02, 367.2, 1.79446
_17196_, 373.02, 367.2, 1.79446
_17197_, 373.02, 367.2, 1.79446
_19256_, 373.02, 367.2, 1.79446
FILLER_0_131_793, 373.02, 367.2, 1.79446
_13403_, 398.02, 367.2, 1.79439
_13404_, 398.02, 367.2, 1.79439
_19098_, 398.02, 367.2, 1.79439
FILLER_0_130_851, 398.02, 367.2, 1.79439
FILLER_0_131_841, 398.02, 367.2, 1.79439
_13000_, 423.02, 367.2, 1.79441
_13001_, 423.02, 367.2, 1.79441
_13249_, 423.02, 367.2, 1.79441
_13250_, 423.02, 367.2, 1.79441
_13255_, 423.02, 367.2, 1.79441
hold89, 423.02, 367.2, 1.79441
FILLER_0_131_897, 423.02, 367.2, 1.79441
FILLER_0_131_907, 423.02, 367.2, 1.79441
_13150_, 448.02, 367.2, 1.79447
_13184_, 448.02, 367.2, 1.79447
_13217_, 448.02, 367.2, 1.79447
_13222_, 448.02, 367.2, 1.79447
_13227_, 448.02, 367.2, 1.79447
_13228_, 448.02, 367.2, 1.79447
_13232_, 448.02, 367.2, 1.79447
_13233_, 448.02, 367.2, 1.79447
FILLER_0_131_971, 448.02, 367.2, 1.79447
FILLER_0_132_965, 448.02, 367.2, 1.79447
_13344_, 473.02, 367.2, 1.79452
_13345_, 473.02, 367.2, 1.79452
_13349_, 473.02, 367.2, 1.79452
_17043_, 473.02, 367.2, 1.79452
FILLER_0_131_1013, 473.02, 367.2, 1.79452
PHY_256, 5.52, 361.76, 1.79566
PHY_258, 5.52, 361.76, 1.79566
FILLER_0_130_3, 5.52, 361.76, 1.79566
_13335_, 494.04, 361.76, 1.79456
PHY_257, 494.04, 361.76, 1.79456
PHY_259, 494.04, 361.76, 1.79456
_18080_, 23.02, 361.76, 1.79565
_13738_, 48.02, 361.76, 1.79563
FILLER_0_129_91, 48.02, 361.76, 1.79563
FILLER_0_129_104, 48.02, 361.76, 1.79563
_14528_, 73.02, 361.76, 1.7956
_16430_, 73.02, 361.76, 1.7956
_16856_, 73.02, 361.76, 1.7956
_18845_, 73.02, 361.76, 1.7956
FILLER_0_130_149, 73.02, 361.76, 1.7956
_14383_, 98.02, 361.76, 1.79557
_14384_, 98.02, 361.76, 1.79557
_18529_, 98.02, 361.76, 1.79557
FILLER_0_128_192, 98.02, 361.76, 1.79557
FILLER_0_130_206, 98.02, 361.76, 1.79557
_12053_, 123.02, 361.76, 1.79552
_12054_, 123.02, 361.76, 1.79552
_14031_, 123.02, 361.76, 1.79552
_18817_, 123.02, 361.76, 1.79552
hold424, 123.02, 361.76, 1.79552
FILLER_0_128_253, 123.02, 361.76, 1.79552
FILLER_0_129_251, 123.02, 361.76, 1.79552
_14390_, 148.02, 361.76, 1.79543
_18654_, 148.02, 361.76, 1.79543
clkbuf_4_7__f_i_clk, 148.02, 361.76, 1.79543
FILLER_0_128_303, 148.02, 361.76, 1.79543
_12134_, 173.02, 361.76, 1.7954
_14046_, 173.02, 361.76, 1.7954
_14394_, 173.02, 361.76, 1.7954
_16535_, 173.02, 361.76, 1.7954
_18652_, 173.02, 361.76, 1.7954
FILLER_0_129_364, 173.02, 361.76, 1.7954
FILLER_0_130_365, 173.02, 361.76, 1.7954
_17262_, 198.02, 361.76, 1.79533
_17268_, 198.02, 361.76, 1.79533
_19408_, 198.02, 361.76, 1.79533
FILLER_0_128_411, 198.02, 361.76, 1.79533
FILLER_0_129_405, 198.02, 361.76, 1.79533
FILLER_0_130_421, 198.02, 361.76, 1.79533
_17223_, 223.02, 361.76, 1.79524
_17252_, 223.02, 361.76, 1.79524
_17278_, 223.02, 361.76, 1.79524
_17386_, 223.02, 361.76, 1.79524
_17397_, 223.02, 361.76, 1.79524
FILLER_0_130_473, 223.02, 361.76, 1.79524
FILLER_0_130_477, 223.02, 361.76, 1.79524
_17412_, 248.02, 361.76, 1.79516
_17732_, 248.02, 361.76, 1.79516
_17742_, 248.02, 361.76, 1.79516
_17779_, 248.02, 361.76, 1.79516
_17783_, 248.02, 361.76, 1.79516
max_cap72, 248.02, 361.76, 1.79516
FILLER_0_128_522, 248.02, 361.76, 1.79516
_17281_, 273.02, 361.76, 1.79505
_17453_, 273.02, 361.76, 1.79505
_17457_, 273.02, 361.76, 1.79505
_17469_, 273.02, 361.76, 1.79505
_17795_, 273.02, 361.76, 1.79505
FILLER_0_129_590, 273.02, 361.76, 1.79505
_13023_, 298.02, 361.76, 1.79493
_13024_, 298.02, 361.76, 1.79493
_17136_, 298.02, 361.76, 1.79493
_17137_, 298.02, 361.76, 1.79493
_17139_, 298.02, 361.76, 1.79493
_19194_, 298.02, 361.76, 1.79493
hold350, 298.02, 361.76, 1.79493
FILLER_0_129_637, 298.02, 361.76, 1.79493
_19242_, 323.02, 361.76, 1.79479
_17158_, 348.02, 361.76, 1.79461
_17194_, 348.02, 361.76, 1.79461
_17201_, 348.02, 361.76, 1.79461
_19253_, 348.02, 361.76, 1.79461
hold93, 348.02, 361.76, 1.79461
FILLER_0_128_741, 348.02, 361.76, 1.79461
FILLER_0_130_748, 348.02, 361.76, 1.79461
_15869_, 373.02, 361.76, 1.79445
FILLER_0_129_808, 373.02, 361.76, 1.79445
FILLER_0_130_799, 373.02, 361.76, 1.79445
_13039_, 398.02, 361.76, 1.79436
_13261_, 398.02, 361.76, 1.79436
_19099_, 398.02, 361.76, 1.79436
FILLER_0_128_846, 398.02, 361.76, 1.79436
_13394_, 423.02, 361.76, 1.79439
_13397_, 423.02, 361.76, 1.79439
_19105_, 423.02, 361.76, 1.79439
hold88, 423.02, 361.76, 1.79439
FILLER_0_129_915, 423.02, 361.76, 1.79439
FILLER_0_130_921, 423.02, 361.76, 1.79439
_13035_, 448.02, 361.76, 1.79448
_13290_, 448.02, 361.76, 1.79448
_17038_, 448.02, 361.76, 1.79448
FILLER_0_129_949, 448.02, 361.76, 1.79448
FILLER_0_129_965, 448.02, 361.76, 1.79448
_13347_, 473.02, 361.76, 1.79453
_13351_, 473.02, 361.76, 1.79453
_17042_, 473.02, 361.76, 1.79453
_17044_, 473.02, 361.76, 1.79453
_19111_, 473.02, 361.76, 1.79453
PHY_252, 5.52, 356.32, 1.79568
PHY_254, 5.52, 356.32, 1.79568
FILLER_0_127_3, 5.52, 356.32, 1.79568
_13337_, 494.04, 356.32, 1.79458
PHY_253, 494.04, 356.32, 1.79458
PHY_255, 494.04, 356.32, 1.79458
_13734_, 23.02, 356.32, 1.79567
_14524_, 23.02, 356.32, 1.79567
_14525_, 23.02, 356.32, 1.79567
_16468_, 23.02, 356.32, 1.79567
_16469_, 23.02, 356.32, 1.79567
_18945_, 23.02, 356.32, 1.79567
FILLER_0_127_31, 23.02, 356.32, 1.79567
_13735_, 48.02, 356.32, 1.79565
_16858_, 48.02, 356.32, 1.79565
_18591_, 48.02, 356.32, 1.79565
_18943_, 48.02, 356.32, 1.79565
_14530_, 73.02, 356.32, 1.79563
_18589_, 73.02, 356.32, 1.79563
FILLER_0_126_141, 73.02, 356.32, 1.79563
_16541_, 98.02, 356.32, 1.7956
_16543_, 98.02, 356.32, 1.7956
FILLER_0_126_190, 98.02, 356.32, 1.7956
FILLER_0_126_197, 98.02, 356.32, 1.7956
_09798_, 123.02, 356.32, 1.79556
_09818_, 123.02, 356.32, 1.79556
_12034_, 123.02, 356.32, 1.79556
FILLER_0_126_246, 123.02, 356.32, 1.79556
FILLER_0_127_267, 123.02, 356.32, 1.79556
_12099_, 148.02, 356.32, 1.79551
_14389_, 148.02, 356.32, 1.79551
_16537_, 148.02, 356.32, 1.79551
FILLER_0_126_305, 148.02, 356.32, 1.79551
FILLER_0_128_314, 148.02, 356.32, 1.79551
_09898_, 173.02, 356.32, 1.79545
_14393_, 173.02, 356.32, 1.79545
FILLER_0_126_358, 173.02, 356.32, 1.79545
FILLER_0_128_365, 173.02, 356.32, 1.79545
_12110_, 198.02, 356.32, 1.79537
_17654_, 223.02, 356.32, 1.79529
_17691_, 223.02, 356.32, 1.79529
_17697_, 223.02, 356.32, 1.79529
_17706_, 223.02, 356.32, 1.79529
FILLER_0_126_465, 223.02, 356.32, 1.79529
FILLER_0_127_473, 223.02, 356.32, 1.79529
FILLER_0_127_482, 223.02, 356.32, 1.79529
FILLER_0_128_473, 223.02, 356.32, 1.79529
_17690_, 248.02, 356.32, 1.7952
_17738_, 248.02, 356.32, 1.7952
_17773_, 248.02, 356.32, 1.7952
_17452_, 273.02, 356.32, 1.79508
_17458_, 273.02, 356.32, 1.79508
_17473_, 273.02, 356.32, 1.79508
_17474_, 273.02, 356.32, 1.79508
_17482_, 273.02, 356.32, 1.79508
_17772_, 273.02, 356.32, 1.79508
FILLER_0_126_579, 273.02, 356.32, 1.79508
FILLER_0_127_584, 273.02, 356.32, 1.79508
FILLER_0_128_589, 273.02, 356.32, 1.79508
_12757_, 298.02, 356.32, 1.79495
_13027_, 298.02, 356.32, 1.79495
_17379_, 298.02, 356.32, 1.79495
_19195_, 298.02, 356.32, 1.79495
FILLER_0_126_624, 298.02, 356.32, 1.79495
_11215_, 323.02, 356.32, 1.7948
_11232_, 323.02, 356.32, 1.7948
_17992_, 323.02, 356.32, 1.7948
_19564_, 323.02, 356.32, 1.7948
_19565_, 323.02, 356.32, 1.7948
FILLER_0_128_696, 323.02, 356.32, 1.7948
_15793_, 348.02, 356.32, 1.79459
_15798_, 348.02, 356.32, 1.79459
_15818_, 348.02, 356.32, 1.79459
FILLER_0_127_749, 348.02, 356.32, 1.79459
_19247_, 373.02, 356.32, 1.79442
FILLER_0_128_808, 373.02, 356.32, 1.79442
_13038_, 398.02, 356.32, 1.79433
_13260_, 398.02, 356.32, 1.79433
_13399_, 398.02, 356.32, 1.79433
_17031_, 398.02, 356.32, 1.79433
FILLER_0_127_853, 398.02, 356.32, 1.79433
FILLER_0_128_865, 398.02, 356.32, 1.79433
_13376_, 423.02, 356.32, 1.79437
_13385_, 423.02, 356.32, 1.79437
_13390_, 423.02, 356.32, 1.79437
_17033_, 423.02, 356.32, 1.79437
_17034_, 423.02, 356.32, 1.79437
_19104_, 423.02, 356.32, 1.79437
hold50, 423.02, 356.32, 1.79437
hold455, 423.02, 356.32, 1.79437
FILLER_0_128_917, 423.02, 356.32, 1.79437
_13361_, 448.02, 356.32, 1.79448
_13362_, 448.02, 356.32, 1.79448
_19108_, 448.02, 356.32, 1.79448
hold292, 448.02, 356.32, 1.79448
FILLER_0_127_957, 448.02, 356.32, 1.79448
_13348_, 473.02, 356.32, 1.79455
hold256, 473.02, 356.32, 1.79455
hold285, 473.02, 356.32, 1.79455
_14523_, 5.52, 350.88, 1.79571
PHY_248, 5.52, 350.88, 1.79571
PHY_250, 5.52, 350.88, 1.79571
FILLER_0_125_3, 5.52, 350.88, 1.79571
PHY_249, 494.04, 350.88, 1.79459
PHY_251, 494.04, 350.88, 1.79459
_16470_, 23.02, 350.88, 1.7957
_18592_, 23.02, 350.88, 1.7957
FILLER_0_124_29, 23.02, 350.88, 1.7957
FILLER_0_124_37, 23.02, 350.88, 1.7957
FILLER_0_125_50, 23.02, 350.88, 1.7957
_09845_, 48.02, 350.88, 1.79568
_12088_, 48.02, 350.88, 1.79568
_14526_, 48.02, 350.88, 1.79568
_14527_, 48.02, 350.88, 1.79568
FILLER_0_125_82, 48.02, 350.88, 1.79568
FILLER_0_126_94, 48.02, 350.88, 1.79568
_09885_, 73.02, 350.88, 1.79566
_12121_, 73.02, 350.88, 1.79566
_14531_, 73.02, 350.88, 1.79566
_16465_, 73.02, 350.88, 1.79566
_18941_, 73.02, 350.88, 1.79566
FILLER_0_124_137, 73.02, 350.88, 1.79566
FILLER_0_125_158, 73.02, 350.88, 1.79566
FILLER_0_126_154, 73.02, 350.88, 1.79566
_14381_, 98.02, 350.88, 1.79563
_14382_, 98.02, 350.88, 1.79563
_18656_, 98.02, 350.88, 1.79563
_18658_, 98.02, 350.88, 1.79563
FILLER_0_125_193, 98.02, 350.88, 1.79563
FILLER_0_126_205, 98.02, 350.88, 1.79563
_09838_, 123.02, 350.88, 1.79559
_12074_, 123.02, 350.88, 1.79559
_12089_, 123.02, 350.88, 1.79559
_16717_, 123.02, 350.88, 1.79559
FILLER_0_124_248, 123.02, 350.88, 1.79559
FILLER_0_125_264, 123.02, 350.88, 1.79559
FILLER_0_126_261, 123.02, 350.88, 1.79559
_15573_, 148.02, 350.88, 1.79553
_15577_, 148.02, 350.88, 1.79553
_15936_, 148.02, 350.88, 1.79553
_18111_, 148.02, 350.88, 1.79553
hold308, 148.02, 350.88, 1.79553
hold319, 148.02, 350.88, 1.79553
_12139_, 173.02, 350.88, 1.79546
_15581_, 173.02, 350.88, 1.79546
_15582_, 173.02, 350.88, 1.79546
_15932_, 173.02, 350.88, 1.79546
_18109_, 173.02, 350.88, 1.79546
hold329, 173.02, 350.88, 1.79546
FILLER_0_124_358, 173.02, 350.88, 1.79546
_17657_, 198.02, 350.88, 1.79537
_19465_, 198.02, 350.88, 1.79537
_19467_, 198.02, 350.88, 1.79537
FILLER_0_126_421, 198.02, 350.88, 1.79537
_19509_, 223.02, 350.88, 1.79529
FILLER_0_125_481, 223.02, 350.88, 1.79529
FILLER_0_126_477, 223.02, 350.88, 1.79529
_17777_, 248.02, 350.88, 1.7952
_17778_, 248.02, 350.88, 1.7952
_19511_, 248.02, 350.88, 1.7952
_19512_, 248.02, 350.88, 1.7952
FILLER_0_124_515, 248.02, 350.88, 1.7952
_15837_, 273.02, 350.88, 1.7951
_17801_, 273.02, 350.88, 1.7951
clkbuf_leaf_79_i_clk, 273.02, 350.88, 1.7951
FILLER_0_125_585, 273.02, 350.88, 1.7951
FILLER_0_126_589, 273.02, 350.88, 1.7951
_10182_, 298.02, 350.88, 1.79498
_13026_, 298.02, 350.88, 1.79498
_13028_, 298.02, 350.88, 1.79498
_15599_, 298.02, 350.88, 1.79498
_17027_, 298.02, 350.88, 1.79498
FILLER_0_124_634, 298.02, 350.88, 1.79498
FILLER_0_125_626, 298.02, 350.88, 1.79498
FILLER_0_126_641, 298.02, 350.88, 1.79498
FILLER_0_126_645, 298.02, 350.88, 1.79498
_11231_, 323.02, 350.88, 1.79478
_11233_, 323.02, 350.88, 1.79478
_11247_, 323.02, 350.88, 1.79478
_11266_, 323.02, 350.88, 1.79478
_17993_, 323.02, 350.88, 1.79478
FILLER_0_124_690, 323.02, 350.88, 1.79478
FILLER_0_125_681, 323.02, 350.88, 1.79478
FILLER_0_125_687, 323.02, 350.88, 1.79478
FILLER_0_125_695, 323.02, 350.88, 1.79478
_15799_, 348.02, 350.88, 1.79444
_17188_, 348.02, 350.88, 1.79444
hold123, 348.02, 350.88, 1.79444
FILLER_0_124_740, 348.02, 350.88, 1.79444
FILLER_0_125_757, 348.02, 350.88, 1.79444
FILLER_0_126_749, 348.02, 350.88, 1.79444
_15795_, 373.02, 350.88, 1.79366
_15819_, 373.02, 350.88, 1.79366
_15822_, 373.02, 350.88, 1.79366
_17195_, 373.02, 350.88, 1.79366
FILLER_0_125_792, 373.02, 350.88, 1.79366
FILLER_0_126_800, 373.02, 350.88, 1.79366
FILLER_0_126_807, 373.02, 350.88, 1.79366
_15749_, 398.02, 350.88, 1.79266
_15769_, 398.02, 350.88, 1.79266
FILLER_0_125_853, 398.02, 350.88, 1.79266
FILLER_0_126_861, 398.02, 350.88, 1.79266
_13381_, 423.02, 350.88, 1.79369
_13384_, 423.02, 350.88, 1.79369
_13391_, 423.02, 350.88, 1.79369
_19103_, 423.02, 350.88, 1.79369
clkbuf_4_14__f_i_clk, 423.02, 350.88, 1.79369
FILLER_0_126_917, 423.02, 350.88, 1.79369
_13360_, 448.02, 350.88, 1.79432
_13366_, 448.02, 350.88, 1.79432
_17039_, 448.02, 350.88, 1.79432
_19106_, 448.02, 350.88, 1.79432
_19107_, 448.02, 350.88, 1.79432
hold294, 448.02, 350.88, 1.79432
_13316_, 473.02, 350.88, 1.79453
_19114_, 473.02, 350.88, 1.79453
_19117_, 473.02, 350.88, 1.79453
FILLER_0_125_1018, 473.02, 350.88, 1.79453
FILLER_0_125_1026, 473.02, 350.88, 1.79453
FILLER_0_126_1025, 473.02, 350.88, 1.79453
PHY_244, 5.52, 345.44, 1.79574
PHY_246, 5.52, 345.44, 1.79574
FILLER_0_123_3, 5.52, 345.44, 1.79574
PHY_245, 494.04, 345.44, 1.79462
PHY_247, 494.04, 345.44, 1.79462
_09844_, 23.02, 345.44, 1.79572
_12060_, 23.02, 345.44, 1.79572
_12080_, 23.02, 345.44, 1.79572
_14750_, 23.02, 345.44, 1.79572
FILLER_0_122_38, 23.02, 345.44, 1.79572
FILLER_0_123_43, 23.02, 345.44, 1.79572
_09812_, 48.02, 345.44, 1.79568
_09832_, 48.02, 345.44, 1.79568
_09852_, 48.02, 345.44, 1.79568
_09864_, 48.02, 345.44, 1.79568
_12100_, 48.02, 345.44, 1.79568
FILLER_0_124_93, 48.02, 345.44, 1.79568
_09892_, 73.02, 345.44, 1.79565
_09904_, 73.02, 345.44, 1.79565
_12128_, 73.02, 345.44, 1.79565
_12140_, 73.02, 345.44, 1.79565
FILLER_0_123_154, 73.02, 345.44, 1.79565
FILLER_0_124_155, 73.02, 345.44, 1.79565
_14385_, 98.02, 345.44, 1.79564
_14386_, 98.02, 345.44, 1.79564
FILLER_0_122_190, 98.02, 345.44, 1.79564
FILLER_0_123_193, 98.02, 345.44, 1.79564
_09803_, 123.02, 345.44, 1.79561
_12039_, 123.02, 345.44, 1.79561
_12049_, 123.02, 345.44, 1.79561
_12079_, 123.02, 345.44, 1.79561
_18112_, 123.02, 345.44, 1.79561
FILLER_0_122_245, 123.02, 345.44, 1.79561
FILLER_0_122_253, 123.02, 345.44, 1.79561
FILLER_0_123_244, 123.02, 345.44, 1.79561
_09863_, 148.02, 345.44, 1.79556
_09873_, 148.02, 345.44, 1.79556
_12109_, 148.02, 345.44, 1.79556
_15578_, 148.02, 345.44, 1.79556
FILLER_0_122_305, 148.02, 345.44, 1.79556
FILLER_0_123_323, 148.02, 345.44, 1.79556
_09903_, 173.02, 345.44, 1.79548
_09913_, 173.02, 345.44, 1.79548
_12149_, 173.02, 345.44, 1.79548
clkbuf_leaf_69_i_clk, 173.02, 345.44, 1.79548
FILLER_0_122_357, 173.02, 345.44, 1.79548
FILLER_0_124_374, 173.02, 345.44, 1.79548
_09834_, 198.02, 345.44, 1.79542
_17653_, 198.02, 345.44, 1.79542
hold178, 198.02, 345.44, 1.79542
FILLER_0_122_413, 198.02, 345.44, 1.79542
FILLER_0_123_426, 198.02, 345.44, 1.79542
FILLER_0_124_424, 198.02, 345.44, 1.79542
_17222_, 223.02, 345.44, 1.79534
_17277_, 223.02, 345.44, 1.79534
_17699_, 223.02, 345.44, 1.79534
_17707_, 223.02, 345.44, 1.79534
_17708_, 223.02, 345.44, 1.79534
FILLER_0_122_471, 223.02, 345.44, 1.79534
FILLER_0_123_485, 223.02, 345.44, 1.79534
FILLER_0_124_486, 223.02, 345.44, 1.79534
_09187_, 248.02, 345.44, 1.79523
_17385_, 248.02, 345.44, 1.79523
_17774_, 248.02, 345.44, 1.79523
_17775_, 248.02, 345.44, 1.79523
_17817_, 248.02, 345.44, 1.79523
_17859_, 248.02, 345.44, 1.79523
FILLER_0_123_515, 248.02, 345.44, 1.79523
_15596_, 273.02, 345.44, 1.7951
_17790_, 273.02, 345.44, 1.7951
_17791_, 273.02, 345.44, 1.7951
_17802_, 273.02, 345.44, 1.7951
_17803_, 273.02, 345.44, 1.7951
_19516_, 273.02, 345.44, 1.7951
_19520_, 273.02, 345.44, 1.7951
FILLER_0_124_585, 273.02, 345.44, 1.7951
_10108_, 298.02, 345.44, 1.79496
_10130_, 298.02, 345.44, 1.79496
_13029_, 298.02, 345.44, 1.79496
_13030_, 298.02, 345.44, 1.79496
_13032_, 298.02, 345.44, 1.79496
_13034_, 298.02, 345.44, 1.79496
_15759_, 298.02, 345.44, 1.79496
_11265_, 323.02, 345.44, 1.79473
hold426, 323.02, 345.44, 1.79473
FILLER_0_123_693, 323.02, 345.44, 1.79473
FILLER_0_124_701, 323.02, 345.44, 1.79473
_15800_, 348.02, 345.44, 1.79414
_15809_, 348.02, 345.44, 1.79414
_15810_, 348.02, 345.44, 1.79414
_17200_, 348.02, 345.44, 1.79414
_19252_, 348.02, 345.44, 1.79414
FILLER_0_123_742, 348.02, 345.44, 1.79414
FILLER_0_124_757, 348.02, 345.44, 1.79414
_15773_, 373.02, 345.44, 1.79316
_15794_, 373.02, 345.44, 1.79316
_15806_, 373.02, 345.44, 1.79316
_15820_, 373.02, 345.44, 1.79316
_15824_, 373.02, 345.44, 1.79316
_15825_, 373.02, 345.44, 1.79316
FILLER_0_123_792, 373.02, 345.44, 1.79316
_15710_, 398.02, 345.44, 1.79291
_15768_, 398.02, 345.44, 1.79291
_15770_, 398.02, 345.44, 1.79291
FILLER_0_124_861, 398.02, 345.44, 1.79291
_13383_, 423.02, 345.44, 1.79386
clkbuf_leaf_109_i_clk, 423.02, 345.44, 1.79386
hold306, 423.02, 345.44, 1.79386
_13364_, 448.02, 345.44, 1.79439
FILLER_0_123_949, 448.02, 345.44, 1.79439
FILLER_0_123_975, 448.02, 345.44, 1.79439
FILLER_0_124_970, 448.02, 345.44, 1.79439
_13315_, 473.02, 345.44, 1.79457
_13317_, 473.02, 345.44, 1.79457
_13318_, 473.02, 345.44, 1.79457
_13330_, 473.02, 345.44, 1.79457
_17051_, 473.02, 345.44, 1.79457
PHY_240, 5.52, 340, 1.79577
PHY_242, 5.52, 340, 1.79577
FILLER_0_121_3, 5.52, 340, 1.79577
FILLER_0_122_3, 5.52, 340, 1.79577
PHY_241, 494.04, 340, 1.79464
PHY_243, 494.04, 340, 1.79464
output7, 494.04, 340, 1.79464
FILLER_0_120_1053, 494.04, 340, 1.79464
_09804_, 23.02, 340, 1.79576
_12040_, 23.02, 340, 1.79576
_14753_, 23.02, 340, 1.79576
_18946_, 23.02, 340, 1.79576
FILLER_0_120_25, 23.02, 340, 1.79576
FILLER_0_120_29, 23.02, 340, 1.79576
FILLER_0_121_37, 23.02, 340, 1.79576
FILLER_0_121_50, 23.02, 340, 1.79576
FILLER_0_122_50, 23.02, 340, 1.79576
_14831_, 48.02, 340, 1.79572
_16326_, 48.02, 340, 1.79572
_16327_, 48.02, 340, 1.79572
clkbuf_4_5__f_i_clk, 48.02, 340, 1.79572
FILLER_0_121_94, 48.02, 340, 1.79572
FILLER_0_122_103, 48.02, 340, 1.79572
_14832_, 73.02, 340, 1.79572
_18493_, 73.02, 340, 1.79572
FILLER_0_120_141, 73.02, 340, 1.79572
_14313_, 98.02, 340, 1.79569
_14314_, 98.02, 340, 1.79569
_14318_, 98.02, 340, 1.79569
_18690_, 98.02, 340, 1.79569
FILLER_0_120_189, 98.02, 340, 1.79569
FILLER_0_121_192, 98.02, 340, 1.79569
FILLER_0_121_213, 98.02, 340, 1.79569
_09813_, 123.02, 340, 1.79565
_09843_, 123.02, 340, 1.79565
_09853_, 123.02, 340, 1.79565
_12038_, 123.02, 340, 1.79565
_12078_, 123.02, 340, 1.79565
_16930_, 123.02, 340, 1.79565
FILLER_0_120_248, 123.02, 340, 1.79565
FILLER_0_121_243, 123.02, 340, 1.79565
FILLER_0_121_261, 123.02, 340, 1.79565
FILLER_0_122_263, 123.02, 340, 1.79565
_14321_, 148.02, 340, 1.7956
_14322_, 148.02, 340, 1.7956
_16574_, 148.02, 340, 1.7956
FILLER_0_120_309, 148.02, 340, 1.7956
_09874_, 173.02, 340, 1.79554
_14323_, 173.02, 340, 1.79554
_14324_, 173.02, 340, 1.79554
_19601_, 173.02, 340, 1.79554
FILLER_0_121_363, 173.02, 340, 1.79554
FILLER_0_122_365, 173.02, 340, 1.79554
_09854_, 198.02, 340, 1.79546
_19602_, 198.02, 340, 1.79546
_19603_, 198.02, 340, 1.79546
FILLER_0_121_407, 198.02, 340, 1.79546
_09188_, 223.02, 340, 1.79538
_17828_, 223.02, 340, 1.79538
_17833_, 223.02, 340, 1.79538
_17851_, 223.02, 340, 1.79538
_17854_, 223.02, 340, 1.79538
FILLER_0_120_465, 223.02, 340, 1.79538
FILLER_0_121_462, 223.02, 340, 1.79538
FILLER_0_121_470, 223.02, 340, 1.79538
_17829_, 248.02, 340, 1.7953
_17830_, 248.02, 340, 1.7953
FILLER_0_120_523, 248.02, 340, 1.7953
FILLER_0_121_517, 248.02, 340, 1.7953
FILLER_0_121_540, 248.02, 340, 1.7953
_17798_, 273.02, 340, 1.79517
_17799_, 273.02, 340, 1.79517
_17800_, 273.02, 340, 1.79517
FILLER_0_120_569, 273.02, 340, 1.79517
FILLER_0_121_589, 273.02, 340, 1.79517
FILLER_0_122_583, 273.02, 340, 1.79517
_10133_, 298.02, 340, 1.79499
_10142_, 298.02, 340, 1.79499
_13101_, 298.02, 340, 1.79499
_13102_, 298.02, 340, 1.79499
_17387_, 298.02, 340, 1.79499
FILLER_0_121_635, 298.02, 340, 1.79499
_10330_, 323.02, 340, 1.79479
_10331_, 323.02, 340, 1.79479
_10335_, 323.02, 340, 1.79479
_10336_, 323.02, 340, 1.79479
_10394_, 323.02, 340, 1.79479
_10395_, 323.02, 340, 1.79479
_17713_, 323.02, 340, 1.79479
_15789_, 348.02, 340, 1.79455
_15803_, 348.02, 340, 1.79455
_15804_, 348.02, 340, 1.79455
_15805_, 348.02, 340, 1.79455
_17198_, 348.02, 340, 1.79455
FILLER_0_121_732, 348.02, 340, 1.79455
FILLER_0_121_742, 348.02, 340, 1.79455
_15852_, 373.02, 340, 1.79409
_15863_, 373.02, 340, 1.79409
FILLER_0_120_794, 373.02, 340, 1.79409
FILLER_0_122_809, 373.02, 340, 1.79409
_15747_, 398.02, 340, 1.7933
_15772_, 398.02, 340, 1.7933
_15780_, 398.02, 340, 1.7933
FILLER_0_121_841, 398.02, 340, 1.7933
_13377_, 423.02, 340, 1.79351
_13382_, 423.02, 340, 1.79351
_15703_, 423.02, 340, 1.79351
FILLER_0_120_904, 423.02, 340, 1.79351
FILLER_0_122_920, 423.02, 340, 1.79351
_10560_, 448.02, 340, 1.79432
_13083_, 448.02, 340, 1.79432
_13363_, 448.02, 340, 1.79432
FILLER_0_120_950, 448.02, 340, 1.79432
FILLER_0_121_953, 448.02, 340, 1.79432
_13320_, 473.02, 340, 1.79458
_13322_, 473.02, 340, 1.79458
_19116_, 473.02, 340, 1.79458
FILLER_0_120_1005, 473.02, 340, 1.79458
FILLER_0_122_1029, 473.02, 340, 1.79458
PHY_236, 5.52, 334.56, 1.7958
PHY_238, 5.52, 334.56, 1.7958
output39, 5.52, 334.56, 1.7958
_17055_, 494.04, 334.56, 1.79471
PHY_237, 494.04, 334.56, 1.79471
PHY_239, 494.04, 334.56, 1.79471
_13731_, 23.02, 334.56, 1.7958
_13732_, 23.02, 334.56, 1.7958
_14518_, 23.02, 334.56, 1.7958
FILLER_0_118_38, 23.02, 334.56, 1.7958
FILLER_0_119_36, 23.02, 334.56, 1.7958
_18463_, 48.02, 334.56, 1.79579
FILLER_0_118_81, 48.02, 334.56, 1.79579
_14533_, 73.02, 334.56, 1.79576
_14762_, 73.02, 334.56, 1.79576
_14763_, 73.02, 334.56, 1.79576
_16358_, 73.02, 334.56, 1.79576
FILLER_0_119_157, 73.02, 334.56, 1.79576
_16577_, 98.02, 334.56, 1.79573
_18688_, 98.02, 334.56, 1.79573
FILLER_0_118_193, 98.02, 334.56, 1.79573
FILLER_0_118_197, 98.02, 334.56, 1.79573
_09842_, 123.02, 334.56, 1.79567
_12019_, 123.02, 334.56, 1.79567
_12029_, 123.02, 334.56, 1.79567
_15570_, 123.02, 334.56, 1.79567
clkbuf_leaf_35_i_clk, 123.02, 334.56, 1.79567
FILLER_0_118_247, 123.02, 334.56, 1.79567
_12098_, 148.02, 334.56, 1.79563
_14319_, 148.02, 334.56, 1.79563
_18686_, 148.02, 334.56, 1.79563
_19006_, 148.02, 334.56, 1.79563
_09902_, 173.02, 334.56, 1.79558
_18685_, 173.02, 334.56, 1.79558
_12030_, 198.02, 334.56, 1.79551
_15926_, 198.02, 334.56, 1.79551
_17658_, 198.02, 334.56, 1.79551
_18043_, 198.02, 334.56, 1.79551
hold241, 198.02, 334.56, 1.79551
FILLER_0_120_421, 198.02, 334.56, 1.79551
_17855_, 223.02, 334.56, 1.79544
_17873_, 223.02, 334.56, 1.79544
_17904_, 223.02, 334.56, 1.79544
FILLER_0_118_472, 223.02, 334.56, 1.79544
FILLER_0_120_473, 223.02, 334.56, 1.79544
FILLER_0_120_477, 223.02, 334.56, 1.79544
_17831_, 248.02, 334.56, 1.79534
_17861_, 248.02, 334.56, 1.79534
_17867_, 248.02, 334.56, 1.79534
_17876_, 248.02, 334.56, 1.79534
_17878_, 248.02, 334.56, 1.79534
_17879_, 248.02, 334.56, 1.79534
FILLER_0_119_526, 248.02, 334.56, 1.79534
FILLER_0_119_540, 248.02, 334.56, 1.79534
_17792_, 273.02, 334.56, 1.79519
_17804_, 273.02, 334.56, 1.79519
_17805_, 273.02, 334.56, 1.79519
_17806_, 273.02, 334.56, 1.79519
_19503_, 273.02, 334.56, 1.79519
_19519_, 273.02, 334.56, 1.79519
FILLER_0_118_577, 273.02, 334.56, 1.79519
FILLER_0_119_574, 273.02, 334.56, 1.79519
FILLER_0_119_585, 273.02, 334.56, 1.79519
FILLER_0_120_585, 273.02, 334.56, 1.79519
_10128_, 298.02, 334.56, 1.79506
_10132_, 298.02, 334.56, 1.79506
_10141_, 298.02, 334.56, 1.79506
_10194_, 298.02, 334.56, 1.79506
_17711_, 298.02, 334.56, 1.79506
FILLER_0_119_639, 298.02, 334.56, 1.79506
_10225_, 323.02, 334.56, 1.79486
_10320_, 323.02, 334.56, 1.79486
_10402_, 323.02, 334.56, 1.79486
_17717_, 323.02, 334.56, 1.79486
FILLER_0_119_690, 323.02, 334.56, 1.79486
FILLER_0_120_697, 323.02, 334.56, 1.79486
_17199_, 348.02, 334.56, 1.79452
FILLER_0_119_753, 348.02, 334.56, 1.79452
FILLER_0_120_753, 348.02, 334.56, 1.79452
FILLER_0_120_757, 348.02, 334.56, 1.79452
_15835_, 373.02, 334.56, 1.79369
_15851_, 373.02, 334.56, 1.79369
_15857_, 373.02, 334.56, 1.79369
_15858_, 373.02, 334.56, 1.79369
_15859_, 373.02, 334.56, 1.79369
hold364, 373.02, 334.56, 1.79369
FILLER_0_118_789, 373.02, 334.56, 1.79369
FILLER_0_119_804, 373.02, 334.56, 1.79369
FILLER_0_119_812, 373.02, 334.56, 1.79369
FILLER_0_120_807, 373.02, 334.56, 1.79369
_15746_, 398.02, 334.56, 1.79326
_15766_, 398.02, 334.56, 1.79326
_15767_, 398.02, 334.56, 1.79326
FILLER_0_119_841, 398.02, 334.56, 1.79326
FILLER_0_120_859, 398.02, 334.56, 1.79326
_10160_, 423.02, 334.56, 1.79393
_10390_, 423.02, 334.56, 1.79393
_11218_, 423.02, 334.56, 1.79393
_13268_, 423.02, 334.56, 1.79393
_13294_, 423.02, 334.56, 1.79393
_15745_, 423.02, 334.56, 1.79393
FILLER_0_119_918, 423.02, 334.56, 1.79393
FILLER_0_120_913, 423.02, 334.56, 1.79393
_10323_, 448.02, 334.56, 1.79442
_10324_, 448.02, 334.56, 1.79442
_10403_, 448.02, 334.56, 1.79442
_10405_, 448.02, 334.56, 1.79442
_10406_, 448.02, 334.56, 1.79442
_10559_, 448.02, 334.56, 1.79442
_10582_, 448.02, 334.56, 1.79442
_13082_, 448.02, 334.56, 1.79442
_13359_, 448.02, 334.56, 1.79442
_13321_, 473.02, 334.56, 1.79466
_17050_, 473.02, 334.56, 1.79466
hold38, 473.02, 334.56, 1.79466
hold40, 473.02, 334.56, 1.79466
FILLER_0_119_1004, 473.02, 334.56, 1.79466
FILLER_0_120_1021, 473.02, 334.56, 1.79466
_18498_, 5.52, 329.12, 1.79584
PHY_232, 5.52, 329.12, 1.79584
PHY_234, 5.52, 329.12, 1.79584
FILLER_0_118_3, 5.52, 329.12, 1.79584
PHY_233, 494.04, 329.12, 1.79479
PHY_235, 494.04, 329.12, 1.79479
_09784_, 23.02, 329.12, 1.79583
_12020_, 23.02, 329.12, 1.79583
_16364_, 23.02, 329.12, 1.79583
_18947_, 23.02, 329.12, 1.79583
FILLER_0_117_28, 23.02, 329.12, 1.79583
_12028_, 48.02, 329.12, 1.79581
_14756_, 48.02, 329.12, 1.79581
_18495_, 48.02, 329.12, 1.79581
FILLER_0_116_80, 48.02, 329.12, 1.79581
FILLER_0_117_86, 48.02, 329.12, 1.79581
FILLER_0_118_97, 48.02, 329.12, 1.79581
_14532_, 73.02, 329.12, 1.79579
_16357_, 73.02, 329.12, 1.79579
_16464_, 73.02, 329.12, 1.79579
_18492_, 73.02, 329.12, 1.79579
_18588_, 73.02, 329.12, 1.79579
_14316_, 98.02, 329.12, 1.79576
_14317_, 98.02, 329.12, 1.79576
_16322_, 98.02, 329.12, 1.79576
hold360, 98.02, 329.12, 1.79576
FILLER_0_116_192, 98.02, 329.12, 1.79576
FILLER_0_116_197, 98.02, 329.12, 1.79576
_09783_, 123.02, 329.12, 1.79572
_09793_, 123.02, 329.12, 1.79572
_09802_, 123.02, 329.12, 1.79572
_18115_, 123.02, 329.12, 1.79572
FILLER_0_116_244, 123.02, 329.12, 1.79572
FILLER_0_117_249, 123.02, 329.12, 1.79572
_13603_, 148.02, 329.12, 1.79566
_14036_, 148.02, 329.12, 1.79566
_14755_, 148.02, 329.12, 1.79566
_16573_, 148.02, 329.12, 1.79566
_16929_, 148.02, 329.12, 1.79566
clkbuf_leaf_34_i_clk, 148.02, 329.12, 1.79566
_16571_, 173.02, 329.12, 1.79561
_16926_, 173.02, 329.12, 1.79561
FILLER_0_116_355, 173.02, 329.12, 1.79561
FILLER_0_118_365, 173.02, 329.12, 1.79561
_09174_, 198.02, 329.12, 1.79555
_18041_, 198.02, 329.12, 1.79555
_19469_, 198.02, 329.12, 1.79555
_19528_, 198.02, 329.12, 1.79555
FILLER_0_116_409, 198.02, 329.12, 1.79555
FILLER_0_116_417, 198.02, 329.12, 1.79555
_17905_, 223.02, 329.12, 1.79548
_17909_, 223.02, 329.12, 1.79548
_17912_, 223.02, 329.12, 1.79548
_17913_, 223.02, 329.12, 1.79548
FILLER_0_116_466, 223.02, 329.12, 1.79548
FILLER_0_117_461, 223.02, 329.12, 1.79548
FILLER_0_117_469, 223.02, 329.12, 1.79548
FILLER_0_117_484, 223.02, 329.12, 1.79548
FILLER_0_118_477, 223.02, 329.12, 1.79548
_17880_, 248.02, 329.12, 1.79539
_17881_, 248.02, 329.12, 1.79539
_17889_, 248.02, 329.12, 1.79539
_17890_, 248.02, 329.12, 1.79539
FILLER_0_116_522, 248.02, 329.12, 1.79539
FILLER_0_117_517, 248.02, 329.12, 1.79539
FILLER_0_118_528, 248.02, 329.12, 1.79539
_17808_, 273.02, 329.12, 1.79528
_19521_, 273.02, 329.12, 1.79528
_10187_, 298.02, 329.12, 1.79515
_19350_, 298.02, 329.12, 1.79515
FILLER_0_116_624, 298.02, 329.12, 1.79515
FILLER_0_117_634, 298.02, 329.12, 1.79515
_11336_, 323.02, 329.12, 1.79497
FILLER_0_118_701, 323.02, 329.12, 1.79497
_15816_, 348.02, 329.12, 1.79464
_15817_, 348.02, 329.12, 1.79464
_15849_, 348.02, 329.12, 1.79464
FILLER_0_117_749, 348.02, 329.12, 1.79464
FILLER_0_118_748, 348.02, 329.12, 1.79464
_15811_, 373.02, 329.12, 1.79405
FILLER_0_117_797, 373.02, 329.12, 1.79405
FILLER_0_118_809, 373.02, 329.12, 1.79405
_15734_, 398.02, 329.12, 1.7936
_15737_, 398.02, 329.12, 1.7936
FILLER_0_117_841, 398.02, 329.12, 1.7936
FILLER_0_118_863, 398.02, 329.12, 1.7936
_10337_, 423.02, 329.12, 1.79416
_10338_, 423.02, 329.12, 1.79416
FILLER_0_116_906, 423.02, 329.12, 1.79416
FILLER_0_117_909, 423.02, 329.12, 1.79416
FILLER_0_117_919, 423.02, 329.12, 1.79416
FILLER_0_118_909, 423.02, 329.12, 1.79416
FILLER_0_118_919, 423.02, 329.12, 1.79416
_10161_, 448.02, 329.12, 1.79456
_10404_, 448.02, 329.12, 1.79456
_10407_, 448.02, 329.12, 1.79456
_10408_, 448.02, 329.12, 1.79456
_10409_, 448.02, 329.12, 1.79456
_10411_, 448.02, 329.12, 1.79456
FILLER_0_117_964, 448.02, 329.12, 1.79456
_13296_, 473.02, 329.12, 1.79473
_13297_, 473.02, 329.12, 1.79473
_13299_, 473.02, 329.12, 1.79473
_13301_, 473.02, 329.12, 1.79473
_13302_, 473.02, 329.12, 1.79473
_17054_, 473.02, 329.12, 1.79473
ANTENNA_57, 473.02, 329.12, 1.79473
FILLER_0_117_1018, 473.02, 329.12, 1.79473
FILLER_0_118_1023, 473.02, 329.12, 1.79473
PHY_228, 5.52, 323.68, 1.79587
PHY_230, 5.52, 323.68, 1.79587
FILLER_0_116_3, 5.52, 323.68, 1.79587
_17058_, 494.04, 323.68, 1.79485
PHY_229, 494.04, 323.68, 1.79485
PHY_231, 494.04, 323.68, 1.79485
FILLER_0_115_1056, 494.04, 323.68, 1.79485
_13729_, 23.02, 323.68, 1.79586
_13730_, 23.02, 323.68, 1.79586
_14744_, 23.02, 323.68, 1.79586
_14824_, 23.02, 323.68, 1.79586
_14825_, 23.02, 323.68, 1.79586
FILLER_0_115_39, 23.02, 323.68, 1.79586
FILLER_0_115_47, 23.02, 323.68, 1.79586
FILLER_0_116_41, 23.02, 323.68, 1.79586
_14453_, 48.02, 323.68, 1.79585
_14757_, 48.02, 323.68, 1.79585
_16504_, 48.02, 323.68, 1.79585
FILLER_0_114_88, 48.02, 323.68, 1.79585
FILLER_0_116_97, 48.02, 323.68, 1.79585
_14765_, 73.02, 323.68, 1.79582
_14766_, 73.02, 323.68, 1.79582
clkbuf_leaf_48_i_clk, 73.02, 323.68, 1.79582
FILLER_0_114_141, 73.02, 323.68, 1.79582
_14315_, 98.02, 323.68, 1.79579
_18689_, 98.02, 323.68, 1.79579
_18691_, 98.02, 323.68, 1.79579
FILLER_0_115_188, 98.02, 323.68, 1.79579
_09782_, 123.02, 323.68, 1.79575
_09822_, 123.02, 323.68, 1.79575
_12018_, 123.02, 323.68, 1.79575
_13592_, 123.02, 323.68, 1.79575
_16931_, 123.02, 323.68, 1.79575
FILLER_0_114_246, 123.02, 323.68, 1.79575
_09861_, 148.02, 323.68, 1.7957
_09881_, 148.02, 323.68, 1.7957
_14039_, 148.02, 323.68, 1.7957
_15513_, 148.02, 323.68, 1.7957
_15514_, 148.02, 323.68, 1.7957
FILLER_0_116_315, 148.02, 323.68, 1.7957
_12137_, 173.02, 323.68, 1.79565
_14042_, 173.02, 323.68, 1.79565
_14326_, 173.02, 323.68, 1.79565
_18684_, 173.02, 323.68, 1.79565
FILLER_0_114_359, 173.02, 323.68, 1.79565
FILLER_0_116_368, 173.02, 323.68, 1.79565
FILLER_0_116_376, 173.02, 323.68, 1.79565
_09170_, 198.02, 323.68, 1.79558
_09934_, 198.02, 323.68, 1.79558
clkbuf_leaf_70_i_clk, 198.02, 323.68, 1.79558
hold269, 198.02, 323.68, 1.79558
FILLER_0_115_413, 198.02, 323.68, 1.79558
FILLER_0_115_421, 198.02, 323.68, 1.79558
_17840_, 223.02, 323.68, 1.79553
_17841_, 223.02, 323.68, 1.79553
_17848_, 223.02, 323.68, 1.79553
_17887_, 223.02, 323.68, 1.79553
FILLER_0_115_470, 223.02, 323.68, 1.79553
FILLER_0_115_477, 223.02, 323.68, 1.79553
FILLER_0_116_477, 223.02, 323.68, 1.79553
_17736_, 248.02, 323.68, 1.79543
_17743_, 248.02, 323.68, 1.79543
_17846_, 248.02, 323.68, 1.79543
_17885_, 248.02, 323.68, 1.79543
FILLER_0_115_537, 248.02, 323.68, 1.79543
FILLER_0_116_533, 248.02, 323.68, 1.79543
_17809_, 273.02, 323.68, 1.79532
_19522_, 273.02, 323.68, 1.79532
clkbuf_leaf_78_i_clk, 273.02, 323.68, 1.79532
FILLER_0_115_569, 273.02, 323.68, 1.79532
_10183_, 298.02, 323.68, 1.7952
_10185_, 298.02, 323.68, 1.7952
_10191_, 298.02, 323.68, 1.7952
_15720_, 298.02, 323.68, 1.7952
_15900_, 298.02, 323.68, 1.7952
_15907_, 298.02, 323.68, 1.7952
_19351_, 298.02, 323.68, 1.7952
_10355_, 323.02, 323.68, 1.79504
_11317_, 323.02, 323.68, 1.79504
_11335_, 323.02, 323.68, 1.79504
_19559_, 323.02, 323.68, 1.79504
FILLER_0_114_686, 323.02, 323.68, 1.79504
_15593_, 348.02, 323.68, 1.79476
_15595_, 348.02, 323.68, 1.79476
_15728_, 348.02, 323.68, 1.79476
_15785_, 348.02, 323.68, 1.79476
_15812_, 348.02, 323.68, 1.79476
_17185_, 348.02, 323.68, 1.79476
FILLER_0_114_740, 348.02, 323.68, 1.79476
FILLER_0_115_746, 348.02, 323.68, 1.79476
FILLER_0_116_749, 348.02, 323.68, 1.79476
FILLER_0_116_757, 348.02, 323.68, 1.79476
_15633_, 373.02, 323.68, 1.79446
FILLER_0_115_811, 373.02, 323.68, 1.79446
_15744_, 398.02, 323.68, 1.79387
FILLER_0_115_841, 398.02, 323.68, 1.79387
FILLER_0_116_863, 398.02, 323.68, 1.79387
_10339_, 423.02, 323.68, 1.7942
_13276_, 423.02, 323.68, 1.7942
FILLER_0_114_900, 423.02, 323.68, 1.7942
_10412_, 448.02, 323.68, 1.79463
FILLER_0_115_972, 448.02, 323.68, 1.79463
FILLER_0_116_974, 448.02, 323.68, 1.79463
_10416_, 473.02, 323.68, 1.79479
_13354_, 473.02, 323.68, 1.79479
_19123_, 473.02, 323.68, 1.79479
FILLER_0_115_1003, 473.02, 323.68, 1.79479
FILLER_0_115_1018, 473.02, 323.68, 1.79479
FILLER_0_116_1029, 473.02, 323.68, 1.79479
PHY_224, 5.52, 318.24, 1.79592
PHY_226, 5.52, 318.24, 1.79592
FILLER_0_114_3, 5.52, 318.24, 1.79592
PHY_225, 494.04, 318.24, 1.79491
PHY_227, 494.04, 318.24, 1.79491
_14822_, 23.02, 318.24, 1.79591
_14823_, 23.02, 318.24, 1.79591
_16290_, 23.02, 318.24, 1.79591
_18467_, 23.02, 318.24, 1.79591
FILLER_0_112_32, 23.02, 318.24, 1.79591
FILLER_0_113_30, 23.02, 318.24, 1.79591
_14454_, 48.02, 318.24, 1.79589
_14457_, 48.02, 318.24, 1.79589
_16503_, 48.02, 318.24, 1.79589
_18623_, 48.02, 318.24, 1.79589
FILLER_0_112_80, 48.02, 318.24, 1.79589
FILLER_0_113_96, 48.02, 318.24, 1.79589
_14460_, 73.02, 318.24, 1.79586
_14461_, 73.02, 318.24, 1.79586
_18621_, 73.02, 318.24, 1.79586
hold428, 73.02, 318.24, 1.79586
FILLER_0_112_135, 73.02, 318.24, 1.79586
FILLER_0_112_141, 73.02, 318.24, 1.79586
FILLER_0_113_149, 73.02, 318.24, 1.79586
_14311_, 98.02, 318.24, 1.79582
_14312_, 98.02, 318.24, 1.79582
clkbuf_leaf_36_i_clk, 98.02, 318.24, 1.79582
FILLER_0_112_188, 98.02, 318.24, 1.79582
FILLER_0_113_192, 98.02, 318.24, 1.79582
FILLER_0_113_214, 98.02, 318.24, 1.79582
_09159_, 123.02, 318.24, 1.79578
_09781_, 123.02, 318.24, 1.79578
_09821_, 123.02, 318.24, 1.79578
_12017_, 123.02, 318.24, 1.79578
_12057_, 123.02, 318.24, 1.79578
_14033_, 123.02, 318.24, 1.79578
FILLER_0_113_242, 123.02, 318.24, 1.79578
_12097_, 148.02, 318.24, 1.79575
_15515_, 148.02, 318.24, 1.79575
_15516_, 148.02, 318.24, 1.79575
_15969_, 148.02, 318.24, 1.79575
_18142_, 148.02, 318.24, 1.79575
FILLER_0_113_311, 148.02, 318.24, 1.79575
_09179_, 173.02, 318.24, 1.79569
_14045_, 173.02, 318.24, 1.79569
_14325_, 173.02, 318.24, 1.79569
_14764_, 173.02, 318.24, 1.79569
FILLER_0_113_353, 173.02, 318.24, 1.79569
FILLER_0_114_376, 173.02, 318.24, 1.79569
_09158_, 198.02, 318.24, 1.79564
_15931_, 198.02, 318.24, 1.79564
_18039_, 198.02, 318.24, 1.79564
_19531_, 198.02, 318.24, 1.79564
_19598_, 198.02, 318.24, 1.79564
FILLER_0_112_409, 198.02, 318.24, 1.79564
_09178_, 223.02, 318.24, 1.79557
hold69, 223.02, 318.24, 1.79557
hold157, 223.02, 318.24, 1.79557
hold334, 223.02, 318.24, 1.79557
FILLER_0_112_469, 223.02, 318.24, 1.79557
FILLER_0_114_477, 223.02, 318.24, 1.79557
_17704_, 248.02, 318.24, 1.79548
_17761_, 248.02, 318.24, 1.79548
_17770_, 248.02, 318.24, 1.79548
_17786_, 248.02, 318.24, 1.79548
_17787_, 248.02, 318.24, 1.79548
_17917_, 248.02, 318.24, 1.79548
FILLER_0_112_525, 248.02, 318.24, 1.79548
FILLER_0_113_524, 248.02, 318.24, 1.79548
FILLER_0_113_536, 248.02, 318.24, 1.79548
_17684_, 273.02, 318.24, 1.79536
_17794_, 273.02, 318.24, 1.79536
_17920_, 273.02, 318.24, 1.79536
_17959_, 273.02, 318.24, 1.79536
_17967_, 273.02, 318.24, 1.79536
_17971_, 273.02, 318.24, 1.79536
_19517_, 273.02, 318.24, 1.79536
FILLER_0_114_589, 273.02, 318.24, 1.79536
_10195_, 298.02, 318.24, 1.79528
_10196_, 298.02, 318.24, 1.79528
FILLER_0_112_633, 298.02, 318.24, 1.79528
FILLER_0_113_629, 298.02, 318.24, 1.79528
FILLER_0_113_646, 298.02, 318.24, 1.79528
FILLER_0_114_641, 298.02, 318.24, 1.79528
FILLER_0_114_645, 298.02, 318.24, 1.79528
_09036_, 323.02, 318.24, 1.79513
_10356_, 323.02, 318.24, 1.79513
_15594_, 323.02, 318.24, 1.79513
_17987_, 323.02, 318.24, 1.79513
FILLER_0_113_685, 323.02, 318.24, 1.79513
FILLER_0_113_695, 323.02, 318.24, 1.79513
_15753_, 348.02, 318.24, 1.7949
_15784_, 348.02, 318.24, 1.7949
FILLER_0_112_739, 348.02, 318.24, 1.7949
FILLER_0_113_753, 348.02, 318.24, 1.7949
FILLER_0_114_747, 348.02, 318.24, 1.7949
_15680_, 373.02, 318.24, 1.79445
_15681_, 373.02, 318.24, 1.79445
FILLER_0_113_812, 373.02, 318.24, 1.79445
_15762_, 398.02, 318.24, 1.79386
_15763_, 398.02, 318.24, 1.79386
_15771_, 398.02, 318.24, 1.79386
FILLER_0_113_841, 398.02, 318.24, 1.79386
FILLER_0_114_864, 398.02, 318.24, 1.79386
_13272_, 423.02, 318.24, 1.79432
_19126_, 423.02, 318.24, 1.79432
FILLER_0_114_920, 423.02, 318.24, 1.79432
_11177_, 448.02, 318.24, 1.79463
_11199_, 448.02, 318.24, 1.79463
_11212_, 448.02, 318.24, 1.79463
_11221_, 448.02, 318.24, 1.79463
_11222_, 448.02, 318.24, 1.79463
FILLER_0_113_960, 448.02, 318.24, 1.79463
_10126_, 473.02, 318.24, 1.79484
_10316_, 473.02, 318.24, 1.79484
_10317_, 473.02, 318.24, 1.79484
_13287_, 473.02, 318.24, 1.79484
_13288_, 473.02, 318.24, 1.79484
_13350_, 473.02, 318.24, 1.79484
FILLER_0_113_1021, 473.02, 318.24, 1.79484
FILLER_0_113_1029, 473.02, 318.24, 1.79484
PHY_220, 5.52, 312.8, 1.79596
PHY_222, 5.52, 312.8, 1.79596
FILLER_0_111_3, 5.52, 312.8, 1.79596
FILLER_0_112_3, 5.52, 312.8, 1.79596
PHY_221, 494.04, 312.8, 1.795
PHY_223, 494.04, 312.8, 1.795
FILLER_0_111_1054, 494.04, 312.8, 1.795
_14894_, 23.02, 312.8, 1.79595
_16291_, 23.02, 312.8, 1.79595
_16329_, 23.02, 312.8, 1.79595
_18466_, 23.02, 312.8, 1.79595
FILLER_0_111_41, 23.02, 312.8, 1.79595
_09851_, 48.02, 312.8, 1.79594
_12084_, 48.02, 312.8, 1.79594
_12087_, 48.02, 312.8, 1.79594
_14899_, 48.02, 312.8, 1.79594
_14900_, 73.02, 312.8, 1.79592
_16288_, 73.02, 312.8, 1.79592
_16500_, 73.02, 312.8, 1.79592
FILLER_0_111_150, 73.02, 312.8, 1.79592
_15442_, 98.02, 312.8, 1.79589
FILLER_0_110_189, 98.02, 312.8, 1.79589
FILLER_0_110_197, 98.02, 312.8, 1.79589
FILLER_0_111_214, 98.02, 312.8, 1.79589
_09841_, 123.02, 312.8, 1.79585
_12077_, 123.02, 312.8, 1.79585
_14752_, 123.02, 312.8, 1.79585
FILLER_0_110_249, 123.02, 312.8, 1.79585
FILLER_0_111_259, 123.02, 312.8, 1.79585
FILLER_0_111_267, 123.02, 312.8, 1.79585
_15968_, 148.02, 312.8, 1.79581
FILLER_0_110_298, 148.02, 312.8, 1.79581
_09922_, 173.02, 312.8, 1.79576
_12157_, 173.02, 312.8, 1.79576
_12158_, 173.02, 312.8, 1.79576
_15519_, 173.02, 312.8, 1.79576
FILLER_0_112_365, 173.02, 312.8, 1.79576
_15927_, 198.02, 312.8, 1.7957
_15928_, 198.02, 312.8, 1.7957
_17888_, 198.02, 312.8, 1.7957
hold39, 198.02, 312.8, 1.7957
FILLER_0_110_410, 198.02, 312.8, 1.7957
FILLER_0_111_415, 198.02, 312.8, 1.7957
FILLER_0_112_421, 198.02, 312.8, 1.7957
_17849_, 223.02, 312.8, 1.79563
_19526_, 223.02, 312.8, 1.79563
FILLER_0_111_482, 223.02, 312.8, 1.79563
FILLER_0_112_477, 223.02, 312.8, 1.79563
_17694_, 248.02, 312.8, 1.79553
_17766_, 248.02, 312.8, 1.79553
_17784_, 248.02, 312.8, 1.79553
_17945_, 248.02, 312.8, 1.79553
_17948_, 248.02, 312.8, 1.79553
FILLER_0_110_514, 248.02, 312.8, 1.79553
FILLER_0_111_517, 248.02, 312.8, 1.79553
_17729_, 273.02, 312.8, 1.79544
_17793_, 273.02, 312.8, 1.79544
_17963_, 273.02, 312.8, 1.79544
FILLER_0_110_580, 273.02, 312.8, 1.79544
FILLER_0_111_568, 273.02, 312.8, 1.79544
FILLER_0_111_590, 273.02, 312.8, 1.79544
FILLER_0_112_594, 273.02, 312.8, 1.79544
_09198_, 298.02, 312.8, 1.79535
_09199_, 298.02, 312.8, 1.79535
_10023_, 298.02, 312.8, 1.79535
_10176_, 298.02, 312.8, 1.79535
_15906_, 298.02, 312.8, 1.79535
_15591_, 323.02, 312.8, 1.79521
_15592_, 323.02, 312.8, 1.79521
_15726_, 323.02, 312.8, 1.79521
_15727_, 323.02, 312.8, 1.79521
_19560_, 323.02, 312.8, 1.79521
FILLER_0_112_695, 323.02, 312.8, 1.79521
_15754_, 348.02, 312.8, 1.79496
_15755_, 348.02, 312.8, 1.79496
_15756_, 348.02, 312.8, 1.79496
_15775_, 348.02, 312.8, 1.79496
hold344, 348.02, 312.8, 1.79496
FILLER_0_110_744, 348.02, 312.8, 1.79496
FILLER_0_111_740, 348.02, 312.8, 1.79496
FILLER_0_112_747, 348.02, 312.8, 1.79496
_15671_, 373.02, 312.8, 1.79462
_15672_, 373.02, 312.8, 1.79462
_15764_, 398.02, 312.8, 1.79407
_15778_, 398.02, 312.8, 1.79407
FILLER_0_111_841, 398.02, 312.8, 1.79407
FILLER_0_111_849, 398.02, 312.8, 1.79407
FILLER_0_112_858, 398.02, 312.8, 1.79407
_13275_, 423.02, 312.8, 1.79444
_13278_, 423.02, 312.8, 1.79444
ANTENNA_56, 423.02, 312.8, 1.79444
FILLER_0_111_909, 423.02, 312.8, 1.79444
FILLER_0_110_959, 448.02, 312.8, 1.79481
FILLER_0_112_971, 448.02, 312.8, 1.79481
_10116_, 473.02, 312.8, 1.79494
_10162_, 473.02, 312.8, 1.79494
_10428_, 473.02, 312.8, 1.79494
_13286_, 473.02, 312.8, 1.79494
_13346_, 473.02, 312.8, 1.79494
FILLER_0_110_1007, 473.02, 312.8, 1.79494
FILLER_0_111_1017, 473.02, 312.8, 1.79494
FILLER_0_112_1023, 473.02, 312.8, 1.79494
PHY_216, 5.52, 307.36, 1.796
PHY_218, 5.52, 307.36, 1.796
output8, 5.52, 307.36, 1.796
FILLER_0_110_3, 5.52, 307.36, 1.796
PHY_217, 494.04, 307.36, 1.79511
PHY_219, 494.04, 307.36, 1.79511
output17, 494.04, 307.36, 1.79511
FILLER_0_108_1054, 494.04, 307.36, 1.79511
_14891_, 23.02, 307.36, 1.79599
_15374_, 23.02, 307.36, 1.79599
_16293_, 23.02, 307.36, 1.79599
FILLER_0_108_36, 23.02, 307.36, 1.79599
FILLER_0_109_45, 23.02, 307.36, 1.79599
_09848_, 48.02, 307.36, 1.79598
_15375_, 48.02, 307.36, 1.79598
_15376_, 48.02, 307.36, 1.79598
_18431_, 48.02, 307.36, 1.79598
FILLER_0_109_102, 48.02, 307.36, 1.79598
_09891_, 73.02, 307.36, 1.79595
_12124_, 73.02, 307.36, 1.79595
_12127_, 73.02, 307.36, 1.79595
_16040_, 73.02, 307.36, 1.79595
FILLER_0_108_136, 73.02, 307.36, 1.79595
FILLER_0_110_157, 73.02, 307.36, 1.79595
_15384_, 98.02, 307.36, 1.79592
_18176_, 98.02, 307.36, 1.79592
_18177_, 98.02, 307.36, 1.79592
FILLER_0_109_194, 98.02, 307.36, 1.79592
_09801_, 123.02, 307.36, 1.79588
_12037_, 123.02, 307.36, 1.79588
_15506_, 123.02, 307.36, 1.79588
_16010_, 123.02, 307.36, 1.79588
_18147_, 123.02, 307.36, 1.79588
FILLER_0_108_244, 123.02, 307.36, 1.79588
FILLER_0_109_259, 123.02, 307.36, 1.79588
FILLER_0_110_260, 123.02, 307.36, 1.79588
_15447_, 148.02, 307.36, 1.79584
_15448_, 148.02, 307.36, 1.79584
_16004_, 148.02, 307.36, 1.79584
_16005_, 148.02, 307.36, 1.79584
_18175_, 148.02, 307.36, 1.79584
FILLER_0_108_302, 148.02, 307.36, 1.79584
_13606_, 173.02, 307.36, 1.79579
_13607_, 173.02, 307.36, 1.79579
_15966_, 173.02, 307.36, 1.79579
_16002_, 173.02, 307.36, 1.79579
_19004_, 173.02, 307.36, 1.79579
FILLER_0_108_356, 173.02, 307.36, 1.79579
FILLER_0_109_361, 173.02, 307.36, 1.79579
_09720_, 198.02, 307.36, 1.79574
_11916_, 198.02, 307.36, 1.79574
_17660_, 198.02, 307.36, 1.79574
_17914_, 198.02, 307.36, 1.79574
ANTENNA_99, 198.02, 307.36, 1.79574
FILLER_0_109_424, 198.02, 307.36, 1.79574
FILLER_0_110_421, 198.02, 307.36, 1.79574
_17891_, 223.02, 307.36, 1.79569
_17892_, 223.02, 307.36, 1.79569
FILLER_0_108_471, 223.02, 307.36, 1.79569
FILLER_0_109_465, 223.02, 307.36, 1.79569
_17762_, 248.02, 307.36, 1.79561
_17780_, 248.02, 307.36, 1.79561
_17785_, 248.02, 307.36, 1.79561
FILLER_0_108_525, 248.02, 307.36, 1.79561
FILLER_0_109_533, 248.02, 307.36, 1.79561
_10109_, 273.02, 307.36, 1.79551
_10113_, 273.02, 307.36, 1.79551
_10115_, 273.02, 307.36, 1.79551
_10118_, 273.02, 307.36, 1.79551
FILLER_0_109_580, 273.02, 307.36, 1.79551
_15886_, 298.02, 307.36, 1.79544
_15899_, 298.02, 307.36, 1.79544
_15905_, 298.02, 307.36, 1.79544
_15909_, 298.02, 307.36, 1.79544
FILLER_0_110_636, 298.02, 307.36, 1.79544
FILLER_0_110_645, 298.02, 307.36, 1.79544
_09035_, 323.02, 307.36, 1.79532
_11300_, 323.02, 307.36, 1.79532
_12483_, 323.02, 307.36, 1.79532
FILLER_0_110_692, 323.02, 307.36, 1.79532
_15717_, 348.02, 307.36, 1.79511
_15758_, 348.02, 307.36, 1.79511
_15802_, 348.02, 307.36, 1.79511
_15831_, 348.02, 307.36, 1.79511
_17187_, 348.02, 307.36, 1.79511
ANTENNA_37, 348.02, 307.36, 1.79511
FILLER_0_109_744, 348.02, 307.36, 1.79511
FILLER_0_110_752, 348.02, 307.36, 1.79511
_15661_, 373.02, 307.36, 1.79479
FILLER_0_108_787, 373.02, 307.36, 1.79479
FILLER_0_109_807, 373.02, 307.36, 1.79479
FILLER_0_110_804, 373.02, 307.36, 1.79479
_15677_, 398.02, 307.36, 1.79433
_15765_, 398.02, 307.36, 1.79433
FILLER_0_109_865, 398.02, 307.36, 1.79433
FILLER_0_110_858, 398.02, 307.36, 1.79433
_13270_, 423.02, 307.36, 1.79473
_13271_, 423.02, 307.36, 1.79473
_13274_, 423.02, 307.36, 1.79473
_19127_, 423.02, 307.36, 1.79473
FILLER_0_110_921, 423.02, 307.36, 1.79473
_11208_, 448.02, 307.36, 1.79495
_11216_, 448.02, 307.36, 1.79495
_11235_, 448.02, 307.36, 1.79495
_11391_, 448.02, 307.36, 1.79495
_11392_, 448.02, 307.36, 1.79495
FILLER_0_108_951, 448.02, 307.36, 1.79495
FILLER_0_109_949, 448.02, 307.36, 1.79495
FILLER_0_109_953, 448.02, 307.36, 1.79495
FILLER_0_110_971, 448.02, 307.36, 1.79495
_13279_, 473.02, 307.36, 1.79508
FILLER_0_109_1003, 473.02, 307.36, 1.79508
FILLER_0_110_1020, 473.02, 307.36, 1.79508
_18627_, 5.52, 301.92, 1.79604
PHY_212, 5.52, 301.92, 1.79604
PHY_214, 5.52, 301.92, 1.79604
FILLER_0_108_3, 5.52, 301.92, 1.79604
PHY_213, 494.04, 301.92, 1.79519
PHY_215, 494.04, 301.92, 1.79519
_14890_, 23.02, 301.92, 1.79603
_15370_, 23.02, 301.92, 1.79603
_18209_, 23.02, 301.92, 1.79603
FILLER_0_107_43, 23.02, 301.92, 1.79603
_16042_, 48.02, 301.92, 1.79601
_18207_, 48.02, 301.92, 1.79601
_18208_, 48.02, 301.92, 1.79601
clkbuf_leaf_44_i_clk, 48.02, 301.92, 1.79601
FILLER_0_107_86, 48.02, 301.92, 1.79601
FILLER_0_108_95, 48.02, 301.92, 1.79601
_15379_, 73.02, 301.92, 1.796
_15380_, 73.02, 301.92, 1.796
_15444_, 98.02, 301.92, 1.79596
_16037_, 98.02, 301.92, 1.79596
clkbuf_3_2_0_i_clk, 98.02, 301.92, 1.79596
FILLER_0_106_190, 98.02, 301.92, 1.79596
_14027_, 123.02, 301.92, 1.79592
_14746_, 123.02, 301.92, 1.79592
_15507_, 123.02, 301.92, 1.79592
_15508_, 123.02, 301.92, 1.79592
_18146_, 123.02, 301.92, 1.79592
FILLER_0_106_242, 123.02, 301.92, 1.79592
FILLER_0_107_253, 123.02, 301.92, 1.79592
_15445_, 148.02, 301.92, 1.79587
_18173_, 148.02, 301.92, 1.79587
_18174_, 148.02, 301.92, 1.79587
clkbuf_3_3_0_i_clk, 148.02, 301.92, 1.79587
FILLER_0_107_305, 148.02, 301.92, 1.79587
_14328_, 173.02, 301.92, 1.79584
_16925_, 173.02, 301.92, 1.79584
FILLER_0_106_354, 173.02, 301.92, 1.79584
_19537_, 198.02, 301.92, 1.79579
hold78, 198.02, 301.92, 1.79579
FILLER_0_107_422, 198.02, 301.92, 1.79579
_09154_, 223.02, 301.92, 1.79573
_17842_, 223.02, 301.92, 1.79573
_19525_, 223.02, 301.92, 1.79573
_17759_, 248.02, 301.92, 1.79565
_19514_, 248.02, 301.92, 1.79565
FILLER_0_106_526, 248.02, 301.92, 1.79565
FILLER_0_107_525, 248.02, 301.92, 1.79565
FILLER_0_108_533, 248.02, 301.92, 1.79565
_10031_, 273.02, 301.92, 1.79556
_10110_, 273.02, 301.92, 1.79556
_10119_, 273.02, 301.92, 1.79556
_10120_, 273.02, 301.92, 1.79556
_15910_, 273.02, 301.92, 1.79556
FILLER_0_106_575, 273.02, 301.92, 1.79556
FILLER_0_107_573, 273.02, 301.92, 1.79556
FILLER_0_107_595, 273.02, 301.92, 1.79556
FILLER_0_108_584, 273.02, 301.92, 1.79556
_10018_, 298.02, 301.92, 1.7955
_10019_, 298.02, 301.92, 1.7955
_15882_, 298.02, 301.92, 1.7955
_15914_, 298.02, 301.92, 1.7955
_19352_, 298.02, 301.92, 1.7955
hold160, 298.02, 301.92, 1.7955
hold187, 298.02, 301.92, 1.7955
FILLER_0_107_634, 298.02, 301.92, 1.7955
_09039_, 323.02, 301.92, 1.7954
_10614_, 323.02, 301.92, 1.7954
_17229_, 323.02, 301.92, 1.7954
wire2, 323.02, 301.92, 1.7954
FILLER_0_108_701, 323.02, 301.92, 1.7954
_15618_, 348.02, 301.92, 1.79518
_15619_, 348.02, 301.92, 1.79518
FILLER_0_107_738, 348.02, 301.92, 1.79518
FILLER_0_108_748, 348.02, 301.92, 1.79518
_15650_, 373.02, 301.92, 1.79477
_15663_, 373.02, 301.92, 1.79477
_15664_, 373.02, 301.92, 1.79477
_15698_, 398.02, 301.92, 1.79461
FILLER_0_107_865, 398.02, 301.92, 1.79461
FILLER_0_108_865, 398.02, 301.92, 1.79461
_13393_, 423.02, 301.92, 1.79476
hold29, 423.02, 301.92, 1.79476
_11211_, 448.02, 301.92, 1.79505
_11237_, 448.02, 301.92, 1.79505
_11245_, 448.02, 301.92, 1.79505
FILLER_0_106_952, 448.02, 301.92, 1.79505
FILLER_0_107_949, 448.02, 301.92, 1.79505
FILLER_0_107_953, 448.02, 301.92, 1.79505
FILLER_0_107_966, 448.02, 301.92, 1.79505
FILLER_0_108_975, 448.02, 301.92, 1.79505
_10318_, 473.02, 301.92, 1.79515
_11142_, 473.02, 301.92, 1.79515
_11161_, 473.02, 301.92, 1.79515
_11162_, 473.02, 301.92, 1.79515
FILLER_0_106_1015, 473.02, 301.92, 1.79515
FILLER_0_108_1028, 473.02, 301.92, 1.79515
PHY_208, 5.52, 296.48, 1.79608
PHY_210, 5.52, 296.48, 1.79608
FILLER_0_105_3, 5.52, 296.48, 1.79608
FILLER_0_106_3, 5.52, 296.48, 1.79608
PHY_209, 494.04, 296.48, 1.79528
PHY_211, 494.04, 296.48, 1.79528
FILLER_0_105_1056, 494.04, 296.48, 1.79528
_14450_, 23.02, 296.48, 1.79606
_18211_, 23.02, 296.48, 1.79606
clkbuf_leaf_43_i_clk, 23.02, 296.48, 1.79606
FILLER_0_105_47, 23.02, 296.48, 1.79606
FILLER_0_106_40, 23.02, 296.48, 1.79606
_09811_, 48.02, 296.48, 1.79606
FILLER_0_104_92, 48.02, 296.48, 1.79606
FILLER_0_105_101, 48.02, 296.48, 1.79606
_14903_, 73.02, 296.48, 1.79604
_16463_, 73.02, 296.48, 1.79604
_18429_, 73.02, 296.48, 1.79604
FILLER_0_105_148, 73.02, 296.48, 1.79604
_16038_, 98.02, 296.48, 1.79601
_16969_, 98.02, 296.48, 1.79601
clkbuf_leaf_37_i_clk, 98.02, 296.48, 1.79601
FILLER_0_104_193, 98.02, 296.48, 1.79601
FILLER_0_105_201, 98.02, 296.48, 1.79601
FILLER_0_106_202, 98.02, 296.48, 1.79601
FILLER_0_106_210, 98.02, 296.48, 1.79601
_16011_, 123.02, 296.48, 1.79598
_18180_, 123.02, 296.48, 1.79598
FILLER_0_104_243, 123.02, 296.48, 1.79598
FILLER_0_105_260, 123.02, 296.48, 1.79598
FILLER_0_105_268, 123.02, 296.48, 1.79598
_15503_, 148.02, 296.48, 1.79594
_15504_, 148.02, 296.48, 1.79594
_15975_, 148.02, 296.48, 1.79594
_18148_, 148.02, 296.48, 1.79594
FILLER_0_105_301, 148.02, 296.48, 1.79594
_14048_, 173.02, 296.48, 1.79588
_15521_, 173.02, 296.48, 1.79588
_16569_, 173.02, 296.48, 1.79588
_18683_, 173.02, 296.48, 1.79588
_19003_, 173.02, 296.48, 1.79588
FILLER_0_104_360, 173.02, 296.48, 1.79588
FILLER_0_106_375, 173.02, 296.48, 1.79588
_11957_, 198.02, 296.48, 1.79584
_17661_, 198.02, 296.48, 1.79584
_17902_, 198.02, 296.48, 1.79584
_17907_, 198.02, 296.48, 1.79584
_19535_, 198.02, 296.48, 1.79584
hold77, 198.02, 296.48, 1.79584
hold81, 198.02, 296.48, 1.79584
ANTENNA_55, 198.02, 296.48, 1.79584
FILLER_0_104_407, 198.02, 296.48, 1.79584
FILLER_0_104_413, 198.02, 296.48, 1.79584
_09144_, 223.02, 296.48, 1.79579
_09182_, 223.02, 296.48, 1.79579
_17834_, 223.02, 296.48, 1.79579
FILLER_0_105_474, 223.02, 296.48, 1.79579
FILLER_0_105_486, 223.02, 296.48, 1.79579
FILLER_0_106_477, 223.02, 296.48, 1.79579
_17726_, 248.02, 296.48, 1.79574
_17949_, 248.02, 296.48, 1.79574
FILLER_0_104_516, 248.02, 296.48, 1.79574
FILLER_0_105_529, 248.02, 296.48, 1.79574
FILLER_0_106_533, 248.02, 296.48, 1.79574
_10039_, 273.02, 296.48, 1.79568
_10041_, 273.02, 296.48, 1.79568
_15890_, 273.02, 296.48, 1.79568
_15911_, 273.02, 296.48, 1.79568
_15912_, 273.02, 296.48, 1.79568
ANTENNA_122, 273.02, 296.48, 1.79568
FILLER_0_105_573, 273.02, 296.48, 1.79568
FILLER_0_105_589, 273.02, 296.48, 1.79568
FILLER_0_106_582, 273.02, 296.48, 1.79568
FILLER_0_106_589, 273.02, 296.48, 1.79568
_09037_, 298.02, 296.48, 1.7956
_15917_, 298.02, 296.48, 1.7956
_17380_, 298.02, 296.48, 1.7956
clkbuf_leaf_77_i_clk, 298.02, 296.48, 1.7956
hold165, 298.02, 296.48, 1.7956
FILLER_0_104_627, 298.02, 296.48, 1.7956
FILLER_0_104_635, 298.02, 296.48, 1.7956
FILLER_0_105_645, 298.02, 296.48, 1.7956
_09200_, 323.02, 296.48, 1.79552
_11355_, 323.02, 296.48, 1.79552
_11356_, 323.02, 296.48, 1.79552
_19557_, 323.02, 296.48, 1.79552
max_cap96, 323.02, 296.48, 1.79552
FILLER_0_104_687, 323.02, 296.48, 1.79552
FILLER_0_105_685, 323.02, 296.48, 1.79552
_10413_, 348.02, 296.48, 1.79538
_15609_, 348.02, 296.48, 1.79538
_15808_, 348.02, 296.48, 1.79538
FILLER_0_105_741, 348.02, 296.48, 1.79538
_15693_, 373.02, 296.48, 1.79513
FILLER_0_106_808, 373.02, 296.48, 1.79513
_15687_, 398.02, 296.48, 1.79478
_15697_, 398.02, 296.48, 1.79478
_10346_, 423.02, 296.48, 1.79502
_10347_, 423.02, 296.48, 1.79502
_10348_, 423.02, 296.48, 1.79502
_13388_, 423.02, 296.48, 1.79502
_13395_, 423.02, 296.48, 1.79502
FILLER_0_105_897, 423.02, 296.48, 1.79502
FILLER_0_105_906, 423.02, 296.48, 1.79502
FILLER_0_106_921, 423.02, 296.48, 1.79502
_11201_, 448.02, 296.48, 1.79515
_11219_, 448.02, 296.48, 1.79515
_11230_, 448.02, 296.48, 1.79515
_11236_, 448.02, 296.48, 1.79515
_11387_, 448.02, 296.48, 1.79515
FILLER_0_104_951, 448.02, 296.48, 1.79515
FILLER_0_105_953, 448.02, 296.48, 1.79515
FILLER_0_106_965, 448.02, 296.48, 1.79515
_10319_, 473.02, 296.48, 1.7952
_10431_, 473.02, 296.48, 1.7952
_11138_, 473.02, 296.48, 1.7952
_11158_, 473.02, 296.48, 1.7952
_11159_, 473.02, 296.48, 1.7952
_11172_, 473.02, 296.48, 1.7952
_11173_, 473.02, 296.48, 1.7952
FILLER_0_105_1017, 473.02, 296.48, 1.7952
PHY_204, 5.52, 291.04, 1.79613
PHY_206, 5.52, 291.04, 1.79613
FILLER_0_103_3, 5.52, 291.04, 1.79613
FILLER_0_104_3, 5.52, 291.04, 1.79613
PHY_205, 494.04, 291.04, 1.79543
PHY_207, 494.04, 291.04, 1.79543
FILLER_0_102_1055, 494.04, 291.04, 1.79543
FILLER_0_103_1056, 494.04, 291.04, 1.79543
_13728_, 23.02, 291.04, 1.79613
_14821_, 23.02, 291.04, 1.79613
_16292_, 23.02, 291.04, 1.79613
_16506_, 23.02, 291.04, 1.79613
_18948_, 23.02, 291.04, 1.79613
FILLER_0_102_29, 23.02, 291.04, 1.79613
FILLER_0_103_33, 23.02, 291.04, 1.79613
_15371_, 48.02, 291.04, 1.79611
_16044_, 48.02, 291.04, 1.79611
_18491_, 48.02, 291.04, 1.79611
FILLER_0_102_81, 48.02, 291.04, 1.79611
FILLER_0_103_97, 48.02, 291.04, 1.79611
_09944_, 73.02, 291.04, 1.79609
_09945_, 73.02, 291.04, 1.79609
_13745_, 73.02, 291.04, 1.79609
_13951_, 73.02, 291.04, 1.79609
_13521_, 98.02, 291.04, 1.79606
_13522_, 98.02, 291.04, 1.79606
_14378_, 98.02, 291.04, 1.79606
_16544_, 98.02, 291.04, 1.79606
_18660_, 98.02, 291.04, 1.79606
_19044_, 98.02, 291.04, 1.79606
FILLER_0_103_196, 98.02, 291.04, 1.79606
_09738_, 123.02, 291.04, 1.79603
_11975_, 123.02, 291.04, 1.79603
_15435_, 123.02, 291.04, 1.79603
_15436_, 123.02, 291.04, 1.79603
_16721_, 123.02, 291.04, 1.79603
FILLER_0_103_249, 123.02, 291.04, 1.79603
_18779_, 148.02, 291.04, 1.79599
FILLER_0_102_297, 148.02, 291.04, 1.79599
FILLER_0_102_305, 148.02, 291.04, 1.79599
FILLER_0_102_309, 148.02, 291.04, 1.79599
FILLER_0_103_303, 148.02, 291.04, 1.79599
_09941_, 173.02, 291.04, 1.79594
_12177_, 173.02, 291.04, 1.79594
_12178_, 173.02, 291.04, 1.79594
_14327_, 173.02, 291.04, 1.79594
_14767_, 173.02, 291.04, 1.79594
_15434_, 173.02, 291.04, 1.79594
FILLER_0_102_359, 173.02, 291.04, 1.79594
_12010_, 198.02, 291.04, 1.7959
_15502_, 198.02, 291.04, 1.7959
_19536_, 198.02, 291.04, 1.7959
_09145_, 223.02, 291.04, 1.79585
_17928_, 223.02, 291.04, 1.79585
_19540_, 223.02, 291.04, 1.79585
FILLER_0_103_470, 223.02, 291.04, 1.79585
FILLER_0_104_477, 223.02, 291.04, 1.79585
_17811_, 248.02, 291.04, 1.79579
_17946_, 248.02, 291.04, 1.79579
_17947_, 248.02, 291.04, 1.79579
_17950_, 248.02, 291.04, 1.79579
_19496_, 248.02, 291.04, 1.79579
_19546_, 248.02, 291.04, 1.79579
FILLER_0_103_520, 248.02, 291.04, 1.79579
FILLER_0_104_536, 248.02, 291.04, 1.79579
_10033_, 273.02, 291.04, 1.79575
_10034_, 273.02, 291.04, 1.79575
_10043_, 273.02, 291.04, 1.79575
_10044_, 273.02, 291.04, 1.79575
_10498_, 273.02, 291.04, 1.79575
_10499_, 273.02, 291.04, 1.79575
_10500_, 273.02, 291.04, 1.79575
_15894_, 273.02, 291.04, 1.79575
_15895_, 273.02, 291.04, 1.79575
FILLER_0_103_591, 273.02, 291.04, 1.79575
_17381_, 298.02, 291.04, 1.7957
_19353_, 298.02, 291.04, 1.7957
FILLER_0_103_645, 298.02, 291.04, 1.7957
_10374_, 323.02, 291.04, 1.79562
_11196_, 323.02, 291.04, 1.79562
_17985_, 323.02, 291.04, 1.79562
FILLER_0_103_692, 323.02, 291.04, 1.79562
_11174_, 348.02, 291.04, 1.79545
_15606_, 348.02, 291.04, 1.79545
_15610_, 348.02, 291.04, 1.79545
_17996_, 348.02, 291.04, 1.79545
FILLER_0_104_751, 348.02, 291.04, 1.79545
_15651_, 373.02, 291.04, 1.79519
_15652_, 373.02, 291.04, 1.79519
_15695_, 373.02, 291.04, 1.79519
_15706_, 373.02, 291.04, 1.79519
FILLER_0_103_797, 373.02, 291.04, 1.79519
FILLER_0_103_809, 373.02, 291.04, 1.79519
FILLER_0_104_805, 373.02, 291.04, 1.79519
_15733_, 398.02, 291.04, 1.7949
_15736_, 398.02, 291.04, 1.7949
_15740_, 398.02, 291.04, 1.7949
FILLER_0_104_859, 398.02, 291.04, 1.7949
_10360_, 423.02, 291.04, 1.79515
_13387_, 423.02, 291.04, 1.79515
FILLER_0_102_896, 423.02, 291.04, 1.79515
FILLER_0_103_897, 423.02, 291.04, 1.79515
FILLER_0_103_921, 423.02, 291.04, 1.79515
_11217_, 448.02, 291.04, 1.79533
_11229_, 448.02, 291.04, 1.79533
_11284_, 448.02, 291.04, 1.79533
_11285_, 448.02, 291.04, 1.79533
FILLER_0_102_949, 448.02, 291.04, 1.79533
FILLER_0_103_949, 448.02, 291.04, 1.79533
FILLER_0_104_972, 448.02, 291.04, 1.79533
FILLER_0_103_1004, 473.02, 291.04, 1.79541
FILLER_0_104_1026, 473.02, 291.04, 1.79541
PHY_200, 5.52, 285.6, 1.79618
PHY_202, 5.52, 285.6, 1.79618
_10290_, 494.04, 285.6, 1.7955
PHY_201, 494.04, 285.6, 1.7955
PHY_203, 494.04, 285.6, 1.7955
FILLER_0_100_1054, 494.04, 285.6, 1.7955
_13727_, 23.02, 285.6, 1.79617
_16331_, 23.02, 285.6, 1.79617
_18468_, 23.02, 285.6, 1.79617
FILLER_0_101_34, 23.02, 285.6, 1.79617
_13933_, 48.02, 285.6, 1.79616
_14839_, 48.02, 285.6, 1.79616
_18459_, 48.02, 285.6, 1.79616
FILLER_0_100_80, 48.02, 285.6, 1.79616
FILLER_0_101_98, 48.02, 285.6, 1.79616
_09751_, 73.02, 285.6, 1.79614
_12181_, 73.02, 285.6, 1.79614
_16853_, 73.02, 285.6, 1.79614
_18843_, 73.02, 285.6, 1.79614
FILLER_0_100_136, 73.02, 285.6, 1.79614
FILLER_0_100_141, 73.02, 285.6, 1.79614
FILLER_0_101_138, 73.02, 285.6, 1.79614
FILLER_0_101_149, 73.02, 285.6, 1.79614
FILLER_0_101_157, 73.02, 285.6, 1.79614
FILLER_0_102_150, 73.02, 285.6, 1.79614
_14377_, 98.02, 285.6, 1.79612
FILLER_0_100_193, 98.02, 285.6, 1.79612
_09733_, 123.02, 285.6, 1.79608
_11970_, 123.02, 285.6, 1.79608
_14120_, 148.02, 285.6, 1.79604
_14121_, 148.02, 285.6, 1.79604
FILLER_0_100_305, 148.02, 285.6, 1.79604
_09742_, 173.02, 285.6, 1.79595
_09743_, 173.02, 285.6, 1.79595
_14050_, 173.02, 285.6, 1.79595
clkbuf_leaf_30_i_clk, 173.02, 285.6, 1.79595
clkbuf_4_6__f_i_clk, 173.02, 285.6, 1.79595
FILLER_0_100_360, 173.02, 285.6, 1.79595
_09774_, 198.02, 285.6, 1.79594
_15930_, 198.02, 285.6, 1.79594
_17659_, 198.02, 285.6, 1.79594
_19470_, 198.02, 285.6, 1.79594
_17929_, 223.02, 285.6, 1.79591
_19538_, 223.02, 285.6, 1.79591
hold212, 223.02, 285.6, 1.79591
FILLER_0_100_468, 223.02, 285.6, 1.79591
FILLER_0_101_481, 223.02, 285.6, 1.79591
_17749_, 248.02, 285.6, 1.79587
_17750_, 248.02, 285.6, 1.79587
_18104_, 248.02, 285.6, 1.79587
_19545_, 248.02, 285.6, 1.79587
FILLER_0_101_527, 248.02, 285.6, 1.79587
FILLER_0_102_529, 248.02, 285.6, 1.79587
_10036_, 273.02, 285.6, 1.79582
_10038_, 273.02, 285.6, 1.79582
_10045_, 273.02, 285.6, 1.79582
_10087_, 273.02, 285.6, 1.79582
FILLER_0_100_570, 273.02, 285.6, 1.79582
FILLER_0_100_579, 273.02, 285.6, 1.79582
FILLER_0_102_583, 273.02, 285.6, 1.79582
_10127_, 298.02, 285.6, 1.79577
_15921_, 298.02, 285.6, 1.79577
_15922_, 298.02, 285.6, 1.79577
_19354_, 298.02, 285.6, 1.79577
FILLER_0_100_633, 298.02, 285.6, 1.79577
FILLER_0_102_640, 298.02, 285.6, 1.79577
_10021_, 323.02, 285.6, 1.79571
_10375_, 323.02, 285.6, 1.79571
_10579_, 323.02, 285.6, 1.79571
_10617_, 323.02, 285.6, 1.79571
_11441_, 323.02, 285.6, 1.79571
FILLER_0_100_679, 323.02, 285.6, 1.79571
FILLER_0_101_679, 323.02, 285.6, 1.79571
FILLER_0_102_694, 323.02, 285.6, 1.79571
_11155_, 348.02, 285.6, 1.7956
_11156_, 348.02, 285.6, 1.7956
_11175_, 348.02, 285.6, 1.7956
_15607_, 348.02, 285.6, 1.7956
ANTENNA_81, 348.02, 285.6, 1.7956
FILLER_0_101_735, 348.02, 285.6, 1.7956
FILLER_0_101_752, 348.02, 285.6, 1.7956
FILLER_0_102_747, 348.02, 285.6, 1.7956
_15636_, 373.02, 285.6, 1.79541
_15653_, 373.02, 285.6, 1.79541
FILLER_0_102_806, 373.02, 285.6, 1.79541
_15654_, 398.02, 285.6, 1.79535
_15665_, 398.02, 285.6, 1.79535
FILLER_0_101_841, 398.02, 285.6, 1.79535
FILLER_0_101_861, 398.02, 285.6, 1.79535
FILLER_0_102_862, 398.02, 285.6, 1.79535
_10384_, 423.02, 285.6, 1.79538
_10385_, 423.02, 285.6, 1.79538
_10386_, 423.02, 285.6, 1.79538
_11331_, 423.02, 285.6, 1.79538
_11332_, 423.02, 285.6, 1.79538
FILLER_0_101_913, 423.02, 285.6, 1.79538
FILLER_0_102_914, 423.02, 285.6, 1.79538
_11287_, 448.02, 285.6, 1.79546
_11382_, 448.02, 285.6, 1.79546
_11385_, 448.02, 285.6, 1.79546
FILLER_0_101_972, 448.02, 285.6, 1.79546
FILLER_0_102_973, 448.02, 285.6, 1.79546
_10288_, 473.02, 285.6, 1.79545
_10307_, 473.02, 285.6, 1.79545
_10308_, 473.02, 285.6, 1.79545
_10518_, 473.02, 285.6, 1.79545
_11102_, 473.02, 285.6, 1.79545
_11103_, 473.02, 285.6, 1.79545
_13314_, 473.02, 285.6, 1.79545
FILLER_0_100_1012, 473.02, 285.6, 1.79545
FILLER_0_101_1015, 473.02, 285.6, 1.79545
PHY_196, 5.52, 280.16, 1.79622
PHY_198, 5.52, 280.16, 1.79622
output24, 5.52, 280.16, 1.79622
FILLER_0_100_3, 5.52, 280.16, 1.79622
PHY_197, 494.04, 280.16, 1.79565
PHY_199, 494.04, 280.16, 1.79565
output4, 494.04, 280.16, 1.79565
FILLER_0_98_1056, 494.04, 280.16, 1.79565
_09752_, 23.02, 280.16, 1.79622
_11989_, 23.02, 280.16, 1.79622
_16437_, 23.02, 280.16, 1.79622
_18724_, 23.02, 280.16, 1.79622
FILLER_0_100_41, 23.02, 280.16, 1.79622
_13932_, 48.02, 280.16, 1.7962
_16756_, 48.02, 280.16, 1.7962
_18852_, 48.02, 280.16, 1.7962
FILLER_0_99_102, 48.02, 280.16, 1.7962
_09952_, 73.02, 280.16, 1.79616
_11988_, 73.02, 280.16, 1.79616
_12183_, 73.02, 280.16, 1.79616
_12188_, 73.02, 280.16, 1.79616
_14740_, 73.02, 280.16, 1.79616
FILLER_0_98_137, 73.02, 280.16, 1.79616
FILLER_0_99_141, 73.02, 280.16, 1.79616
_09747_, 98.02, 280.16, 1.79614
_13864_, 98.02, 280.16, 1.79614
_14653_, 98.02, 280.16, 1.79614
_15386_, 98.02, 280.16, 1.79614
_16792_, 98.02, 280.16, 1.79614
_18884_, 98.02, 280.16, 1.79614
FILLER_0_100_209, 98.02, 280.16, 1.79614
_09732_, 123.02, 280.16, 1.79613
_16686_, 123.02, 280.16, 1.79613
_18788_, 123.02, 280.16, 1.79613
FILLER_0_98_245, 123.02, 280.16, 1.79613
_18747_, 148.02, 280.16, 1.79609
_18971_, 148.02, 280.16, 1.79609
FILLER_0_98_302, 148.02, 280.16, 1.79609
FILLER_0_99_305, 148.02, 280.16, 1.79609
FILLER_0_99_313, 148.02, 280.16, 1.79609
FILLER_0_100_321, 148.02, 280.16, 1.79609
_11980_, 173.02, 280.16, 1.79605
_16711_, 173.02, 280.16, 1.79605
_18811_, 173.02, 280.16, 1.79605
FILLER_0_99_373, 173.02, 280.16, 1.79605
FILLER_0_100_375, 173.02, 280.16, 1.79605
_15929_, 198.02, 280.16, 1.796
_19606_, 198.02, 280.16, 1.796
clkbuf_leaf_29_i_clk, 198.02, 280.16, 1.796
hold315, 198.02, 280.16, 1.796
FILLER_0_100_421, 198.02, 280.16, 1.796
_17925_, 223.02, 280.16, 1.79596
_17934_, 223.02, 280.16, 1.79596
FILLER_0_98_468, 223.02, 280.16, 1.79596
FILLER_0_99_472, 223.02, 280.16, 1.79596
FILLER_0_100_477, 223.02, 280.16, 1.79596
_17737_, 248.02, 280.16, 1.79592
_17746_, 248.02, 280.16, 1.79592
FILLER_0_99_524, 248.02, 280.16, 1.79592
_10037_, 273.02, 280.16, 1.79587
_10090_, 273.02, 280.16, 1.79587
_10091_, 273.02, 280.16, 1.79587
_10106_, 273.02, 280.16, 1.79587
_10122_, 273.02, 280.16, 1.79587
_10155_, 273.02, 280.16, 1.79587
FILLER_0_99_573, 273.02, 280.16, 1.79587
FILLER_0_99_589, 273.02, 280.16, 1.79587
_10136_, 298.02, 280.16, 1.79579
_10137_, 298.02, 280.16, 1.79579
_10140_, 298.02, 280.16, 1.79579
_17382_, 298.02, 280.16, 1.79579
FILLER_0_99_647, 298.02, 280.16, 1.79579
FILLER_0_100_641, 298.02, 280.16, 1.79579
_10376_, 323.02, 280.16, 1.79582
_11442_, 323.02, 280.16, 1.79582
_11443_, 323.02, 280.16, 1.79582
_19555_, 323.02, 280.16, 1.79582
hold372, 323.02, 280.16, 1.79582
FILLER_0_100_697, 323.02, 280.16, 1.79582
_15615_, 348.02, 280.16, 1.79577
_17997_, 348.02, 280.16, 1.79577
FILLER_0_99_749, 348.02, 280.16, 1.79577
FILLER_0_100_751, 348.02, 280.16, 1.79577
_15616_, 373.02, 280.16, 1.79558
_15634_, 373.02, 280.16, 1.79558
FILLER_0_100_807, 373.02, 280.16, 1.79558
_15640_, 398.02, 280.16, 1.79534
_15643_, 398.02, 280.16, 1.79534
_15644_, 398.02, 280.16, 1.79534
wire74, 398.02, 280.16, 1.79534
_11301_, 423.02, 280.16, 1.79558
_11333_, 423.02, 280.16, 1.79558
_13304_, 423.02, 280.16, 1.79558
FILLER_0_98_904, 423.02, 280.16, 1.79558
_10625_, 448.02, 280.16, 1.79561
_11210_, 448.02, 280.16, 1.79561
_11376_, 448.02, 280.16, 1.79561
_11383_, 448.02, 280.16, 1.79561
_11389_, 448.02, 280.16, 1.79561
FILLER_0_98_949, 448.02, 280.16, 1.79561
FILLER_0_98_957, 448.02, 280.16, 1.79561
FILLER_0_100_970, 448.02, 280.16, 1.79561
_10163_, 473.02, 280.16, 1.79565
_10289_, 473.02, 280.16, 1.79565
_10306_, 473.02, 280.16, 1.79565
FILLER_0_99_1004, 473.02, 280.16, 1.79565
FILLER_0_100_1027, 473.02, 280.16, 1.79565
_18564_, 5.52, 274.72, 1.79628
PHY_192, 5.52, 274.72, 1.79628
PHY_194, 5.52, 274.72, 1.79628
FILLER_0_97_3, 5.52, 274.72, 1.79628
PHY_193, 494.04, 274.72, 1.79578
PHY_195, 494.04, 274.72, 1.79578
FILLER_0_96_1056, 494.04, 274.72, 1.79578
FILLER_0_97_1053, 494.04, 274.72, 1.79578
_14241_, 23.02, 274.72, 1.79627
_14242_, 23.02, 274.72, 1.79627
_16614_, 23.02, 274.72, 1.79627
FILLER_0_97_26, 23.02, 274.72, 1.79627
FILLER_0_97_47, 23.02, 274.72, 1.79627
_14907_, 48.02, 274.72, 1.79625
_16285_, 48.02, 274.72, 1.79625
_18427_, 48.02, 274.72, 1.79625
FILLER_0_97_89, 48.02, 274.72, 1.79625
FILLER_0_98_94, 48.02, 274.72, 1.79625
_09184_, 73.02, 274.72, 1.79623
_09946_, 73.02, 274.72, 1.79623
_09947_, 73.02, 274.72, 1.79623
_12182_, 73.02, 274.72, 1.79623
_18073_, 73.02, 274.72, 1.79623
FILLER_0_96_137, 73.02, 274.72, 1.79623
_11984_, 98.02, 274.72, 1.79619
_15385_, 98.02, 274.72, 1.79619
_16036_, 98.02, 274.72, 1.79619
_18532_, 98.02, 274.72, 1.79619
FILLER_0_98_203, 98.02, 274.72, 1.79619
_14103_, 123.02, 274.72, 1.79618
_14965_, 123.02, 274.72, 1.79618
FILLER_0_96_245, 123.02, 274.72, 1.79618
_13677_, 148.02, 274.72, 1.79615
_13678_, 148.02, 274.72, 1.79615
_14967_, 148.02, 274.72, 1.79615
FILLER_0_96_301, 148.02, 274.72, 1.79615
FILLER_0_97_306, 148.02, 274.72, 1.79615
_09736_, 173.02, 274.72, 1.7961
_12174_, 173.02, 274.72, 1.7961
_14049_, 173.02, 274.72, 1.7961
_14395_, 173.02, 274.72, 1.7961
_14396_, 173.02, 274.72, 1.7961
_16533_, 173.02, 274.72, 1.7961
hold438, 173.02, 274.72, 1.7961
FILLER_0_96_361, 173.02, 274.72, 1.7961
_14021_, 198.02, 274.72, 1.79606
_15587_, 198.02, 274.72, 1.79606
_15588_, 198.02, 274.72, 1.79606
_17649_, 198.02, 274.72, 1.79606
_19474_, 198.02, 274.72, 1.79606
FILLER_0_96_408, 198.02, 274.72, 1.79606
FILLER_0_98_430, 198.02, 274.72, 1.79606
_17664_, 223.02, 274.72, 1.79603
_17926_, 223.02, 274.72, 1.79603
_19539_, 223.02, 274.72, 1.79603
FILLER_0_96_468, 223.02, 274.72, 1.79603
FILLER_0_97_476, 223.02, 274.72, 1.79603
FILLER_0_97_483, 223.02, 274.72, 1.79603
_17767_, 248.02, 274.72, 1.79598
_17781_, 248.02, 274.72, 1.79598
_10088_, 273.02, 274.72, 1.79584
_10104_, 273.02, 274.72, 1.79584
_10107_, 273.02, 274.72, 1.79584
_10111_, 273.02, 274.72, 1.79584
FILLER_0_98_583, 273.02, 274.72, 1.79584
_10048_, 298.02, 274.72, 1.79586
_10052_, 298.02, 274.72, 1.79586
_10123_, 298.02, 274.72, 1.79586
_10134_, 298.02, 274.72, 1.79586
_10135_, 298.02, 274.72, 1.79586
_10138_, 298.02, 274.72, 1.79586
FILLER_0_97_641, 298.02, 274.72, 1.79586
_10145_, 323.02, 274.72, 1.79593
_17983_, 323.02, 274.72, 1.79593
_11134_, 348.02, 274.72, 1.79597
_15614_, 348.02, 274.72, 1.79597
FILLER_0_98_747, 348.02, 274.72, 1.79597
FILLER_0_98_757, 348.02, 274.72, 1.79597
_15622_, 373.02, 274.72, 1.79591
_15623_, 373.02, 274.72, 1.79591
FILLER_0_96_789, 373.02, 274.72, 1.79591
FILLER_0_98_809, 373.02, 274.72, 1.79591
_10259_, 398.02, 274.72, 1.79594
_13266_, 398.02, 274.72, 1.79594
_13273_, 398.02, 274.72, 1.79594
_13285_, 398.02, 274.72, 1.79594
FILLER_0_96_841, 398.02, 274.72, 1.79594
FILLER_0_97_859, 398.02, 274.72, 1.79594
_10159_, 423.02, 274.72, 1.79584
_10353_, 423.02, 274.72, 1.79584
_10358_, 423.02, 274.72, 1.79584
_10476_, 423.02, 274.72, 1.79584
_10593_, 423.02, 274.72, 1.79584
_10466_, 448.02, 274.72, 1.79581
_11209_, 448.02, 274.72, 1.79581
_11261_, 448.02, 274.72, 1.79581
_11379_, 448.02, 274.72, 1.79581
_11427_, 448.02, 274.72, 1.79581
_10164_, 473.02, 274.72, 1.79578
_10457_, 473.02, 274.72, 1.79578
_11402_, 473.02, 274.72, 1.79578
_13319_, 473.02, 274.72, 1.79578
ANTENNA_31, 473.02, 274.72, 1.79578
FILLER_0_96_1010, 473.02, 274.72, 1.79578
PHY_188, 5.52, 269.28, 1.79632
PHY_190, 5.52, 269.28, 1.79632
FILLER_0_95_3, 5.52, 269.28, 1.79632
FILLER_0_96_3, 5.52, 269.28, 1.79632
PHY_189, 494.04, 269.28, 1.79591
PHY_191, 494.04, 269.28, 1.79591
_15368_, 23.02, 269.28, 1.79631
_16508_, 23.02, 269.28, 1.79631
_19638_, 23.02, 269.28, 1.79631
clkbuf_leaf_42_i_clk, 23.02, 269.28, 1.79631
FILLER_0_94_25, 23.02, 269.28, 1.79631
FILLER_0_95_29, 23.02, 269.28, 1.79631
FILLER_0_96_41, 23.02, 269.28, 1.79631
_09763_, 48.02, 269.28, 1.79631
_18619_, 48.02, 269.28, 1.79631
FILLER_0_94_80, 48.02, 269.28, 1.79631
FILLER_0_96_97, 48.02, 269.28, 1.79631
_14259_, 73.02, 269.28, 1.79629
_18715_, 73.02, 269.28, 1.79629
FILLER_0_94_136, 73.02, 269.28, 1.79629
FILLER_0_94_141, 73.02, 269.28, 1.79629
FILLER_0_95_137, 73.02, 269.28, 1.79629
FILLER_0_95_145, 73.02, 269.28, 1.79629
FILLER_0_96_160, 73.02, 269.28, 1.79629
_09760_, 98.02, 269.28, 1.79627
_09761_, 98.02, 269.28, 1.79627
_11997_, 98.02, 269.28, 1.79627
_13804_, 98.02, 269.28, 1.79627
_15366_, 98.02, 269.28, 1.79627
_16426_, 98.02, 269.28, 1.79627
_12012_, 123.02, 269.28, 1.79624
_14958_, 123.02, 269.28, 1.79624
_14964_, 123.02, 269.28, 1.79624
_18756_, 123.02, 269.28, 1.79624
hold441, 123.02, 269.28, 1.79624
FILLER_0_96_265, 123.02, 269.28, 1.79624
_09939_, 148.02, 269.28, 1.79621
_12092_, 148.02, 269.28, 1.79621
_14966_, 148.02, 269.28, 1.79621
_09937_, 173.02, 269.28, 1.79616
_14671_, 173.02, 269.28, 1.79616
_18523_, 173.02, 269.28, 1.79616
FILLER_0_94_358, 173.02, 269.28, 1.79616
FILLER_0_96_365, 173.02, 269.28, 1.79616
_09132_, 198.02, 269.28, 1.79611
_11895_, 198.02, 269.28, 1.79611
_17648_, 198.02, 269.28, 1.79611
_19473_, 198.02, 269.28, 1.79611
FILLER_0_95_410, 198.02, 269.28, 1.79611
FILLER_0_95_418, 198.02, 269.28, 1.79611
FILLER_0_95_430, 198.02, 269.28, 1.79611
_09128_, 223.02, 269.28, 1.79607
_09189_, 223.02, 269.28, 1.79607
_19541_, 223.02, 269.28, 1.79607
ANTENNA_102, 223.02, 269.28, 1.79607
ANTENNA_126, 223.02, 269.28, 1.79607
FILLER_0_94_468, 223.02, 269.28, 1.79607
FILLER_0_95_477, 223.02, 269.28, 1.79607
FILLER_0_96_477, 223.02, 269.28, 1.79607
_09058_, 248.02, 269.28, 1.796
_17782_, 248.02, 269.28, 1.796
_19508_, 248.02, 269.28, 1.796
_19515_, 248.02, 269.28, 1.796
clkbuf_leaf_75_i_clk, 248.02, 269.28, 1.796
FILLER_0_96_529, 248.02, 269.28, 1.796
_10089_, 273.02, 269.28, 1.79595
_10094_, 273.02, 269.28, 1.79595
_10098_, 273.02, 269.28, 1.79595
_10099_, 273.02, 269.28, 1.79595
_10102_, 273.02, 269.28, 1.79595
_10103_, 273.02, 269.28, 1.79595
_10046_, 298.02, 269.28, 1.79601
_10047_, 298.02, 269.28, 1.79601
_10056_, 298.02, 269.28, 1.79601
clkbuf_leaf_118_i_clk, 298.02, 269.28, 1.79601
_10062_, 323.02, 269.28, 1.79609
_11136_, 323.02, 269.28, 1.79609
_19569_, 323.02, 269.28, 1.79609
FILLER_0_94_689, 323.02, 269.28, 1.79609
FILLER_0_95_689, 323.02, 269.28, 1.79609
_15604_, 348.02, 269.28, 1.79617
max_cap83, 348.02, 269.28, 1.79617
clkbuf_leaf_116_i_clk, 348.02, 269.28, 1.79617
FILLER_0_96_745, 348.02, 269.28, 1.79617
FILLER_0_96_753, 348.02, 269.28, 1.79617
FILLER_0_96_757, 348.02, 269.28, 1.79617
FILLER_0_95_804, 373.02, 269.28, 1.7963
FILLER_0_96_807, 373.02, 269.28, 1.7963
_10095_, 398.02, 269.28, 1.79623
_10216_, 398.02, 269.28, 1.79623
_10261_, 398.02, 269.28, 1.79623
FILLER_0_95_860, 398.02, 269.28, 1.79623
FILLER_0_96_854, 398.02, 269.28, 1.79623
FILLER_0_96_862, 398.02, 269.28, 1.79623
_10351_, 423.02, 269.28, 1.79607
_10380_, 423.02, 269.28, 1.79607
_10381_, 423.02, 269.28, 1.79607
_10382_, 423.02, 269.28, 1.79607
_10477_, 423.02, 269.28, 1.79607
FILLER_0_95_919, 423.02, 269.28, 1.79607
FILLER_0_96_914, 423.02, 269.28, 1.79607
_11260_, 448.02, 269.28, 1.79596
_11312_, 448.02, 269.28, 1.79596
_11425_, 448.02, 269.28, 1.79596
_11426_, 448.02, 269.28, 1.79596
_10456_, 473.02, 269.28, 1.79591
_10458_, 473.02, 269.28, 1.79591
_11403_, 473.02, 269.28, 1.79591
FILLER_0_95_1005, 473.02, 269.28, 1.79591
FILLER_0_95_1009, 473.02, 269.28, 1.79591
_18596_, 5.52, 263.84, 1.79638
PHY_184, 5.52, 263.84, 1.79638
PHY_186, 5.52, 263.84, 1.79638
FILLER_0_93_3, 5.52, 263.84, 1.79638
PHY_185, 494.04, 263.84, 1.796
PHY_187, 494.04, 263.84, 1.796
_09148_, 23.02, 263.84, 1.79638
_09149_, 23.02, 263.84, 1.79638
_15307_, 23.02, 263.84, 1.79638
_15308_, 23.02, 263.84, 1.79638
_18083_, 23.02, 263.84, 1.79638
FILLER_0_92_29, 23.02, 263.84, 1.79638
FILLER_0_93_48, 23.02, 263.84, 1.79638
_13463_, 48.02, 263.84, 1.79636
_15310_, 48.02, 263.84, 1.79636
_19071_, 48.02, 263.84, 1.79636
FILLER_0_92_89, 48.02, 263.84, 1.79636
_14260_, 73.02, 263.84, 1.79634
_14515_, 73.02, 263.84, 1.79634
_15311_, 73.02, 263.84, 1.79634
_16075_, 73.02, 263.84, 1.79634
FILLER_0_94_154, 73.02, 263.84, 1.79634
_13798_, 98.02, 263.84, 1.79631
_16604_, 98.02, 263.84, 1.79631
_16998_, 98.02, 263.84, 1.79631
_18912_, 98.02, 263.84, 1.79631
_18915_, 98.02, 263.84, 1.79631
_09776_, 123.02, 263.84, 1.7963
_09836_, 123.02, 263.84, 1.7963
_16255_, 123.02, 263.84, 1.7963
FILLER_0_92_246, 123.02, 263.84, 1.7963
_09856_, 148.02, 263.84, 1.79627
_16254_, 148.02, 263.84, 1.79627
_16822_, 148.02, 263.84, 1.79627
hold435, 148.02, 263.84, 1.79627
FILLER_0_92_305, 148.02, 263.84, 1.79627
FILLER_0_93_301, 148.02, 263.84, 1.79627
FILLER_0_94_318, 148.02, 263.84, 1.79627
_09731_, 173.02, 263.84, 1.79622
_12132_, 173.02, 263.84, 1.79622
_14171_, 173.02, 263.84, 1.79622
_14670_, 173.02, 263.84, 1.79622
_16391_, 173.02, 263.84, 1.79622
FILLER_0_92_356, 173.02, 263.84, 1.79622
FILLER_0_93_365, 173.02, 263.84, 1.79622
_12210_, 198.02, 263.84, 1.79616
_14651_, 198.02, 263.84, 1.79616
_19460_, 198.02, 263.84, 1.79616
clkbuf_leaf_28_i_clk, 198.02, 263.84, 1.79616
FILLER_0_92_405, 198.02, 263.84, 1.79616
FILLER_0_93_428, 198.02, 263.84, 1.79616
_09116_, 223.02, 263.84, 1.79614
_09120_, 223.02, 263.84, 1.79614
_09124_, 223.02, 263.84, 1.79614
_09229_, 223.02, 263.84, 1.79614
ANTENNA_84, 223.02, 263.84, 1.79614
FILLER_0_93_466, 223.02, 263.84, 1.79614
FILLER_0_94_477, 223.02, 263.84, 1.79614
_17744_, 248.02, 263.84, 1.79612
_17753_, 248.02, 263.84, 1.79612
_19459_, 248.02, 263.84, 1.79612
_19513_, 248.02, 263.84, 1.79612
FILLER_0_92_517, 248.02, 263.84, 1.79612
FILLER_0_93_517, 248.02, 263.84, 1.79612
FILLER_0_93_528, 248.02, 263.84, 1.79612
_10093_, 273.02, 263.84, 1.79609
_10097_, 273.02, 263.84, 1.79609
_10101_, 273.02, 263.84, 1.79609
FILLER_0_92_576, 273.02, 263.84, 1.79609
_10049_, 298.02, 263.84, 1.79614
_10055_, 298.02, 263.84, 1.79614
_10057_, 298.02, 263.84, 1.79614
_10066_, 298.02, 263.84, 1.79614
_10073_, 298.02, 263.84, 1.79614
_10149_, 298.02, 263.84, 1.79614
_10153_, 298.02, 263.84, 1.79614
_10166_, 298.02, 263.84, 1.79614
FILLER_0_93_625, 298.02, 263.84, 1.79614
FILLER_0_93_636, 298.02, 263.84, 1.79614
_11373_, 323.02, 263.84, 1.79622
_11375_, 323.02, 263.84, 1.79622
_19556_, 323.02, 263.84, 1.79622
clkbuf_leaf_117_i_clk, 323.02, 263.84, 1.79622
FILLER_0_92_677, 323.02, 263.84, 1.79622
FILLER_0_93_681, 323.02, 263.84, 1.79622
FILLER_0_94_697, 323.02, 263.84, 1.79622
_11119_, 348.02, 263.84, 1.7963
_11120_, 348.02, 263.84, 1.7963
_15608_, 348.02, 263.84, 1.7963
_15613_, 348.02, 263.84, 1.7963
_15641_, 373.02, 263.84, 1.79645
_15705_, 373.02, 263.84, 1.79645
FILLER_0_94_808, 373.02, 263.84, 1.79645
_10170_, 398.02, 263.84, 1.79644
_10254_, 398.02, 263.84, 1.79644
_13269_, 398.02, 263.84, 1.79644
FILLER_0_92_847, 398.02, 263.84, 1.79644
FILLER_0_93_850, 398.02, 263.84, 1.79644
FILLER_0_94_859, 398.02, 263.84, 1.79644
_10379_, 423.02, 263.84, 1.79622
_10383_, 423.02, 263.84, 1.79622
_10553_, 423.02, 263.84, 1.79622
_10591_, 423.02, 263.84, 1.79622
_11338_, 423.02, 263.84, 1.79622
_11346_, 423.02, 263.84, 1.79622
_11325_, 448.02, 263.84, 1.79611
_11380_, 448.02, 263.84, 1.79611
_11381_, 448.02, 263.84, 1.79611
FILLER_0_92_954, 448.02, 263.84, 1.79611
FILLER_0_93_953, 448.02, 263.84, 1.79611
_10310_, 473.02, 263.84, 1.79601
_10568_, 473.02, 263.84, 1.79601
_11122_, 473.02, 263.84, 1.79601
FILLER_0_93_1003, 473.02, 263.84, 1.79601
FILLER_0_93_1021, 473.02, 263.84, 1.79601
FILLER_0_94_1023, 473.02, 263.84, 1.79601
PHY_180, 5.52, 258.4, 1.79643
PHY_182, 5.52, 258.4, 1.79643
PHY_181, 494.04, 258.4, 1.7961
PHY_183, 494.04, 258.4, 1.7961
FILLER_0_90_1054, 494.04, 258.4, 1.7961
FILLER_0_91_1056, 494.04, 258.4, 1.7961
_13459_, 23.02, 258.4, 1.79641
_15305_, 23.02, 258.4, 1.79641
_16077_, 23.02, 258.4, 1.79641
_19073_, 23.02, 258.4, 1.79641
FILLER_0_90_25, 23.02, 258.4, 1.79641
FILLER_0_90_33, 23.02, 258.4, 1.79641
FILLER_0_92_48, 23.02, 258.4, 1.79641
_09850_, 48.02, 258.4, 1.79637
_18239_, 48.02, 258.4, 1.79637
clkbuf_4_4__f_i_clk, 48.02, 258.4, 1.79637
FILLER_0_90_81, 48.02, 258.4, 1.79637
FILLER_0_91_82, 48.02, 258.4, 1.79637
FILLER_0_92_97, 48.02, 258.4, 1.79637
_09890_, 73.02, 258.4, 1.79639
_15313_, 73.02, 258.4, 1.79639
_15314_, 73.02, 258.4, 1.79639
_16999_, 73.02, 258.4, 1.79639
_18237_, 73.02, 258.4, 1.79639
FILLER_0_91_145, 73.02, 258.4, 1.79639
FILLER_0_92_150, 73.02, 258.4, 1.79639
_18913_, 98.02, 258.4, 1.79638
FILLER_0_90_193, 98.02, 258.4, 1.79638
FILLER_0_91_194, 98.02, 258.4, 1.79638
FILLER_0_92_209, 98.02, 258.4, 1.79638
_14960_, 123.02, 258.4, 1.79635
_14961_, 123.02, 258.4, 1.79635
_14962_, 123.02, 258.4, 1.79635
_14963_, 123.02, 258.4, 1.79635
_18401_, 123.02, 258.4, 1.79635
FILLER_0_90_245, 123.02, 258.4, 1.79635
FILLER_0_91_258, 123.02, 258.4, 1.79635
FILLER_0_92_256, 123.02, 258.4, 1.79635
FILLER_0_92_264, 123.02, 258.4, 1.79635
_12112_, 148.02, 258.4, 1.79631
_13807_, 148.02, 258.4, 1.79631
_13808_, 148.02, 258.4, 1.79631
_16821_, 148.02, 258.4, 1.79631
_18398_, 148.02, 258.4, 1.79631
_18910_, 148.02, 258.4, 1.79631
FILLER_0_91_297, 148.02, 258.4, 1.79631
FILLER_0_92_323, 148.02, 258.4, 1.79631
_09916_, 173.02, 258.4, 1.79628
_13812_, 173.02, 258.4, 1.79628
_18908_, 173.02, 258.4, 1.79628
FILLER_0_90_359, 173.02, 258.4, 1.79628
FILLER_0_91_359, 173.02, 258.4, 1.79628
FILLER_0_92_369, 173.02, 258.4, 1.79628
_09136_, 198.02, 258.4, 1.79624
_09140_, 198.02, 258.4, 1.79624
ANTENNA_125, 198.02, 258.4, 1.79624
FILLER_0_90_416, 198.02, 258.4, 1.79624
FILLER_0_91_405, 198.02, 258.4, 1.79624
FILLER_0_91_413, 198.02, 258.4, 1.79624
FILLER_0_91_429, 198.02, 258.4, 1.79624
FILLER_0_92_430, 198.02, 258.4, 1.79624
_09102_, 223.02, 258.4, 1.7962
_11468_, 223.02, 258.4, 1.7962
FILLER_0_90_470, 223.02, 258.4, 1.7962
FILLER_0_91_477, 223.02, 258.4, 1.7962
FILLER_0_92_477, 223.02, 258.4, 1.7962
_09059_, 248.02, 258.4, 1.79619
_17936_, 248.02, 258.4, 1.79619
_17938_, 248.02, 258.4, 1.79619
_19500_, 248.02, 258.4, 1.79619
FILLER_0_90_527, 248.02, 258.4, 1.79619
FILLER_0_92_529, 248.02, 258.4, 1.79619
_10092_, 273.02, 258.4, 1.7962
_17976_, 273.02, 258.4, 1.7962
_17977_, 273.02, 258.4, 1.7962
_19553_, 273.02, 258.4, 1.7962
FILLER_0_90_569, 273.02, 258.4, 1.7962
FILLER_0_91_593, 273.02, 258.4, 1.7962
_10058_, 298.02, 258.4, 1.79623
_10059_, 298.02, 258.4, 1.79623
_10060_, 298.02, 258.4, 1.79623
_10067_, 298.02, 258.4, 1.79623
ANTENNA_69, 298.02, 258.4, 1.79623
FILLER_0_92_637, 298.02, 258.4, 1.79623
FILLER_0_92_645, 298.02, 258.4, 1.79623
_11374_, 323.02, 258.4, 1.79638
FILLER_0_90_683, 323.02, 258.4, 1.79638
_10576_, 348.02, 258.4, 1.79651
_11097_, 348.02, 258.4, 1.79651
_11118_, 348.02, 258.4, 1.79651
_15605_, 348.02, 258.4, 1.79651
max_cap88, 348.02, 258.4, 1.79651
FILLER_0_91_741, 348.02, 258.4, 1.79651
FILLER_0_91_755, 348.02, 258.4, 1.79651
_15704_, 373.02, 258.4, 1.79673
wire89, 373.02, 258.4, 1.79673
FILLER_0_90_792, 373.02, 258.4, 1.79673
FILLER_0_92_808, 373.02, 258.4, 1.79673
_10171_, 398.02, 258.4, 1.79671
_10244_, 398.02, 258.4, 1.79671
_10245_, 398.02, 258.4, 1.79671
_10253_, 398.02, 258.4, 1.79671
_10255_, 398.02, 258.4, 1.79671
_10256_, 398.02, 258.4, 1.79671
_13281_, 398.02, 258.4, 1.79671
_10212_, 423.02, 258.4, 1.79642
_10371_, 423.02, 258.4, 1.79642
_10372_, 423.02, 258.4, 1.79642
_10536_, 423.02, 258.4, 1.79642
_11339_, 423.02, 258.4, 1.79642
_11340_, 423.02, 258.4, 1.79642
FILLER_0_90_906, 423.02, 258.4, 1.79642
_10821_, 448.02, 258.4, 1.79618
_11326_, 448.02, 258.4, 1.79618
_11327_, 448.02, 258.4, 1.79618
_11349_, 448.02, 258.4, 1.79618
_11353_, 448.02, 258.4, 1.79618
_11377_, 448.02, 258.4, 1.79618
_11424_, 448.02, 258.4, 1.79618
_10998_, 473.02, 258.4, 1.79608
_11003_, 473.02, 258.4, 1.79608
_11108_, 473.02, 258.4, 1.79608
_11133_, 473.02, 258.4, 1.79608
FILLER_0_91_1021, 473.02, 258.4, 1.79608
FILLER_0_92_1024, 473.02, 258.4, 1.79608
_18272_, 5.52, 252.96, 1.79649
PHY_176, 5.52, 252.96, 1.79649
PHY_178, 5.52, 252.96, 1.79649
FILLER_0_90_3, 5.52, 252.96, 1.79649
PHY_177, 494.04, 252.96, 1.79624
PHY_179, 494.04, 252.96, 1.79624
FILLER_0_89_1054, 494.04, 252.96, 1.79624
_09849_, 23.02, 252.96, 1.79649
_12065_, 23.02, 252.96, 1.79649
_15238_, 23.02, 252.96, 1.79649
_15306_, 23.02, 252.96, 1.79649
_16078_, 23.02, 252.96, 1.79649
FILLER_0_89_43, 23.02, 252.96, 1.79649
_12105_, 48.02, 252.96, 1.79648
_15170_, 48.02, 252.96, 1.79648
_15309_, 48.02, 252.96, 1.79648
_16076_, 48.02, 252.96, 1.79648
FILLER_0_89_96, 48.02, 252.96, 1.79648
FILLER_0_90_93, 48.02, 252.96, 1.79648
_09909_, 73.02, 252.96, 1.79646
_12126_, 73.02, 252.96, 1.79646
_15246_, 73.02, 252.96, 1.79646
FILLER_0_88_134, 73.02, 252.96, 1.79646
FILLER_0_88_141, 73.02, 252.96, 1.79646
FILLER_0_89_158, 73.02, 252.96, 1.79646
FILLER_0_90_149, 73.02, 252.96, 1.79646
_13802_, 98.02, 252.96, 1.79644
_16145_, 98.02, 252.96, 1.79644
FILLER_0_90_209, 98.02, 252.96, 1.79644
_09796_, 123.02, 252.96, 1.79641
_12032_, 123.02, 252.96, 1.79641
_16257_, 123.02, 252.96, 1.79641
hold365, 123.02, 252.96, 1.79641
FILLER_0_88_247, 123.02, 252.96, 1.79641
FILLER_0_89_269, 123.02, 252.96, 1.79641
_14968_, 148.02, 252.96, 1.79639
_14969_, 148.02, 252.96, 1.79639
FILLER_0_88_299, 148.02, 252.96, 1.79639
FILLER_0_89_306, 148.02, 252.96, 1.79639
_09737_, 173.02, 252.96, 1.79635
_09936_, 173.02, 252.96, 1.79635
_13811_, 173.02, 252.96, 1.79635
_16819_, 173.02, 252.96, 1.79635
FILLER_0_88_357, 173.02, 252.96, 1.79635
FILLER_0_89_359, 173.02, 252.96, 1.79635
FILLER_0_89_367, 173.02, 252.96, 1.79635
FILLER_0_90_365, 173.02, 252.96, 1.79635
_09108_, 198.02, 252.96, 1.7963
_15524_, 198.02, 252.96, 1.7963
_16782_, 198.02, 252.96, 1.7963
FILLER_0_88_410, 198.02, 252.96, 1.7963
_11491_, 223.02, 252.96, 1.79625
_11493_, 223.02, 252.96, 1.79625
_11498_, 223.02, 252.96, 1.79625
_11520_, 223.02, 252.96, 1.79625
FILLER_0_90_477, 223.02, 252.96, 1.79625
_17937_, 248.02, 252.96, 1.79628
_17953_, 248.02, 252.96, 1.79628
FILLER_0_88_521, 248.02, 252.96, 1.79628
FILLER_0_89_528, 248.02, 252.96, 1.79628
FILLER_0_89_536, 248.02, 252.96, 1.79628
FILLER_0_90_533, 248.02, 252.96, 1.79628
_17960_, 273.02, 252.96, 1.79629
_17961_, 273.02, 252.96, 1.79629
FILLER_0_88_581, 273.02, 252.96, 1.79629
_10061_, 298.02, 252.96, 1.7963
_10074_, 298.02, 252.96, 1.7963
_10075_, 298.02, 252.96, 1.7963
_10076_, 298.02, 252.96, 1.7963
_10077_, 298.02, 252.96, 1.7963
FILLER_0_90_636, 298.02, 252.96, 1.7963
_11098_, 323.02, 252.96, 1.79652
_11099_, 323.02, 252.96, 1.79652
_17242_, 323.02, 252.96, 1.79652
_19571_, 323.02, 252.96, 1.79652
FILLER_0_88_683, 323.02, 252.96, 1.79652
FILLER_0_89_682, 323.02, 252.96, 1.79652
FILLER_0_90_696, 323.02, 252.96, 1.79652
_10983_, 348.02, 252.96, 1.79675
_15627_, 348.02, 252.96, 1.79675
_18000_, 348.02, 252.96, 1.79675
_19575_, 348.02, 252.96, 1.79675
FILLER_0_89_739, 348.02, 252.96, 1.79675
FILLER_0_90_751, 348.02, 252.96, 1.79675
_10507_, 373.02, 252.96, 1.79702
_10513_, 373.02, 252.96, 1.79702
_10603_, 373.02, 252.96, 1.79702
FILLER_0_90_803, 373.02, 252.96, 1.79702
_10246_, 398.02, 252.96, 1.79701
_10529_, 398.02, 252.96, 1.79701
_10682_, 398.02, 252.96, 1.79701
_10683_, 398.02, 252.96, 1.79701
_10684_, 398.02, 252.96, 1.79701
FILLER_0_89_850, 398.02, 252.96, 1.79701
FILLER_0_89_865, 398.02, 252.96, 1.79701
FILLER_0_90_855, 398.02, 252.96, 1.79701
FILLER_0_90_863, 398.02, 252.96, 1.79701
_10373_, 423.02, 252.96, 1.7967
_10611_, 423.02, 252.96, 1.7967
_11399_, 423.02, 252.96, 1.7967
FILLER_0_89_909, 423.02, 252.96, 1.7967
_10640_, 448.02, 252.96, 1.79644
_10768_, 448.02, 252.96, 1.79644
_10974_, 448.02, 252.96, 1.79644
_11348_, 448.02, 252.96, 1.79644
_11378_, 448.02, 252.96, 1.79644
FILLER_0_88_961, 448.02, 252.96, 1.79644
FILLER_0_89_1004, 473.02, 252.96, 1.79629
_16113_, 5.52, 247.52, 1.79655
_18273_, 5.52, 247.52, 1.79655
PHY_172, 5.52, 247.52, 1.79655
PHY_174, 5.52, 247.52, 1.79655
PHY_173, 494.04, 247.52, 1.7963
PHY_175, 494.04, 247.52, 1.7963
output56, 494.04, 247.52, 1.7963
FILLER_0_86_1056, 494.04, 247.52, 1.7963
_15301_, 23.02, 247.52, 1.79655
FILLER_0_86_29, 23.02, 247.52, 1.79655
FILLER_0_87_51, 23.02, 247.52, 1.79655
_09869_, 48.02, 247.52, 1.79653
_15171_, 48.02, 247.52, 1.79653
_16148_, 48.02, 247.52, 1.79653
_16149_, 48.02, 247.52, 1.79653
_18271_, 48.02, 247.52, 1.79653
_18304_, 48.02, 247.52, 1.79653
FILLER_0_87_105, 48.02, 247.52, 1.79653
FILLER_0_88_94, 48.02, 247.52, 1.79653
_15245_, 73.02, 247.52, 1.79652
_16110_, 73.02, 247.52, 1.79652
_18269_, 73.02, 247.52, 1.79652
FILLER_0_86_141, 73.02, 247.52, 1.79652
FILLER_0_87_159, 73.02, 247.52, 1.79652
_15033_, 98.02, 247.52, 1.7965
_15179_, 98.02, 247.52, 1.7965
_16144_, 98.02, 247.52, 1.7965
FILLER_0_86_200, 98.02, 247.52, 1.7965
FILLER_0_87_207, 98.02, 247.52, 1.7965
FILLER_0_88_212, 98.02, 247.52, 1.7965
_09775_, 123.02, 247.52, 1.79648
_09835_, 123.02, 247.52, 1.79648
_12071_, 123.02, 247.52, 1.79648
FILLER_0_87_245, 123.02, 247.52, 1.79648
_09855_, 148.02, 247.52, 1.79644
_09875_, 148.02, 247.52, 1.79644
_15036_, 148.02, 247.52, 1.79644
FILLER_0_87_310, 148.02, 247.52, 1.79644
_11974_, 173.02, 247.52, 1.7964
_12171_, 173.02, 247.52, 1.7964
_12172_, 173.02, 247.52, 1.7964
_18907_, 173.02, 247.52, 1.7964
FILLER_0_87_366, 173.02, 247.52, 1.7964
_09112_, 198.02, 247.52, 1.79637
_09206_, 198.02, 247.52, 1.79637
_09271_, 198.02, 247.52, 1.79637
_15523_, 198.02, 247.52, 1.79637
_15964_, 198.02, 247.52, 1.79637
FILLER_0_87_426, 198.02, 247.52, 1.79637
_11479_, 223.02, 247.52, 1.79634
_11481_, 223.02, 247.52, 1.79634
_11522_, 223.02, 247.52, 1.79634
_11524_, 223.02, 247.52, 1.79634
FILLER_0_88_477, 223.02, 247.52, 1.79634
_11455_, 248.02, 247.52, 1.79633
clkbuf_0_i_clk, 248.02, 247.52, 1.79633
FILLER_0_86_522, 248.02, 247.52, 1.79633
FILLER_0_87_534, 248.02, 247.52, 1.79633
FILLER_0_88_529, 248.02, 247.52, 1.79633
_17962_, 273.02, 247.52, 1.79641
_17964_, 273.02, 247.52, 1.79641
_17965_, 273.02, 247.52, 1.79641
_17968_, 273.02, 247.52, 1.79641
_17969_, 273.02, 247.52, 1.79641
_19549_, 273.02, 247.52, 1.79641
FILLER_0_87_568, 273.02, 247.52, 1.79641
_17679_, 298.02, 247.52, 1.79652
_17682_, 298.02, 247.52, 1.79652
_19488_, 298.02, 247.52, 1.79652
FILLER_0_86_627, 298.02, 247.52, 1.79652
FILLER_0_86_635, 298.02, 247.52, 1.79652
FILLER_0_88_637, 298.02, 247.52, 1.79652
_17240_, 323.02, 247.52, 1.7967
_17241_, 323.02, 247.52, 1.7967
_18001_, 323.02, 247.52, 1.7967
ANTENNA_91, 323.02, 247.52, 1.7967
FILLER_0_87_688, 323.02, 247.52, 1.7967
_11010_, 348.02, 247.52, 1.79697
_11011_, 348.02, 247.52, 1.79697
_11055_, 348.02, 247.52, 1.79697
_18005_, 348.02, 247.52, 1.79697
FILLER_0_86_736, 348.02, 247.52, 1.79697
FILLER_0_87_750, 348.02, 247.52, 1.79697
FILLER_0_88_757, 348.02, 247.52, 1.79697
_10514_, 373.02, 247.52, 1.79733
_10604_, 373.02, 247.52, 1.79733
FILLER_0_87_797, 373.02, 247.52, 1.79733
_10605_, 398.02, 247.52, 1.79731
_10689_, 398.02, 247.52, 1.79731
_10690_, 398.02, 247.52, 1.79731
FILLER_0_86_840, 398.02, 247.52, 1.79731
FILLER_0_88_861, 398.02, 247.52, 1.79731
_10941_, 423.02, 247.52, 1.7969
_10942_, 423.02, 247.52, 1.7969
_11263_, 423.02, 247.52, 1.7969
FILLER_0_86_906, 423.02, 247.52, 1.7969
FILLER_0_87_909, 423.02, 247.52, 1.7969
FILLER_0_88_915, 423.02, 247.52, 1.7969
_10609_, 448.02, 247.52, 1.79654
_10621_, 448.02, 247.52, 1.79654
_11366_, 448.02, 247.52, 1.79654
_11367_, 448.02, 247.52, 1.79654
_11368_, 448.02, 247.52, 1.79654
_11437_, 448.02, 247.52, 1.79654
FILLER_0_87_953, 448.02, 247.52, 1.79654
FILLER_0_87_964, 448.02, 247.52, 1.79654
FILLER_0_88_969, 448.02, 247.52, 1.79654
_10283_, 473.02, 247.52, 1.79632
_10461_, 473.02, 247.52, 1.79632
_10462_, 473.02, 247.52, 1.79632
_10463_, 473.02, 247.52, 1.79632
_10989_, 473.02, 247.52, 1.79632
_11012_, 473.02, 247.52, 1.79632
FILLER_0_87_1026, 473.02, 247.52, 1.79632
PHY_168, 5.52, 242.08, 1.7966
PHY_170, 5.52, 242.08, 1.7966
output21, 5.52, 242.08, 1.7966
_11059_, 494.04, 242.08, 1.79643
PHY_169, 494.04, 242.08, 1.79643
PHY_171, 494.04, 242.08, 1.79643
_13455_, 23.02, 242.08, 1.79659
_15302_, 23.02, 242.08, 1.79659
_16080_, 23.02, 242.08, 1.79659
_18243_, 23.02, 242.08, 1.79659
_19075_, 23.02, 242.08, 1.79659
FILLER_0_85_27, 23.02, 242.08, 1.79659
FILLER_0_86_48, 23.02, 242.08, 1.79659
_15241_, 48.02, 242.08, 1.79659
_15242_, 48.02, 242.08, 1.79659
FILLER_0_85_86, 48.02, 242.08, 1.79659
_15247_, 73.02, 242.08, 1.79657
_19068_, 73.02, 242.08, 1.79657
FILLER_0_84_141, 73.02, 242.08, 1.79657
FILLER_0_86_149, 73.02, 242.08, 1.79657
_15031_, 98.02, 242.08, 1.79655
_18368_, 98.02, 242.08, 1.79655
_18369_, 98.02, 242.08, 1.79655
FILLER_0_84_190, 98.02, 242.08, 1.79655
FILLER_0_85_193, 98.02, 242.08, 1.79655
FILLER_0_85_201, 98.02, 242.08, 1.79655
_09815_, 123.02, 242.08, 1.79653
_12031_, 123.02, 242.08, 1.79653
_15099_, 123.02, 242.08, 1.79653
_15101_, 123.02, 242.08, 1.79653
hold412, 123.02, 242.08, 1.79653
FILLER_0_85_260, 123.02, 242.08, 1.79653
FILLER_0_86_260, 123.02, 242.08, 1.79653
_12091_, 148.02, 242.08, 1.7965
_12111_, 148.02, 242.08, 1.7965
_15105_, 148.02, 242.08, 1.7965
_18334_, 148.02, 242.08, 1.7965
FILLER_0_85_308, 148.02, 242.08, 1.7965
FILLER_0_85_322, 148.02, 242.08, 1.7965
_09915_, 173.02, 242.08, 1.79647
_09935_, 173.02, 242.08, 1.79647
_12151_, 173.02, 242.08, 1.79647
_15109_, 173.02, 242.08, 1.79647
FILLER_0_84_356, 173.02, 242.08, 1.79647
_09214_, 198.02, 242.08, 1.79644
_09962_, 198.02, 242.08, 1.79644
FILLER_0_84_414, 198.02, 242.08, 1.79644
FILLER_0_85_432, 198.02, 242.08, 1.79644
FILLER_0_86_421, 198.02, 242.08, 1.79644
_09252_, 223.02, 242.08, 1.79641
_11451_, 223.02, 242.08, 1.79641
_11459_, 223.02, 242.08, 1.79641
_11473_, 223.02, 242.08, 1.79641
_11483_, 223.02, 242.08, 1.79641
FILLER_0_85_470, 223.02, 242.08, 1.79641
FILLER_0_86_477, 223.02, 242.08, 1.79641
_11775_, 248.02, 242.08, 1.79643
_11835_, 248.02, 242.08, 1.79643
_11855_, 248.02, 242.08, 1.79643
_19477_, 248.02, 242.08, 1.79643
FILLER_0_85_515, 248.02, 242.08, 1.79643
_17970_, 273.02, 242.08, 1.79649
_17973_, 273.02, 242.08, 1.79649
_19550_, 273.02, 242.08, 1.79649
clkbuf_leaf_119_i_clk, 273.02, 242.08, 1.79649
_11600_, 298.02, 242.08, 1.79661
_17680_, 298.02, 242.08, 1.79661
_19489_, 298.02, 242.08, 1.79661
FILLER_0_84_626, 298.02, 242.08, 1.79661
FILLER_0_86_645, 298.02, 242.08, 1.79661
_10986_, 323.02, 242.08, 1.79683
_19576_, 323.02, 242.08, 1.79683
FILLER_0_84_683, 323.02, 242.08, 1.79683
FILLER_0_86_692, 323.02, 242.08, 1.79683
_10615_, 348.02, 242.08, 1.79717
_15601_, 348.02, 242.08, 1.79717
_18003_, 348.02, 242.08, 1.79717
FILLER_0_84_740, 348.02, 242.08, 1.79717
FILLER_0_85_752, 348.02, 242.08, 1.79717
FILLER_0_86_749, 348.02, 242.08, 1.79717
FILLER_0_86_757, 348.02, 242.08, 1.79717
_10681_, 373.02, 242.08, 1.79762
_15868_, 373.02, 242.08, 1.79762
FILLER_0_86_802, 373.02, 242.08, 1.79762
_10488_, 398.02, 242.08, 1.79759
_10493_, 398.02, 242.08, 1.79759
_10685_, 398.02, 242.08, 1.79759
_10916_, 398.02, 242.08, 1.79759
FILLER_0_85_853, 398.02, 242.08, 1.79759
FILLER_0_86_861, 398.02, 242.08, 1.79759
_10478_, 423.02, 242.08, 1.79709
_10479_, 423.02, 242.08, 1.79709
_10929_, 423.02, 242.08, 1.79709
_10947_, 423.02, 242.08, 1.79709
_11258_, 423.02, 242.08, 1.79709
FILLER_0_84_902, 423.02, 242.08, 1.79709
FILLER_0_85_905, 423.02, 242.08, 1.79709
FILLER_0_86_917, 423.02, 242.08, 1.79709
_10577_, 448.02, 242.08, 1.7967
_10607_, 448.02, 242.08, 1.7967
_11364_, 448.02, 242.08, 1.7967
_11365_, 448.02, 242.08, 1.7967
_10460_, 473.02, 242.08, 1.79647
_10988_, 473.02, 242.08, 1.79647
_11013_, 473.02, 242.08, 1.79647
_11014_, 473.02, 242.08, 1.79647
_11032_, 473.02, 242.08, 1.79647
FILLER_0_85_1029, 473.02, 242.08, 1.79647
_18275_, 5.52, 236.64, 1.79666
PHY_164, 5.52, 236.64, 1.79666
PHY_166, 5.52, 236.64, 1.79666
PHY_165, 494.04, 236.64, 1.79649
PHY_167, 494.04, 236.64, 1.79649
_09789_, 23.02, 236.64, 1.79666
FILLER_0_82_25, 23.02, 236.64, 1.79666
FILLER_0_82_29, 23.02, 236.64, 1.79666
FILLER_0_82_37, 23.02, 236.64, 1.79666
_16147_, 48.02, 236.64, 1.79665
_18303_, 48.02, 236.64, 1.79665
FILLER_0_82_85, 48.02, 236.64, 1.79665
FILLER_0_83_96, 48.02, 236.64, 1.79665
FILLER_0_83_105, 48.02, 236.64, 1.79665
_15315_, 73.02, 236.64, 1.79663
_15316_, 73.02, 236.64, 1.79663
_18236_, 73.02, 236.64, 1.79663
_18268_, 73.02, 236.64, 1.79663
FILLER_0_83_134, 73.02, 236.64, 1.79663
FILLER_0_83_142, 73.02, 236.64, 1.79663
_12002_, 98.02, 236.64, 1.79661
_16994_, 98.02, 236.64, 1.79661
FILLER_0_84_209, 98.02, 236.64, 1.79661
_09795_, 123.02, 236.64, 1.79659
_12011_, 123.02, 236.64, 1.79659
_15100_, 123.02, 236.64, 1.79659
_16184_, 123.02, 236.64, 1.79659
_16222_, 123.02, 236.64, 1.79659
_18337_, 123.02, 236.64, 1.79659
FILLER_0_82_248, 123.02, 236.64, 1.79659
_15106_, 148.02, 236.64, 1.79656
_16181_, 148.02, 236.64, 1.79656
FILLER_0_82_299, 148.02, 236.64, 1.79656
FILLER_0_83_305, 148.02, 236.64, 1.79656
FILLER_0_83_314, 148.02, 236.64, 1.79656
FILLER_0_83_323, 148.02, 236.64, 1.79656
_11961_, 173.02, 236.64, 1.79651
_15040_, 173.02, 236.64, 1.79651
_15041_, 173.02, 236.64, 1.79651
_16179_, 173.02, 236.64, 1.79651
clkbuf_leaf_25_i_clk, 173.02, 236.64, 1.79651
FILLER_0_82_359, 173.02, 236.64, 1.79651
FILLER_0_84_368, 173.02, 236.64, 1.79651
_09218_, 198.02, 236.64, 1.79649
_12197_, 198.02, 236.64, 1.79649
_12198_, 198.02, 236.64, 1.79649
_16568_, 198.02, 236.64, 1.79649
_18038_, 198.02, 236.64, 1.79649
FILLER_0_84_421, 198.02, 236.64, 1.79649
FILLER_0_84_432, 198.02, 236.64, 1.79649
_09220_, 223.02, 236.64, 1.79646
_11457_, 223.02, 236.64, 1.79646
_11461_, 223.02, 236.64, 1.79646
_11506_, 223.02, 236.64, 1.79646
_11531_, 223.02, 236.64, 1.79646
_11533_, 223.02, 236.64, 1.79646
_09056_, 248.02, 236.64, 1.79648
_19476_, 248.02, 236.64, 1.79648
_19480_, 248.02, 236.64, 1.79648
FILLER_0_82_522, 248.02, 236.64, 1.79648
FILLER_0_83_517, 248.02, 236.64, 1.79648
_11722_, 273.02, 236.64, 1.79655
_17966_, 273.02, 236.64, 1.79655
_19551_, 273.02, 236.64, 1.79655
FILLER_0_82_577, 273.02, 236.64, 1.79655
FILLER_0_84_585, 273.02, 236.64, 1.79655
_11580_, 298.02, 236.64, 1.79667
_17674_, 298.02, 236.64, 1.79667
_17677_, 298.02, 236.64, 1.79667
FILLER_0_82_625, 298.02, 236.64, 1.79667
FILLER_0_83_644, 298.02, 236.64, 1.79667
FILLER_0_84_645, 298.02, 236.64, 1.79667
_10000_, 323.02, 236.64, 1.79686
_10934_, 323.02, 236.64, 1.79686
_10985_, 323.02, 236.64, 1.79686
_10987_, 323.02, 236.64, 1.79686
_18006_, 323.02, 236.64, 1.79686
_19578_, 323.02, 236.64, 1.79686
FILLER_0_82_686, 323.02, 236.64, 1.79686
FILLER_0_84_697, 323.02, 236.64, 1.79686
_11034_, 348.02, 236.64, 1.79716
_11035_, 348.02, 236.64, 1.79716
_15612_, 348.02, 236.64, 1.79716
_19574_, 348.02, 236.64, 1.79716
FILLER_0_84_748, 348.02, 236.64, 1.79716
_10778_, 373.02, 236.64, 1.79755
_17207_, 373.02, 236.64, 1.79755
wire73, 373.02, 236.64, 1.79755
FILLER_0_84_806, 373.02, 236.64, 1.79755
_10737_, 398.02, 236.64, 1.79755
_10738_, 398.02, 236.64, 1.79755
_10779_, 398.02, 236.64, 1.79755
_10780_, 398.02, 236.64, 1.79755
FILLER_0_82_845, 398.02, 236.64, 1.79755
FILLER_0_84_857, 398.02, 236.64, 1.79755
FILLER_0_84_865, 398.02, 236.64, 1.79755
_10754_, 423.02, 236.64, 1.79709
_10930_, 423.02, 236.64, 1.79709
FILLER_0_83_909, 423.02, 236.64, 1.79709
FILLER_0_83_918, 423.02, 236.64, 1.79709
FILLER_0_84_919, 423.02, 236.64, 1.79709
_10599_, 448.02, 236.64, 1.79672
_10600_, 448.02, 236.64, 1.79672
_10710_, 448.02, 236.64, 1.79672
_11429_, 448.02, 236.64, 1.79672
_11430_, 448.02, 236.64, 1.79672
_11434_, 448.02, 236.64, 1.79672
_11435_, 448.02, 236.64, 1.79672
FILLER_0_83_949, 448.02, 236.64, 1.79672
FILLER_0_83_953, 448.02, 236.64, 1.79672
FILLER_0_84_962, 448.02, 236.64, 1.79672
FILLER_0_84_974, 448.02, 236.64, 1.79672
_10542_, 473.02, 236.64, 1.79652
_10999_, 473.02, 236.64, 1.79652
FILLER_0_82_1007, 473.02, 236.64, 1.79652
FILLER_0_83_1005, 473.02, 236.64, 1.79652
FILLER_0_83_1028, 473.02, 236.64, 1.79652
FILLER_0_84_1027, 473.02, 236.64, 1.79652
PHY_160, 5.52, 231.2, 1.79672
PHY_162, 5.52, 231.2, 1.79672
FILLER_0_82_3, 5.52, 231.2, 1.79672
PHY_161, 494.04, 231.2, 1.79654
PHY_163, 494.04, 231.2, 1.79654
FILLER_0_81_1054, 494.04, 231.2, 1.79654
_12005_, 23.02, 231.2, 1.7967
_15303_, 23.02, 231.2, 1.7967
_15304_, 23.02, 231.2, 1.7967
_16079_, 23.02, 231.2, 1.7967
_18242_, 23.02, 231.2, 1.7967
clkbuf_leaf_13_i_clk, 23.02, 231.2, 1.7967
FILLER_0_80_29, 23.02, 231.2, 1.7967
FILLER_0_82_49, 23.02, 231.2, 1.7967
_15172_, 48.02, 231.2, 1.7967
_15173_, 48.02, 231.2, 1.7967
_17003_, 48.02, 231.2, 1.7967
FILLER_0_81_92, 48.02, 231.2, 1.7967
_15248_, 73.02, 231.2, 1.79669
_16109_, 73.02, 231.2, 1.79669
_16995_, 73.02, 231.2, 1.79669
FILLER_0_80_141, 73.02, 231.2, 1.79669
FILLER_0_81_136, 73.02, 231.2, 1.79669
FILLER_0_81_148, 73.02, 231.2, 1.79669
FILLER_0_81_160, 73.02, 231.2, 1.79669
_09191_, 98.02, 231.2, 1.79666
_09192_, 98.02, 231.2, 1.79666
_14262_, 98.02, 231.2, 1.79666
_18072_, 98.02, 231.2, 1.79666
_18371_, 98.02, 231.2, 1.79666
_18714_, 98.02, 231.2, 1.79666
clkbuf_leaf_17_i_clk, 98.02, 231.2, 1.79666
ANTENNA_21, 98.02, 231.2, 1.79666
_15095_, 123.02, 231.2, 1.79665
_15098_, 123.02, 231.2, 1.79665
_18372_, 123.02, 231.2, 1.79665
FILLER_0_80_246, 123.02, 231.2, 1.79665
FILLER_0_81_260, 123.02, 231.2, 1.79665
FILLER_0_81_268, 123.02, 231.2, 1.79665
_15103_, 148.02, 231.2, 1.79662
_16182_, 148.02, 231.2, 1.79662
_18335_, 148.02, 231.2, 1.79662
FILLER_0_81_322, 148.02, 231.2, 1.79662
FILLER_0_82_321, 148.02, 231.2, 1.79662
_14974_, 173.02, 231.2, 1.79658
_16214_, 173.02, 231.2, 1.79658
_16215_, 173.02, 231.2, 1.79658
_18364_, 173.02, 231.2, 1.79658
FILLER_0_82_369, 173.02, 231.2, 1.79658
_09190_, 198.02, 231.2, 1.79654
_09963_, 198.02, 231.2, 1.79654
_13611_, 198.02, 231.2, 1.79654
_14051_, 198.02, 231.2, 1.79654
_14329_, 198.02, 231.2, 1.79654
FILLER_0_80_415, 198.02, 231.2, 1.79654
FILLER_0_81_420, 198.02, 231.2, 1.79654
FILLER_0_81_432, 198.02, 231.2, 1.79654
FILLER_0_82_429, 198.02, 231.2, 1.79654
_11527_, 223.02, 231.2, 1.79653
_11529_, 223.02, 231.2, 1.79653
_15186_, 223.02, 231.2, 1.79653
FILLER_0_80_462, 223.02, 231.2, 1.79653
FILLER_0_81_471, 223.02, 231.2, 1.79653
_14126_, 248.02, 231.2, 1.79653
_14401_, 248.02, 231.2, 1.79653
_17667_, 248.02, 231.2, 1.79653
_19479_, 248.02, 231.2, 1.79653
FILLER_0_82_533, 248.02, 231.2, 1.79653
FILLER_0_82_539, 248.02, 231.2, 1.79653
_11681_, 273.02, 231.2, 1.79658
_17672_, 273.02, 231.2, 1.79658
_19481_, 273.02, 231.2, 1.79658
FILLER_0_81_583, 273.02, 231.2, 1.79658
FILLER_0_82_589, 273.02, 231.2, 1.79658
_09955_, 298.02, 231.2, 1.7967
FILLER_0_81_643, 298.02, 231.2, 1.7967
FILLER_0_82_645, 298.02, 231.2, 1.7967
_10933_, 323.02, 231.2, 1.79686
_17244_, 323.02, 231.2, 1.79686
_17999_, 323.02, 231.2, 1.79686
_18008_, 323.02, 231.2, 1.79686
_19577_, 323.02, 231.2, 1.79686
FILLER_0_82_696, 323.02, 231.2, 1.79686
_11078_, 348.02, 231.2, 1.79712
_11079_, 348.02, 231.2, 1.79712
_15600_, 348.02, 231.2, 1.79712
_18004_, 348.02, 231.2, 1.79712
FILLER_0_81_736, 348.02, 231.2, 1.79712
_11415_, 373.02, 231.2, 1.79746
_15871_, 373.02, 231.2, 1.79746
FILLER_0_81_799, 373.02, 231.2, 1.79746
FILLER_0_81_807, 373.02, 231.2, 1.79746
FILLER_0_82_806, 373.02, 231.2, 1.79746
_10735_, 398.02, 231.2, 1.79743
_10838_, 398.02, 231.2, 1.79743
_10839_, 398.02, 231.2, 1.79743
_11411_, 398.02, 231.2, 1.79743
FILLER_0_80_845, 398.02, 231.2, 1.79743
FILLER_0_81_864, 398.02, 231.2, 1.79743
FILLER_0_82_861, 398.02, 231.2, 1.79743
_10701_, 423.02, 231.2, 1.79698
_10755_, 423.02, 231.2, 1.79698
_10756_, 423.02, 231.2, 1.79698
_11334_, 423.02, 231.2, 1.79698
FILLER_0_81_897, 423.02, 231.2, 1.79698
_11083_, 448.02, 231.2, 1.79669
_11096_, 448.02, 231.2, 1.79669
_11351_, 448.02, 231.2, 1.79669
_11436_, 448.02, 231.2, 1.79669
_11438_, 448.02, 231.2, 1.79669
FILLER_0_81_953, 448.02, 231.2, 1.79669
FILLER_0_82_969, 448.02, 231.2, 1.79669
_11023_, 473.02, 231.2, 1.79657
_11024_, 473.02, 231.2, 1.79657
_11049_, 473.02, 231.2, 1.79657
_11052_, 473.02, 231.2, 1.79657
_11073_, 473.02, 231.2, 1.79657
_11093_, 473.02, 231.2, 1.79657
_11094_, 473.02, 231.2, 1.79657
FILLER_0_81_1004, 473.02, 231.2, 1.79657
FILLER_0_82_1028, 473.02, 231.2, 1.79657
_18274_, 5.52, 225.76, 1.79678
PHY_156, 5.52, 225.76, 1.79678
PHY_158, 5.52, 225.76, 1.79678
FILLER_0_79_3, 5.52, 225.76, 1.79678
PHY_157, 494.04, 225.76, 1.7966
PHY_159, 494.04, 225.76, 1.7966
FILLER_0_79_1056, 494.04, 225.76, 1.7966
_09768_, 23.02, 225.76, 1.79678
_15299_, 23.02, 225.76, 1.79678
_15300_, 23.02, 225.76, 1.79678
_18244_, 23.02, 225.76, 1.79678
FILLER_0_79_34, 23.02, 225.76, 1.79678
_15166_, 48.02, 225.76, 1.79677
_15167_, 48.02, 225.76, 1.79677
_18267_, 48.02, 225.76, 1.79677
FILLER_0_79_103, 48.02, 225.76, 1.79677
_14240_, 73.02, 225.76, 1.79675
_16107_, 73.02, 225.76, 1.79675
clkbuf_leaf_16_i_clk, 73.02, 225.76, 1.79675
FILLER_0_78_134, 73.02, 225.76, 1.79675
FILLER_0_78_141, 73.02, 225.76, 1.79675
FILLER_0_79_153, 73.02, 225.76, 1.79675
_09765_, 98.02, 225.76, 1.79674
_12202_, 98.02, 225.76, 1.79674
_13451_, 98.02, 225.76, 1.79674
_14261_, 98.02, 225.76, 1.79674
_14887_, 98.02, 225.76, 1.79674
_15161_, 98.02, 225.76, 1.79674
_15096_, 123.02, 225.76, 1.79671
_15097_, 123.02, 225.76, 1.79671
_16187_, 123.02, 225.76, 1.79671
_18338_, 123.02, 225.76, 1.79671
FILLER_0_78_245, 123.02, 225.76, 1.79671
_15112_, 148.02, 225.76, 1.79668
_15567_, 148.02, 225.76, 1.79668
FILLER_0_78_303, 148.02, 225.76, 1.79668
FILLER_0_78_309, 148.02, 225.76, 1.79668
FILLER_0_79_313, 148.02, 225.76, 1.79668
_14975_, 173.02, 225.76, 1.79664
_15023_, 173.02, 225.76, 1.79664
_15092_, 173.02, 225.76, 1.79664
_18395_, 173.02, 225.76, 1.79664
FILLER_0_78_357, 173.02, 225.76, 1.79664
_12199_, 198.02, 225.76, 1.79661
_13610_, 198.02, 225.76, 1.79661
_19002_, 198.02, 225.76, 1.79661
hold427, 198.02, 225.76, 1.79661
FILLER_0_78_406, 198.02, 225.76, 1.79661
FILLER_0_79_405, 198.02, 225.76, 1.79661
FILLER_0_79_429, 198.02, 225.76, 1.79661
_14471_, 223.02, 225.76, 1.7966
_15048_, 223.02, 225.76, 1.7966
_15117_, 223.02, 225.76, 1.7966
_15187_, 223.02, 225.76, 1.7966
_15255_, 223.02, 225.76, 1.7966
FILLER_0_80_473, 223.02, 225.76, 1.7966
_11795_, 248.02, 225.76, 1.7966
_13888_, 248.02, 225.76, 1.7966
_14127_, 248.02, 225.76, 1.7966
_14128_, 248.02, 225.76, 1.7966
_14470_, 248.02, 225.76, 1.7966
_18105_, 248.02, 225.76, 1.7966
FILLER_0_78_526, 248.02, 225.76, 1.7966
FILLER_0_80_529, 248.02, 225.76, 1.7966
FILLER_0_80_539, 248.02, 225.76, 1.7966
_09098_, 273.02, 225.76, 1.79663
_09719_, 273.02, 225.76, 1.79663
_19482_, 273.02, 225.76, 1.79663
hold301, 273.02, 225.76, 1.79663
FILLER_0_78_577, 273.02, 225.76, 1.79663
FILLER_0_79_586, 273.02, 225.76, 1.79663
FILLER_0_80_582, 273.02, 225.76, 1.79663
_11660_, 298.02, 225.76, 1.79672
_11680_, 298.02, 225.76, 1.79672
_17675_, 298.02, 225.76, 1.79672
clkbuf_leaf_120_i_clk, 298.02, 225.76, 1.79672
FILLER_0_78_625, 298.02, 225.76, 1.79672
FILLER_0_80_648, 298.02, 225.76, 1.79672
_10471_, 323.02, 225.76, 1.79688
_10620_, 323.02, 225.76, 1.79688
_10958_, 323.02, 225.76, 1.79688
_10959_, 323.02, 225.76, 1.79688
_18007_, 323.02, 225.76, 1.79688
FILLER_0_78_681, 323.02, 225.76, 1.79688
FILLER_0_79_685, 323.02, 225.76, 1.79688
_18002_, 348.02, 225.76, 1.79711
_19572_, 348.02, 225.76, 1.79711
FILLER_0_79_735, 348.02, 225.76, 1.79711
FILLER_0_80_747, 348.02, 225.76, 1.79711
_15873_, 373.02, 225.76, 1.79736
_17210_, 373.02, 225.76, 1.79736
FILLER_0_78_790, 373.02, 225.76, 1.79736
FILLER_0_79_806, 373.02, 225.76, 1.79736
FILLER_0_80_806, 373.02, 225.76, 1.79736
_10262_, 398.02, 225.76, 1.79733
_10490_, 398.02, 225.76, 1.79733
_10836_, 398.02, 225.76, 1.79733
_10856_, 398.02, 225.76, 1.79733
_10880_, 398.02, 225.76, 1.79733
FILLER_0_79_864, 398.02, 225.76, 1.79733
_10723_, 423.02, 225.76, 1.79703
_10948_, 423.02, 225.76, 1.79703
_10955_, 423.02, 225.76, 1.79703
_11048_, 448.02, 225.76, 1.79678
_11053_, 448.02, 225.76, 1.79678
_11090_, 448.02, 225.76, 1.79678
_11095_, 448.02, 225.76, 1.79678
_11330_, 448.02, 225.76, 1.79678
_11352_, 448.02, 225.76, 1.79678
FILLER_0_79_968, 448.02, 225.76, 1.79678
_11022_, 473.02, 225.76, 1.79663
_11025_, 473.02, 225.76, 1.79663
_11031_, 473.02, 225.76, 1.79663
_11051_, 473.02, 225.76, 1.79663
_11091_, 473.02, 225.76, 1.79663
_11397_, 473.02, 225.76, 1.79663
FILLER_0_78_1003, 473.02, 225.76, 1.79663
FILLER_0_79_1009, 473.02, 225.76, 1.79663
PHY_152, 5.52, 220.32, 1.79685
PHY_154, 5.52, 220.32, 1.79685
FILLER_0_77_3, 5.52, 220.32, 1.79685
PHY_153, 494.04, 220.32, 1.79663
PHY_155, 494.04, 220.32, 1.79663
output65, 494.04, 220.32, 1.79663
_13452_, 23.02, 220.32, 1.79684
_15231_, 23.02, 220.32, 1.79684
_16081_, 23.02, 220.32, 1.79684
_18276_, 23.02, 220.32, 1.79684
FILLER_0_77_38, 23.02, 220.32, 1.79684
FILLER_0_78_49, 23.02, 220.32, 1.79684
_15250_, 48.02, 220.32, 1.79684
_16108_, 48.02, 220.32, 1.79684
_16151_, 48.02, 220.32, 1.79684
_18299_, 48.02, 220.32, 1.79684
FILLER_0_76_80, 48.02, 220.32, 1.79684
FILLER_0_77_96, 48.02, 220.32, 1.79684
_15230_, 73.02, 220.32, 1.79682
_15251_, 73.02, 220.32, 1.79682
_16106_, 73.02, 220.32, 1.79682
_18266_, 73.02, 220.32, 1.79682
FILLER_0_78_147, 73.02, 220.32, 1.79682
FILLER_0_78_160, 73.02, 220.32, 1.79682
_09971_, 98.02, 220.32, 1.79681
_18554_, 98.02, 220.32, 1.79681
hold373, 98.02, 220.32, 1.79681
ANTENNA_137, 98.02, 220.32, 1.79681
FILLER_0_78_209, 98.02, 220.32, 1.79681
_15094_, 123.02, 220.32, 1.79678
_16186_, 123.02, 220.32, 1.79678
_16745_, 123.02, 220.32, 1.79678
_18340_, 123.02, 220.32, 1.79678
FILLER_0_77_243, 123.02, 220.32, 1.79678
FILLER_0_77_267, 123.02, 220.32, 1.79678
_13539_, 148.02, 220.32, 1.79674
_13540_, 148.02, 220.32, 1.79674
_15568_, 148.02, 220.32, 1.79674
_16816_, 148.02, 220.32, 1.79674
_17665_, 148.02, 220.32, 1.79674
_18331_, 148.02, 220.32, 1.79674
_13520_, 173.02, 220.32, 1.7967
_13658_, 173.02, 220.32, 1.7967
_13816_, 173.02, 220.32, 1.7967
_18906_, 173.02, 220.32, 1.7967
FILLER_0_77_362, 173.02, 220.32, 1.7967
FILLER_0_78_365, 173.02, 220.32, 1.7967
FILLER_0_78_375, 173.02, 220.32, 1.7967
_09975_, 198.02, 220.32, 1.79666
_12209_, 198.02, 220.32, 1.79666
clkbuf_leaf_27_i_clk, 198.02, 220.32, 1.79666
FILLER_0_76_406, 198.02, 220.32, 1.79666
_09060_, 223.02, 220.32, 1.79665
_09062_, 223.02, 220.32, 1.79665
_13546_, 223.02, 220.32, 1.79665
_13615_, 223.02, 220.32, 1.79665
_14608_, 223.02, 220.32, 1.79665
_15118_, 223.02, 220.32, 1.79665
_15323_, 223.02, 220.32, 1.79665
_15525_, 248.02, 220.32, 1.79666
_15963_, 248.02, 220.32, 1.79666
hold376, 248.02, 220.32, 1.79666
_09485_, 273.02, 220.32, 1.79669
_13544_, 273.02, 220.32, 1.79669
_16922_, 273.02, 220.32, 1.79669
_18136_, 273.02, 220.32, 1.79669
ANTENNA_128, 273.02, 220.32, 1.79669
FILLER_0_76_580, 273.02, 220.32, 1.79669
FILLER_0_77_574, 273.02, 220.32, 1.79669
FILLER_0_78_585, 273.02, 220.32, 1.79669
_18050_, 298.02, 220.32, 1.79676
_19612_, 298.02, 220.32, 1.79676
hold263, 298.02, 220.32, 1.79676
hold392, 298.02, 220.32, 1.79676
FILLER_0_78_641, 298.02, 220.32, 1.79676
_10010_, 323.02, 220.32, 1.79687
_17239_, 323.02, 220.32, 1.79687
_18017_, 323.02, 220.32, 1.79687
_19586_, 323.02, 220.32, 1.79687
max_cap95, 323.02, 220.32, 1.79687
ANTENNA_129, 323.02, 220.32, 1.79687
FILLER_0_78_692, 323.02, 220.32, 1.79687
_10532_, 348.02, 220.32, 1.79702
_10616_, 348.02, 220.32, 1.79702
_15880_, 348.02, 220.32, 1.79702
_19579_, 348.02, 220.32, 1.79702
FILLER_0_78_750, 348.02, 220.32, 1.79702
_15874_, 373.02, 220.32, 1.79723
_17213_, 373.02, 220.32, 1.79723
_19263_, 373.02, 220.32, 1.79723
FILLER_0_77_794, 373.02, 220.32, 1.79723
_10263_, 398.02, 220.32, 1.79719
_10491_, 398.02, 220.32, 1.79719
_10492_, 398.02, 220.32, 1.79719
_10494_, 398.02, 220.32, 1.79719
_10857_, 398.02, 220.32, 1.79719
_10858_, 398.02, 220.32, 1.79719
FILLER_0_77_841, 398.02, 220.32, 1.79719
_10612_, 423.02, 220.32, 1.79698
_10923_, 423.02, 220.32, 1.79698
_11027_, 423.02, 220.32, 1.79698
_11318_, 423.02, 220.32, 1.79698
FILLER_0_76_900, 423.02, 220.32, 1.79698
FILLER_0_77_897, 423.02, 220.32, 1.79698
_10724_, 448.02, 220.32, 1.79675
_10772_, 448.02, 220.32, 1.79675
_11069_, 448.02, 220.32, 1.79675
_11085_, 448.02, 220.32, 1.79675
_11372_, 448.02, 220.32, 1.79675
FILLER_0_77_961, 448.02, 220.32, 1.79675
FILLER_0_78_971, 448.02, 220.32, 1.79675
_11082_, 473.02, 220.32, 1.79666
FILLER_0_78_1026, 473.02, 220.32, 1.79666
_18436_, 5.52, 214.88, 1.7969
PHY_148, 5.52, 214.88, 1.7969
PHY_150, 5.52, 214.88, 1.7969
output58, 5.52, 214.88, 1.7969
PHY_149, 494.04, 214.88, 1.79664
PHY_151, 494.04, 214.88, 1.79664
FILLER_0_74_1055, 494.04, 214.88, 1.79664
FILLER_0_75_1055, 494.04, 214.88, 1.79664
_13453_, 23.02, 214.88, 1.79691
_19076_, 23.02, 214.88, 1.79691
FILLER_0_75_30, 23.02, 214.88, 1.79691
_16369_, 48.02, 214.88, 1.7969
FILLER_0_75_103, 48.02, 214.88, 1.7969
FILLER_0_76_102, 48.02, 214.88, 1.7969
_15320_, 73.02, 214.88, 1.79689
_16070_, 73.02, 214.88, 1.79689
_16139_, 73.02, 214.88, 1.79689
_16462_, 73.02, 214.88, 1.79689
_18234_, 73.02, 214.88, 1.79689
FILLER_0_74_141, 73.02, 214.88, 1.79689
FILLER_0_75_136, 73.02, 214.88, 1.79689
FILLER_0_75_148, 73.02, 214.88, 1.79689
_09973_, 98.02, 214.88, 1.79686
_14604_, 98.02, 214.88, 1.79686
_14605_, 98.02, 214.88, 1.79686
_16142_, 98.02, 214.88, 1.79686
_16425_, 98.02, 214.88, 1.79686
FILLER_0_75_199, 98.02, 214.88, 1.79686
FILLER_0_75_207, 98.02, 214.88, 1.79686
FILLER_0_76_208, 98.02, 214.88, 1.79686
FILLER_0_74_247, 123.02, 214.88, 1.79684
FILLER_0_76_268, 123.02, 214.88, 1.79684
_15940_, 148.02, 214.88, 1.7968
_16827_, 148.02, 214.88, 1.7968
_19035_, 148.02, 214.88, 1.7968
FILLER_0_74_304, 148.02, 214.88, 1.7968
FILLER_0_75_300, 148.02, 214.88, 1.7968
_12191_, 173.02, 214.88, 1.79676
_15044_, 173.02, 214.88, 1.79676
_15045_, 173.02, 214.88, 1.79676
_16213_, 173.02, 214.88, 1.79676
FILLER_0_75_372, 173.02, 214.88, 1.79676
_09964_, 198.02, 214.88, 1.79672
_12192_, 198.02, 214.88, 1.79672
_14053_, 198.02, 214.88, 1.79672
_15939_, 198.02, 214.88, 1.79672
_18650_, 198.02, 214.88, 1.79672
_18810_, 198.02, 214.88, 1.79672
FILLER_0_74_411, 198.02, 214.88, 1.79672
FILLER_0_75_413, 198.02, 214.88, 1.79672
FILLER_0_76_421, 198.02, 214.88, 1.79672
_13477_, 223.02, 214.88, 1.79671
_13683_, 223.02, 214.88, 1.79671
_14472_, 223.02, 214.88, 1.79671
_14540_, 223.02, 214.88, 1.79671
_14776_, 223.02, 214.88, 1.79671
_14844_, 223.02, 214.88, 1.79671
_09983_, 248.02, 214.88, 1.79671
_12217_, 248.02, 214.88, 1.79671
_15526_, 248.02, 214.88, 1.79671
_16567_, 248.02, 214.88, 1.79671
_18137_, 248.02, 214.88, 1.79671
_13543_, 273.02, 214.88, 1.79673
_15962_, 273.02, 214.88, 1.79673
_16957_, 273.02, 214.88, 1.79673
_19033_, 273.02, 214.88, 1.79673
FILLER_0_74_573, 273.02, 214.88, 1.79673
FILLER_0_75_570, 273.02, 214.88, 1.79673
_09539_, 298.02, 214.88, 1.79678
_09579_, 298.02, 214.88, 1.79678
_09619_, 298.02, 214.88, 1.79678
_18055_, 298.02, 214.88, 1.79678
_19616_, 298.02, 214.88, 1.79678
FILLER_0_74_627, 298.02, 214.88, 1.79678
_10503_, 323.02, 214.88, 1.79687
_10504_, 323.02, 214.88, 1.79687
_10505_, 323.02, 214.88, 1.79687
_10619_, 323.02, 214.88, 1.79687
_17247_, 323.02, 214.88, 1.79687
_10227_, 348.02, 214.88, 1.79701
_10524_, 348.02, 214.88, 1.79701
_17220_, 348.02, 214.88, 1.79701
_19269_, 348.02, 214.88, 1.79701
FILLER_0_76_751, 348.02, 214.88, 1.79701
_10885_, 373.02, 214.88, 1.79715
_19262_, 373.02, 214.88, 1.79715
_10884_, 398.02, 214.88, 1.79711
_10888_, 398.02, 214.88, 1.79711
_10889_, 398.02, 214.88, 1.79711
_10874_, 423.02, 214.88, 1.79693
_10922_, 423.02, 214.88, 1.79693
_11021_, 423.02, 214.88, 1.79693
_11223_, 423.02, 214.88, 1.79693
_11271_, 423.02, 214.88, 1.79693
FILLER_0_75_919, 423.02, 214.88, 1.79693
_10899_, 448.02, 214.88, 1.79677
_10953_, 448.02, 214.88, 1.79677
_11084_, 448.02, 214.88, 1.79677
_11244_, 448.02, 214.88, 1.79677
_11370_, 448.02, 214.88, 1.79677
FILLER_0_74_953, 448.02, 214.88, 1.79677
FILLER_0_75_953, 448.02, 214.88, 1.79677
FILLER_0_75_961, 448.02, 214.88, 1.79677
FILLER_0_76_970, 448.02, 214.88, 1.79677
_10641_, 473.02, 214.88, 1.79665
_10751_, 473.02, 214.88, 1.79665
_10769_, 473.02, 214.88, 1.79665
_10890_, 473.02, 214.88, 1.79665
FILLER_0_74_1016, 473.02, 214.88, 1.79665
FILLER_0_75_1009, 473.02, 214.88, 1.79665
PHY_144, 5.52, 209.44, 1.79698
PHY_146, 5.52, 209.44, 1.79698
PHY_145, 494.04, 209.44, 1.79666
PHY_147, 494.04, 209.44, 1.79666
_14738_, 23.02, 209.44, 1.79697
_14810_, 23.02, 209.44, 1.79697
_16367_, 23.02, 209.44, 1.79697
FILLER_0_73_43, 23.02, 209.44, 1.79697
_16334_, 48.02, 209.44, 1.79697
_18471_, 48.02, 209.44, 1.79697
_14536_, 73.02, 209.44, 1.79695
_14537_, 73.02, 209.44, 1.79695
_18586_, 73.02, 209.44, 1.79695
FILLER_0_72_141, 73.02, 209.44, 1.79695
_12207_, 98.02, 209.44, 1.79694
FILLER_0_72_193, 98.02, 209.44, 1.79694
_15497_, 123.02, 209.44, 1.7969
_15499_, 123.02, 209.44, 1.7969
_18150_, 123.02, 209.44, 1.7969
_18151_, 123.02, 209.44, 1.7969
_15494_, 148.02, 209.44, 1.79687
_15979_, 148.02, 209.44, 1.79687
_13679_, 173.02, 209.44, 1.79683
_13680_, 173.02, 209.44, 1.79683
_16888_, 173.02, 209.44, 1.79683
FILLER_0_73_359, 173.02, 209.44, 1.79683
_12196_, 198.02, 209.44, 1.79679
_14397_, 198.02, 209.44, 1.79679
_14398_, 198.02, 209.44, 1.79679
FILLER_0_72_415, 198.02, 209.44, 1.79679
FILLER_0_73_429, 198.02, 209.44, 1.79679
FILLER_0_74_421, 198.02, 209.44, 1.79679
_12211_, 223.02, 209.44, 1.79676
_14677_, 223.02, 209.44, 1.79676
_15115_, 223.02, 209.44, 1.79676
hold430, 223.02, 209.44, 1.79676
FILLER_0_73_465, 223.02, 209.44, 1.79676
_14054_, 248.02, 209.44, 1.79674
_14331_, 248.02, 209.44, 1.79674
_14332_, 248.02, 209.44, 1.79674
_18681_, 248.02, 209.44, 1.79674
FILLER_0_73_525, 248.02, 209.44, 1.79674
_09982_, 273.02, 209.44, 1.79676
_12215_, 273.02, 209.44, 1.79676
_12216_, 273.02, 209.44, 1.79676
_13682_, 273.02, 209.44, 1.79676
_14125_, 273.02, 209.44, 1.79676
_16674_, 273.02, 209.44, 1.79676
FILLER_0_73_570, 273.02, 209.44, 1.79676
FILLER_0_73_590, 273.02, 209.44, 1.79676
_18052_, 298.02, 209.44, 1.7968
_18056_, 298.02, 209.44, 1.7968
_19614_, 298.02, 209.44, 1.7968
hold109, 298.02, 209.44, 1.7968
FILLER_0_73_627, 298.02, 209.44, 1.7968
FILLER_0_74_638, 298.02, 209.44, 1.7968
_10008_, 323.02, 209.44, 1.79685
_10209_, 323.02, 209.44, 1.79685
_10667_, 323.02, 209.44, 1.79685
wire92, 323.02, 209.44, 1.79685
FILLER_0_72_682, 323.02, 209.44, 1.79685
_10241_, 348.02, 209.44, 1.79695
_10247_, 348.02, 209.44, 1.79695
_10525_, 348.02, 209.44, 1.79695
_19583_, 348.02, 209.44, 1.79695
wire84, 348.02, 209.44, 1.79695
FILLER_0_73_746, 348.02, 209.44, 1.79695
FILLER_0_74_753, 348.02, 209.44, 1.79695
_15877_, 373.02, 209.44, 1.79711
wire78, 373.02, 209.44, 1.79711
FILLER_0_74_807, 373.02, 209.44, 1.79711
_10691_, 398.02, 209.44, 1.79709
_10753_, 398.02, 209.44, 1.79709
_10781_, 398.02, 209.44, 1.79709
FILLER_0_74_863, 398.02, 209.44, 1.79709
_10731_, 423.02, 209.44, 1.79692
_10777_, 423.02, 209.44, 1.79692
_10811_, 423.02, 209.44, 1.79692
_10812_, 423.02, 209.44, 1.79692
_10816_, 423.02, 209.44, 1.79692
_11020_, 423.02, 209.44, 1.79692
FILLER_0_73_915, 423.02, 209.44, 1.79692
FILLER_0_74_919, 423.02, 209.44, 1.79692
_10773_, 448.02, 209.44, 1.79676
_11149_, 448.02, 209.44, 1.79676
_11309_, 448.02, 209.44, 1.79676
_11310_, 448.02, 209.44, 1.79676
FILLER_0_72_958, 448.02, 209.44, 1.79676
FILLER_0_73_965, 448.02, 209.44, 1.79676
_10644_, 473.02, 209.44, 1.79667
_10750_, 473.02, 209.44, 1.79667
_10896_, 473.02, 209.44, 1.79667
FILLER_0_73_1009, 473.02, 209.44, 1.79667
FILLER_0_73_1017, 473.02, 209.44, 1.79667
_18505_, 5.52, 204, 1.79703
PHY_140, 5.52, 204, 1.79703
PHY_142, 5.52, 204, 1.79703
FILLER_0_71_3, 5.52, 204, 1.79703
PHY_141, 494.04, 204, 1.79665
PHY_143, 494.04, 204, 1.79665
FILLER_0_71_1053, 494.04, 204, 1.79665
_14737_, 23.02, 204, 1.79703
_14817_, 23.02, 204, 1.79703
_14818_, 23.02, 204, 1.79703
_16332_, 23.02, 204, 1.79703
_18473_, 23.02, 204, 1.79703
FILLER_0_70_38, 23.02, 204, 1.79703
_14732_, 48.02, 204, 1.79703
_14734_, 48.02, 204, 1.79703
_14813_, 48.02, 204, 1.79703
_14814_, 48.02, 204, 1.79703
_14816_, 48.02, 204, 1.79703
FILLER_0_71_97, 48.02, 204, 1.79703
_14771_, 73.02, 204, 1.79701
_14772_, 73.02, 204, 1.79701
_18490_, 73.02, 204, 1.79701
clkbuf_leaf_15_i_clk, 73.02, 204, 1.79701
FILLER_0_71_134, 73.02, 204, 1.79701
FILLER_0_72_159, 73.02, 204, 1.79701
_14466_, 98.02, 204, 1.797
_14841_, 98.02, 204, 1.797
_14908_, 98.02, 204, 1.797
_14909_, 98.02, 204, 1.797
_16284_, 98.02, 204, 1.797
_16320_, 98.02, 204, 1.797
FILLER_0_70_200, 98.02, 204, 1.797
FILLER_0_71_193, 98.02, 204, 1.797
FILLER_0_72_209, 98.02, 204, 1.797
_15501_, 123.02, 204, 1.79697
_16035_, 123.02, 204, 1.79697
_18149_, 123.02, 204, 1.79697
FILLER_0_70_253, 123.02, 204, 1.79697
_15491_, 148.02, 204, 1.79691
_15495_, 148.02, 204, 1.79691
_15980_, 148.02, 204, 1.79691
_18152_, 148.02, 204, 1.79691
_18154_, 148.02, 204, 1.79691
FILLER_0_70_303, 148.02, 204, 1.79691
FILLER_0_71_318, 148.02, 204, 1.79691
_18746_, 173.02, 204, 1.79687
_18970_, 173.02, 204, 1.79687
FILLER_0_70_354, 173.02, 204, 1.79687
FILLER_0_71_357, 173.02, 204, 1.79687
_09958_, 198.02, 204, 1.79684
_13883_, 198.02, 204, 1.79684
_13884_, 198.02, 204, 1.79684
_14672_, 198.02, 204, 1.79684
_14673_, 198.02, 204, 1.79684
_16383_, 198.02, 204, 1.79684
_16781_, 198.02, 204, 1.79684
FILLER_0_72_421, 198.02, 204, 1.79684
_12212_, 223.02, 204, 1.79681
_14979_, 223.02, 204, 1.79681
_15046_, 223.02, 204, 1.79681
_16176_, 223.02, 204, 1.79681
_18393_, 223.02, 204, 1.79681
hold431, 248.02, 204, 1.7968
FILLER_0_70_527, 248.02, 204, 1.7968
FILLER_0_72_533, 248.02, 204, 1.7968
_09981_, 273.02, 204, 1.7968
_13681_, 273.02, 204, 1.7968
_18969_, 273.02, 204, 1.7968
ANTENNA_136, 273.02, 204, 1.7968
FILLER_0_70_581, 273.02, 204, 1.7968
FILLER_0_71_575, 273.02, 204, 1.7968
FILLER_0_71_589, 273.02, 204, 1.7968
FILLER_0_72_583, 273.02, 204, 1.7968
_09082_, 298.02, 204, 1.79683
_09639_, 298.02, 204, 1.79683
_09659_, 298.02, 204, 1.79683
hold307, 298.02, 204, 1.79683
FILLER_0_70_631, 298.02, 204, 1.79683
_10207_, 323.02, 204, 1.79688
_10208_, 323.02, 204, 1.79688
_10657_, 323.02, 204, 1.79688
_18010_, 323.02, 204, 1.79688
hold114, 323.02, 204, 1.79688
FILLER_0_72_695, 323.02, 204, 1.79688
_10236_, 348.02, 204, 1.79692
_10534_, 348.02, 204, 1.79692
_10788_, 348.02, 204, 1.79692
_18014_, 348.02, 204, 1.79692
_19584_, 348.02, 204, 1.79692
max_cap85, 348.02, 204, 1.79692
clkbuf_leaf_123_i_clk, 348.02, 204, 1.79692
FILLER_0_71_748, 348.02, 204, 1.79692
FILLER_0_72_746, 348.02, 204, 1.79692
_15875_, 373.02, 204, 1.79702
_17214_, 373.02, 204, 1.79702
_17215_, 373.02, 204, 1.79702
_19265_, 373.02, 204, 1.79702
clkbuf_leaf_127_i_clk, 373.02, 204, 1.79702
FILLER_0_72_806, 373.02, 204, 1.79702
_10624_, 398.02, 204, 1.797
_10785_, 398.02, 204, 1.797
FILLER_0_71_845, 398.02, 204, 1.797
FILLER_0_71_853, 398.02, 204, 1.797
FILLER_0_71_861, 398.02, 204, 1.797
_10783_, 423.02, 204, 1.79684
_10810_, 423.02, 204, 1.79684
_10815_, 423.02, 204, 1.79684
_10926_, 423.02, 204, 1.79684
_11026_, 423.02, 204, 1.79684
_11190_, 423.02, 204, 1.79684
FILLER_0_72_915, 423.02, 204, 1.79684
_10660_, 448.02, 204, 1.79667
_10758_, 448.02, 204, 1.79667
_11168_, 448.02, 204, 1.79667
_11170_, 448.02, 204, 1.79667
_11207_, 448.02, 204, 1.79667
FILLER_0_70_954, 448.02, 204, 1.79667
FILLER_0_72_974, 448.02, 204, 1.79667
_10646_, 473.02, 204, 1.79662
_10763_, 473.02, 204, 1.79662
_10764_, 473.02, 204, 1.79662
_10765_, 473.02, 204, 1.79662
_10949_, 473.02, 204, 1.79662
FILLER_0_70_1014, 473.02, 204, 1.79662
FILLER_0_71_1018, 473.02, 204, 1.79662
PHY_136, 5.52, 198.56, 1.7971
PHY_138, 5.52, 198.56, 1.7971
PHY_137, 494.04, 198.56, 1.79667
PHY_139, 494.04, 198.56, 1.79667
_14728_, 23.02, 198.56, 1.79709
_14812_, 23.02, 198.56, 1.79709
_16474_, 23.02, 198.56, 1.79709
_18469_, 23.02, 198.56, 1.79709
_16328_, 48.02, 198.56, 1.79709
_16338_, 48.02, 198.56, 1.79709
_16374_, 48.02, 198.56, 1.79709
_18502_, 48.02, 198.56, 1.79709
FILLER_0_68_88, 48.02, 198.56, 1.79709
FILLER_0_69_92, 48.02, 198.56, 1.79709
FILLER_0_70_97, 48.02, 198.56, 1.79709
_16355_, 73.02, 198.56, 1.79709
_16376_, 73.02, 198.56, 1.79709
FILLER_0_68_145, 73.02, 198.56, 1.79709
FILLER_0_69_145, 73.02, 198.56, 1.79709
_14467_, 98.02, 198.56, 1.79707
_18426_, 98.02, 198.56, 1.79707
_18618_, 98.02, 198.56, 1.79707
FILLER_0_68_197, 98.02, 198.56, 1.79707
FILLER_0_69_189, 98.02, 198.56, 1.79707
_14733_, 123.02, 198.56, 1.79704
_14736_, 123.02, 198.56, 1.79704
_15498_, 123.02, 198.56, 1.79704
_16012_, 123.02, 198.56, 1.79704
FILLER_0_68_253, 123.02, 198.56, 1.79704
_15427_, 148.02, 198.56, 1.797
_16638_, 148.02, 198.56, 1.797
FILLER_0_68_304, 148.02, 198.56, 1.797
FILLER_0_68_309, 148.02, 198.56, 1.797
FILLER_0_70_322, 148.02, 198.56, 1.797
_11935_, 173.02, 198.56, 1.79694
_16639_, 173.02, 198.56, 1.79694
FILLER_0_68_358, 173.02, 198.56, 1.79694
FILLER_0_70_365, 173.02, 198.56, 1.79694
_18522_, 198.02, 198.56, 1.7969
_18874_, 198.02, 198.56, 1.7969
FILLER_0_68_413, 198.02, 198.56, 1.7969
_09977_, 223.02, 198.56, 1.79686
_09978_, 223.02, 198.56, 1.79686
_13817_, 223.02, 198.56, 1.79686
_14978_, 223.02, 198.56, 1.79686
FILLER_0_68_469, 223.02, 198.56, 1.79686
FILLER_0_69_464, 223.02, 198.56, 1.79686
FILLER_0_69_474, 223.02, 198.56, 1.79686
_09979_, 248.02, 198.56, 1.79684
_14400_, 248.02, 198.56, 1.79684
_18649_, 248.02, 198.56, 1.79684
hold419, 248.02, 198.56, 1.79684
FILLER_0_70_533, 248.02, 198.56, 1.79684
_09070_, 273.02, 198.56, 1.79684
_14194_, 273.02, 198.56, 1.79684
_16637_, 273.02, 198.56, 1.79684
FILLER_0_68_581, 273.02, 198.56, 1.79684
_18049_, 298.02, 198.56, 1.79686
_18053_, 298.02, 198.56, 1.79686
_18057_, 298.02, 198.56, 1.79686
_19609_, 298.02, 198.56, 1.79686
FILLER_0_68_628, 298.02, 198.56, 1.79686
_10013_, 323.02, 198.56, 1.79691
_10014_, 323.02, 198.56, 1.79691
_10235_, 323.02, 198.56, 1.79691
_17235_, 323.02, 198.56, 1.79691
_18067_, 323.02, 198.56, 1.79691
FILLER_0_69_700, 323.02, 198.56, 1.79691
FILLER_0_70_691, 323.02, 198.56, 1.79691
_10693_, 348.02, 198.56, 1.79696
_15879_, 348.02, 198.56, 1.79696
FILLER_0_68_736, 348.02, 198.56, 1.79696
FILLER_0_70_752, 348.02, 198.56, 1.79696
FILLER_0_70_757, 348.02, 198.56, 1.79696
_19264_, 373.02, 198.56, 1.79701
FILLER_0_69_810, 373.02, 198.56, 1.79701
_10692_, 398.02, 198.56, 1.79694
_10739_, 398.02, 198.56, 1.79694
_10740_, 398.02, 198.56, 1.79694
_10792_, 398.02, 198.56, 1.79694
FILLER_0_69_841, 398.02, 198.56, 1.79694
FILLER_0_70_863, 398.02, 198.56, 1.79694
_10734_, 423.02, 198.56, 1.79684
_11019_, 423.02, 198.56, 1.79684
FILLER_0_69_897, 423.02, 198.56, 1.79684
FILLER_0_69_908, 423.02, 198.56, 1.79684
FILLER_0_70_918, 423.02, 198.56, 1.79684
_10665_, 448.02, 198.56, 1.7967
_11167_, 448.02, 198.56, 1.7967
_11206_, 448.02, 198.56, 1.7967
_11323_, 448.02, 198.56, 1.7967
_11345_, 448.02, 198.56, 1.7967
FILLER_0_69_974, 448.02, 198.56, 1.7967
FILLER_0_70_967, 448.02, 198.56, 1.7967
_10634_, 473.02, 198.56, 1.79665
_10653_, 473.02, 198.56, 1.79665
_10841_, 473.02, 198.56, 1.79665
FILLER_0_69_1018, 473.02, 198.56, 1.79665
PHY_132, 5.52, 193.12, 1.79717
PHY_134, 5.52, 193.12, 1.79717
FILLER_0_67_3, 5.52, 193.12, 1.79717
FILLER_0_68_3, 5.52, 193.12, 1.79717
PHY_133, 494.04, 193.12, 1.7967
PHY_135, 494.04, 193.12, 1.7967
FILLER_0_66_1056, 494.04, 193.12, 1.7967
_14513_, 23.02, 193.12, 1.79716
_18472_, 23.02, 193.12, 1.79716
_18949_, 23.02, 193.12, 1.79716
_14719_, 48.02, 193.12, 1.79716
_14723_, 48.02, 193.12, 1.79716
_16373_, 48.02, 193.12, 1.79716
_18474_, 48.02, 193.12, 1.79716
_18506_, 48.02, 193.12, 1.79716
_14711_, 73.02, 193.12, 1.79716
_14713_, 73.02, 193.12, 1.79716
_14714_, 73.02, 193.12, 1.79716
_16377_, 73.02, 193.12, 1.79716
_18510_, 73.02, 193.12, 1.79716
_16217_, 98.02, 193.12, 1.79714
_16538_, 98.02, 193.12, 1.79714
_16783_, 98.02, 193.12, 1.79714
_16982_, 98.02, 193.12, 1.79714
FILLER_0_66_197, 98.02, 193.12, 1.79714
_14017_, 123.02, 193.12, 1.7971
_15429_, 123.02, 193.12, 1.7971
_16014_, 123.02, 193.12, 1.7971
_18183_, 123.02, 193.12, 1.7971
FILLER_0_66_248, 123.02, 193.12, 1.7971
_11882_, 148.02, 193.12, 1.79705
_14727_, 148.02, 193.12, 1.79705
_15423_, 148.02, 193.12, 1.79705
_15426_, 148.02, 193.12, 1.79705
_18186_, 148.02, 193.12, 1.79705
FILLER_0_66_297, 148.02, 193.12, 1.79705
FILLER_0_68_317, 148.02, 193.12, 1.79705
_11822_, 173.02, 193.12, 1.797
_15416_, 173.02, 193.12, 1.797
_16021_, 173.02, 193.12, 1.797
_18189_, 173.02, 193.12, 1.797
ANTENNA_2, 173.02, 193.12, 1.797
FILLER_0_67_357, 173.02, 193.12, 1.797
_15481_, 198.02, 193.12, 1.79695
_15983_, 198.02, 193.12, 1.79695
FILLER_0_67_409, 198.02, 193.12, 1.79695
_13818_, 223.02, 193.12, 1.79689
_14843_, 223.02, 193.12, 1.79689
_15389_, 223.02, 193.12, 1.79689
_16627_, 223.02, 193.12, 1.79689
_18905_, 223.02, 193.12, 1.79689
clkbuf_leaf_161_i_clk, 223.02, 193.12, 1.79689
FILLER_0_66_469, 223.02, 193.12, 1.79689
_12213_, 248.02, 193.12, 1.79688
_14399_, 248.02, 193.12, 1.79688
_15460_, 248.02, 193.12, 1.79688
_16389_, 248.02, 193.12, 1.79688
FILLER_0_67_532, 248.02, 193.12, 1.79688
FILLER_0_68_533, 248.02, 193.12, 1.79688
_12222_, 273.02, 193.12, 1.79687
_13955_, 273.02, 193.12, 1.79687
ANTENNA_43, 273.02, 193.12, 1.79687
FILLER_0_67_584, 273.02, 193.12, 1.79687
FILLER_0_67_592, 273.02, 193.12, 1.79687
_09679_, 298.02, 193.12, 1.79686
_19611_, 298.02, 193.12, 1.79686
clkbuf_4_9__f_i_clk, 298.02, 193.12, 1.79686
FILLER_0_66_633, 298.02, 193.12, 1.79686
FILLER_0_67_641, 298.02, 193.12, 1.79686
_18069_, 323.02, 193.12, 1.79691
_19585_, 323.02, 193.12, 1.79691
_19625_, 323.02, 193.12, 1.79691
hold208, 323.02, 193.12, 1.79691
FILLER_0_67_696, 323.02, 193.12, 1.79691
FILLER_0_68_701, 323.02, 193.12, 1.79691
_09404_, 348.02, 193.12, 1.79695
_19582_, 348.02, 193.12, 1.79695
FILLER_0_67_747, 348.02, 193.12, 1.79695
FILLER_0_68_749, 348.02, 193.12, 1.79695
FILLER_0_68_757, 348.02, 193.12, 1.79695
_10853_, 373.02, 193.12, 1.79697
_15876_, 373.02, 193.12, 1.79697
FILLER_0_68_806, 373.02, 193.12, 1.79697
_10752_, 398.02, 193.12, 1.79696
_10870_, 398.02, 193.12, 1.79696
FILLER_0_67_841, 398.02, 193.12, 1.79696
FILLER_0_68_861, 398.02, 193.12, 1.79696
_10671_, 423.02, 193.12, 1.79683
_10729_, 423.02, 193.12, 1.79683
_10921_, 423.02, 193.12, 1.79683
_10969_, 423.02, 193.12, 1.79683
FILLER_0_67_917, 423.02, 193.12, 1.79683
FILLER_0_68_917, 423.02, 193.12, 1.79683
_10805_, 448.02, 193.12, 1.79676
_10925_, 448.02, 193.12, 1.79676
FILLER_0_67_949, 448.02, 193.12, 1.79676
FILLER_0_67_965, 448.02, 193.12, 1.79676
_10713_, 473.02, 193.12, 1.7967
_10845_, 473.02, 193.12, 1.7967
_11028_, 473.02, 193.12, 1.7967
_11344_, 473.02, 193.12, 1.7967
FILLER_0_66_1007, 473.02, 193.12, 1.7967
FILLER_0_67_1021, 473.02, 193.12, 1.7967
FILLER_0_68_1029, 473.02, 193.12, 1.7967
_18598_, 5.52, 187.68, 1.79723
PHY_128, 5.52, 187.68, 1.79723
PHY_130, 5.52, 187.68, 1.79723
output63, 5.52, 187.68, 1.79723
PHY_129, 494.04, 187.68, 1.79669
PHY_131, 494.04, 187.68, 1.79669
output5, 494.04, 187.68, 1.79669
FILLER_0_64_1055, 494.04, 187.68, 1.79669
_13725_, 23.02, 187.68, 1.79724
_16477_, 23.02, 187.68, 1.79724
FILLER_0_65_51, 23.02, 187.68, 1.79724
FILLER_0_66_39, 23.02, 187.68, 1.79724
_09669_, 48.02, 187.68, 1.79724
_14722_, 48.02, 187.68, 1.79724
FILLER_0_64_79, 48.02, 187.68, 1.79724
FILLER_0_64_85, 48.02, 187.68, 1.79724
FILLER_0_65_105, 48.02, 187.68, 1.79724
_14710_, 73.02, 187.68, 1.79724
_14716_, 73.02, 187.68, 1.79724
_14717_, 73.02, 187.68, 1.79724
FILLER_0_64_141, 73.02, 187.68, 1.79724
FILLER_0_65_149, 73.02, 187.68, 1.79724
FILLER_0_66_153, 73.02, 187.68, 1.79724
_16539_, 98.02, 187.68, 1.79722
_16572_, 98.02, 187.68, 1.79722
_16594_, 98.02, 187.68, 1.79722
FILLER_0_65_201, 98.02, 187.68, 1.79722
_09137_, 123.02, 187.68, 1.79718
_09141_, 123.02, 187.68, 1.79718
_11944_, 123.02, 187.68, 1.79718
_15428_, 123.02, 187.68, 1.79718
FILLER_0_64_249, 123.02, 187.68, 1.79718
FILLER_0_64_253, 123.02, 187.68, 1.79718
FILLER_0_65_249, 123.02, 187.68, 1.79718
FILLER_0_66_265, 123.02, 187.68, 1.79718
_09646_, 148.02, 187.68, 1.79712
_15422_, 148.02, 187.68, 1.79712
FILLER_0_64_302, 148.02, 187.68, 1.79712
FILLER_0_65_302, 148.02, 187.68, 1.79712
FILLER_0_66_318, 148.02, 187.68, 1.79712
_09508_, 173.02, 187.68, 1.79704
_11744_, 173.02, 187.68, 1.79704
_15413_, 173.02, 187.68, 1.79704
_15414_, 173.02, 187.68, 1.79704
_15415_, 173.02, 187.68, 1.79704
_15419_, 173.02, 187.68, 1.79704
_16020_, 173.02, 187.68, 1.79704
_18188_, 173.02, 187.68, 1.79704
_14708_, 198.02, 187.68, 1.79698
_14712_, 198.02, 187.68, 1.79698
_15486_, 198.02, 187.68, 1.79698
_15985_, 198.02, 187.68, 1.79698
_18158_, 198.02, 187.68, 1.79698
_14842_, 223.02, 187.68, 1.79695
_16805_, 223.02, 187.68, 1.79695
_16815_, 223.02, 187.68, 1.79695
_18457_, 223.02, 187.68, 1.79695
FILLER_0_66_477, 223.02, 187.68, 1.79695
_09987_, 248.02, 187.68, 1.79692
_09994_, 248.02, 187.68, 1.79692
_12221_, 248.02, 187.68, 1.79692
_14056_, 248.02, 187.68, 1.79692
_18809_, 248.02, 187.68, 1.79692
FILLER_0_64_517, 248.02, 187.68, 1.79692
FILLER_0_65_533, 248.02, 187.68, 1.79692
_09988_, 273.02, 187.68, 1.7969
_09989_, 273.02, 187.68, 1.7969
_18841_, 273.02, 187.68, 1.7969
ANTENNA_16, 273.02, 187.68, 1.7969
ANTENNA_45, 273.02, 187.68, 1.7969
ANTENNA_106, 273.02, 187.68, 1.7969
ANTENNA_138, 273.02, 187.68, 1.7969
FILLER_0_65_579, 273.02, 187.68, 1.7969
_18070_, 298.02, 187.68, 1.79691
_18161_, 298.02, 187.68, 1.79691
FILLER_0_65_640, 298.02, 187.68, 1.79691
FILLER_0_66_641, 298.02, 187.68, 1.79691
_09324_, 323.02, 187.68, 1.79693
_18068_, 323.02, 187.68, 1.79693
hold198, 323.02, 187.68, 1.79693
FILLER_0_65_702, 323.02, 187.68, 1.79693
_10829_, 348.02, 187.68, 1.79696
_19268_, 348.02, 187.68, 1.79696
hold101, 348.02, 187.68, 1.79696
hold182, 348.02, 187.68, 1.79696
FILLER_0_66_750, 348.02, 187.68, 1.79696
_17217_, 373.02, 187.68, 1.79698
_17218_, 373.02, 187.68, 1.79698
FILLER_0_65_811, 373.02, 187.68, 1.79698
FILLER_0_66_804, 373.02, 187.68, 1.79698
_10658_, 398.02, 187.68, 1.79691
_10725_, 398.02, 187.68, 1.79691
FILLER_0_64_845, 398.02, 187.68, 1.79691
FILLER_0_65_841, 398.02, 187.68, 1.79691
FILLER_0_66_861, 398.02, 187.68, 1.79691
_10728_, 423.02, 187.68, 1.79681
_10782_, 423.02, 187.68, 1.79681
_10938_, 423.02, 187.68, 1.79681
_10939_, 423.02, 187.68, 1.79681
_10951_, 423.02, 187.68, 1.79681
_10979_, 423.02, 187.68, 1.79681
FILLER_0_64_899, 423.02, 187.68, 1.79681
FILLER_0_65_905, 423.02, 187.68, 1.79681
FILLER_0_65_919, 423.02, 187.68, 1.79681
FILLER_0_66_920, 423.02, 187.68, 1.79681
_10520_, 448.02, 187.68, 1.79671
_10720_, 448.02, 187.68, 1.79671
_10799_, 448.02, 187.68, 1.79671
_10862_, 448.02, 187.68, 1.79671
_10869_, 448.02, 187.68, 1.79671
_11189_, 448.02, 187.68, 1.79671
_11228_, 448.02, 187.68, 1.79671
FILLER_0_64_958, 448.02, 187.68, 1.79671
_10539_, 473.02, 187.68, 1.79665
_10581_, 473.02, 187.68, 1.79665
_10587_, 473.02, 187.68, 1.79665
_10643_, 473.02, 187.68, 1.79665
_10714_, 473.02, 187.68, 1.79665
_10800_, 473.02, 187.68, 1.79665
FILLER_0_64_1006, 473.02, 187.68, 1.79665
FILLER_0_66_1021, 473.02, 187.68, 1.79665
PHY_124, 5.52, 182.24, 1.7973
PHY_126, 5.52, 182.24, 1.7973
FILLER_0_63_3, 5.52, 182.24, 1.7973
FILLER_0_64_3, 5.52, 182.24, 1.7973
PHY_125, 494.04, 182.24, 1.79671
PHY_127, 494.04, 182.24, 1.79671
FILLER_0_63_1055, 494.04, 182.24, 1.79671
_09649_, 23.02, 182.24, 1.7973
_09709_, 23.02, 182.24, 1.7973
_13719_, 23.02, 182.24, 1.7973
_14507_, 23.02, 182.24, 1.7973
_16867_, 23.02, 182.24, 1.7973
FILLER_0_62_38, 23.02, 182.24, 1.7973
FILLER_0_63_39, 23.02, 182.24, 1.7973
FILLER_0_64_44, 23.02, 182.24, 1.7973
_09670_, 48.02, 182.24, 1.79731
_11905_, 48.02, 182.24, 1.79731
_18951_, 48.02, 182.24, 1.79731
FILLER_0_62_79, 48.02, 182.24, 1.79731
FILLER_0_63_105, 48.02, 182.24, 1.79731
_14494_, 73.02, 182.24, 1.79731
_14500_, 73.02, 182.24, 1.79731
_16375_, 73.02, 182.24, 1.79731
_18477_, 73.02, 182.24, 1.79731
_18508_, 73.02, 182.24, 1.79731
FILLER_0_62_141, 73.02, 182.24, 1.79731
FILLER_0_63_134, 73.02, 182.24, 1.79731
FILLER_0_64_153, 73.02, 182.24, 1.79731
_11750_, 98.02, 182.24, 1.7973
_13705_, 98.02, 182.24, 1.7973
_16028_, 98.02, 182.24, 1.7973
_16340_, 98.02, 182.24, 1.7973
_16341_, 98.02, 182.24, 1.7973
_16342_, 98.02, 182.24, 1.7973
hold391, 98.02, 182.24, 1.7973
FILLER_0_63_214, 98.02, 182.24, 1.7973
_09133_, 123.02, 182.24, 1.79725
_13587_, 123.02, 182.24, 1.79725
_13588_, 123.02, 182.24, 1.79725
_14014_, 123.02, 182.24, 1.79725
_16935_, 123.02, 182.24, 1.79725
_16937_, 123.02, 182.24, 1.79725
_19015_, 123.02, 182.24, 1.79725
FILLER_0_64_269, 123.02, 182.24, 1.79725
_09129_, 148.02, 182.24, 1.79718
_09647_, 148.02, 182.24, 1.79718
_14008_, 148.02, 182.24, 1.79718
_19016_, 148.02, 182.24, 1.79718
FILLER_0_64_321, 148.02, 182.24, 1.79718
_15418_, 173.02, 182.24, 1.79712
_18190_, 173.02, 182.24, 1.79712
ANTENNA_101, 173.02, 182.24, 1.79712
FILLER_0_62_360, 173.02, 182.24, 1.79712
_14293_, 198.02, 182.24, 1.79705
_14715_, 198.02, 182.24, 1.79705
_15482_, 198.02, 182.24, 1.79705
_15483_, 198.02, 182.24, 1.79705
_15984_, 198.02, 182.24, 1.79705
FILLER_0_62_411, 198.02, 182.24, 1.79705
_09990_, 223.02, 182.24, 1.79699
_09993_, 223.02, 182.24, 1.79699
_12227_, 223.02, 182.24, 1.79699
_16319_, 223.02, 182.24, 1.79699
_18093_, 223.02, 182.24, 1.79699
ANTENNA_20, 223.02, 182.24, 1.79699
FILLER_0_62_472, 223.02, 182.24, 1.79699
_09986_, 248.02, 182.24, 1.79696
_12220_, 248.02, 182.24, 1.79696
_12228_, 248.02, 182.24, 1.79696
_16354_, 248.02, 182.24, 1.79696
ANTENNA_40, 248.02, 182.24, 1.79696
ANTENNA_104, 248.02, 182.24, 1.79696
FILLER_0_64_533, 248.02, 182.24, 1.79696
_12223_, 273.02, 182.24, 1.79694
_15479_, 273.02, 182.24, 1.79694
_15480_, 273.02, 182.24, 1.79694
_16424_, 273.02, 182.24, 1.79694
_16602_, 273.02, 182.24, 1.79694
_15472_, 298.02, 182.24, 1.79693
_15989_, 298.02, 182.24, 1.79693
_18163_, 298.02, 182.24, 1.79693
FILLER_0_62_633, 298.02, 182.24, 1.79693
FILLER_0_63_629, 298.02, 182.24, 1.79693
FILLER_0_64_640, 298.02, 182.24, 1.79693
FILLER_0_64_648, 298.02, 182.24, 1.79693
_09464_, 323.02, 182.24, 1.79693
_15993_, 323.02, 182.24, 1.79693
_15994_, 323.02, 182.24, 1.79693
_19618_, 323.02, 182.24, 1.79693
clkbuf_3_4_0_i_clk, 323.02, 182.24, 1.79693
FILLER_0_64_692, 323.02, 182.24, 1.79693
_18062_, 348.02, 182.24, 1.79696
_18064_, 348.02, 182.24, 1.79696
_18065_, 348.02, 182.24, 1.79696
hold94, 348.02, 182.24, 1.79696
hold266, 348.02, 182.24, 1.79696
FILLER_0_63_742, 348.02, 182.24, 1.79696
FILLER_0_64_751, 348.02, 182.24, 1.79696
FILLER_0_64_757, 348.02, 182.24, 1.79696
_10506_, 373.02, 182.24, 1.79695
_16743_, 373.02, 182.24, 1.79695
FILLER_0_63_797, 373.02, 182.24, 1.79695
FILLER_0_64_808, 373.02, 182.24, 1.79695
_10668_, 398.02, 182.24, 1.7969
_10807_, 398.02, 182.24, 1.7969
FILLER_0_62_840, 398.02, 182.24, 1.7969
FILLER_0_63_841, 398.02, 182.24, 1.7969
FILLER_0_63_860, 398.02, 182.24, 1.7969
FILLER_0_64_860, 398.02, 182.24, 1.7969
_10659_, 423.02, 182.24, 1.79677
_10727_, 423.02, 182.24, 1.79677
_10732_, 423.02, 182.24, 1.79677
_10776_, 423.02, 182.24, 1.79677
_10873_, 423.02, 182.24, 1.79677
_10876_, 423.02, 182.24, 1.79677
_10950_, 423.02, 182.24, 1.79677
FILLER_0_62_895, 423.02, 182.24, 1.79677
FILLER_0_63_897, 423.02, 182.24, 1.79677
FILLER_0_64_917, 423.02, 182.24, 1.79677
_10864_, 448.02, 182.24, 1.79674
_11188_, 448.02, 182.24, 1.79674
_10580_, 473.02, 182.24, 1.7967
_10719_, 473.02, 182.24, 1.7967
_10802_, 473.02, 182.24, 1.7967
_10863_, 473.02, 182.24, 1.7967
FILLER_0_62_1010, 473.02, 182.24, 1.7967
FILLER_0_63_1009, 473.02, 182.24, 1.7967
FILLER_0_63_1018, 473.02, 182.24, 1.7967
FILLER_0_64_1027, 473.02, 182.24, 1.7967
_18599_, 5.52, 176.8, 1.79736
PHY_120, 5.52, 176.8, 1.79736
PHY_122, 5.52, 176.8, 1.79736
PHY_121, 494.04, 176.8, 1.79672
PHY_123, 494.04, 176.8, 1.79672
FILLER_0_60_1055, 494.04, 176.8, 1.79672
_18952_, 23.02, 176.8, 1.79736
clkbuf_leaf_10_i_clk, 23.02, 176.8, 1.79736
FILLER_0_61_27, 23.02, 176.8, 1.79736
_11825_, 48.02, 176.8, 1.79738
_11906_, 48.02, 176.8, 1.79738
_13720_, 48.02, 176.8, 1.79738
_13721_, 48.02, 176.8, 1.79738
hold380, 48.02, 176.8, 1.79738
FILLER_0_60_92, 48.02, 176.8, 1.79738
FILLER_0_61_84, 48.02, 176.8, 1.79738
_09516_, 73.02, 176.8, 1.79739
_11752_, 73.02, 176.8, 1.79739
_11753_, 73.02, 176.8, 1.79739
_11805_, 73.02, 176.8, 1.79739
_14499_, 73.02, 176.8, 1.79739
_16481_, 73.02, 176.8, 1.79739
FILLER_0_60_141, 73.02, 176.8, 1.79739
_09513_, 98.02, 176.8, 1.79738
_14303_, 98.02, 176.8, 1.79738
_18693_, 98.02, 176.8, 1.79738
FILLER_0_60_189, 98.02, 176.8, 1.79738
FILLER_0_61_209, 98.02, 176.8, 1.79738
_11945_, 123.02, 176.8, 1.79734
_13583_, 123.02, 176.8, 1.79734
_13584_, 123.02, 176.8, 1.79734
FILLER_0_60_253, 123.02, 176.8, 1.79734
_11883_, 148.02, 176.8, 1.79726
_13581_, 148.02, 176.8, 1.79726
_13582_, 148.02, 176.8, 1.79726
_14300_, 148.02, 176.8, 1.79726
_16584_, 148.02, 176.8, 1.79726
_14718_, 173.02, 176.8, 1.79717
_16022_, 173.02, 176.8, 1.79717
_19020_, 173.02, 176.8, 1.79717
_09113_, 198.02, 176.8, 1.7971
_13996_, 198.02, 176.8, 1.7971
_14287_, 198.02, 176.8, 1.7971
_18700_, 198.02, 176.8, 1.7971
FILLER_0_61_409, 198.02, 176.8, 1.7971
_12224_, 223.02, 176.8, 1.79704
_12226_, 223.02, 176.8, 1.79704
_18617_, 223.02, 176.8, 1.79704
ANTENNA_139, 223.02, 176.8, 1.79704
FILLER_0_60_469, 223.02, 176.8, 1.79704
FILLER_0_61_486, 223.02, 176.8, 1.79704
FILLER_0_62_477, 223.02, 176.8, 1.79704
_09255_, 248.02, 176.8, 1.79698
_11494_, 248.02, 176.8, 1.79698
_14538_, 248.02, 176.8, 1.79698
_18168_, 248.02, 176.8, 1.79698
FILLER_0_60_523, 248.02, 176.8, 1.79698
FILLER_0_62_533, 248.02, 176.8, 1.79698
_09251_, 273.02, 176.8, 1.79696
_11488_, 273.02, 176.8, 1.79696
_14266_, 273.02, 176.8, 1.79696
_15988_, 273.02, 176.8, 1.79696
_18159_, 273.02, 176.8, 1.79696
FILLER_0_60_571, 273.02, 176.8, 1.79696
FILLER_0_61_576, 273.02, 176.8, 1.79696
_15463_, 298.02, 176.8, 1.79696
_15471_, 298.02, 176.8, 1.79696
_16029_, 298.02, 176.8, 1.79696
FILLER_0_60_633, 298.02, 176.8, 1.79696
FILLER_0_61_635, 298.02, 176.8, 1.79696
FILLER_0_62_641, 298.02, 176.8, 1.79696
_09371_, 323.02, 176.8, 1.79696
_16597_, 323.02, 176.8, 1.79696
FILLER_0_61_693, 323.02, 176.8, 1.79696
FILLER_0_62_693, 323.02, 176.8, 1.79696
FILLER_0_62_701, 323.02, 176.8, 1.79696
_09364_, 348.02, 176.8, 1.79696
_18063_, 348.02, 176.8, 1.79696
_18066_, 348.02, 176.8, 1.79696
_19623_, 348.02, 176.8, 1.79696
hold218, 348.02, 176.8, 1.79696
_14343_, 373.02, 176.8, 1.79695
_16562_, 373.02, 176.8, 1.79695
_18840_, 373.02, 176.8, 1.79695
clkbuf_3_5_0_i_clk, 373.02, 176.8, 1.79695
FILLER_0_61_798, 373.02, 176.8, 1.79695
FILLER_0_62_802, 373.02, 176.8, 1.79695
_10523_, 398.02, 176.8, 1.79687
_10528_, 398.02, 176.8, 1.79687
_10531_, 398.02, 176.8, 1.79687
_10774_, 398.02, 176.8, 1.79687
FILLER_0_61_841, 398.02, 176.8, 1.79687
FILLER_0_62_864, 398.02, 176.8, 1.79687
_10679_, 423.02, 176.8, 1.79677
_10733_, 423.02, 176.8, 1.79677
_10809_, 423.02, 176.8, 1.79677
_11114_, 423.02, 176.8, 1.79677
FILLER_0_60_900, 423.02, 176.8, 1.79677
FILLER_0_61_897, 423.02, 176.8, 1.79677
FILLER_0_61_907, 423.02, 176.8, 1.79677
FILLER_0_61_917, 423.02, 176.8, 1.79677
FILLER_0_62_914, 423.02, 176.8, 1.79677
_10706_, 448.02, 176.8, 1.79673
_10796_, 448.02, 176.8, 1.79673
FILLER_0_61_953, 448.02, 176.8, 1.79673
FILLER_0_61_971, 448.02, 176.8, 1.79673
_10573_, 473.02, 176.8, 1.7967
_10718_, 473.02, 176.8, 1.7967
_10797_, 473.02, 176.8, 1.7967
_10798_, 473.02, 176.8, 1.7967
_10801_, 473.02, 176.8, 1.7967
_10867_, 473.02, 176.8, 1.7967
FILLER_0_61_1027, 473.02, 176.8, 1.7967
FILLER_0_62_1027, 473.02, 176.8, 1.7967
PHY_116, 5.52, 171.36, 1.79744
PHY_118, 5.52, 171.36, 1.79744
FILLER_0_59_3, 5.52, 171.36, 1.79744
FILLER_0_60_3, 5.52, 171.36, 1.79744
PHY_117, 494.04, 171.36, 1.79672
PHY_119, 494.04, 171.36, 1.79672
_09629_, 23.02, 171.36, 1.79744
_14503_, 23.02, 171.36, 1.79744
_14505_, 23.02, 171.36, 1.79744
_16478_, 23.02, 171.36, 1.79744
FILLER_0_60_41, 23.02, 171.36, 1.79744
FILLER_0_60_49, 23.02, 171.36, 1.79744
_09589_, 48.02, 171.36, 1.79745
_09590_, 48.02, 171.36, 1.79745
_09609_, 48.02, 171.36, 1.79745
_11826_, 48.02, 171.36, 1.79745
_16870_, 48.02, 171.36, 1.79745
FILLER_0_59_98, 48.02, 171.36, 1.79745
_09549_, 73.02, 171.36, 1.79746
_09569_, 73.02, 171.36, 1.79746
_11785_, 73.02, 171.36, 1.79746
_11786_, 73.02, 171.36, 1.79746
_14497_, 73.02, 171.36, 1.79746
_14498_, 73.02, 171.36, 1.79746
_16482_, 73.02, 171.36, 1.79746
FILLER_0_59_144, 73.02, 171.36, 1.79746
_13711_, 98.02, 171.36, 1.79746
_18695_, 98.02, 171.36, 1.79746
_18956_, 98.02, 171.36, 1.79746
FILLER_0_58_190, 98.02, 171.36, 1.79746
FILLER_0_58_197, 98.02, 171.36, 1.79746
FILLER_0_59_211, 98.02, 171.36, 1.79746
_13586_, 123.02, 171.36, 1.79742
_16936_, 123.02, 171.36, 1.79742
_19014_, 123.02, 171.36, 1.79742
_09627_, 148.02, 171.36, 1.79734
_13580_, 148.02, 171.36, 1.79734
_14005_, 148.02, 171.36, 1.79734
_16939_, 148.02, 171.36, 1.79734
FILLER_0_59_316, 148.02, 171.36, 1.79734
FILLER_0_60_312, 148.02, 171.36, 1.79734
FILLER_0_60_323, 148.02, 171.36, 1.79734
_13573_, 173.02, 171.36, 1.79724
_13574_, 173.02, 171.36, 1.79724
_13999_, 173.02, 171.36, 1.79724
FILLER_0_59_376, 173.02, 171.36, 1.79724
FILLER_0_60_365, 173.02, 171.36, 1.79724
_13993_, 198.02, 171.36, 1.79716
_14292_, 198.02, 171.36, 1.79716
_16588_, 198.02, 171.36, 1.79716
_18701_, 198.02, 171.36, 1.79716
FILLER_0_58_411, 198.02, 171.36, 1.79716
FILLER_0_59_409, 198.02, 171.36, 1.79716
_09992_, 223.02, 171.36, 1.79709
_12225_, 223.02, 171.36, 1.79709
_13474_, 223.02, 171.36, 1.79709
_13475_, 223.02, 171.36, 1.79709
ANTENNA_22, 223.02, 171.36, 1.79709
FILLER_0_58_469, 223.02, 171.36, 1.79709
FILLER_0_59_462, 223.02, 171.36, 1.79709
_15392_, 248.02, 171.36, 1.79703
_16243_, 248.02, 171.36, 1.79703
_16460_, 248.02, 171.36, 1.79703
_18200_, 248.02, 171.36, 1.79703
FILLER_0_58_517, 248.02, 171.36, 1.79703
FILLER_0_58_525, 248.02, 171.36, 1.79703
FILLER_0_59_533, 248.02, 171.36, 1.79703
_09249_, 273.02, 171.36, 1.79699
_09257_, 273.02, 171.36, 1.79699
_11490_, 273.02, 171.36, 1.79699
_11495_, 273.02, 171.36, 1.79699
_13547_, 273.02, 171.36, 1.79699
_13548_, 273.02, 171.36, 1.79699
_14268_, 273.02, 171.36, 1.79699
_16601_, 273.02, 171.36, 1.79699
_18712_, 273.02, 171.36, 1.79699
_15402_, 298.02, 171.36, 1.79697
_16030_, 298.02, 171.36, 1.79697
_18196_, 298.02, 171.36, 1.79697
_18197_, 298.02, 171.36, 1.79697
FILLER_0_59_637, 298.02, 171.36, 1.79697
_11607_, 323.02, 171.36, 1.79696
_13971_, 323.02, 171.36, 1.79696
_14275_, 323.02, 171.36, 1.79696
_14276_, 323.02, 171.36, 1.79696
_18708_, 323.02, 171.36, 1.79696
FILLER_0_59_689, 323.02, 171.36, 1.79696
_13820_, 348.02, 171.36, 1.79697
_18904_, 348.02, 171.36, 1.79697
FILLER_0_58_740, 348.02, 171.36, 1.79697
FILLER_0_59_753, 348.02, 171.36, 1.79697
FILLER_0_60_757, 348.02, 171.36, 1.79697
_13973_, 373.02, 171.36, 1.79696
_14344_, 373.02, 171.36, 1.79696
_18676_, 373.02, 171.36, 1.79696
FILLER_0_59_794, 373.02, 171.36, 1.79696
_10526_, 398.02, 171.36, 1.79686
_10705_, 398.02, 171.36, 1.79686
_16810_, 398.02, 171.36, 1.79686
FILLER_0_59_856, 398.02, 171.36, 1.79686
_10570_, 423.02, 171.36, 1.79672
_10759_, 423.02, 171.36, 1.79672
_10872_, 423.02, 171.36, 1.79672
_10902_, 423.02, 171.36, 1.79672
_10903_, 423.02, 171.36, 1.79672
_10920_, 423.02, 171.36, 1.79672
_10968_, 423.02, 171.36, 1.79672
FILLER_0_58_898, 423.02, 171.36, 1.79672
FILLER_0_60_908, 423.02, 171.36, 1.79672
_10549_, 448.02, 171.36, 1.79669
_10552_, 448.02, 171.36, 1.79669
_10555_, 448.02, 171.36, 1.79669
_10794_, 448.02, 171.36, 1.79669
_11089_, 448.02, 171.36, 1.79669
_11242_, 448.02, 171.36, 1.79669
FILLER_0_58_960, 448.02, 171.36, 1.79669
FILLER_0_59_963, 448.02, 171.36, 1.79669
_10544_, 473.02, 171.36, 1.79671
_10703_, 473.02, 171.36, 1.79671
_11343_, 473.02, 171.36, 1.79671
FILLER_0_58_1005, 473.02, 171.36, 1.79671
PHY_112, 5.52, 165.92, 1.7975
PHY_114, 5.52, 165.92, 1.7975
FILLER_0_57_3, 5.52, 165.92, 1.7975
FILLER_0_58_3, 5.52, 165.92, 1.7975
PHY_113, 494.04, 165.92, 1.79677
PHY_115, 494.04, 165.92, 1.79677
FILLER_0_57_1056, 494.04, 165.92, 1.79677
_13717_, 23.02, 165.92, 1.79751
_18953_, 23.02, 165.92, 1.79751
FILLER_0_57_37, 23.02, 165.92, 1.79751
FILLER_0_57_48, 23.02, 165.92, 1.79751
_13715_, 48.02, 165.92, 1.79752
_18954_, 48.02, 165.92, 1.79752
hold377, 48.02, 165.92, 1.79752
FILLER_0_58_93, 48.02, 165.92, 1.79752
_13708_, 73.02, 165.92, 1.79754
_13709_, 73.02, 165.92, 1.79754
_16749_, 73.02, 165.92, 1.79754
_16758_, 73.02, 165.92, 1.79754
hold388, 73.02, 165.92, 1.79754
_16649_, 98.02, 165.92, 1.79754
_16873_, 98.02, 165.92, 1.79754
_16874_, 98.02, 165.92, 1.79754
FILLER_0_57_193, 98.02, 165.92, 1.79754
_13585_, 123.02, 165.92, 1.79749
_13860_, 123.02, 165.92, 1.79749
_14019_, 123.02, 165.92, 1.79749
_16716_, 123.02, 165.92, 1.79749
_18821_, 123.02, 165.92, 1.79749
FILLER_0_57_256, 123.02, 165.92, 1.79749
_13579_, 148.02, 165.92, 1.7974
_16585_, 148.02, 165.92, 1.7974
_19017_, 148.02, 165.92, 1.7974
_19018_, 148.02, 165.92, 1.7974
FILLER_0_57_321, 148.02, 165.92, 1.7974
FILLER_0_58_312, 148.02, 165.92, 1.7974
FILLER_0_58_320, 148.02, 165.92, 1.7974
_09117_, 173.02, 165.92, 1.7973
_09587_, 173.02, 165.92, 1.7973
_13575_, 173.02, 165.92, 1.7973
_19021_, 173.02, 165.92, 1.7973
FILLER_0_58_365, 173.02, 165.92, 1.7973
_09104_, 198.02, 165.92, 1.79721
_13990_, 198.02, 165.92, 1.79721
_14290_, 198.02, 165.92, 1.79721
_14291_, 198.02, 165.92, 1.79721
_16589_, 198.02, 165.92, 1.79721
FILLER_0_57_411, 198.02, 165.92, 1.79721
FILLER_0_57_428, 198.02, 165.92, 1.79721
_16450_, 223.02, 165.92, 1.79713
_18425_, 223.02, 165.92, 1.79713
_19065_, 223.02, 165.92, 1.79713
FILLER_0_57_485, 223.02, 165.92, 1.79713
FILLER_0_58_477, 223.02, 165.92, 1.79713
_14988_, 248.02, 165.92, 1.79706
_14989_, 248.02, 165.92, 1.79706
_15394_, 248.02, 165.92, 1.79706
_18389_, 248.02, 165.92, 1.79706
FILLER_0_58_533, 248.02, 165.92, 1.79706
_14267_, 273.02, 165.92, 1.79701
_19032_, 273.02, 165.92, 1.79701
FILLER_0_56_579, 273.02, 165.92, 1.79701
FILLER_0_57_573, 273.02, 165.92, 1.79701
_09311_, 298.02, 165.92, 1.79698
_11547_, 298.02, 165.92, 1.79698
_14687_, 298.02, 165.92, 1.79698
_15401_, 298.02, 165.92, 1.79698
FILLER_0_57_624, 298.02, 165.92, 1.79698
FILLER_0_58_639, 298.02, 165.92, 1.79698
_09351_, 323.02, 165.92, 1.79698
_11587_, 323.02, 165.92, 1.79698
_11608_, 323.02, 165.92, 1.79698
_14274_, 323.02, 165.92, 1.79698
FILLER_0_57_693, 323.02, 165.92, 1.79698
FILLER_0_58_696, 323.02, 165.92, 1.79698
FILLER_0_58_701, 323.02, 165.92, 1.79698
_13959_, 348.02, 165.92, 1.79697
_14334_, 348.02, 165.92, 1.79697
_15535_, 348.02, 165.92, 1.79697
_15957_, 348.02, 165.92, 1.79697
clkbuf_leaf_125_i_clk, 348.02, 165.92, 1.79697
FILLER_0_57_742, 348.02, 165.92, 1.79697
FILLER_0_58_752, 348.02, 165.92, 1.79697
FILLER_0_58_757, 348.02, 165.92, 1.79697
_16563_, 373.02, 165.92, 1.79696
_18677_, 373.02, 165.92, 1.79696
FILLER_0_57_797, 373.02, 165.92, 1.79696
FILLER_0_58_805, 373.02, 165.92, 1.79696
_14619_, 398.02, 165.92, 1.7969
FILLER_0_58_862, 398.02, 165.92, 1.7969
_10656_, 423.02, 165.92, 1.79678
_10760_, 423.02, 165.92, 1.79678
_10967_, 423.02, 165.92, 1.79678
_11018_, 423.02, 165.92, 1.79678
FILLER_0_57_909, 423.02, 165.92, 1.79678
_11227_, 448.02, 165.92, 1.79676
_11241_, 448.02, 165.92, 1.79676
_11307_, 448.02, 165.92, 1.79676
_11360_, 448.02, 165.92, 1.79676
FILLER_0_57_953, 448.02, 165.92, 1.79676
FILLER_0_58_975, 448.02, 165.92, 1.79676
_11341_, 473.02, 165.92, 1.79676
_11342_, 473.02, 165.92, 1.79676
_11431_, 473.02, 165.92, 1.79676
_18603_, 5.52, 160.48, 1.79757
PHY_108, 5.52, 160.48, 1.79757
PHY_110, 5.52, 160.48, 1.79757
PHY_109, 494.04, 160.48, 1.79673
PHY_111, 494.04, 160.48, 1.79673
output16, 494.04, 160.48, 1.79673
FILLER_0_55_1054, 494.04, 160.48, 1.79673
_16438_, 23.02, 160.48, 1.79758
_16615_, 23.02, 160.48, 1.79758
_18725_, 23.02, 160.48, 1.79758
FILLER_0_54_29, 23.02, 160.48, 1.79758
_16759_, 48.02, 160.48, 1.7976
_18855_, 48.02, 160.48, 1.7976
FILLER_0_54_85, 48.02, 160.48, 1.7976
FILLER_0_55_81, 48.02, 160.48, 1.7976
FILLER_0_55_89, 48.02, 160.48, 1.7976
FILLER_0_56_97, 48.02, 160.48, 1.7976
_16061_, 73.02, 160.48, 1.79763
_18957_, 73.02, 160.48, 1.79763
_16545_, 98.02, 160.48, 1.79765
_16875_, 98.02, 160.48, 1.79765
_18661_, 98.02, 160.48, 1.79765
FILLER_0_54_197, 98.02, 160.48, 1.79765
FILLER_0_56_213, 98.02, 160.48, 1.79765
_11940_, 123.02, 160.48, 1.79761
_14018_, 123.02, 160.48, 1.79761
FILLER_0_54_244, 123.02, 160.48, 1.79761
FILLER_0_54_253, 123.02, 160.48, 1.79761
_11863_, 148.02, 160.48, 1.7975
_15566_, 148.02, 160.48, 1.7975
_16940_, 148.02, 160.48, 1.7975
FILLER_0_54_309, 148.02, 160.48, 1.7975
FILLER_0_56_312, 148.02, 160.48, 1.7975
FILLER_0_56_321, 148.02, 160.48, 1.7975
_11733_, 173.02, 160.48, 1.79737
_13576_, 173.02, 160.48, 1.79737
_14294_, 173.02, 160.48, 1.79737
_16942_, 173.02, 160.48, 1.79737
_19019_, 173.02, 160.48, 1.79737
FILLER_0_54_357, 173.02, 160.48, 1.79737
FILLER_0_55_371, 173.02, 160.48, 1.79737
FILLER_0_56_377, 173.02, 160.48, 1.79737
_09493_, 198.02, 160.48, 1.79724
_11723_, 198.02, 160.48, 1.79724
_11731_, 198.02, 160.48, 1.79724
_14288_, 198.02, 160.48, 1.79724
_14289_, 198.02, 160.48, 1.79724
_14630_, 198.02, 160.48, 1.79724
_18702_, 198.02, 160.48, 1.79724
FILLER_0_55_412, 198.02, 160.48, 1.79724
_13754_, 223.02, 160.48, 1.79717
_14910_, 223.02, 160.48, 1.79717
_16282_, 223.02, 160.48, 1.79717
_18936_, 223.02, 160.48, 1.79717
FILLER_0_54_465, 223.02, 160.48, 1.79717
FILLER_0_55_469, 223.02, 160.48, 1.79717
_14991_, 248.02, 160.48, 1.7971
_16242_, 248.02, 160.48, 1.7971
_18421_, 248.02, 160.48, 1.7971
FILLER_0_54_526, 248.02, 160.48, 1.7971
FILLER_0_55_531, 248.02, 160.48, 1.7971
_11448_, 273.02, 160.48, 1.79703
_13549_, 273.02, 160.48, 1.79703
FILLER_0_55_581, 273.02, 160.48, 1.79703
FILLER_0_56_585, 273.02, 160.48, 1.79703
_09067_, 298.02, 160.48, 1.79699
_09075_, 298.02, 160.48, 1.79699
_14270_, 298.02, 160.48, 1.79699
_19031_, 298.02, 160.48, 1.79699
FILLER_0_56_639, 298.02, 160.48, 1.79699
_11588_, 323.02, 160.48, 1.79699
_13968_, 323.02, 160.48, 1.79699
_14273_, 323.02, 160.48, 1.79699
_16598_, 323.02, 160.48, 1.79699
FILLER_0_56_694, 323.02, 160.48, 1.79699
_09228_, 348.02, 160.48, 1.79698
_09233_, 348.02, 160.48, 1.79698
_09373_, 348.02, 160.48, 1.79698
_11609_, 348.02, 160.48, 1.79698
_14609_, 348.02, 160.48, 1.79698
_18552_, 348.02, 160.48, 1.79698
hold271, 348.02, 160.48, 1.79698
hold293, 348.02, 160.48, 1.79698
FILLER_0_55_754, 348.02, 160.48, 1.79698
_14342_, 373.02, 160.48, 1.79696
_18837_, 373.02, 160.48, 1.79696
FILLER_0_54_795, 373.02, 160.48, 1.79696
FILLER_0_55_792, 373.02, 160.48, 1.79696
_09347_, 398.02, 160.48, 1.7969
_11583_, 398.02, 160.48, 1.7969
_14618_, 398.02, 160.48, 1.7969
_16419_, 398.02, 160.48, 1.7969
FILLER_0_56_861, 398.02, 160.48, 1.7969
_10572_, 423.02, 160.48, 1.79676
_10708_, 423.02, 160.48, 1.79676
_10937_, 423.02, 160.48, 1.79676
_10994_, 423.02, 160.48, 1.79676
_11129_, 423.02, 160.48, 1.79676
FILLER_0_54_900, 423.02, 160.48, 1.79676
FILLER_0_55_915, 423.02, 160.48, 1.79676
FILLER_0_56_909, 423.02, 160.48, 1.79676
_10537_, 448.02, 160.48, 1.7967
_11277_, 448.02, 160.48, 1.7967
_11433_, 448.02, 160.48, 1.7967
FILLER_0_54_957, 448.02, 160.48, 1.7967
_11304_, 473.02, 160.48, 1.79672
_11319_, 473.02, 160.48, 1.79672
_11320_, 473.02, 160.48, 1.79672
_11321_, 473.02, 160.48, 1.79672
FILLER_0_54_1012, 473.02, 160.48, 1.79672
FILLER_0_55_1009, 473.02, 160.48, 1.79672
FILLER_0_55_1024, 473.02, 160.48, 1.79672
FILLER_0_56_1019, 473.02, 160.48, 1.79672
_14235_, 5.52, 155.04, 1.79763
PHY_104, 5.52, 155.04, 1.79763
PHY_106, 5.52, 155.04, 1.79763
FILLER_0_54_3, 5.52, 155.04, 1.79763
PHY_105, 494.04, 155.04, 1.79678
PHY_107, 494.04, 155.04, 1.79678
_14238_, 23.02, 155.04, 1.79763
_14239_, 23.02, 155.04, 1.79763
_19639_, 23.02, 155.04, 1.79763
FILLER_0_52_29, 23.02, 155.04, 1.79763
FILLER_0_53_48, 23.02, 155.04, 1.79763
_09134_, 48.02, 155.04, 1.79765
_09135_, 48.02, 155.04, 1.79765
_13925_, 48.02, 155.04, 1.79765
_13926_, 48.02, 155.04, 1.79765
_19641_, 48.02, 155.04, 1.79765
hold359, 48.02, 155.04, 1.79765
FILLER_0_52_85, 48.02, 155.04, 1.79765
FILLER_0_54_93, 48.02, 155.04, 1.79765
_09697_, 73.02, 155.04, 1.79769
_11929_, 73.02, 155.04, 1.79769
_19647_, 73.02, 155.04, 1.79769
FILLER_0_54_153, 73.02, 155.04, 1.79769
_11749_, 98.02, 155.04, 1.79773
_14374_, 98.02, 155.04, 1.79773
_14375_, 98.02, 155.04, 1.79773
_16339_, 98.02, 155.04, 1.79773
_16546_, 98.02, 155.04, 1.79773
_16738_, 98.02, 155.04, 1.79773
FILLER_0_52_193, 98.02, 155.04, 1.79773
_09702_, 123.02, 155.04, 1.79769
_11941_, 123.02, 155.04, 1.79769
_14016_, 123.02, 155.04, 1.79769
_16403_, 123.02, 155.04, 1.79769
FILLER_0_52_245, 123.02, 155.04, 1.79769
FILLER_0_53_265, 123.02, 155.04, 1.79769
FILLER_0_54_265, 123.02, 155.04, 1.79769
_15564_, 148.02, 155.04, 1.79757
_15565_, 148.02, 155.04, 1.79757
_15941_, 148.02, 155.04, 1.79757
_18118_, 148.02, 155.04, 1.79757
FILLER_0_54_317, 148.02, 155.04, 1.79757
FILLER_0_54_323, 148.02, 155.04, 1.79757
_09496_, 173.02, 155.04, 1.79745
FILLER_0_52_359, 173.02, 155.04, 1.79745
FILLER_0_54_365, 173.02, 155.04, 1.79745
_09486_, 198.02, 155.04, 1.79731
_15549_, 198.02, 155.04, 1.79731
_15550_, 198.02, 155.04, 1.79731
_15949_, 198.02, 155.04, 1.79731
_18125_, 198.02, 155.04, 1.79731
hold318, 198.02, 155.04, 1.79731
FILLER_0_54_432, 198.02, 155.04, 1.79731
_09224_, 223.02, 155.04, 1.79722
_13753_, 223.02, 155.04, 1.79722
_16246_, 223.02, 155.04, 1.79722
FILLER_0_53_460, 223.02, 155.04, 1.79722
FILLER_0_53_478, 223.02, 155.04, 1.79722
FILLER_0_54_473, 223.02, 155.04, 1.79722
FILLER_0_54_477, 223.02, 155.04, 1.79722
_09365_, 248.02, 155.04, 1.79714
_11581_, 248.02, 155.04, 1.79714
_14990_, 248.02, 155.04, 1.79714
_15057_, 248.02, 155.04, 1.79714
FILLER_0_53_516, 248.02, 155.04, 1.79714
FILLER_0_54_533, 248.02, 155.04, 1.79714
_09346_, 273.02, 155.04, 1.79707
_13759_, 273.02, 155.04, 1.79707
_18932_, 273.02, 155.04, 1.79707
FILLER_0_52_577, 273.02, 155.04, 1.79707
FILLER_0_53_570, 273.02, 155.04, 1.79707
_11548_, 298.02, 155.04, 1.79702
_13550_, 298.02, 155.04, 1.79702
_18711_, 298.02, 155.04, 1.79702
FILLER_0_52_635, 298.02, 155.04, 1.79702
FILLER_0_53_626, 298.02, 155.04, 1.79702
_13554_, 323.02, 155.04, 1.79701
_13555_, 323.02, 155.04, 1.79701
_15960_, 323.02, 155.04, 1.79701
_19029_, 323.02, 155.04, 1.79701
FILLER_0_53_696, 323.02, 155.04, 1.79701
FILLER_0_54_692, 323.02, 155.04, 1.79701
_09235_, 348.02, 155.04, 1.79699
_11467_, 348.02, 155.04, 1.79699
_11472_, 348.02, 155.04, 1.79699
_11474_, 348.02, 155.04, 1.79699
_15533_, 348.02, 155.04, 1.79699
_15534_, 348.02, 155.04, 1.79699
_15958_, 348.02, 155.04, 1.79699
FILLER_0_52_732, 348.02, 155.04, 1.79699
_09308_, 373.02, 155.04, 1.79697
_14341_, 373.02, 155.04, 1.79697
_16742_, 373.02, 155.04, 1.79697
FILLER_0_53_788, 373.02, 155.04, 1.79697
FILLER_0_53_806, 373.02, 155.04, 1.79697
FILLER_0_54_809, 373.02, 155.04, 1.79697
_13827_, 398.02, 155.04, 1.7969
_13828_, 398.02, 155.04, 1.7969
_16811_, 398.02, 155.04, 1.7969
_18901_, 398.02, 155.04, 1.7969
FILLER_0_52_848, 398.02, 155.04, 1.7969
_10522_, 423.02, 155.04, 1.79674
_10545_, 423.02, 155.04, 1.79674
_10554_, 423.02, 155.04, 1.79674
_10654_, 423.02, 155.04, 1.79674
_10965_, 423.02, 155.04, 1.79674
_10966_, 423.02, 155.04, 1.79674
_10993_, 423.02, 155.04, 1.79674
FILLER_0_52_899, 423.02, 155.04, 1.79674
FILLER_0_54_908, 423.02, 155.04, 1.79674
_10716_, 448.02, 155.04, 1.79672
_11088_, 448.02, 155.04, 1.79672
_11128_, 448.02, 155.04, 1.79672
_11146_, 448.02, 155.04, 1.79672
_11276_, 448.02, 155.04, 1.79672
_11293_, 448.02, 155.04, 1.79672
FILLER_0_54_965, 448.02, 155.04, 1.79672
_11145_, 473.02, 155.04, 1.79674
_11254_, 473.02, 155.04, 1.79674
_11275_, 473.02, 155.04, 1.79674
_11292_, 473.02, 155.04, 1.79674
FILLER_0_52_1016, 473.02, 155.04, 1.79674
FILLER_0_53_1009, 473.02, 155.04, 1.79674
_18726_, 5.52, 149.6, 1.79768
PHY_100, 5.52, 149.6, 1.79768
PHY_102, 5.52, 149.6, 1.79768
output51, 5.52, 149.6, 1.79768
PHY_101, 494.04, 149.6, 1.7968
PHY_103, 494.04, 149.6, 1.7968
_09143_, 23.02, 149.6, 1.7977
_14581_, 23.02, 149.6, 1.7977
_18084_, 23.02, 149.6, 1.7977
FILLER_0_50_29, 23.02, 149.6, 1.7977
FILLER_0_51_51, 23.02, 149.6, 1.7977
_09671_, 48.02, 149.6, 1.79774
_11907_, 48.02, 149.6, 1.79774
FILLER_0_50_79, 48.02, 149.6, 1.79774
_09110_, 73.02, 149.6, 1.79778
_09111_, 73.02, 149.6, 1.79778
_09692_, 73.02, 149.6, 1.79778
_11759_, 73.02, 149.6, 1.79778
_11934_, 73.02, 149.6, 1.79778
FILLER_0_50_141, 73.02, 149.6, 1.79778
FILLER_0_51_153, 73.02, 149.6, 1.79778
_09512_, 98.02, 149.6, 1.79781
_09519_, 98.02, 149.6, 1.79781
_09536_, 98.02, 149.6, 1.79781
_14372_, 98.02, 149.6, 1.79781
_14373_, 98.02, 149.6, 1.79781
_18662_, 98.02, 149.6, 1.79781
FILLER_0_51_200, 98.02, 149.6, 1.79781
_09682_, 123.02, 149.6, 1.79778
_11919_, 123.02, 149.6, 1.79778
_11920_, 123.02, 149.6, 1.79778
_13858_, 123.02, 149.6, 1.79778
_16723_, 123.02, 149.6, 1.79778
_18822_, 123.02, 149.6, 1.79778
_09638_, 148.02, 149.6, 1.79764
_09698_, 148.02, 149.6, 1.79764
_15563_, 148.02, 149.6, 1.79764
_15943_, 148.02, 149.6, 1.79764
_16894_, 148.02, 149.6, 1.79764
hold323, 148.02, 149.6, 1.79764
hold326, 148.02, 149.6, 1.79764
FILLER_0_52_320, 148.02, 149.6, 1.79764
_14363_, 173.02, 149.6, 1.79749
_15553_, 173.02, 149.6, 1.79749
_15554_, 173.02, 149.6, 1.79749
_15946_, 173.02, 149.6, 1.79749
_15947_, 173.02, 149.6, 1.79749
_16552_, 173.02, 149.6, 1.79749
_18123_, 173.02, 149.6, 1.79749
hold298, 173.02, 149.6, 1.79749
_09538_, 198.02, 149.6, 1.79732
_09558_, 198.02, 149.6, 1.79732
_11794_, 198.02, 149.6, 1.79732
clkbuf_4_3__f_i_clk, 198.02, 149.6, 1.79732
hold322, 198.02, 149.6, 1.79732
FILLER_0_51_405, 198.02, 149.6, 1.79732
_11463_, 223.02, 149.6, 1.79725
_14915_, 223.02, 149.6, 1.79725
_14982_, 223.02, 149.6, 1.79725
_14983_, 223.02, 149.6, 1.79725
_15052_, 223.02, 149.6, 1.79725
_18424_, 223.02, 149.6, 1.79725
FILLER_0_50_463, 223.02, 149.6, 1.79725
FILLER_0_52_473, 223.02, 149.6, 1.79725
FILLER_0_52_477, 223.02, 149.6, 1.79725
_09345_, 248.02, 149.6, 1.79718
_11601_, 248.02, 149.6, 1.79718
_15059_, 248.02, 149.6, 1.79718
_16207_, 248.02, 149.6, 1.79718
_13760_, 273.02, 149.6, 1.7971
_13761_, 273.02, 149.6, 1.7971
_13762_, 273.02, 149.6, 1.7971
_18933_, 273.02, 149.6, 1.7971
FILLER_0_50_575, 273.02, 149.6, 1.7971
FILLER_0_51_570, 273.02, 149.6, 1.7971
_09331_, 298.02, 149.6, 1.79706
_16600_, 298.02, 149.6, 1.79706
FILLER_0_50_633, 298.02, 149.6, 1.79706
_09391_, 323.02, 149.6, 1.79703
_09392_, 323.02, 149.6, 1.79703
_11627_, 323.02, 149.6, 1.79703
FILLER_0_51_694, 323.02, 149.6, 1.79703
FILLER_0_52_695, 323.02, 149.6, 1.79703
_11469_, 348.02, 149.6, 1.797
_18543_, 348.02, 149.6, 1.797
FILLER_0_50_743, 348.02, 149.6, 1.797
FILLER_0_51_741, 348.02, 149.6, 1.797
FILLER_0_52_753, 348.02, 149.6, 1.797
_13963_, 373.02, 149.6, 1.79698
_18678_, 373.02, 149.6, 1.79698
FILLER_0_52_801, 373.02, 149.6, 1.79698
FILLER_0_52_809, 373.02, 149.6, 1.79698
_09307_, 398.02, 149.6, 1.79693
_11543_, 398.02, 149.6, 1.79693
_13824_, 398.02, 149.6, 1.79693
_18903_, 398.02, 149.6, 1.79693
FILLER_0_51_855, 398.02, 149.6, 1.79693
FILLER_0_52_860, 398.02, 149.6, 1.79693
_10992_, 423.02, 149.6, 1.79686
_14613_, 423.02, 149.6, 1.79686
_11015_, 448.02, 149.6, 1.79678
_11043_, 448.02, 149.6, 1.79678
_11166_, 448.02, 149.6, 1.79678
_11205_, 448.02, 149.6, 1.79678
_11226_, 448.02, 149.6, 1.79678
_11111_, 473.02, 149.6, 1.79677
_11112_, 473.02, 149.6, 1.79677
_11144_, 473.02, 149.6, 1.79677
_11186_, 473.02, 149.6, 1.79677
_11225_, 473.02, 149.6, 1.79677
FILLER_0_50_1008, 473.02, 149.6, 1.79677
FILLER_0_52_1028, 473.02, 149.6, 1.79677
_18727_, 5.52, 144.16, 1.79776
PHY_96, 5.52, 144.16, 1.79776
PHY_98, 5.52, 144.16, 1.79776
PHY_97, 494.04, 144.16, 1.79684
PHY_99, 494.04, 144.16, 1.79684
_14230_, 23.02, 144.16, 1.79776
_19643_, 23.02, 144.16, 1.79776
FILLER_0_49_30, 23.02, 144.16, 1.79776
_09597_, 48.02, 144.16, 1.79778
_09672_, 48.02, 144.16, 1.79778
_11873_, 48.02, 144.16, 1.79778
_11893_, 48.02, 144.16, 1.79778
FILLER_0_49_102, 48.02, 144.16, 1.79778
FILLER_0_50_97, 48.02, 144.16, 1.79778
_09551_, 73.02, 144.16, 1.79787
_09552_, 73.02, 144.16, 1.79787
_11787_, 73.02, 144.16, 1.79787
_16623_, 73.02, 144.16, 1.79787
FILLER_0_49_145, 73.02, 144.16, 1.79787
FILLER_0_49_159, 73.02, 144.16, 1.79787
FILLER_0_50_149, 73.02, 144.16, 1.79787
_09577_, 98.02, 144.16, 1.79792
_11773_, 98.02, 144.16, 1.79792
_13912_, 98.02, 144.16, 1.79792
_18862_, 98.02, 144.16, 1.79792
_14015_, 123.02, 144.16, 1.79789
_16794_, 123.02, 144.16, 1.79789
FILLER_0_48_246, 123.02, 144.16, 1.79789
FILLER_0_48_253, 123.02, 144.16, 1.79789
_09658_, 148.02, 144.16, 1.79772
_11894_, 148.02, 144.16, 1.79772
_15557_, 148.02, 144.16, 1.79772
_15560_, 148.02, 144.16, 1.79772
_15945_, 148.02, 144.16, 1.79772
_18120_, 148.02, 144.16, 1.79772
_18121_, 148.02, 144.16, 1.79772
FILLER_0_48_305, 148.02, 144.16, 1.79772
_09598_, 173.02, 144.16, 1.79756
_14362_, 173.02, 144.16, 1.79756
FILLER_0_48_355, 173.02, 144.16, 1.79756
FILLER_0_50_374, 173.02, 144.16, 1.79756
_09578_, 198.02, 144.16, 1.79741
_11774_, 198.02, 144.16, 1.79741
_11804_, 198.02, 144.16, 1.79741
_11814_, 198.02, 144.16, 1.79741
_15552_, 198.02, 144.16, 1.79741
_16804_, 198.02, 144.16, 1.79741
_18124_, 198.02, 144.16, 1.79741
_14914_, 223.02, 144.16, 1.7973
_15051_, 223.02, 144.16, 1.7973
_16211_, 223.02, 144.16, 1.7973
_16761_, 223.02, 144.16, 1.7973
_18360_, 223.02, 144.16, 1.7973
FILLER_0_48_471, 223.02, 144.16, 1.7973
FILLER_0_49_460, 223.02, 144.16, 1.7973
_14984_, 248.02, 144.16, 1.79721
_15053_, 248.02, 144.16, 1.79721
FILLER_0_49_538, 248.02, 144.16, 1.79721
_13986_, 273.02, 144.16, 1.79712
_16280_, 273.02, 144.16, 1.79712
_16845_, 273.02, 144.16, 1.79712
_16846_, 273.02, 144.16, 1.79712
FILLER_0_48_571, 273.02, 144.16, 1.79712
FILLER_0_49_593, 273.02, 144.16, 1.79712
FILLER_0_50_592, 273.02, 144.16, 1.79712
_09332_, 298.02, 144.16, 1.79706
_11568_, 298.02, 144.16, 1.79706
_16599_, 298.02, 144.16, 1.79706
_16954_, 298.02, 144.16, 1.79706
FILLER_0_49_648, 298.02, 144.16, 1.79706
FILLER_0_50_641, 298.02, 144.16, 1.79706
FILLER_0_50_645, 298.02, 144.16, 1.79706
_14278_, 323.02, 144.16, 1.79703
_16596_, 323.02, 144.16, 1.79703
_18707_, 323.02, 144.16, 1.79703
FILLER_0_49_682, 323.02, 144.16, 1.79703
FILLER_0_50_701, 323.02, 144.16, 1.79703
_13839_, 348.02, 144.16, 1.79701
_14353_, 348.02, 144.16, 1.79701
_14354_, 348.02, 144.16, 1.79701
_14629_, 348.02, 144.16, 1.79701
_18671_, 348.02, 144.16, 1.79701
FILLER_0_49_741, 348.02, 144.16, 1.79701
_11544_, 373.02, 144.16, 1.79699
_14339_, 373.02, 144.16, 1.79699
_14340_, 373.02, 144.16, 1.79699
_16564_, 373.02, 144.16, 1.79699
_09327_, 398.02, 144.16, 1.79694
_09387_, 398.02, 144.16, 1.79694
_11563_, 398.02, 144.16, 1.79694
_13826_, 398.02, 144.16, 1.79694
_18902_, 398.02, 144.16, 1.79694
FILLER_0_48_852, 398.02, 144.16, 1.79694
FILLER_0_49_855, 398.02, 144.16, 1.79694
FILLER_0_50_859, 398.02, 144.16, 1.79694
_14612_, 423.02, 144.16, 1.79689
_14615_, 423.02, 144.16, 1.79689
_14620_, 423.02, 144.16, 1.79689
_16422_, 423.02, 144.16, 1.79689
FILLER_0_49_911, 423.02, 144.16, 1.79689
FILLER_0_50_914, 423.02, 144.16, 1.79689
_11087_, 448.02, 144.16, 1.79685
FILLER_0_50_963, 448.02, 144.16, 1.79685
PHY_92, 5.52, 138.72, 1.79783
PHY_94, 5.52, 138.72, 1.79783
FILLER_0_48_3, 5.52, 138.72, 1.79783
PHY_93, 494.04, 138.72, 1.79687
PHY_95, 494.04, 138.72, 1.79687
_09126_, 23.02, 138.72, 1.79784
_09127_, 23.02, 138.72, 1.79784
_09131_, 23.02, 138.72, 1.79784
_11887_, 23.02, 138.72, 1.79784
_18088_, 23.02, 138.72, 1.79784
FILLER_0_46_25, 23.02, 138.72, 1.79784
FILLER_0_46_29, 23.02, 138.72, 1.79784
FILLER_0_47_46, 23.02, 138.72, 1.79784
_11828_, 48.02, 138.72, 1.79788
_11833_, 48.02, 138.72, 1.79788
_14222_, 73.02, 138.72, 1.79798
_14224_, 73.02, 138.72, 1.79798
_16624_, 73.02, 138.72, 1.79798
FILLER_0_48_158, 73.02, 138.72, 1.79798
_11813_, 98.02, 138.72, 1.79806
_16768_, 98.02, 138.72, 1.79806
FILLER_0_47_208, 98.02, 138.72, 1.79806
FILLER_0_48_207, 98.02, 138.72, 1.79806
_09662_, 123.02, 138.72, 1.79802
_11898_, 123.02, 138.72, 1.79802
_16796_, 123.02, 138.72, 1.79802
FILLER_0_47_252, 123.02, 138.72, 1.79802
FILLER_0_47_266, 123.02, 138.72, 1.79802
FILLER_0_48_266, 123.02, 138.72, 1.79802
_11874_, 148.02, 138.72, 1.79782
_15558_, 148.02, 138.72, 1.79782
hold272, 148.02, 138.72, 1.79782
_14001_, 173.02, 138.72, 1.79764
_16729_, 173.02, 138.72, 1.79764
hold422, 173.02, 138.72, 1.79764
FILLER_0_46_351, 173.02, 138.72, 1.79764
FILLER_0_46_358, 173.02, 138.72, 1.79764
_09568_, 198.02, 138.72, 1.79748
_13997_, 198.02, 138.72, 1.79748
_18828_, 198.02, 138.72, 1.79748
FILLER_0_46_416, 198.02, 138.72, 1.79748
FILLER_0_47_424, 198.02, 138.72, 1.79748
_15056_, 223.02, 138.72, 1.79734
_16209_, 223.02, 138.72, 1.79734
clkbuf_leaf_164_i_clk, 223.02, 138.72, 1.79734
FILLER_0_47_460, 223.02, 138.72, 1.79734
_09305_, 248.02, 138.72, 1.79724
_11541_, 248.02, 138.72, 1.79724
_16245_, 248.02, 138.72, 1.79724
_18935_, 248.02, 138.72, 1.79724
FILLER_0_47_525, 248.02, 138.72, 1.79724
_09099_, 273.02, 138.72, 1.79715
_14705_, 273.02, 138.72, 1.79715
_15411_, 273.02, 138.72, 1.79715
_15412_, 273.02, 138.72, 1.79715
_18191_, 273.02, 138.72, 1.79715
FILLER_0_46_569, 273.02, 138.72, 1.79715
_13552_, 298.02, 138.72, 1.79709
_13553_, 298.02, 138.72, 1.79709
_19030_, 298.02, 138.72, 1.79709
_09411_, 323.02, 138.72, 1.79705
_14277_, 323.02, 138.72, 1.79705
_18706_, 323.02, 138.72, 1.79705
FILLER_0_46_679, 323.02, 138.72, 1.79705
FILLER_0_46_689, 323.02, 138.72, 1.79705
FILLER_0_47_685, 323.02, 138.72, 1.79705
FILLER_0_48_695, 323.02, 138.72, 1.79705
_09467_, 348.02, 138.72, 1.79702
_09468_, 348.02, 138.72, 1.79702
_14628_, 348.02, 138.72, 1.79702
FILLER_0_46_735, 348.02, 138.72, 1.79702
FILLER_0_47_749, 348.02, 138.72, 1.79702
FILLER_0_48_751, 348.02, 138.72, 1.79702
_16415_, 373.02, 138.72, 1.79699
_18545_, 373.02, 138.72, 1.79699
FILLER_0_48_802, 373.02, 138.72, 1.79699
_13825_, 398.02, 138.72, 1.79695
_13832_, 398.02, 138.72, 1.79695
_16737_, 398.02, 138.72, 1.79695
_18835_, 398.02, 138.72, 1.79695
_18899_, 398.02, 138.72, 1.79695
_14614_, 423.02, 138.72, 1.79692
_16417_, 423.02, 138.72, 1.79692
_16418_, 423.02, 138.72, 1.79692
_16421_, 423.02, 138.72, 1.79692
_18547_, 423.02, 138.72, 1.79692
FILLER_0_48_911, 423.02, 138.72, 1.79692
FILLER_0_48_969, 448.02, 138.72, 1.79689
FILLER_0_48_1029, 473.02, 138.72, 1.79687
_18731_, 5.52, 133.28, 1.79788
PHY_88, 5.52, 133.28, 1.79788
PHY_90, 5.52, 133.28, 1.79788
FILLER_0_45_3, 5.52, 133.28, 1.79788
PHY_89, 494.04, 133.28, 1.79688
PHY_91, 494.04, 133.28, 1.79688
_09130_, 23.02, 133.28, 1.7979
_19642_, 23.02, 133.28, 1.7979
_19645_, 23.02, 133.28, 1.7979
FILLER_0_44_29, 23.02, 133.28, 1.7979
FILLER_0_45_26, 23.02, 133.28, 1.7979
FILLER_0_46_41, 23.02, 133.28, 1.7979
_11847_, 48.02, 133.28, 1.79797
_19644_, 48.02, 133.28, 1.79797
FILLER_0_44_81, 48.02, 133.28, 1.79797
FILLER_0_45_89, 48.02, 133.28, 1.79797
FILLER_0_46_93, 48.02, 133.28, 1.79797
_19646_, 73.02, 133.28, 1.79809
_18663_, 98.02, 133.28, 1.7982
_19648_, 98.02, 133.28, 1.7982
FILLER_0_45_214, 98.02, 133.28, 1.7982
_14007_, 123.02, 133.28, 1.79815
_14012_, 123.02, 133.28, 1.79815
_14013_, 123.02, 133.28, 1.79815
_16726_, 123.02, 133.28, 1.79815
_18823_, 123.02, 133.28, 1.79815
FILLER_0_44_244, 123.02, 133.28, 1.79815
FILLER_0_45_250, 123.02, 133.28, 1.79815
FILLER_0_44_305, 148.02, 133.28, 1.79794
FILLER_0_45_315, 148.02, 133.28, 1.79794
FILLER_0_46_321, 148.02, 133.28, 1.79794
_11819_, 173.02, 133.28, 1.79772
_14000_, 173.02, 133.28, 1.79772
_18827_, 173.02, 133.28, 1.79772
FILLER_0_44_357, 173.02, 133.28, 1.79772
FILLER_0_46_374, 173.02, 133.28, 1.79772
_09498_, 198.02, 133.28, 1.79753
_09511_, 198.02, 133.28, 1.79753
_11748_, 198.02, 133.28, 1.79753
_13992_, 198.02, 133.28, 1.79753
_13995_, 198.02, 133.28, 1.79753
_18830_, 198.02, 133.28, 1.79753
FILLER_0_45_418, 198.02, 133.28, 1.79753
FILLER_0_46_421, 198.02, 133.28, 1.79753
FILLER_0_46_429, 198.02, 133.28, 1.79753
_15055_, 223.02, 133.28, 1.79739
_16244_, 223.02, 133.28, 1.79739
_18358_, 223.02, 133.28, 1.79739
FILLER_0_46_486, 223.02, 133.28, 1.79739
_09385_, 248.02, 133.28, 1.79728
_14993_, 248.02, 133.28, 1.79728
_16241_, 248.02, 133.28, 1.79728
FILLER_0_45_517, 248.02, 133.28, 1.79728
FILLER_0_45_528, 248.02, 133.28, 1.79728
FILLER_0_46_529, 248.02, 133.28, 1.79728
_11709_, 273.02, 133.28, 1.79718
_16023_, 273.02, 133.28, 1.79718
_09095_, 298.02, 133.28, 1.79711
_09451_, 298.02, 133.28, 1.79711
_11688_, 298.02, 133.28, 1.79711
_15408_, 298.02, 133.28, 1.79711
_18193_, 298.02, 133.28, 1.79711
hold383, 298.02, 133.28, 1.79711
FILLER_0_45_641, 298.02, 133.28, 1.79711
FILLER_0_46_645, 298.02, 133.28, 1.79711
_11647_, 323.02, 133.28, 1.79707
_14279_, 323.02, 133.28, 1.79707
_16595_, 323.02, 133.28, 1.79707
FILLER_0_44_679, 323.02, 133.28, 1.79707
FILLER_0_44_689, 323.02, 133.28, 1.79707
FILLER_0_46_697, 323.02, 133.28, 1.79707
_11705_, 348.02, 133.28, 1.79703
_11706_, 348.02, 133.28, 1.79703
_13988_, 348.02, 133.28, 1.79703
_15538_, 348.02, 133.28, 1.79703
_16733_, 348.02, 133.28, 1.79703
_18831_, 348.02, 133.28, 1.79703
FILLER_0_44_738, 348.02, 133.28, 1.79703
_14346_, 373.02, 133.28, 1.797
_14624_, 373.02, 133.28, 1.797
_14625_, 373.02, 133.28, 1.797
FILLER_0_44_798, 373.02, 133.28, 1.797
FILLER_0_45_808, 373.02, 133.28, 1.797
_13836_, 398.02, 133.28, 1.79696
_16807_, 398.02, 133.28, 1.79696
_18897_, 398.02, 133.28, 1.79696
FILLER_0_44_842, 398.02, 133.28, 1.79696
FILLER_0_45_841, 398.02, 133.28, 1.79696
FILLER_0_45_854, 398.02, 133.28, 1.79696
FILLER_0_46_861, 398.02, 133.28, 1.79696
_14065_, 423.02, 133.28, 1.79692
_14622_, 423.02, 133.28, 1.79692
FILLER_0_46_1029, 473.02, 133.28, 1.79689
PHY_84, 5.52, 127.84, 1.79794
PHY_86, 5.52, 127.84, 1.79794
FILLER_0_43_3, 5.52, 127.84, 1.79794
PHY_85, 494.04, 127.84, 1.7969
PHY_87, 494.04, 127.84, 1.7969
_09119_, 23.02, 127.84, 1.79797
_14228_, 23.02, 127.84, 1.79797
_18090_, 23.02, 127.84, 1.79797
FILLER_0_42_38, 23.02, 127.84, 1.79797
FILLER_0_43_39, 23.02, 127.84, 1.79797
FILLER_0_43_51, 23.02, 127.84, 1.79797
_09123_, 48.02, 127.84, 1.79805
_13917_, 48.02, 127.84, 1.79805
_13920_, 48.02, 127.84, 1.79805
FILLER_0_44_97, 48.02, 127.84, 1.79805
_09115_, 73.02, 127.84, 1.79819
_18091_, 73.02, 127.84, 1.79819
_18734_, 73.02, 127.84, 1.79819
FILLER_0_42_141, 73.02, 127.84, 1.79819
FILLER_0_43_140, 73.02, 127.84, 1.79819
FILLER_0_44_153, 73.02, 127.84, 1.79819
_09107_, 98.02, 127.84, 1.79834
_14366_, 98.02, 127.84, 1.79834
_14367_, 98.02, 127.84, 1.79834
_14369_, 98.02, 127.84, 1.79834
_16549_, 98.02, 127.84, 1.79834
_18664_, 98.02, 127.84, 1.79834
_14006_, 123.02, 127.84, 1.79829
_16797_, 123.02, 127.84, 1.79829
_18825_, 123.02, 127.84, 1.79829
FILLER_0_43_262, 123.02, 127.84, 1.79829
_09642_, 148.02, 127.84, 1.79803
_09643_, 148.02, 127.84, 1.79803
_11864_, 148.02, 127.84, 1.79803
_11879_, 148.02, 127.84, 1.79803
_18666_, 148.02, 127.84, 1.79803
FILLER_0_43_321, 148.02, 127.84, 1.79803
_09582_, 173.02, 127.84, 1.79778
_09583_, 173.02, 127.84, 1.79778
_11824_, 173.02, 127.84, 1.79778
_14359_, 173.02, 127.84, 1.79778
FILLER_0_43_365, 173.02, 127.84, 1.79778
FILLER_0_43_373, 173.02, 127.84, 1.79778
_09543_, 198.02, 127.84, 1.79758
_13991_, 198.02, 127.84, 1.79758
_13994_, 198.02, 127.84, 1.79758
_18829_, 198.02, 127.84, 1.79758
FILLER_0_42_413, 198.02, 127.84, 1.79758
FILLER_0_43_421, 198.02, 127.84, 1.79758
_09325_, 223.02, 127.84, 1.79742
_14918_, 223.02, 127.84, 1.79742
_14919_, 223.02, 127.84, 1.79742
_14986_, 223.02, 127.84, 1.79742
_14987_, 223.02, 127.84, 1.79742
_18934_, 223.02, 127.84, 1.79742
FILLER_0_43_486, 223.02, 127.84, 1.79742
_11621_, 248.02, 127.84, 1.7973
_14992_, 248.02, 127.84, 1.7973
_14994_, 248.02, 127.84, 1.7973
_14995_, 248.02, 127.84, 1.7973
_16240_, 248.02, 127.84, 1.7973
FILLER_0_43_532, 248.02, 127.84, 1.7973
_13763_, 273.02, 127.84, 1.79721
_13764_, 273.02, 127.84, 1.79721
_16591_, 273.02, 127.84, 1.79721
_16844_, 273.02, 127.84, 1.79721
FILLER_0_42_581, 273.02, 127.84, 1.79721
FILLER_0_43_585, 273.02, 127.84, 1.79721
_11579_, 298.02, 127.84, 1.79713
_14702_, 298.02, 127.84, 1.79713
_16592_, 298.02, 127.84, 1.79713
FILLER_0_43_636, 298.02, 127.84, 1.79713
FILLER_0_43_649, 298.02, 127.84, 1.79713
FILLER_0_44_640, 298.02, 127.84, 1.79713
_11648_, 323.02, 127.84, 1.79707
_13561_, 323.02, 127.84, 1.79707
_13977_, 323.02, 127.84, 1.79707
_14280_, 323.02, 127.84, 1.79707
_19026_, 323.02, 127.84, 1.79707
FILLER_0_43_685, 323.02, 127.84, 1.79707
FILLER_0_44_696, 323.02, 127.84, 1.79707
_13987_, 348.02, 127.84, 1.79705
_15537_, 348.02, 127.84, 1.79705
_15956_, 348.02, 127.84, 1.79705
FILLER_0_42_734, 348.02, 127.84, 1.79705
FILLER_0_44_757, 348.02, 127.84, 1.79705
_09427_, 373.02, 127.84, 1.79702
FILLER_0_42_789, 373.02, 127.84, 1.79702
FILLER_0_42_797, 373.02, 127.84, 1.79702
_13833_, 398.02, 127.84, 1.79698
_13835_, 398.02, 127.84, 1.79698
_13979_, 398.02, 127.84, 1.79698
FILLER_0_43_841, 398.02, 127.84, 1.79698
FILLER_0_43_856, 398.02, 127.84, 1.79698
_14062_, 423.02, 127.84, 1.79694
_14066_, 423.02, 127.84, 1.79694
_18806_, 423.02, 127.84, 1.79694
FILLER_0_43_909, 423.02, 127.84, 1.79694
FILLER_0_43_917, 423.02, 127.84, 1.79694
FILLER_0_44_969, 448.02, 127.84, 1.79692
FILLER_0_44_1029, 473.02, 127.84, 1.7969
_14229_, 5.52, 122.4, 1.79799
PHY_80, 5.52, 122.4, 1.79799
PHY_82, 5.52, 122.4, 1.79799
FILLER_0_41_3, 5.52, 122.4, 1.79799
PHY_81, 494.04, 122.4, 1.79691
PHY_83, 494.04, 122.4, 1.79691
output34, 494.04, 122.4, 1.79691
_14569_, 23.02, 122.4, 1.79802
_14570_, 23.02, 122.4, 1.79802
_16619_, 23.02, 122.4, 1.79802
_18571_, 23.02, 122.4, 1.79802
FILLER_0_41_29, 23.02, 122.4, 1.79802
_13921_, 48.02, 122.4, 1.79812
_16762_, 48.02, 122.4, 1.79812
_16763_, 48.02, 122.4, 1.79812
_16765_, 48.02, 122.4, 1.79812
_18858_, 48.02, 122.4, 1.79812
FILLER_0_40_91, 48.02, 122.4, 1.79812
FILLER_0_42_97, 48.02, 122.4, 1.79812
_13913_, 73.02, 122.4, 1.79829
_13914_, 73.02, 122.4, 1.79829
_14220_, 73.02, 122.4, 1.79829
_14221_, 73.02, 122.4, 1.79829
_16440_, 73.02, 122.4, 1.79829
_18861_, 73.02, 122.4, 1.79829
FILLER_0_40_137, 73.02, 122.4, 1.79829
FILLER_0_41_138, 73.02, 122.4, 1.79829
FILLER_0_41_159, 73.02, 122.4, 1.79829
FILLER_0_42_149, 73.02, 122.4, 1.79829
_13910_, 98.02, 122.4, 1.79849
_18665_, 98.02, 122.4, 1.79849
FILLER_0_41_189, 98.02, 122.4, 1.79849
_11858_, 123.02, 122.4, 1.79843
_13852_, 123.02, 122.4, 1.79843
FILLER_0_40_253, 123.02, 122.4, 1.79843
FILLER_0_41_261, 123.02, 122.4, 1.79843
_09628_, 148.02, 122.4, 1.79812
_09648_, 148.02, 122.4, 1.79812
_11884_, 148.02, 122.4, 1.79812
FILLER_0_40_301, 148.02, 122.4, 1.79812
FILLER_0_40_309, 148.02, 122.4, 1.79812
FILLER_0_41_323, 148.02, 122.4, 1.79812
_11818_, 173.02, 122.4, 1.79784
_14638_, 173.02, 122.4, 1.79784
_16650_, 173.02, 122.4, 1.79784
_18669_, 173.02, 122.4, 1.79784
FILLER_0_42_365, 173.02, 122.4, 1.79784
_11784_, 198.02, 122.4, 1.79762
_14631_, 198.02, 122.4, 1.79762
_14633_, 198.02, 122.4, 1.79762
FILLER_0_41_425, 198.02, 122.4, 1.79762
_09215_, 223.02, 122.4, 1.79746
_09223_, 223.02, 122.4, 1.79746
_16279_, 223.02, 122.4, 1.79746
FILLER_0_41_478, 223.02, 122.4, 1.79746
_11641_, 248.02, 122.4, 1.79733
_15064_, 248.02, 122.4, 1.79733
FILLER_0_41_529, 248.02, 122.4, 1.79733
_11642_, 273.02, 122.4, 1.79723
_14285_, 273.02, 122.4, 1.79723
_14286_, 273.02, 122.4, 1.79723
_18703_, 273.02, 122.4, 1.79723
FILLER_0_40_579, 273.02, 122.4, 1.79723
FILLER_0_41_585, 273.02, 122.4, 1.79723
_09343_, 298.02, 122.4, 1.79715
_11689_, 298.02, 122.4, 1.79715
_14283_, 298.02, 122.4, 1.79715
_14284_, 298.02, 122.4, 1.79715
hold394, 298.02, 122.4, 1.79715
FILLER_0_42_645, 298.02, 122.4, 1.79715
_09412_, 323.02, 122.4, 1.79709
_09432_, 323.02, 122.4, 1.79709
_11668_, 323.02, 122.4, 1.79709
_13562_, 323.02, 122.4, 1.79709
_14351_, 348.02, 122.4, 1.79705
_14352_, 348.02, 122.4, 1.79705
_18672_, 348.02, 122.4, 1.79705
hold304, 348.02, 122.4, 1.79705
FILLER_0_41_741, 348.02, 122.4, 1.79705
_11664_, 373.02, 122.4, 1.79702
_13981_, 373.02, 122.4, 1.79702
_13982_, 373.02, 122.4, 1.79702
_14349_, 373.02, 122.4, 1.79702
_14350_, 373.02, 122.4, 1.79702
_16735_, 373.02, 122.4, 1.79702
_18833_, 373.02, 122.4, 1.79702
FILLER_0_40_786, 373.02, 122.4, 1.79702
_16736_, 398.02, 122.4, 1.79698
_18834_, 398.02, 122.4, 1.79698
FILLER_0_42_859, 398.02, 122.4, 1.79698
_09330_, 423.02, 122.4, 1.79694
_09350_, 423.02, 122.4, 1.79694
_11586_, 423.02, 122.4, 1.79694
_14137_, 423.02, 122.4, 1.79694
_18773_, 423.02, 122.4, 1.79694
_18775_, 448.02, 122.4, 1.79692
FILLER_0_41_949, 448.02, 122.4, 1.79692
FILLER_0_42_973, 448.02, 122.4, 1.79692
FILLER_0_42_1029, 473.02, 122.4, 1.79691
PHY_76, 5.52, 116.96, 1.79804
PHY_78, 5.52, 116.96, 1.79804
output6, 5.52, 116.96, 1.79804
PHY_77, 494.04, 116.96, 1.79693
PHY_79, 494.04, 116.96, 1.79693
_14574_, 23.02, 116.96, 1.79807
_14575_, 23.02, 116.96, 1.79807
clkbuf_leaf_1_i_clk, 23.02, 116.96, 1.79807
FILLER_0_38_29, 23.02, 116.96, 1.79807
FILLER_0_40_41, 23.02, 116.96, 1.79807
_14578_, 48.02, 116.96, 1.79818
_16441_, 48.02, 116.96, 1.79818
clkbuf_leaf_2_i_clk, 48.02, 116.96, 1.79818
FILLER_0_38_85, 48.02, 116.96, 1.79818
FILLER_0_39_87, 48.02, 116.96, 1.79818
FILLER_0_39_95, 48.02, 116.96, 1.79818
FILLER_0_39_101, 48.02, 116.96, 1.79818
_14566_, 73.02, 116.96, 1.7984
_16447_, 73.02, 116.96, 1.7984
_18573_, 73.02, 116.96, 1.7984
FILLER_0_38_141, 73.02, 116.96, 1.7984
FILLER_0_39_136, 73.02, 116.96, 1.7984
_14098_, 98.02, 116.96, 1.79864
_16448_, 98.02, 116.96, 1.79864
FILLER_0_38_190, 98.02, 116.96, 1.79864
FILLER_0_38_197, 98.02, 116.96, 1.79864
FILLER_0_39_207, 98.02, 116.96, 1.79864
_14641_, 123.02, 116.96, 1.79858
_14642_, 123.02, 116.96, 1.79858
_16798_, 123.02, 116.96, 1.79858
_18537_, 123.02, 116.96, 1.79858
FILLER_0_39_257, 123.02, 116.96, 1.79858
_14640_, 148.02, 116.96, 1.79823
_16406_, 148.02, 116.96, 1.79823
_18538_, 148.02, 116.96, 1.79823
FILLER_0_38_301, 148.02, 116.96, 1.79823
_13847_, 173.02, 116.96, 1.7979
_14637_, 173.02, 116.96, 1.7979
_16409_, 173.02, 116.96, 1.7979
clkbuf_leaf_167_i_clk, 173.02, 116.96, 1.7979
FILLER_0_39_352, 173.02, 116.96, 1.7979
_11737_, 198.02, 116.96, 1.79766
_14634_, 198.02, 116.96, 1.79766
_14635_, 198.02, 116.96, 1.79766
_16411_, 198.02, 116.96, 1.79766
_18541_, 198.02, 116.96, 1.79766
FILLER_0_38_413, 198.02, 116.96, 1.79766
FILLER_0_39_405, 198.02, 116.96, 1.79766
FILLER_0_39_431, 198.02, 116.96, 1.79766
_11454_, 223.02, 116.96, 1.79748
_11458_, 223.02, 116.96, 1.79748
_11462_, 223.02, 116.96, 1.79748
_13771_, 223.02, 116.96, 1.79748
_13772_, 223.02, 116.96, 1.79748
_16410_, 223.02, 116.96, 1.79748
_18927_, 223.02, 116.96, 1.79748
FILLER_0_38_466, 223.02, 116.96, 1.79748
_09405_, 248.02, 116.96, 1.79735
_09445_, 248.02, 116.96, 1.79735
_11682_, 248.02, 116.96, 1.79735
_15063_, 248.02, 116.96, 1.79735
FILLER_0_39_540, 248.02, 116.96, 1.79735
FILLER_0_40_540, 248.02, 116.96, 1.79735
_09446_, 273.02, 116.96, 1.79725
_11662_, 273.02, 116.96, 1.79725
_13566_, 273.02, 116.96, 1.79725
_13567_, 273.02, 116.96, 1.79725
_19023_, 273.02, 116.96, 1.79725
FILLER_0_38_577, 273.02, 116.96, 1.79725
FILLER_0_39_577, 273.02, 116.96, 1.79725
_09452_, 298.02, 116.96, 1.79716
_09453_, 298.02, 116.96, 1.79716
_09463_, 298.02, 116.96, 1.79716
_13564_, 298.02, 116.96, 1.79716
_13565_, 298.02, 116.96, 1.79716
_19024_, 298.02, 116.96, 1.79716
FILLER_0_38_629, 298.02, 116.96, 1.79716
_09241_, 323.02, 116.96, 1.7971
_11669_, 323.02, 116.96, 1.7971
_11679_, 323.02, 116.96, 1.7971
_14129_, 323.02, 116.96, 1.7971
FILLER_0_38_686, 323.02, 116.96, 1.7971
_15539_, 348.02, 116.96, 1.79706
_15955_, 348.02, 116.96, 1.79706
_16673_, 348.02, 116.96, 1.79706
FILLER_0_40_746, 348.02, 116.96, 1.79706
_16558_, 373.02, 116.96, 1.79703
_18673_, 373.02, 116.96, 1.79703
clkbuf_leaf_131_i_clk, 398.02, 116.96, 1.79698
FILLER_0_38_850, 398.02, 116.96, 1.79698
FILLER_0_40_861, 398.02, 116.96, 1.79698
_11546_, 423.02, 116.96, 1.79696
_11566_, 423.02, 116.96, 1.79696
_14136_, 423.02, 116.96, 1.79696
FILLER_0_39_897, 423.02, 116.96, 1.79696
FILLER_0_39_919, 423.02, 116.96, 1.79696
_16666_, 448.02, 116.96, 1.79694
_16671_, 448.02, 116.96, 1.79694
FILLER_0_39_949, 448.02, 116.96, 1.79694
FILLER_0_40_974, 448.02, 116.96, 1.79694
FILLER_0_40_1029, 473.02, 116.96, 1.79693
_14434_, 5.52, 111.52, 1.79806
PHY_72, 5.52, 111.52, 1.79806
PHY_74, 5.52, 111.52, 1.79806
FILLER_0_38_3, 5.52, 111.52, 1.79806
PHY_73, 494.04, 111.52, 1.79694
PHY_75, 494.04, 111.52, 1.79694
_14437_, 23.02, 111.52, 1.79809
_14576_, 23.02, 111.52, 1.79809
_18568_, 23.02, 111.52, 1.79809
_18569_, 23.02, 111.52, 1.79809
_14577_, 48.02, 111.52, 1.79819
_18567_, 48.02, 111.52, 1.79819
_18570_, 48.02, 111.52, 1.79819
hold417, 48.02, 111.52, 1.79819
FILLER_0_36_81, 48.02, 111.52, 1.79819
FILLER_0_37_81, 48.02, 111.52, 1.79819
_14565_, 73.02, 111.52, 1.79837
_16039_, 73.02, 111.52, 1.79837
_16439_, 73.02, 111.52, 1.79837
clkbuf_leaf_4_i_clk, 73.02, 111.52, 1.79837
FILLER_0_37_157, 73.02, 111.52, 1.79837
FILLER_0_38_156, 73.02, 111.52, 1.79837
_14094_, 98.02, 111.52, 1.79859
_16449_, 98.02, 111.52, 1.79859
_18790_, 98.02, 111.52, 1.79859
_18792_, 98.02, 111.52, 1.79859
FILLER_0_37_201, 98.02, 111.52, 1.79859
_18758_, 123.02, 111.52, 1.79854
FILLER_0_36_253, 123.02, 111.52, 1.79854
FILLER_0_37_246, 123.02, 111.52, 1.79854
FILLER_0_37_254, 123.02, 111.52, 1.79854
_14163_, 148.02, 111.52, 1.79821
_14164_, 148.02, 111.52, 1.79821
_16655_, 148.02, 111.52, 1.79821
_18890_, 148.02, 111.52, 1.79821
FILLER_0_37_301, 148.02, 111.52, 1.79821
FILLER_0_37_313, 148.02, 111.52, 1.79821
FILLER_0_38_321, 148.02, 111.52, 1.79821
_13845_, 173.02, 111.52, 1.79792
_18892_, 173.02, 111.52, 1.79792
_18893_, 173.02, 111.52, 1.79792
FILLER_0_36_359, 173.02, 111.52, 1.79792
FILLER_0_38_365, 173.02, 111.52, 1.79792
_09499_, 198.02, 111.52, 1.79769
_14080_, 198.02, 111.52, 1.79769
_14150_, 198.02, 111.52, 1.79769
FILLER_0_36_410, 198.02, 111.52, 1.79769
FILLER_0_38_421, 198.02, 111.52, 1.79769
FILLER_0_38_430, 198.02, 111.52, 1.79769
_09219_, 223.02, 111.52, 1.79751
_09465_, 223.02, 111.52, 1.79751
_11703_, 223.02, 111.52, 1.79751
_16200_, 223.02, 111.52, 1.79751
_16840_, 223.02, 111.52, 1.79751
FILLER_0_38_477, 223.02, 111.52, 1.79751
_09425_, 248.02, 111.52, 1.79737
_11661_, 248.02, 111.52, 1.79737
_15065_, 248.02, 111.52, 1.79737
_16203_, 248.02, 111.52, 1.79737
FILLER_0_37_514, 248.02, 111.52, 1.79737
_09426_, 273.02, 111.52, 1.79725
_11721_, 273.02, 111.52, 1.79725
clkbuf_leaf_150_i_clk, 273.02, 111.52, 1.79725
FILLER_0_37_590, 273.02, 111.52, 1.79725
FILLER_0_38_585, 273.02, 111.52, 1.79725
_15544_, 298.02, 111.52, 1.79718
_18134_, 298.02, 111.52, 1.79718
hold436, 298.02, 111.52, 1.79718
FILLER_0_37_640, 298.02, 111.52, 1.79718
_09470_, 323.02, 111.52, 1.79712
_11478_, 323.02, 111.52, 1.79712
_11708_, 323.02, 111.52, 1.79712
_18129_, 323.02, 111.52, 1.79712
FILLER_0_36_677, 323.02, 111.52, 1.79712
FILLER_0_38_695, 323.02, 111.52, 1.79712
FILLER_0_38_701, 323.02, 111.52, 1.79712
_14130_, 348.02, 111.52, 1.79708
_14131_, 348.02, 111.52, 1.79708
_18808_, 348.02, 111.52, 1.79708
FILLER_0_38_751, 348.02, 111.52, 1.79708
FILLER_0_38_757, 348.02, 111.52, 1.79708
_11687_, 373.02, 111.52, 1.79704
_11626_, 398.02, 111.52, 1.797
_11666_, 398.02, 111.52, 1.797
_14073_, 398.02, 111.52, 1.797
FILLER_0_37_861, 398.02, 111.52, 1.797
FILLER_0_38_858, 398.02, 111.52, 1.797
FILLER_0_38_864, 398.02, 111.52, 1.797
_09370_, 423.02, 111.52, 1.79697
_14068_, 423.02, 111.52, 1.79697
FILLER_0_38_920, 423.02, 111.52, 1.79697
_16668_, 448.02, 111.52, 1.79695
FILLER_0_38_974, 448.02, 111.52, 1.79695
FILLER_0_38_1029, 473.02, 111.52, 1.79694
PHY_68, 5.52, 106.08, 1.79807
PHY_70, 5.52, 106.08, 1.79807
FILLER_0_36_3, 5.52, 106.08, 1.79807
PHY_69, 494.04, 106.08, 1.79695
PHY_71, 494.04, 106.08, 1.79695
_14435_, 23.02, 106.08, 1.7981
_14436_, 23.02, 106.08, 1.7981
_14443_, 23.02, 106.08, 1.7981
_14444_, 23.02, 106.08, 1.7981
FILLER_0_34_29, 23.02, 106.08, 1.7981
FILLER_0_35_27, 23.02, 106.08, 1.7981
FILLER_0_35_40, 23.02, 106.08, 1.7981
_14431_, 48.02, 106.08, 1.79819
_14432_, 48.02, 106.08, 1.79819
_16515_, 48.02, 106.08, 1.79819
_18635_, 48.02, 106.08, 1.79819
FILLER_0_34_79, 48.02, 106.08, 1.79819
FILLER_0_35_103, 48.02, 106.08, 1.79819
_14428_, 73.02, 106.08, 1.79834
_15362_, 73.02, 106.08, 1.79834
_15363_, 73.02, 106.08, 1.79834
_16048_, 73.02, 106.08, 1.79834
FILLER_0_34_141, 73.02, 106.08, 1.79834
FILLER_0_35_151, 73.02, 106.08, 1.79834
FILLER_0_35_160, 73.02, 106.08, 1.79834
_16519_, 98.02, 106.08, 1.79851
FILLER_0_34_193, 98.02, 106.08, 1.79851
FILLER_0_34_197, 98.02, 106.08, 1.79851
FILLER_0_36_209, 98.02, 106.08, 1.79851
_14096_, 123.02, 106.08, 1.79845
_14099_, 123.02, 106.08, 1.79845
_14167_, 123.02, 106.08, 1.79845
_14168_, 123.02, 106.08, 1.79845
_14169_, 123.02, 106.08, 1.79845
_14170_, 123.02, 106.08, 1.79845
_16687_, 123.02, 106.08, 1.79845
FILLER_0_34_246, 123.02, 106.08, 1.79845
FILLER_0_35_255, 123.02, 106.08, 1.79845
FILLER_0_35_263, 123.02, 106.08, 1.79845
_09645_, 148.02, 106.08, 1.79817
_11881_, 148.02, 106.08, 1.79817
_16652_, 148.02, 106.08, 1.79817
_18760_, 148.02, 106.08, 1.79817
FILLER_0_34_300, 148.02, 106.08, 1.79817
FILLER_0_36_320, 148.02, 106.08, 1.79817
_13844_, 173.02, 106.08, 1.79791
_14157_, 173.02, 106.08, 1.79791
_14158_, 173.02, 106.08, 1.79791
_16802_, 173.02, 106.08, 1.79791
FILLER_0_36_365, 173.02, 106.08, 1.79791
_09504_, 198.02, 106.08, 1.79769
_11741_, 198.02, 106.08, 1.79769
_14081_, 198.02, 106.08, 1.79769
_14151_, 198.02, 106.08, 1.79769
_18766_, 198.02, 106.08, 1.79769
FILLER_0_34_414, 198.02, 106.08, 1.79769
FILLER_0_35_414, 198.02, 106.08, 1.79769
FILLER_0_36_421, 198.02, 106.08, 1.79769
_14913_, 223.02, 106.08, 1.79752
_14981_, 223.02, 106.08, 1.79752
_15050_, 223.02, 106.08, 1.79752
_15069_, 223.02, 106.08, 1.79752
_15070_, 223.02, 106.08, 1.79752
FILLER_0_34_460, 223.02, 106.08, 1.79752
FILLER_0_35_468, 223.02, 106.08, 1.79752
FILLER_0_36_486, 223.02, 106.08, 1.79752
_14678_, 248.02, 106.08, 1.79739
_15061_, 248.02, 106.08, 1.79739
_15062_, 248.02, 106.08, 1.79739
_15066_, 248.02, 106.08, 1.79739
_16202_, 248.02, 106.08, 1.79739
FILLER_0_34_521, 248.02, 106.08, 1.79739
FILLER_0_35_517, 248.02, 106.08, 1.79739
FILLER_0_35_524, 248.02, 106.08, 1.79739
_16842_, 273.02, 106.08, 1.79728
_18929_, 273.02, 106.08, 1.79728
FILLER_0_36_584, 273.02, 106.08, 1.79728
FILLER_0_36_592, 273.02, 106.08, 1.79728
_13498_, 298.02, 106.08, 1.7972
_14477_, 298.02, 106.08, 1.7972
_15953_, 298.02, 106.08, 1.7972
hold354, 298.02, 106.08, 1.7972
FILLER_0_34_627, 298.02, 106.08, 1.7972
FILLER_0_34_633, 298.02, 106.08, 1.7972
FILLER_0_35_624, 298.02, 106.08, 1.7972
FILLER_0_35_643, 298.02, 106.08, 1.7972
FILLER_0_36_641, 298.02, 106.08, 1.7972
FILLER_0_36_645, 298.02, 106.08, 1.7972
_14148_, 323.02, 106.08, 1.79714
_14149_, 323.02, 106.08, 1.79714
_18767_, 323.02, 106.08, 1.79714
FILLER_0_34_685, 323.02, 106.08, 1.79714
FILLER_0_36_697, 323.02, 106.08, 1.79714
FILLER_0_36_701, 323.02, 106.08, 1.79714
_09247_, 348.02, 106.08, 1.79708
_14060_, 348.02, 106.08, 1.79708
_14061_, 348.02, 106.08, 1.79708
_14561_, 348.02, 106.08, 1.79708
FILLER_0_35_747, 348.02, 106.08, 1.79708
FILLER_0_36_749, 348.02, 106.08, 1.79708
_09450_, 373.02, 106.08, 1.79703
_16664_, 373.02, 106.08, 1.79703
FILLER_0_36_807, 373.02, 106.08, 1.79703
_09390_, 398.02, 106.08, 1.79699
_14071_, 398.02, 106.08, 1.79699
_18803_, 398.02, 106.08, 1.79699
FILLER_0_34_852, 398.02, 106.08, 1.79699
_09329_, 423.02, 106.08, 1.79697
_09369_, 423.02, 106.08, 1.79697
_11605_, 423.02, 106.08, 1.79697
_14141_, 423.02, 106.08, 1.79697
FILLER_0_35_916, 423.02, 106.08, 1.79697
FILLER_0_36_915, 423.02, 106.08, 1.79697
FILLER_0_36_970, 448.02, 106.08, 1.79696
FILLER_0_36_1029, 473.02, 106.08, 1.79695
PHY_64, 5.52, 100.64, 1.79807
PHY_66, 5.52, 100.64, 1.79807
FILLER_0_33_3, 5.52, 100.64, 1.79807
PHY_65, 494.04, 100.64, 1.79696
PHY_67, 494.04, 100.64, 1.79696
_18629_, 23.02, 100.64, 1.79809
_18633_, 23.02, 100.64, 1.79809
FILLER_0_33_27, 23.02, 100.64, 1.79809
_09716_, 48.02, 100.64, 1.79817
_18215_, 48.02, 100.64, 1.79817
FILLER_0_33_99, 48.02, 100.64, 1.79817
FILLER_0_34_96, 48.02, 100.64, 1.79817
_11933_, 73.02, 100.64, 1.79829
_14427_, 73.02, 100.64, 1.79829
_18637_, 73.02, 100.64, 1.79829
FILLER_0_33_152, 73.02, 100.64, 1.79829
_09525_, 98.02, 100.64, 1.79842
_14088_, 98.02, 100.64, 1.79842
_14090_, 98.02, 100.64, 1.79842
_18795_, 98.02, 100.64, 1.79842
FILLER_0_32_192, 98.02, 100.64, 1.79842
FILLER_0_33_198, 98.02, 100.64, 1.79842
FILLER_0_34_205, 98.02, 100.64, 1.79842
_14095_, 123.02, 100.64, 1.79836
_16689_, 123.02, 100.64, 1.79836
_18757_, 123.02, 100.64, 1.79836
FILLER_0_32_245, 123.02, 100.64, 1.79836
FILLER_0_33_267, 123.02, 100.64, 1.79836
FILLER_0_34_265, 123.02, 100.64, 1.79836
_09625_, 148.02, 100.64, 1.79812
_11861_, 148.02, 100.64, 1.79812
_14161_, 148.02, 100.64, 1.79812
_14162_, 148.02, 100.64, 1.79812
_16656_, 148.02, 100.64, 1.79812
_18762_, 148.02, 100.64, 1.79812
FILLER_0_33_310, 148.02, 100.64, 1.79812
FILLER_0_34_321, 148.02, 100.64, 1.79812
_11821_, 173.02, 100.64, 1.79788
_16905_, 173.02, 100.64, 1.79788
_16916_, 173.02, 100.64, 1.79788
hold379, 173.02, 100.64, 1.79788
_09565_, 198.02, 100.64, 1.79768
_14082_, 198.02, 100.64, 1.79768
_14083_, 198.02, 100.64, 1.79768
_18798_, 198.02, 100.64, 1.79768
FILLER_0_33_420, 198.02, 100.64, 1.79768
FILLER_0_34_421, 198.02, 100.64, 1.79768
_13752_, 223.02, 100.64, 1.79752
_14933_, 223.02, 100.64, 1.79752
_15000_, 223.02, 100.64, 1.79752
_15001_, 223.02, 100.64, 1.79752
_16236_, 223.02, 100.64, 1.79752
_18383_, 223.02, 100.64, 1.79752
_18384_, 223.02, 100.64, 1.79752
FILLER_0_33_480, 223.02, 100.64, 1.79752
_14473_, 248.02, 100.64, 1.79739
_14996_, 248.02, 100.64, 1.79739
_18355_, 248.02, 100.64, 1.79739
FILLER_0_34_529, 248.02, 100.64, 1.79739
_13766_, 273.02, 100.64, 1.79728
_13767_, 273.02, 100.64, 1.79728
_13768_, 273.02, 100.64, 1.79728
_16841_, 273.02, 100.64, 1.79728
_18930_, 273.02, 100.64, 1.79728
FILLER_0_33_570, 273.02, 100.64, 1.79728
_14476_, 298.02, 100.64, 1.79717
_16493_, 298.02, 100.64, 1.79717
_18615_, 298.02, 100.64, 1.79717
_19055_, 298.02, 100.64, 1.79717
clkbuf_4_8__f_i_clk, 298.02, 100.64, 1.79717
FILLER_0_32_624, 298.02, 100.64, 1.79717
FILLER_0_34_639, 298.02, 100.64, 1.79717
_09469_, 323.02, 100.64, 1.79714
_11482_, 323.02, 100.64, 1.79714
_16663_, 323.02, 100.64, 1.79714
_16911_, 323.02, 100.64, 1.79714
_11485_, 348.02, 100.64, 1.79709
_13480_, 348.02, 100.64, 1.79709
_13617_, 348.02, 100.64, 1.79709
_13618_, 348.02, 100.64, 1.79709
_16993_, 348.02, 100.64, 1.79709
FILLER_0_32_737, 348.02, 100.64, 1.79709
FILLER_0_33_738, 348.02, 100.64, 1.79709
FILLER_0_34_753, 348.02, 100.64, 1.79709
_09449_, 373.02, 100.64, 1.79705
_11686_, 373.02, 100.64, 1.79705
_13633_, 373.02, 100.64, 1.79705
_14146_, 373.02, 100.64, 1.79705
_16699_, 373.02, 100.64, 1.79705
_16912_, 373.02, 100.64, 1.79705
FILLER_0_33_810, 373.02, 100.64, 1.79705
FILLER_0_34_803, 373.02, 100.64, 1.79705
_09389_, 398.02, 100.64, 1.79701
_11625_, 398.02, 100.64, 1.79701
_13627_, 398.02, 100.64, 1.79701
_18995_, 398.02, 100.64, 1.79701
FILLER_0_33_841, 398.02, 100.64, 1.79701
FILLER_0_34_865, 398.02, 100.64, 1.79701
_09349_, 423.02, 100.64, 1.79699
_11585_, 423.02, 100.64, 1.79699
_13485_, 423.02, 100.64, 1.79699
_13625_, 423.02, 100.64, 1.79699
_13626_, 423.02, 100.64, 1.79699
FILLER_0_33_911, 423.02, 100.64, 1.79699
FILLER_0_34_910, 423.02, 100.64, 1.79699
FILLER_0_34_918, 423.02, 100.64, 1.79699
FILLER_0_34_972, 448.02, 100.64, 1.79697
FILLER_0_34_1029, 473.02, 100.64, 1.79697
PHY_60, 5.52, 95.2, 1.79808
PHY_62, 5.52, 95.2, 1.79808
FILLER_0_31_3, 5.52, 95.2, 1.79808
FILLER_0_32_3, 5.52, 95.2, 1.79808
PHY_61, 494.04, 95.2, 1.79697
PHY_63, 494.04, 95.2, 1.79697
output32, 494.04, 95.2, 1.79697
_14877_, 23.02, 95.2, 1.7981
_14885_, 23.02, 95.2, 1.7981
_18437_, 23.02, 95.2, 1.7981
FILLER_0_30_29, 23.02, 95.2, 1.7981
FILLER_0_31_36, 23.02, 95.2, 1.7981
_09636_, 48.02, 95.2, 1.79815
_09673_, 48.02, 95.2, 1.79815
_11829_, 48.02, 95.2, 1.79815
_18439_, 48.02, 95.2, 1.79815
FILLER_0_30_85, 48.02, 95.2, 1.79815
FILLER_0_31_99, 48.02, 95.2, 1.79815
FILLER_0_32_97, 48.02, 95.2, 1.79815
_09696_, 73.02, 95.2, 1.79825
_11930_, 73.02, 95.2, 1.79825
_14883_, 73.02, 95.2, 1.79825
_14884_, 73.02, 95.2, 1.79825
FILLER_0_30_137, 73.02, 95.2, 1.79825
FILLER_0_31_137, 73.02, 95.2, 1.79825
FILLER_0_31_159, 73.02, 95.2, 1.79825
_09526_, 98.02, 95.2, 1.79833
_09576_, 98.02, 95.2, 1.79833
_11762_, 98.02, 95.2, 1.79833
_11763_, 98.02, 95.2, 1.79833
_11772_, 98.02, 95.2, 1.79833
_18794_, 98.02, 95.2, 1.79833
ANTENNA_114, 98.02, 95.2, 1.79833
_14166_, 123.02, 95.2, 1.79829
_16970_, 123.02, 95.2, 1.79829
_18759_, 123.02, 95.2, 1.79829
FILLER_0_30_246, 123.02, 95.2, 1.79829
FILLER_0_31_249, 123.02, 95.2, 1.79829
FILLER_0_32_317, 148.02, 95.2, 1.79809
_09501_, 173.02, 95.2, 1.79787
_09585_, 173.02, 95.2, 1.79787
_11739_, 173.02, 95.2, 1.79787
_16658_, 173.02, 95.2, 1.79787
_18765_, 173.02, 95.2, 1.79787
ANTENNA_13, 173.02, 95.2, 1.79787
FILLER_0_30_361, 173.02, 95.2, 1.79787
FILLER_0_31_351, 173.02, 95.2, 1.79787
_14084_, 198.02, 95.2, 1.79769
_14085_, 198.02, 95.2, 1.79769
_14155_, 198.02, 95.2, 1.79769
_18796_, 198.02, 95.2, 1.79769
FILLER_0_30_413, 198.02, 95.2, 1.79769
FILLER_0_31_416, 198.02, 95.2, 1.79769
FILLER_0_32_421, 198.02, 95.2, 1.79769
_14845_, 223.02, 95.2, 1.79753
_14932_, 223.02, 95.2, 1.79753
_16318_, 223.02, 95.2, 1.79753
FILLER_0_32_473, 223.02, 95.2, 1.79753
FILLER_0_32_486, 223.02, 95.2, 1.79753
_09262_, 248.02, 95.2, 1.7974
_09266_, 248.02, 95.2, 1.7974
_11503_, 248.02, 95.2, 1.7974
_11505_, 248.02, 95.2, 1.7974
_13684_, 248.02, 95.2, 1.7974
_14777_, 248.02, 95.2, 1.7974
_16204_, 248.02, 95.2, 1.7974
FILLER_0_32_540, 248.02, 95.2, 1.7974
_14780_, 273.02, 95.2, 1.7973
_14781_, 273.02, 95.2, 1.7973
_16352_, 273.02, 95.2, 1.7973
_16843_, 273.02, 95.2, 1.7973
FILLER_0_32_584, 273.02, 95.2, 1.7973
_09314_, 298.02, 95.2, 1.79721
_13478_, 298.02, 95.2, 1.79721
clkbuf_leaf_151_i_clk, 298.02, 95.2, 1.79721
FILLER_0_30_628, 298.02, 95.2, 1.79721
FILLER_0_31_626, 298.02, 95.2, 1.79721
FILLER_0_31_643, 298.02, 95.2, 1.79721
FILLER_0_32_641, 298.02, 95.2, 1.79721
_09374_, 323.02, 95.2, 1.79715
_11610_, 323.02, 95.2, 1.79715
_18484_, 323.02, 95.2, 1.79715
FILLER_0_31_688, 323.02, 95.2, 1.79715
FILLER_0_32_696, 323.02, 95.2, 1.79715
_09063_, 348.02, 95.2, 1.7971
_13479_, 348.02, 95.2, 1.7971
_16626_, 348.02, 95.2, 1.7971
_16881_, 348.02, 95.2, 1.7971
_19000_, 348.02, 95.2, 1.7971
_19064_, 348.02, 95.2, 1.7971
FILLER_0_31_741, 348.02, 95.2, 1.7971
_13632_, 373.02, 95.2, 1.79706
FILLER_0_31_805, 373.02, 95.2, 1.79706
_13490_, 398.02, 95.2, 1.79703
_13628_, 398.02, 95.2, 1.79703
_13630_, 398.02, 95.2, 1.79703
_16915_, 398.02, 95.2, 1.79703
_18994_, 398.02, 95.2, 1.79703
FILLER_0_30_846, 398.02, 95.2, 1.79703
FILLER_0_31_841, 398.02, 95.2, 1.79703
_09309_, 423.02, 95.2, 1.797
_13619_, 423.02, 95.2, 1.797
FILLER_0_31_916, 423.02, 95.2, 1.797
FILLER_0_32_911, 423.02, 95.2, 1.797
FILLER_0_32_969, 448.02, 95.2, 1.79699
FILLER_0_32_1029, 473.02, 95.2, 1.79698
PHY_56, 5.52, 89.76, 1.79807
PHY_58, 5.52, 89.76, 1.79807
output10, 5.52, 89.76, 1.79807
FILLER_0_29_3, 5.52, 89.76, 1.79807
PHY_57, 494.04, 89.76, 1.79699
PHY_59, 494.04, 89.76, 1.79699
_14886_, 23.02, 89.76, 1.79808
_16299_, 23.02, 89.76, 1.79808
_16302_, 23.02, 89.76, 1.79808
_18442_, 23.02, 89.76, 1.79808
clkbuf_leaf_0_i_clk, 23.02, 89.76, 1.79808
_09593_, 48.02, 89.76, 1.79813
_09596_, 48.02, 89.76, 1.79813
_09656_, 48.02, 89.76, 1.79813
_11832_, 48.02, 89.76, 1.79813
_11849_, 48.02, 89.76, 1.79813
FILLER_0_28_79, 48.02, 89.76, 1.79813
FILLER_0_28_85, 48.02, 89.76, 1.79813
FILLER_0_29_88, 48.02, 89.76, 1.79813
FILLER_0_29_99, 48.02, 89.76, 1.79813
_09553_, 73.02, 89.76, 1.7982
_16297_, 73.02, 89.76, 1.7982
_16304_, 73.02, 89.76, 1.7982
_18438_, 73.02, 89.76, 1.7982
_18445_, 73.02, 89.76, 1.7982
FILLER_0_28_141, 73.02, 89.76, 1.7982
_09528_, 98.02, 89.76, 1.79827
_09535_, 98.02, 89.76, 1.79827
_11765_, 98.02, 89.76, 1.79827
_11812_, 98.02, 89.76, 1.79827
_14866_, 98.02, 89.76, 1.79827
_14867_, 98.02, 89.76, 1.79827
_15345_, 98.02, 89.76, 1.79827
FILLER_0_28_197, 98.02, 89.76, 1.79827
_13518_, 123.02, 89.76, 1.79821
_16901_, 123.02, 89.76, 1.79821
_19045_, 123.02, 89.76, 1.79821
FILLER_0_30_265, 123.02, 89.76, 1.79821
_09624_, 148.02, 89.76, 1.79804
_09644_, 148.02, 89.76, 1.79804
_11860_, 148.02, 89.76, 1.79804
_19050_, 148.02, 89.76, 1.79804
FILLER_0_28_304, 148.02, 89.76, 1.79804
FILLER_0_29_304, 148.02, 89.76, 1.79804
FILLER_0_30_321, 148.02, 89.76, 1.79804
_09502_, 173.02, 89.76, 1.79785
_09584_, 173.02, 89.76, 1.79785
_11820_, 173.02, 89.76, 1.79785
_13499_, 173.02, 89.76, 1.79785
_16977_, 173.02, 89.76, 1.79785
ANTENNA_14, 173.02, 89.76, 1.79785
FILLER_0_29_376, 173.02, 89.76, 1.79785
FILLER_0_30_365, 173.02, 89.76, 1.79785
_09503_, 198.02, 89.76, 1.79767
_18797_, 198.02, 89.76, 1.79767
clkbuf_leaf_168_i_clk, 198.02, 89.76, 1.79767
FILLER_0_28_413, 198.02, 89.76, 1.79767
FILLER_0_29_417, 198.02, 89.76, 1.79767
FILLER_0_30_421, 198.02, 89.76, 1.79767
_09282_, 223.02, 89.76, 1.79752
_09284_, 223.02, 89.76, 1.79752
_09286_, 223.02, 89.76, 1.79752
ANTENNA_113, 223.02, 89.76, 1.79752
FILLER_0_30_477, 223.02, 89.76, 1.79752
_09264_, 248.02, 89.76, 1.7974
_09268_, 248.02, 89.76, 1.7974
_11508_, 248.02, 89.76, 1.7974
_14403_, 248.02, 89.76, 1.7974
_14474_, 248.02, 89.76, 1.7974
_18488_, 248.02, 89.76, 1.7974
_14198_, 273.02, 89.76, 1.7973
_18487_, 273.02, 89.76, 1.7973
FILLER_0_29_594, 273.02, 89.76, 1.7973
FILLER_0_30_589, 273.02, 89.76, 1.7973
_09315_, 298.02, 89.76, 1.79723
_11550_, 298.02, 89.76, 1.79723
_13688_, 298.02, 89.76, 1.79723
_18967_, 298.02, 89.76, 1.79723
FILLER_0_28_629, 298.02, 89.76, 1.79723
_09354_, 323.02, 89.76, 1.79716
_09375_, 323.02, 89.76, 1.79716
_11611_, 323.02, 89.76, 1.79716
_14786_, 323.02, 89.76, 1.79716
_14787_, 323.02, 89.76, 1.79716
FILLER_0_29_693, 323.02, 89.76, 1.79716
_11511_, 348.02, 89.76, 1.79711
_14218_, 348.02, 89.76, 1.79711
FILLER_0_28_740, 348.02, 89.76, 1.79711
FILLER_0_29_756, 348.02, 89.76, 1.79711
FILLER_0_30_746, 348.02, 89.76, 1.79711
_16984_, 373.02, 89.76, 1.79707
FILLER_0_30_805, 373.02, 89.76, 1.79707
_13492_, 398.02, 89.76, 1.79702
_16914_, 398.02, 89.76, 1.79702
_19058_, 398.02, 89.76, 1.79702
_19059_, 398.02, 89.76, 1.79702
clkbuf_leaf_137_i_clk, 398.02, 89.76, 1.79702
FILLER_0_30_863, 398.02, 89.76, 1.79702
_13487_, 423.02, 89.76, 1.79701
_13621_, 423.02, 89.76, 1.79701
_16988_, 423.02, 89.76, 1.79701
_18998_, 423.02, 89.76, 1.79701
FILLER_0_29_906, 423.02, 89.76, 1.79701
FILLER_0_30_917, 423.02, 89.76, 1.79701
FILLER_0_30_970, 448.02, 89.76, 1.797
FILLER_0_30_1029, 473.02, 89.76, 1.79699
PHY_52, 5.52, 84.32, 1.79808
PHY_54, 5.52, 84.32, 1.79808
FILLER_0_27_3, 5.52, 84.32, 1.79808
FILLER_0_28_3, 5.52, 84.32, 1.79808
PHY_53, 494.04, 84.32, 1.797
PHY_55, 494.04, 84.32, 1.797
_14879_, 23.02, 84.32, 1.79809
FILLER_0_27_49, 23.02, 84.32, 1.79809
_15353_, 48.02, 84.32, 1.79813
_16052_, 48.02, 84.32, 1.79813
FILLER_0_26_88, 48.02, 84.32, 1.79813
_14869_, 73.02, 84.32, 1.79818
_14870_, 73.02, 84.32, 1.79818
FILLER_0_26_141, 73.02, 84.32, 1.79818
FILLER_0_27_145, 73.02, 84.32, 1.79818
_14868_, 98.02, 84.32, 1.79822
_18446_, 98.02, 84.32, 1.79822
_13514_, 123.02, 84.32, 1.79816
_13515_, 123.02, 84.32, 1.79816
_13517_, 123.02, 84.32, 1.79816
_13519_, 123.02, 84.32, 1.79816
_13654_, 123.02, 84.32, 1.79816
FILLER_0_26_245, 123.02, 84.32, 1.79816
_11880_, 148.02, 84.32, 1.798
_13509_, 148.02, 84.32, 1.798
_13513_, 148.02, 84.32, 1.798
_16974_, 148.02, 84.32, 1.798
_19048_, 148.02, 84.32, 1.798
clkbuf_leaf_178_i_clk, 148.02, 84.32, 1.798
FILLER_0_28_318, 148.02, 84.32, 1.798
_16979_, 173.02, 84.32, 1.79784
_19053_, 173.02, 84.32, 1.79784
hold399, 173.02, 84.32, 1.79784
FILLER_0_26_353, 173.02, 84.32, 1.79784
FILLER_0_26_361, 173.02, 84.32, 1.79784
FILLER_0_27_358, 173.02, 84.32, 1.79784
FILLER_0_28_376, 173.02, 84.32, 1.79784
_13500_, 198.02, 84.32, 1.79768
_13504_, 198.02, 84.32, 1.79768
_13505_, 198.02, 84.32, 1.79768
_16910_, 198.02, 84.32, 1.79768
_16978_, 198.02, 84.32, 1.79768
FILLER_0_27_406, 198.02, 84.32, 1.79768
FILLER_0_27_432, 198.02, 84.32, 1.79768
_09287_, 223.02, 84.32, 1.79754
_11526_, 223.02, 84.32, 1.79754
_14846_, 223.02, 84.32, 1.79754
_14847_, 223.02, 84.32, 1.79754
_15324_, 223.02, 84.32, 1.79754
_15326_, 223.02, 84.32, 1.79754
_09269_, 248.02, 84.32, 1.79741
_09270_, 248.02, 84.32, 1.79741
_14679_, 248.02, 84.32, 1.79741
_14680_, 248.02, 84.32, 1.79741
_16388_, 248.02, 84.32, 1.79741
FILLER_0_27_534, 248.02, 84.32, 1.79741
FILLER_0_28_540, 248.02, 84.32, 1.79741
_14782_, 273.02, 84.32, 1.79731
_14783_, 273.02, 84.32, 1.79731
_18486_, 273.02, 84.32, 1.79731
FILLER_0_27_588, 273.02, 84.32, 1.79731
FILLER_0_28_585, 273.02, 84.32, 1.79731
_09335_, 298.02, 84.32, 1.79724
_11551_, 298.02, 84.32, 1.79724
_13690_, 298.02, 84.32, 1.79724
_16885_, 298.02, 84.32, 1.79724
FILLER_0_27_640, 298.02, 84.32, 1.79724
FILLER_0_28_641, 298.02, 84.32, 1.79724
_11590_, 323.02, 84.32, 1.79717
_11591_, 323.02, 84.32, 1.79717
hold402, 323.02, 84.32, 1.79717
FILLER_0_26_682, 323.02, 84.32, 1.79717
FILLER_0_26_690, 323.02, 84.32, 1.79717
FILLER_0_27_697, 323.02, 84.32, 1.79717
FILLER_0_28_691, 323.02, 84.32, 1.79717
FILLER_0_28_701, 323.02, 84.32, 1.79717
_09272_, 348.02, 84.32, 1.79712
_09274_, 348.02, 84.32, 1.79712
_09278_, 348.02, 84.32, 1.79712
_11513_, 348.02, 84.32, 1.79712
_11517_, 348.02, 84.32, 1.79712
_14217_, 348.02, 84.32, 1.79712
_16882_, 348.02, 84.32, 1.79712
_19658_, 348.02, 84.32, 1.79712
ANTENNA_19, 348.02, 84.32, 1.79712
ANTENNA_44, 348.02, 84.32, 1.79712
ANTENNA_105, 348.02, 84.32, 1.79712
FILLER_0_26_736, 348.02, 84.32, 1.79712
_14543_, 373.02, 84.32, 1.79708
_14544_, 373.02, 84.32, 1.79708
FILLER_0_27_801, 373.02, 84.32, 1.79708
FILLER_0_28_801, 373.02, 84.32, 1.79708
FILLER_0_28_809, 373.02, 84.32, 1.79708
_13489_, 398.02, 84.32, 1.79704
_16987_, 398.02, 84.32, 1.79704
FILLER_0_27_865, 398.02, 84.32, 1.79704
_13622_, 423.02, 84.32, 1.79702
_13624_, 423.02, 84.32, 1.79702
_19063_, 423.02, 84.32, 1.79702
FILLER_0_28_908, 423.02, 84.32, 1.79702
FILLER_0_27_949, 448.02, 84.32, 1.79701
FILLER_0_28_969, 448.02, 84.32, 1.79701
FILLER_0_28_1029, 473.02, 84.32, 1.797
PHY_48, 5.52, 78.88, 1.79807
PHY_50, 5.52, 78.88, 1.79807
PHY_49, 494.04, 78.88, 1.797
PHY_51, 494.04, 78.88, 1.797
_13450_, 23.02, 78.88, 1.79808
_15297_, 23.02, 78.88, 1.79808
_16082_, 23.02, 78.88, 1.79808
_17006_, 23.02, 78.88, 1.79808
_18245_, 23.02, 78.88, 1.79808
FILLER_0_24_29, 23.02, 78.88, 1.79808
FILLER_0_25_33, 23.02, 78.88, 1.79808
_15352_, 48.02, 78.88, 1.7981
_16051_, 48.02, 78.88, 1.7981
_18219_, 48.02, 78.88, 1.7981
FILLER_0_25_84, 48.02, 78.88, 1.7981
_16072_, 73.02, 78.88, 1.79814
_16155_, 73.02, 78.88, 1.79814
FILLER_0_24_137, 73.02, 78.88, 1.79814
FILLER_0_24_141, 73.02, 78.88, 1.79814
_15346_, 98.02, 78.88, 1.79817
_15347_, 98.02, 78.88, 1.79817
_16055_, 98.02, 78.88, 1.79817
_16057_, 98.02, 78.88, 1.79817
_18222_, 98.02, 78.88, 1.79817
_19046_, 123.02, 78.88, 1.79812
_19047_, 123.02, 78.88, 1.79812
FILLER_0_24_249, 123.02, 78.88, 1.79812
FILLER_0_24_253, 123.02, 78.88, 1.79812
FILLER_0_25_245, 123.02, 78.88, 1.79812
FILLER_0_25_253, 123.02, 78.88, 1.79812
_13512_, 148.02, 78.88, 1.79798
_13651_, 148.02, 78.88, 1.79798
_16903_, 148.02, 78.88, 1.79798
_16904_, 148.02, 78.88, 1.79798
_18984_, 148.02, 78.88, 1.79798
FILLER_0_25_297, 148.02, 78.88, 1.79798
FILLER_0_25_303, 148.02, 78.88, 1.79798
FILLER_0_25_320, 148.02, 78.88, 1.79798
_13502_, 173.02, 78.88, 1.79783
_13503_, 173.02, 78.88, 1.79783
_13640_, 173.02, 78.88, 1.79783
_16907_, 173.02, 78.88, 1.79783
FILLER_0_25_360, 173.02, 78.88, 1.79783
_13501_, 198.02, 78.88, 1.79767
_19052_, 198.02, 78.88, 1.79767
_19054_, 198.02, 78.88, 1.79767
FILLER_0_24_415, 198.02, 78.88, 1.79767
FILLER_0_25_413, 198.02, 78.88, 1.79767
_15189_, 223.02, 78.88, 1.79754
_15325_, 223.02, 78.88, 1.79754
_16068_, 223.02, 78.88, 1.79754
ANTENNA_23, 223.02, 78.88, 1.79754
FILLER_0_24_470, 223.02, 78.88, 1.79754
FILLER_0_25_462, 223.02, 78.88, 1.79754
FILLER_0_25_482, 223.02, 78.88, 1.79754
_13685_, 248.02, 78.88, 1.79742
_13686_, 248.02, 78.88, 1.79742
_18968_, 248.02, 78.88, 1.79742
FILLER_0_24_526, 248.02, 78.88, 1.79742
FILLER_0_25_529, 248.02, 78.88, 1.79742
_14479_, 273.02, 78.88, 1.79733
_14703_, 273.02, 78.88, 1.79733
_16379_, 273.02, 78.88, 1.79733
_18518_, 273.02, 78.88, 1.79733
FILLER_0_25_590, 273.02, 78.88, 1.79733
FILLER_0_26_589, 273.02, 78.88, 1.79733
_13689_, 298.02, 78.88, 1.79724
_16884_, 298.02, 78.88, 1.79724
_18966_, 298.02, 78.88, 1.79724
clkbuf_leaf_148_i_clk, 298.02, 78.88, 1.79724
FILLER_0_24_630, 298.02, 78.88, 1.79724
FILLER_0_26_640, 298.02, 78.88, 1.79724
_14486_, 323.02, 78.88, 1.79717
_14784_, 323.02, 78.88, 1.79717
_14785_, 323.02, 78.88, 1.79717
_16349_, 323.02, 78.88, 1.79717
_18485_, 323.02, 78.88, 1.79717
FILLER_0_24_689, 323.02, 78.88, 1.79717
FILLER_0_25_685, 323.02, 78.88, 1.79717
_09276_, 348.02, 78.88, 1.79712
_11515_, 348.02, 78.88, 1.79712
_16879_, 348.02, 78.88, 1.79712
_18744_, 348.02, 78.88, 1.79712
ANTENNA_42, 348.02, 78.88, 1.79712
FILLER_0_25_749, 348.02, 78.88, 1.79712
_14545_, 373.02, 78.88, 1.79708
_16459_, 373.02, 78.88, 1.79708
_18583_, 373.02, 78.88, 1.79708
FILLER_0_25_794, 373.02, 78.88, 1.79708
_09316_, 398.02, 78.88, 1.79705
_09376_, 398.02, 78.88, 1.79705
_11552_, 398.02, 78.88, 1.79705
FILLER_0_24_842, 398.02, 78.88, 1.79705
FILLER_0_26_858, 398.02, 78.88, 1.79705
_14201_, 423.02, 78.88, 1.79703
_16990_, 423.02, 78.88, 1.79703
_16991_, 423.02, 78.88, 1.79703
FILLER_0_26_919, 423.02, 78.88, 1.79703
FILLER_0_26_973, 448.02, 78.88, 1.79702
FILLER_0_26_1029, 473.02, 78.88, 1.79701
PHY_44, 5.52, 73.44, 1.79807
PHY_46, 5.52, 73.44, 1.79807
FILLER_0_23_3, 5.52, 73.44, 1.79807
FILLER_0_24_3, 5.52, 73.44, 1.79807
PHY_45, 494.04, 73.44, 1.79701
PHY_47, 494.04, 73.44, 1.79701
_19077_, 23.02, 73.44, 1.79807
FILLER_0_23_29, 23.02, 73.44, 1.79807
_09715_, 48.02, 73.44, 1.7981
_13440_, 48.02, 73.44, 1.7981
_17013_, 48.02, 73.44, 1.7981
FILLER_0_22_80, 48.02, 73.44, 1.7981
FILLER_0_23_99, 48.02, 73.44, 1.7981
_13448_, 73.02, 73.44, 1.79812
_15157_, 73.02, 73.44, 1.79812
_18221_, 73.02, 73.44, 1.79812
_19078_, 73.02, 73.44, 1.79812
_11766_, 98.02, 73.44, 1.79814
_13430_, 98.02, 73.44, 1.79814
_15140_, 98.02, 73.44, 1.79814
_13516_, 123.02, 73.44, 1.79809
_14954_, 123.02, 73.44, 1.79809
_16260_, 123.02, 73.44, 1.79809
FILLER_0_22_246, 123.02, 73.44, 1.79809
FILLER_0_22_253, 123.02, 73.44, 1.79809
FILLER_0_23_257, 123.02, 73.44, 1.79809
FILLER_0_23_263, 123.02, 73.44, 1.79809
_13650_, 148.02, 73.44, 1.79796
_13641_, 173.02, 73.44, 1.7978
_13644_, 173.02, 73.44, 1.7978
_16909_, 173.02, 73.44, 1.7978
_18989_, 173.02, 73.44, 1.7978
FILLER_0_22_358, 173.02, 73.44, 1.7978
FILLER_0_23_360, 173.02, 73.44, 1.7978
FILLER_0_23_375, 173.02, 73.44, 1.7978
_13773_, 198.02, 73.44, 1.79763
_13774_, 198.02, 73.44, 1.79763
_14934_, 198.02, 73.44, 1.79763
clkbuf_4_2__f_i_clk, 198.02, 73.44, 1.79763
FILLER_0_22_406, 198.02, 73.44, 1.79763
FILLER_0_23_405, 198.02, 73.44, 1.79763
_11530_, 223.02, 73.44, 1.79754
_11536_, 223.02, 73.44, 1.79754
_13409_, 223.02, 73.44, 1.79754
_15119_, 223.02, 73.44, 1.79754
_15121_, 223.02, 73.44, 1.79754
ANTENNA_4, 223.02, 73.44, 1.79754
ANTENNA_48, 223.02, 73.44, 1.79754
ANTENNA_115, 223.02, 73.44, 1.79754
FILLER_0_23_482, 223.02, 73.44, 1.79754
FILLER_0_24_477, 223.02, 73.44, 1.79754
_16485_, 248.02, 73.44, 1.79743
FILLER_0_22_527, 248.02, 73.44, 1.79743
_11691_, 273.02, 73.44, 1.79733
_14490_, 273.02, 73.44, 1.79733
_14491_, 273.02, 73.44, 1.79733
_16486_, 273.02, 73.44, 1.79733
_18614_, 273.02, 73.44, 1.79733
FILLER_0_22_569, 273.02, 73.44, 1.79733
FILLER_0_24_584, 273.02, 73.44, 1.79733
_09342_, 298.02, 73.44, 1.79725
_11578_, 298.02, 73.44, 1.79725
_13410_, 298.02, 73.44, 1.79725
_13411_, 298.02, 73.44, 1.79725
FILLER_0_22_627, 298.02, 73.44, 1.79725
FILLER_0_23_629, 298.02, 73.44, 1.79725
_16345_, 323.02, 73.44, 1.79718
_18481_, 323.02, 73.44, 1.79718
hold355, 323.02, 73.44, 1.79718
FILLER_0_22_688, 323.02, 73.44, 1.79718
FILLER_0_23_685, 323.02, 73.44, 1.79718
FILLER_0_24_697, 323.02, 73.44, 1.79718
_13889_, 348.02, 73.44, 1.79712
clkbuf_leaf_139_i_clk, 348.02, 73.44, 1.79712
ANTENNA_120, 348.02, 73.44, 1.79712
FILLER_0_23_741, 348.02, 73.44, 1.79712
FILLER_0_23_757, 348.02, 73.44, 1.79712
FILLER_0_24_751, 348.02, 73.44, 1.79712
_14547_, 373.02, 73.44, 1.79709
_18582_, 373.02, 73.44, 1.79709
FILLER_0_22_787, 373.02, 73.44, 1.79709
_09068_, 398.02, 73.44, 1.79706
_09069_, 398.02, 73.44, 1.79706
_19657_, 398.02, 73.44, 1.79706
FILLER_0_22_851, 398.02, 73.44, 1.79706
_16632_, 423.02, 73.44, 1.79704
_16635_, 423.02, 73.44, 1.79704
_18743_, 423.02, 73.44, 1.79704
FILLER_0_24_918, 423.02, 73.44, 1.79704
FILLER_0_23_949, 448.02, 73.44, 1.79702
FILLER_0_24_973, 448.02, 73.44, 1.79702
FILLER_0_24_1029, 473.02, 73.44, 1.79702
PHY_40, 5.52, 68, 1.79806
PHY_42, 5.52, 68, 1.79806
FILLER_0_21_3, 5.52, 68, 1.79806
PHY_41, 494.04, 68, 1.79702
PHY_43, 494.04, 68, 1.79702
_13449_, 23.02, 68, 1.79806
_15149_, 23.02, 68, 1.79806
_19080_, 23.02, 68, 1.79806
FILLER_0_20_29, 23.02, 68, 1.79806
FILLER_0_21_49, 23.02, 68, 1.79806
FILLER_0_22_41, 23.02, 68, 1.79806
_13437_, 48.02, 68, 1.79806
_19082_, 48.02, 68, 1.79806
clkbuf_leaf_187_i_clk, 48.02, 68, 1.79806
FILLER_0_20_80, 48.02, 68, 1.79806
_09695_, 73.02, 68, 1.79808
_11791_, 73.02, 68, 1.79808
_11932_, 73.02, 68, 1.79808
_13447_, 73.02, 68, 1.79808
_17008_, 73.02, 68, 1.79808
clkbuf_leaf_182_i_clk, 73.02, 68, 1.79808
FILLER_0_20_141, 73.02, 68, 1.79808
FILLER_0_21_134, 73.02, 68, 1.79808
FILLER_0_21_147, 73.02, 68, 1.79808
_09530_, 98.02, 68, 1.79809
_09531_, 98.02, 68, 1.79809
_17005_, 98.02, 68, 1.79809
ANTENNA_5, 98.02, 68, 1.79809
ANTENNA_9, 98.02, 68, 1.79809
ANTENNA_108, 98.02, 68, 1.79809
ANTENNA_112, 98.02, 68, 1.79809
FILLER_0_20_193, 98.02, 68, 1.79809
FILLER_0_21_213, 98.02, 68, 1.79809
_14953_, 123.02, 68, 1.79804
_15091_, 123.02, 68, 1.79804
_16829_, 123.02, 68, 1.79804
_18341_, 123.02, 68, 1.79804
_18405_, 123.02, 68, 1.79804
_13787_, 148.02, 68, 1.79793
_16832_, 148.02, 68, 1.79793
FILLER_0_20_299, 148.02, 68, 1.79793
_11727_, 173.02, 68, 1.79779
_13781_, 173.02, 68, 1.79779
_15002_, 173.02, 68, 1.79779
_16834_, 173.02, 68, 1.79779
_16836_, 173.02, 68, 1.79779
FILLER_0_20_359, 173.02, 68, 1.79779
FILLER_0_21_365, 173.02, 68, 1.79779
FILLER_0_21_374, 173.02, 68, 1.79779
FILLER_0_22_365, 173.02, 68, 1.79779
_13775_, 198.02, 68, 1.79765
_14935_, 198.02, 68, 1.79765
_14936_, 198.02, 68, 1.79765
_16270_, 198.02, 68, 1.79765
_18414_, 198.02, 68, 1.79765
_18926_, 198.02, 68, 1.79765
FILLER_0_20_407, 198.02, 68, 1.79765
_09296_, 223.02, 68, 1.79753
_09297_, 223.02, 68, 1.79753
_11535_, 223.02, 68, 1.79753
_15120_, 223.02, 68, 1.79753
_18328_, 223.02, 68, 1.79753
_09474_, 248.02, 68, 1.79744
_11712_, 248.02, 68, 1.79744
_13704_, 248.02, 68, 1.79744
hold410, 248.02, 68, 1.79744
FILLER_0_20_520, 248.02, 68, 1.79744
FILLER_0_22_533, 248.02, 68, 1.79744
_09454_, 273.02, 68, 1.79735
_16877_, 273.02, 68, 1.79735
_14697_, 298.02, 68, 1.79727
_14698_, 298.02, 68, 1.79727
_16381_, 298.02, 68, 1.79727
_19096_, 298.02, 68, 1.79727
_09414_, 323.02, 68, 1.7972
_09434_, 323.02, 68, 1.7972
_11670_, 323.02, 68, 1.7972
_14792_, 323.02, 68, 1.7972
_14793_, 323.02, 68, 1.7972
_11715_, 348.02, 68, 1.79715
_13699_, 348.02, 68, 1.79715
_16878_, 348.02, 68, 1.79715
FILLER_0_21_758, 348.02, 68, 1.79715
FILLER_0_22_749, 348.02, 68, 1.79715
FILLER_0_22_757, 348.02, 68, 1.79715
_09337_, 373.02, 68, 1.7971
_14546_, 373.02, 68, 1.7971
_09077_, 398.02, 68, 1.79706
_09081_, 398.02, 68, 1.79706
_09356_, 398.02, 68, 1.79706
_11572_, 398.02, 68, 1.79706
_11592_, 398.02, 68, 1.79706
_18103_, 398.02, 68, 1.79706
FILLER_0_21_841, 398.02, 68, 1.79706
FILLER_0_21_854, 398.02, 68, 1.79706
_14204_, 423.02, 68, 1.79704
_16634_, 423.02, 68, 1.79704
FILLER_0_20_898, 423.02, 68, 1.79704
FILLER_0_22_921, 423.02, 68, 1.79704
FILLER_0_22_973, 448.02, 68, 1.79703
FILLER_0_22_1029, 473.02, 68, 1.79702
_18312_, 5.52, 62.56, 1.79805
PHY_36, 5.52, 62.56, 1.79805
PHY_38, 5.52, 62.56, 1.79805
FILLER_0_20_3, 5.52, 62.56, 1.79805
PHY_37, 494.04, 62.56, 1.79702
PHY_39, 494.04, 62.56, 1.79702
output3, 494.04, 62.56, 1.79702
_13444_, 23.02, 62.56, 1.79806
_16157_, 23.02, 62.56, 1.79806
_16158_, 23.02, 62.56, 1.79806
_17010_, 23.02, 62.56, 1.79806
_17011_, 23.02, 62.56, 1.79806
_19081_, 23.02, 62.56, 1.79806
FILLER_0_18_32, 23.02, 62.56, 1.79806
FILLER_0_19_45, 23.02, 62.56, 1.79806
_11831_, 48.02, 62.56, 1.79806
_11850_, 48.02, 62.56, 1.79806
_15286_, 48.02, 62.56, 1.79806
_18250_, 48.02, 62.56, 1.79806
FILLER_0_18_81, 48.02, 62.56, 1.79806
FILLER_0_18_85, 48.02, 62.56, 1.79806
_09694_, 73.02, 62.56, 1.79807
_11931_, 73.02, 62.56, 1.79807
_17015_, 73.02, 62.56, 1.79807
_19085_, 73.02, 62.56, 1.79807
ANTENNA_26, 73.02, 62.56, 1.79807
FILLER_0_19_134, 73.02, 62.56, 1.79807
_09575_, 98.02, 62.56, 1.79807
_11769_, 98.02, 62.56, 1.79807
_11811_, 98.02, 62.56, 1.79807
_13435_, 98.02, 62.56, 1.79807
_13436_, 98.02, 62.56, 1.79807
_17014_, 98.02, 62.56, 1.79807
_19084_, 98.02, 62.56, 1.79807
FILLER_0_18_197, 98.02, 62.56, 1.79807
_15090_, 123.02, 62.56, 1.79802
_16189_, 123.02, 62.56, 1.79802
_16830_, 123.02, 62.56, 1.79802
FILLER_0_19_249, 123.02, 62.56, 1.79802
FILLER_0_19_269, 123.02, 62.56, 1.79802
_13786_, 148.02, 62.56, 1.79791
_18920_, 148.02, 62.56, 1.79791
FILLER_0_18_305, 148.02, 62.56, 1.79791
FILLER_0_19_318, 148.02, 62.56, 1.79791
_13778_, 173.02, 62.56, 1.79779
_13779_, 173.02, 62.56, 1.79779
_16835_, 173.02, 62.56, 1.79779
_18924_, 173.02, 62.56, 1.79779
hold396, 173.02, 62.56, 1.79779
FILLER_0_19_365, 173.02, 62.56, 1.79779
_14939_, 198.02, 62.56, 1.79766
_16050_, 198.02, 62.56, 1.79766
_09293_, 223.02, 62.56, 1.79754
_11532_, 223.02, 62.56, 1.79754
_11534_, 223.02, 62.56, 1.79754
_16104_, 223.02, 62.56, 1.79754
ANTENNA_50, 223.02, 62.56, 1.79754
ANTENNA_52, 223.02, 62.56, 1.79754
ANTENNA_111, 223.02, 62.56, 1.79754
_13703_, 248.02, 62.56, 1.79743
_16876_, 248.02, 62.56, 1.79743
_18959_, 248.02, 62.56, 1.79743
FILLER_0_18_525, 248.02, 62.56, 1.79743
FILLER_0_19_514, 248.02, 62.56, 1.79743
_11692_, 273.02, 62.56, 1.79734
_13701_, 273.02, 62.56, 1.79734
_14795_, 273.02, 62.56, 1.79734
_18480_, 273.02, 62.56, 1.79734
FILLER_0_18_580, 273.02, 62.56, 1.79734
FILLER_0_19_582, 273.02, 62.56, 1.79734
_18611_, 298.02, 62.56, 1.79726
FILLER_0_20_638, 298.02, 62.56, 1.79726
_09435_, 323.02, 62.56, 1.7972
_11650_, 323.02, 62.56, 1.7972
_11651_, 323.02, 62.56, 1.7972
_11671_, 323.02, 62.56, 1.7972
FILLER_0_19_685, 323.02, 62.56, 1.7972
FILLER_0_20_693, 323.02, 62.56, 1.7972
_09402_, 348.02, 62.56, 1.79714
_09477_, 348.02, 62.56, 1.79714
_13908_, 348.02, 62.56, 1.79714
_13909_, 348.02, 62.56, 1.79714
_16880_, 348.02, 62.56, 1.79714
_18863_, 348.02, 62.56, 1.79714
FILLER_0_18_744, 348.02, 62.56, 1.79714
_14557_, 373.02, 62.56, 1.7971
_16452_, 373.02, 62.56, 1.7971
_18577_, 373.02, 62.56, 1.7971
FILLER_0_19_788, 373.02, 62.56, 1.7971
FILLER_0_19_797, 373.02, 62.56, 1.7971
FILLER_0_20_804, 373.02, 62.56, 1.7971
_09076_, 398.02, 62.56, 1.79707
_09336_, 398.02, 62.56, 1.79707
_19655_, 398.02, 62.56, 1.79707
FILLER_0_19_841, 398.02, 62.56, 1.79707
_18742_, 423.02, 62.56, 1.79705
FILLER_0_20_916, 423.02, 62.56, 1.79705
FILLER_0_19_949, 448.02, 62.56, 1.79704
FILLER_0_20_973, 448.02, 62.56, 1.79704
FILLER_0_20_1029, 473.02, 62.56, 1.79703
PHY_32, 5.52, 57.12, 1.79804
PHY_34, 5.52, 57.12, 1.79804
output38, 5.52, 57.12, 1.79804
FILLER_0_17_3, 5.52, 57.12, 1.79804
PHY_33, 494.04, 57.12, 1.79703
PHY_35, 494.04, 57.12, 1.79703
_13442_, 23.02, 57.12, 1.79804
_15147_, 23.02, 57.12, 1.79804
FILLER_0_16_38, 23.02, 57.12, 1.79804
_09594_, 48.02, 57.12, 1.79805
_09595_, 48.02, 57.12, 1.79805
_11830_, 48.02, 57.12, 1.79805
_16088_, 48.02, 57.12, 1.79805
FILLER_0_17_105, 48.02, 57.12, 1.79805
_09554_, 73.02, 57.12, 1.79806
_13434_, 73.02, 57.12, 1.79806
FILLER_0_16_141, 73.02, 57.12, 1.79806
FILLER_0_17_157, 73.02, 57.12, 1.79806
FILLER_0_18_153, 73.02, 57.12, 1.79806
_09533_, 98.02, 57.12, 1.79805
_11771_, 98.02, 57.12, 1.79805
_13431_, 98.02, 57.12, 1.79805
_13432_, 98.02, 57.12, 1.79805
_16083_, 98.02, 57.12, 1.79805
FILLER_0_16_197, 98.02, 57.12, 1.79805
_09680_, 123.02, 57.12, 1.79799
_13788_, 123.02, 57.12, 1.79799
_16831_, 123.02, 57.12, 1.79799
FILLER_0_16_253, 123.02, 57.12, 1.79799
FILLER_0_17_258, 123.02, 57.12, 1.79799
FILLER_0_18_265, 123.02, 57.12, 1.79799
_09621_, 148.02, 57.12, 1.79789
_09640_, 148.02, 57.12, 1.79789
_09641_, 148.02, 57.12, 1.79789
_11856_, 148.02, 57.12, 1.79789
_11857_, 148.02, 57.12, 1.79789
_11877_, 148.02, 57.12, 1.79789
FILLER_0_18_318, 148.02, 57.12, 1.79789
_09580_, 173.02, 57.12, 1.79778
_09581_, 173.02, 57.12, 1.79778
_11817_, 173.02, 57.12, 1.79778
_13780_, 173.02, 57.12, 1.79778
_16837_, 173.02, 57.12, 1.79778
FILLER_0_16_360, 173.02, 57.12, 1.79778
FILLER_0_17_371, 173.02, 57.12, 1.79778
_14940_, 198.02, 57.12, 1.79766
_15074_, 198.02, 57.12, 1.79766
_18412_, 198.02, 57.12, 1.79766
FILLER_0_16_414, 198.02, 57.12, 1.79766
FILLER_0_17_411, 198.02, 57.12, 1.79766
_13428_, 223.02, 57.12, 1.79755
_18223_, 223.02, 57.12, 1.79755
FILLER_0_17_471, 223.02, 57.12, 1.79755
FILLER_0_18_473, 223.02, 57.12, 1.79755
FILLER_0_18_477, 223.02, 57.12, 1.79755
FILLER_0_18_485, 223.02, 57.12, 1.79755
_14796_, 248.02, 57.12, 1.79744
_14797_, 248.02, 57.12, 1.79744
_18479_, 248.02, 57.12, 1.79744
FILLER_0_17_519, 248.02, 57.12, 1.79744
_11698_, 273.02, 57.12, 1.79735
_14794_, 273.02, 57.12, 1.79735
hold398, 273.02, 57.12, 1.79735
FILLER_0_18_589, 273.02, 57.12, 1.79735
_11675_, 298.02, 57.12, 1.79727
_19089_, 298.02, 57.12, 1.79727
FILLER_0_16_631, 298.02, 57.12, 1.79727
FILLER_0_17_629, 298.02, 57.12, 1.79727
FILLER_0_18_637, 298.02, 57.12, 1.79727
_09415_, 323.02, 57.12, 1.7972
_14788_, 323.02, 57.12, 1.7972
_16346_, 323.02, 57.12, 1.7972
_18483_, 323.02, 57.12, 1.7972
FILLER_0_18_693, 323.02, 57.12, 1.7972
_09100_, 348.02, 57.12, 1.79715
_09101_, 348.02, 57.12, 1.79715
_09476_, 348.02, 57.12, 1.79715
_11714_, 348.02, 57.12, 1.79715
FILLER_0_16_733, 348.02, 57.12, 1.79715
_09436_, 373.02, 57.12, 1.79711
_09437_, 373.02, 57.12, 1.79711
_14556_, 373.02, 57.12, 1.79711
FILLER_0_17_793, 373.02, 57.12, 1.79711
_09073_, 398.02, 57.12, 1.79707
_09396_, 398.02, 57.12, 1.79707
_09416_, 398.02, 57.12, 1.79707
_11633_, 398.02, 57.12, 1.79707
_11653_, 398.02, 57.12, 1.79707
_19656_, 398.02, 57.12, 1.79707
FILLER_0_18_855, 398.02, 57.12, 1.79707
FILLER_0_18_864, 398.02, 57.12, 1.79707
_14209_, 423.02, 57.12, 1.79706
_16630_, 423.02, 57.12, 1.79706
FILLER_0_18_915, 423.02, 57.12, 1.79706
FILLER_0_18_973, 448.02, 57.12, 1.79705
FILLER_0_18_1029, 473.02, 57.12, 1.79704
PHY_28, 5.52, 51.68, 1.79804
PHY_30, 5.52, 51.68, 1.79804
FILLER_0_15_3, 5.52, 51.68, 1.79804
FILLER_0_16_3, 5.52, 51.68, 1.79804
PHY_29, 494.04, 51.68, 1.79704
PHY_31, 494.04, 51.68, 1.79704
_15289_, 23.02, 51.68, 1.79804
_15291_, 23.02, 51.68, 1.79804
_18248_, 23.02, 51.68, 1.79804
FILLER_0_15_43, 23.02, 51.68, 1.79804
_15284_, 48.02, 51.68, 1.79805
_15293_, 48.02, 51.68, 1.79805
_16089_, 48.02, 51.68, 1.79805
FILLER_0_14_81, 48.02, 51.68, 1.79805
FILLER_0_14_88, 48.02, 51.68, 1.79805
FILLER_0_15_104, 48.02, 51.68, 1.79805
_15280_, 73.02, 51.68, 1.79804
_16084_, 73.02, 51.68, 1.79804
_18252_, 73.02, 51.68, 1.79804
_18253_, 73.02, 51.68, 1.79804
FILLER_0_14_134, 73.02, 51.68, 1.79804
FILLER_0_14_144, 73.02, 51.68, 1.79804
FILLER_0_15_134, 73.02, 51.68, 1.79804
_16093_, 98.02, 51.68, 1.79802
_19086_, 98.02, 51.68, 1.79802
FILLER_0_15_200, 98.02, 51.68, 1.79802
_09660_, 123.02, 51.68, 1.79797
_11896_, 123.02, 51.68, 1.79797
_11917_, 123.02, 51.68, 1.79797
FILLER_0_14_253, 123.02, 51.68, 1.79797
FILLER_0_15_254, 123.02, 51.68, 1.79797
_11876_, 148.02, 51.68, 1.79788
_16265_, 148.02, 51.68, 1.79788
FILLER_0_14_303, 148.02, 51.68, 1.79788
FILLER_0_16_323, 148.02, 51.68, 1.79788
_11816_, 173.02, 51.68, 1.79777
_13777_, 173.02, 51.68, 1.79777
_14941_, 173.02, 51.68, 1.79777
_18925_, 173.02, 51.68, 1.79777
FILLER_0_14_361, 173.02, 51.68, 1.79777
FILLER_0_15_372, 173.02, 51.68, 1.79777
FILLER_0_16_365, 173.02, 51.68, 1.79777
_14937_, 198.02, 51.68, 1.79765
_14938_, 198.02, 51.68, 1.79765
_16268_, 198.02, 51.68, 1.79765
_18255_, 198.02, 51.68, 1.79765
_18413_, 198.02, 51.68, 1.79765
FILLER_0_14_416, 198.02, 51.68, 1.79765
FILLER_0_16_421, 198.02, 51.68, 1.79765
_09479_, 223.02, 51.68, 1.79755
_09480_, 223.02, 51.68, 1.79755
_11717_, 223.02, 51.68, 1.79755
_11718_, 223.02, 51.68, 1.79755
_15344_, 223.02, 51.68, 1.79755
FILLER_0_15_461, 223.02, 51.68, 1.79755
FILLER_0_15_474, 223.02, 51.68, 1.79755
FILLER_0_16_477, 223.02, 51.68, 1.79755
_13427_, 248.02, 51.68, 1.79745
_17019_, 248.02, 51.68, 1.79745
_19088_, 248.02, 51.68, 1.79745
FILLER_0_15_517, 248.02, 51.68, 1.79745
FILLER_0_16_529, 248.02, 51.68, 1.79745
_09461_, 273.02, 51.68, 1.79735
_14420_, 273.02, 51.68, 1.79735
_14421_, 273.02, 51.68, 1.79735
_16521_, 273.02, 51.68, 1.79735
_18640_, 273.02, 51.68, 1.79735
_09439_, 298.02, 51.68, 1.79728
_13424_, 298.02, 51.68, 1.79728
_13425_, 298.02, 51.68, 1.79728
_15134_, 298.02, 51.68, 1.79728
_15135_, 298.02, 51.68, 1.79728
_17020_, 298.02, 51.68, 1.79728
FILLER_0_15_637, 298.02, 51.68, 1.79728
_11677_, 323.02, 51.68, 1.79721
_14789_, 323.02, 51.68, 1.79721
_16347_, 323.02, 51.68, 1.79721
FILLER_0_15_696, 323.02, 51.68, 1.79721
_14418_, 348.02, 51.68, 1.79715
_19649_, 348.02, 51.68, 1.79715
FILLER_0_16_753, 348.02, 51.68, 1.79715
FILLER_0_16_757, 348.02, 51.68, 1.79715
_11672_, 373.02, 51.68, 1.79711
_11673_, 373.02, 51.68, 1.79711
_14213_, 373.02, 51.68, 1.79711
_18737_, 373.02, 51.68, 1.79711
FILLER_0_15_793, 373.02, 51.68, 1.79711
FILLER_0_15_812, 373.02, 51.68, 1.79711
FILLER_0_16_808, 373.02, 51.68, 1.79711
_09397_, 398.02, 51.68, 1.79708
_11632_, 398.02, 51.68, 1.79708
_11652_, 398.02, 51.68, 1.79708
_16631_, 423.02, 51.68, 1.79705
clkbuf_leaf_134_i_clk, 423.02, 51.68, 1.79705
FILLER_0_16_918, 423.02, 51.68, 1.79705
FILLER_0_15_949, 448.02, 51.68, 1.79705
FILLER_0_16_973, 448.02, 51.68, 1.79705
FILLER_0_16_1029, 473.02, 51.68, 1.79704
PHY_24, 5.52, 46.24, 1.79804
PHY_26, 5.52, 46.24, 1.79804
PHY_25, 494.04, 46.24, 1.79705
PHY_27, 494.04, 46.24, 1.79705
_16118_, 23.02, 46.24, 1.79803
_18249_, 23.02, 46.24, 1.79803
FILLER_0_12_29, 23.02, 46.24, 1.79803
FILLER_0_12_37, 23.02, 46.24, 1.79803
_15216_, 48.02, 46.24, 1.79803
_18247_, 48.02, 46.24, 1.79803
_15281_, 73.02, 46.24, 1.79801
_16091_, 73.02, 46.24, 1.79801
_16117_, 73.02, 46.24, 1.79801
clkbuf_leaf_184_i_clk, 73.02, 46.24, 1.79801
_15145_, 98.02, 46.24, 1.798
_15146_, 98.02, 46.24, 1.798
_16162_, 98.02, 46.24, 1.798
_18316_, 98.02, 46.24, 1.798
FILLER_0_13_190, 98.02, 46.24, 1.798
FILLER_0_13_203, 98.02, 46.24, 1.798
FILLER_0_13_210, 98.02, 46.24, 1.798
_14949_, 123.02, 46.24, 1.79794
_14950_, 123.02, 46.24, 1.79794
_14952_, 123.02, 46.24, 1.79794
_16183_, 123.02, 46.24, 1.79794
_16227_, 123.02, 46.24, 1.79794
_18407_, 123.02, 46.24, 1.79794
FILLER_0_12_248, 123.02, 46.24, 1.79794
FILLER_0_12_253, 123.02, 46.24, 1.79794
_14947_, 148.02, 46.24, 1.79786
_14948_, 148.02, 46.24, 1.79786
_18408_, 148.02, 46.24, 1.79786
FILLER_0_12_305, 148.02, 46.24, 1.79786
_14942_, 173.02, 46.24, 1.79776
_15005_, 173.02, 46.24, 1.79776
_15006_, 173.02, 46.24, 1.79776
_16267_, 173.02, 46.24, 1.79776
FILLER_0_12_359, 173.02, 46.24, 1.79776
_16198_, 198.02, 46.24, 1.79765
_16199_, 198.02, 46.24, 1.79765
_16269_, 198.02, 46.24, 1.79765
_18349_, 198.02, 46.24, 1.79765
FILLER_0_12_412, 198.02, 46.24, 1.79765
FILLER_0_13_405, 198.02, 46.24, 1.79765
FILLER_0_13_430, 198.02, 46.24, 1.79765
_15138_, 223.02, 46.24, 1.79754
_15139_, 223.02, 46.24, 1.79754
_18319_, 223.02, 46.24, 1.79754
_18447_, 223.02, 46.24, 1.79754
FILLER_0_14_486, 223.02, 46.24, 1.79754
_09459_, 248.02, 46.24, 1.79745
_11696_, 248.02, 46.24, 1.79745
_13426_, 248.02, 46.24, 1.79745
FILLER_0_13_532, 248.02, 46.24, 1.79745
FILLER_0_14_528, 248.02, 46.24, 1.79745
_09458_, 273.02, 46.24, 1.79737
_11695_, 273.02, 46.24, 1.79737
_14862_, 273.02, 46.24, 1.79737
_09380_, 298.02, 46.24, 1.79729
_11615_, 298.02, 46.24, 1.79729
_18321_, 298.02, 46.24, 1.79729
FILLER_0_13_641, 298.02, 46.24, 1.79729
_14861_, 323.02, 46.24, 1.79722
FILLER_0_13_697, 323.02, 46.24, 1.79722
FILLER_0_14_693, 323.02, 46.24, 1.79722
FILLER_0_14_701, 323.02, 46.24, 1.79722
_14419_, 348.02, 46.24, 1.79717
_18095_, 348.02, 46.24, 1.79717
_18641_, 348.02, 46.24, 1.79717
FILLER_0_12_736, 348.02, 46.24, 1.79717
FILLER_0_12_743, 348.02, 46.24, 1.79717
FILLER_0_14_750, 348.02, 46.24, 1.79717
_13904_, 373.02, 46.24, 1.79713
_13905_, 373.02, 46.24, 1.79713
_14214_, 373.02, 46.24, 1.79713
_16629_, 373.02, 46.24, 1.79713
FILLER_0_12_786, 373.02, 46.24, 1.79713
FILLER_0_13_798, 373.02, 46.24, 1.79713
_09088_, 398.02, 46.24, 1.79709
_19652_, 398.02, 46.24, 1.79709
FILLER_0_14_865, 398.02, 46.24, 1.79709
FILLER_0_14_921, 423.02, 46.24, 1.79707
FILLER_0_14_973, 448.02, 46.24, 1.79706
FILLER_0_14_1029, 473.02, 46.24, 1.79705
PHY_20, 5.52, 40.8, 1.79803
PHY_22, 5.52, 40.8, 1.79803
PHY_21, 494.04, 40.8, 1.79705
PHY_23, 494.04, 40.8, 1.79705
_15229_, 23.02, 40.8, 1.79803
_16119_, 23.02, 40.8, 1.79803
_18277_, 23.02, 40.8, 1.79803
FILLER_0_11_39, 23.02, 40.8, 1.79803
_15218_, 48.02, 40.8, 1.79802
_15219_, 48.02, 40.8, 1.79802
_16125_, 48.02, 40.8, 1.79802
_15212_, 73.02, 40.8, 1.79802
_15213_, 73.02, 40.8, 1.79802
_16120_, 73.02, 40.8, 1.79802
_18285_, 73.02, 40.8, 1.79802
FILLER_0_10_144, 73.02, 40.8, 1.79802
FILLER_0_11_137, 73.02, 40.8, 1.79802
_15141_, 98.02, 40.8, 1.79799
_15142_, 98.02, 40.8, 1.79799
_16161_, 98.02, 40.8, 1.79799
_16163_, 98.02, 40.8, 1.79799
FILLER_0_10_192, 98.02, 40.8, 1.79799
_14951_, 123.02, 40.8, 1.79793
_15086_, 123.02, 40.8, 1.79793
_15088_, 123.02, 40.8, 1.79793
_15089_, 123.02, 40.8, 1.79793
_18406_, 123.02, 40.8, 1.79793
FILLER_0_11_249, 123.02, 40.8, 1.79793
_15015_, 148.02, 40.8, 1.79785
_15084_, 148.02, 40.8, 1.79785
_18346_, 148.02, 40.8, 1.79785
FILLER_0_12_312, 148.02, 40.8, 1.79785
_16195_, 173.02, 40.8, 1.79774
_18381_, 173.02, 40.8, 1.79774
clkbuf_leaf_175_i_clk, 173.02, 40.8, 1.79774
FILLER_0_10_354, 173.02, 40.8, 1.79774
FILLER_0_11_354, 173.02, 40.8, 1.79774
FILLER_0_12_365, 173.02, 40.8, 1.79774
_16128_, 198.02, 40.8, 1.79764
_16194_, 198.02, 40.8, 1.79764
_16197_, 198.02, 40.8, 1.79764
clkbuf_leaf_174_i_clk, 198.02, 40.8, 1.79764
FILLER_0_11_418, 198.02, 40.8, 1.79764
_16165_, 223.02, 40.8, 1.79755
FILLER_0_10_468, 223.02, 40.8, 1.79755
FILLER_0_12_473, 223.02, 40.8, 1.79755
_15273_, 248.02, 40.8, 1.79745
_15274_, 248.02, 40.8, 1.79745
_16131_, 248.02, 40.8, 1.79745
_18320_, 248.02, 40.8, 1.79745
FILLER_0_11_522, 248.02, 40.8, 1.79745
FILLER_0_12_533, 248.02, 40.8, 1.79745
_14863_, 273.02, 40.8, 1.79736
_16308_, 273.02, 40.8, 1.79736
_09379_, 298.02, 40.8, 1.79727
_18324_, 298.02, 40.8, 1.79727
clkbuf_leaf_144_i_clk, 298.02, 40.8, 1.79727
FILLER_0_10_632, 298.02, 40.8, 1.79727
_15334_, 323.02, 40.8, 1.79722
_18228_, 323.02, 40.8, 1.79722
FILLER_0_10_683, 323.02, 40.8, 1.79722
FILLER_0_12_697, 323.02, 40.8, 1.79722
FILLER_0_12_701, 323.02, 40.8, 1.79722
_14412_, 348.02, 40.8, 1.79717
_14413_, 348.02, 40.8, 1.79717
_16312_, 348.02, 40.8, 1.79717
_16522_, 348.02, 40.8, 1.79717
FILLER_0_10_744, 348.02, 40.8, 1.79717
FILLER_0_11_736, 348.02, 40.8, 1.79717
FILLER_0_11_755, 348.02, 40.8, 1.79717
FILLER_0_12_751, 348.02, 40.8, 1.79717
_09093_, 373.02, 40.8, 1.79712
_16771_, 373.02, 40.8, 1.79712
_18865_, 373.02, 40.8, 1.79712
_19651_, 373.02, 40.8, 1.79712
FILLER_0_12_806, 373.02, 40.8, 1.79712
_09084_, 398.02, 40.8, 1.79709
_16775_, 398.02, 40.8, 1.79709
_19653_, 398.02, 40.8, 1.79709
FILLER_0_11_844, 398.02, 40.8, 1.79709
FILLER_0_12_913, 423.02, 40.8, 1.79708
FILLER_0_12_921, 423.02, 40.8, 1.79708
FILLER_0_12_973, 448.02, 40.8, 1.79706
FILLER_0_12_1029, 473.02, 40.8, 1.79705
PHY_16, 5.52, 35.36, 1.79803
PHY_18, 5.52, 35.36, 1.79803
PHY_17, 494.04, 35.36, 1.79705
PHY_19, 494.04, 35.36, 1.79705
_15223_, 23.02, 35.36, 1.79803
_16122_, 23.02, 35.36, 1.79803
FILLER_0_9_39, 23.02, 35.36, 1.79803
FILLER_0_9_47, 23.02, 35.36, 1.79803
FILLER_0_10_41, 23.02, 35.36, 1.79803
_18279_, 48.02, 35.36, 1.79802
_18282_, 48.02, 35.36, 1.79802
FILLER_0_8_79, 48.02, 35.36, 1.79802
FILLER_0_9_80, 48.02, 35.36, 1.79802
_15210_, 73.02, 35.36, 1.79801
_15215_, 73.02, 35.36, 1.79801
_16127_, 73.02, 35.36, 1.79801
_18284_, 73.02, 35.36, 1.79801
FILLER_0_8_136, 73.02, 35.36, 1.79801
FILLER_0_9_139, 73.02, 35.36, 1.79801
_16164_, 98.02, 35.36, 1.79798
FILLER_0_8_193, 98.02, 35.36, 1.79798
_15087_, 123.02, 35.36, 1.79793
_16190_, 123.02, 35.36, 1.79793
_16191_, 123.02, 35.36, 1.79793
_18343_, 123.02, 35.36, 1.79793
FILLER_0_8_245, 123.02, 35.36, 1.79793
FILLER_0_9_266, 123.02, 35.36, 1.79793
_15012_, 148.02, 35.36, 1.79784
_15016_, 148.02, 35.36, 1.79784
_16229_, 148.02, 35.36, 1.79784
_18376_, 148.02, 35.36, 1.79784
_15003_, 173.02, 35.36, 1.79775
_15004_, 173.02, 35.36, 1.79775
_15008_, 173.02, 35.36, 1.79775
_16233_, 173.02, 35.36, 1.79775
_18382_, 173.02, 35.36, 1.79775
FILLER_0_9_358, 173.02, 35.36, 1.79775
FILLER_0_10_365, 173.02, 35.36, 1.79775
_16129_, 198.02, 35.36, 1.79765
FILLER_0_8_412, 198.02, 35.36, 1.79765
FILLER_0_10_421, 198.02, 35.36, 1.79765
FILLER_0_10_429, 198.02, 35.36, 1.79765
_09340_, 223.02, 35.36, 1.79754
_11575_, 223.02, 35.36, 1.79754
_13414_, 223.02, 35.36, 1.79754
_13415_, 223.02, 35.36, 1.79754
_15193_, 223.02, 35.36, 1.79754
FILLER_0_8_470, 223.02, 35.36, 1.79754
_09338_, 248.02, 35.36, 1.79745
_16096_, 248.02, 35.36, 1.79745
_18256_, 248.02, 35.36, 1.79745
FILLER_0_8_523, 248.02, 35.36, 1.79745
FILLER_0_10_529, 248.02, 35.36, 1.79745
_09318_, 273.02, 35.36, 1.79736
_14406_, 273.02, 35.36, 1.79736
_15198_, 273.02, 35.36, 1.79736
_18292_, 273.02, 35.36, 1.79736
_15128_, 298.02, 35.36, 1.79729
_15129_, 298.02, 35.36, 1.79729
_16064_, 323.02, 35.36, 1.79721
_17024_, 323.02, 35.36, 1.79721
clkbuf_leaf_143_i_clk, 323.02, 35.36, 1.79721
FILLER_0_10_697, 323.02, 35.36, 1.79721
FILLER_0_10_701, 323.02, 35.36, 1.79721
_16525_, 348.02, 35.36, 1.79717
_18644_, 348.02, 35.36, 1.79717
FILLER_0_10_757, 348.02, 35.36, 1.79717
_13894_, 373.02, 35.36, 1.79714
FILLER_0_8_790, 373.02, 35.36, 1.79714
FILLER_0_9_809, 373.02, 35.36, 1.79714
FILLER_0_10_806, 373.02, 35.36, 1.79714
_13900_, 398.02, 35.36, 1.79711
FILLER_0_10_863, 398.02, 35.36, 1.79711
FILLER_0_10_917, 423.02, 35.36, 1.79708
FILLER_0_10_973, 448.02, 35.36, 1.79707
FILLER_0_10_1029, 473.02, 35.36, 1.79706
PHY_12, 5.52, 29.92, 1.79802
PHY_14, 5.52, 29.92, 1.79802
output52, 5.52, 29.92, 1.79802
PHY_13, 494.04, 29.92, 1.79705
PHY_15, 494.04, 29.92, 1.79705
output12, 494.04, 29.92, 1.79705
_18280_, 23.02, 29.92, 1.79802
FILLER_0_8_41, 23.02, 29.92, 1.79802
_16124_, 48.02, 29.92, 1.79802
FILLER_0_7_105, 48.02, 29.92, 1.79802
_16126_, 73.02, 29.92, 1.79801
FILLER_0_6_189, 98.02, 29.92, 1.79798
_18345_, 123.02, 29.92, 1.79792
FILLER_0_6_245, 123.02, 29.92, 1.79792
_16230_, 148.02, 29.92, 1.79784
_18378_, 148.02, 29.92, 1.79784
FILLER_0_6_301, 148.02, 29.92, 1.79784
FILLER_0_8_313, 148.02, 29.92, 1.79784
_18380_, 173.02, 29.92, 1.79775
FILLER_0_6_357, 173.02, 29.92, 1.79775
FILLER_0_8_365, 173.02, 29.92, 1.79775
FILLER_0_6_413, 198.02, 29.92, 1.79765
_09339_, 223.02, 29.92, 1.79755
_11576_, 223.02, 29.92, 1.79755
_15124_, 223.02, 29.92, 1.79755
_15125_, 223.02, 29.92, 1.79755
_17025_, 223.02, 29.92, 1.79755
_19094_, 223.02, 29.92, 1.79755
_16174_, 248.02, 29.92, 1.79745
_19095_, 248.02, 29.92, 1.79745
_09321_, 273.02, 29.92, 1.79737
_11554_, 273.02, 29.92, 1.79737
FILLER_0_8_585, 273.02, 29.92, 1.79737
_09359_, 298.02, 29.92, 1.79729
_09419_, 298.02, 29.92, 1.79729
_09420_, 298.02, 29.92, 1.79729
_11595_, 298.02, 29.92, 1.79729
_11596_, 298.02, 29.92, 1.79729
_11655_, 298.02, 29.92, 1.79729
FILLER_0_7_638, 298.02, 29.92, 1.79729
FILLER_0_8_638, 298.02, 29.92, 1.79729
FILLER_0_8_645, 298.02, 29.92, 1.79729
_09421_, 323.02, 29.92, 1.79723
_17021_, 323.02, 29.92, 1.79723
FILLER_0_7_694, 323.02, 29.92, 1.79723
FILLER_0_8_694, 323.02, 29.92, 1.79723
FILLER_0_8_701, 323.02, 29.92, 1.79723
_14410_, 348.02, 29.92, 1.79717
_14414_, 348.02, 29.92, 1.79717
_14416_, 348.02, 29.92, 1.79717
FILLER_0_7_736, 348.02, 29.92, 1.79717
_13892_, 373.02, 29.92, 1.79713
_13895_, 373.02, 29.92, 1.79713
_18870_, 373.02, 29.92, 1.79713
FILLER_0_8_807, 373.02, 29.92, 1.79713
_13896_, 398.02, 29.92, 1.7971
_13897_, 398.02, 29.92, 1.7971
_16773_, 398.02, 29.92, 1.7971
_16776_, 398.02, 29.92, 1.7971
FILLER_0_8_860, 398.02, 29.92, 1.7971
FILLER_0_8_917, 423.02, 29.92, 1.79708
FILLER_0_8_973, 448.02, 29.92, 1.79707
FILLER_0_8_1029, 473.02, 29.92, 1.79706
PHY_8, 5.52, 24.48, 1.79803
PHY_10, 5.52, 24.48, 1.79803
PHY_9, 494.04, 24.48, 1.79706
PHY_11, 494.04, 24.48, 1.79706
FILLER_0_5_51, 23.02, 24.48, 1.79803
FILLER_0_5_105, 48.02, 24.48, 1.79802
FILLER_0_4_189, 98.02, 24.48, 1.79797
FILLER_0_4_245, 123.02, 24.48, 1.79792
FILLER_0_4_301, 148.02, 24.48, 1.79784
FILLER_0_4_357, 173.02, 24.48, 1.79775
FILLER_0_4_413, 198.02, 24.48, 1.79765
_18326_, 223.02, 24.48, 1.79754
clkbuf_leaf_173_i_clk, 223.02, 24.48, 1.79754
FILLER_0_4_469, 223.02, 24.48, 1.79754
FILLER_0_5_473, 223.02, 24.48, 1.79754
_15122_, 248.02, 24.48, 1.79746
_15123_, 248.02, 24.48, 1.79746
_15260_, 248.02, 24.48, 1.79746
_16314_, 248.02, 24.48, 1.79746
FILLER_0_5_514, 248.02, 24.48, 1.79746
FILLER_0_5_531, 248.02, 24.48, 1.79746
FILLER_0_5_539, 248.02, 24.48, 1.79746
FILLER_0_6_533, 248.02, 24.48, 1.79746
_15195_, 273.02, 24.48, 1.79737
_18293_, 273.02, 24.48, 1.79737
FILLER_0_4_577, 273.02, 24.48, 1.79737
FILLER_0_5_573, 273.02, 24.48, 1.79737
FILLER_0_6_585, 273.02, 24.48, 1.79737
_09400_, 298.02, 24.48, 1.79729
_11635_, 298.02, 24.48, 1.79729
_11636_, 298.02, 24.48, 1.79729
FILLER_0_6_637, 298.02, 24.48, 1.79729
FILLER_0_6_701, 323.02, 24.48, 1.79723
_14415_, 348.02, 24.48, 1.79717
_14417_, 348.02, 24.48, 1.79717
_16313_, 348.02, 24.48, 1.79717
_18642_, 348.02, 24.48, 1.79717
_18643_, 348.02, 24.48, 1.79717
FILLER_0_5_741, 348.02, 24.48, 1.79717
FILLER_0_6_747, 348.02, 24.48, 1.79717
_13893_, 373.02, 24.48, 1.79713
_16777_, 373.02, 24.48, 1.79713
_18871_, 373.02, 24.48, 1.79713
FILLER_0_6_807, 373.02, 24.48, 1.79713
FILLER_0_6_859, 398.02, 24.48, 1.79711
FILLER_0_6_917, 423.02, 24.48, 1.79709
FILLER_0_6_973, 448.02, 24.48, 1.79707
FILLER_0_6_1029, 473.02, 24.48, 1.79706
PHY_4, 5.52, 19.04, 1.79802
PHY_6, 5.52, 19.04, 1.79802
PHY_5, 494.04, 19.04, 1.79706
PHY_7, 494.04, 19.04, 1.79706
FILLER_0_3_51, 23.02, 19.04, 1.79802
FILLER_0_3_105, 48.02, 19.04, 1.79801
FILLER_0_2_189, 98.02, 19.04, 1.79796
FILLER_0_2_245, 123.02, 19.04, 1.79791
FILLER_0_2_301, 148.02, 19.04, 1.79784
FILLER_0_2_357, 173.02, 19.04, 1.79775
FILLER_0_2_413, 198.02, 19.04, 1.79765
FILLER_0_2_469, 223.02, 19.04, 1.79755
_16103_, 248.02, 19.04, 1.79746
_18263_, 248.02, 19.04, 1.79746
FILLER_0_2_525, 248.02, 19.04, 1.79746
FILLER_0_4_529, 248.02, 19.04, 1.79746
_15196_, 273.02, 19.04, 1.79736
_15327_, 273.02, 19.04, 1.79736
_15328_, 273.02, 19.04, 1.79736
_16134_, 273.02, 19.04, 1.79736
_16136_, 273.02, 19.04, 1.79736
_16315_, 273.02, 19.04, 1.79736
clkbuf_leaf_145_i_clk, 273.02, 19.04, 1.79736
FILLER_0_3_581, 273.02, 19.04, 1.79736
FILLER_0_4_585, 273.02, 19.04, 1.79736
FILLER_0_4_592, 273.02, 19.04, 1.79736
_15126_, 298.02, 19.04, 1.7973
_15130_, 298.02, 19.04, 1.7973
_15131_, 298.02, 19.04, 1.7973
_16099_, 298.02, 19.04, 1.7973
_18323_, 298.02, 19.04, 1.7973
FILLER_0_2_627, 298.02, 19.04, 1.7973
FILLER_0_3_626, 298.02, 19.04, 1.7973
FILLER_0_4_638, 298.02, 19.04, 1.7973
_15332_, 323.02, 19.04, 1.79723
_15336_, 323.02, 19.04, 1.79723
_15338_, 323.02, 19.04, 1.79723
_16063_, 323.02, 19.04, 1.79723
_16065_, 323.02, 19.04, 1.79723
_18227_, 323.02, 19.04, 1.79723
_18229_, 323.02, 19.04, 1.79723
FILLER_0_2_678, 323.02, 19.04, 1.79723
FILLER_0_4_752, 348.02, 19.04, 1.79719
FILLER_0_4_757, 348.02, 19.04, 1.79719
FILLER_0_4_861, 398.02, 19.04, 1.79712
FILLER_0_4_917, 423.02, 19.04, 1.79709
FILLER_0_4_973, 448.02, 19.04, 1.79708
FILLER_0_4_1029, 473.02, 19.04, 1.79707
PHY_0, 5.52, 13.6, 1.79801
PHY_2, 5.52, 13.6, 1.79801
output45, 5.52, 13.6, 1.79801
PHY_1, 494.04, 13.6, 1.79705
PHY_3, 494.04, 13.6, 1.79705
output50, 494.04, 13.6, 1.79705
output22, 23.02, 13.6, 1.79801
ANTENNA_124, 23.02, 13.6, 1.79801
FILLER_0_0_25, 23.02, 13.6, 1.79801
FILLER_0_0_41, 23.02, 13.6, 1.79801
FILLER_0_1_51, 23.02, 13.6, 1.79801
FILLER_0_0_81, 48.02, 13.6, 1.79801
FILLER_0_1_105, 48.02, 13.6, 1.79801
FILLER_0_0_135, 73.02, 13.6, 1.79799
FILLER_0_0_245, 123.02, 13.6, 1.7979
output54, 148.02, 13.6, 1.79783
ANTENNA_96, 148.02, 13.6, 1.79783
output37, 173.02, 13.6, 1.79774
ANTENNA_78, 173.02, 13.6, 1.79774
FILLER_0_0_361, 173.02, 13.6, 1.79774
FILLER_0_0_365, 173.02, 13.6, 1.79774
FILLER_0_0_417, 198.02, 13.6, 1.79765
FILLER_0_0_473, 223.02, 13.6, 1.79755
_15191_, 248.02, 13.6, 1.79746
_15192_, 248.02, 13.6, 1.79746
_18295_, 248.02, 13.6, 1.79746
FILLER_0_0_529, 248.02, 13.6, 1.79746
FILLER_0_1_529, 248.02, 13.6, 1.79746
_15200_, 273.02, 13.6, 1.79737
_15202_, 273.02, 13.6, 1.79737
_16067_, 273.02, 13.6, 1.79737
_18290_, 273.02, 13.6, 1.79737
_18291_, 273.02, 13.6, 1.79737
FILLER_0_0_579, 273.02, 13.6, 1.79737
FILLER_0_1_581, 273.02, 13.6, 1.79737
FILLER_0_2_585, 273.02, 13.6, 1.79737
_15127_, 298.02, 13.6, 1.7973
_16169_, 298.02, 13.6, 1.7973
_18325_, 298.02, 13.6, 1.7973
output33, 298.02, 13.6, 1.7973
FILLER_0_1_629, 298.02, 13.6, 1.7973
_15331_, 323.02, 13.6, 1.79724
_15335_, 323.02, 13.6, 1.79724
_16062_, 323.02, 13.6, 1.79724
_18226_, 323.02, 13.6, 1.79724
output62, 323.02, 13.6, 1.79724
FILLER_0_0_685, 323.02, 13.6, 1.79724
_16310_, 348.02, 13.6, 1.79719
_16311_, 348.02, 13.6, 1.79719
FILLER_0_0_753, 348.02, 13.6, 1.79719
FILLER_0_2_752, 348.02, 13.6, 1.79719
FILLER_0_0_809, 373.02, 13.6, 1.79715
FILLER_0_2_805, 373.02, 13.6, 1.79715
FILLER_0_0_865, 398.02, 13.6, 1.79712
FILLER_0_2_861, 398.02, 13.6, 1.79712
FILLER_0_0_921, 423.02, 13.6, 1.79709
FILLER_0_2_917, 423.02, 13.6, 1.79709
output25, 448.02, 13.6, 1.79707
ANTENNA_72, 448.02, 13.6, 1.79707
FILLER_0_0_949, 448.02, 13.6, 1.79707
FILLER_0_0_975, 448.02, 13.6, 1.79707
FILLER_0_2_973, 448.02, 13.6, 1.79707
output31, 473.02, 13.6, 1.79706
FILLER_0_0_1005, 473.02, 13.6, 1.79706
FILLER_0_0_1029, 473.02, 13.6, 1.79706
FILLER_0_2_1029, 473.02, 13.6, 1.79706

