Instance name,  X location,  Y location,  Voltage 
output47, 488.82, 484.16, 0.0053642
FILLER_0_174_1049, 488.82, 484.16, 0.0053642
FILLER_0_172_1049, 488.82, 478.72, 0.00535987
FILLER_0_170_1049, 488.82, 473.28, 0.00536054
FILLER_0_168_1049, 488.82, 467.84, 0.00536412
output20, 488.82, 462.4, 0.00536953
ANTENNA_68, 488.82, 462.4, 0.00536953
FILLER_0_166_1049, 488.82, 462.4, 0.00536953
FILLER_0_164_1049, 488.82, 456.96, 0.00536216
_12272_, 488.82, 451.52, 0.005372
_12675_, 488.82, 451.52, 0.005372
FILLER_0_162_1048, 488.82, 451.52, 0.005372
FILLER_0_162_1056, 488.82, 451.52, 0.005372
_12275_, 488.82, 446.08, 0.00537089
_17321_, 488.82, 446.08, 0.00537089
FILLER_0_160_1052, 488.82, 446.08, 0.00537089
_12682_, 488.82, 440.64, 0.00536621
_17319_, 488.82, 440.64, 0.00536621
hold351, 488.82, 440.64, 0.00536621
_12266_, 488.82, 435.2, 0.0053726
_12270_, 488.82, 435.2, 0.0053726
_12679_, 488.82, 435.2, 0.0053726
_12681_, 488.82, 435.2, 0.0053726
output42, 488.82, 435.2, 0.0053726
_12262_, 488.82, 429.76, 0.00536503
_12263_, 488.82, 429.76, 0.00536503
_12264_, 488.82, 429.76, 0.00536503
FILLER_0_155_1051, 488.82, 429.76, 0.00536503
_12686_, 488.82, 424.32, 0.00536416
FILLER_0_153_1051, 488.82, 424.32, 0.00536416
_17318_, 488.82, 418.88, 0.00536042
FILLER_0_150_1052, 488.82, 418.88, 0.00536042
_13200_, 488.82, 413.44, 0.00535045
FILLER_0_148_1049, 488.82, 413.44, 0.00535045
FILLER_0_149_1054, 488.82, 413.44, 0.00535045
_13193_, 488.82, 408, 0.00535521
_19142_, 488.82, 408, 0.00535521
_13198_, 488.82, 402.56, 0.00535378
_17078_, 488.82, 402.56, 0.00535378
output49, 488.82, 402.56, 0.00535378
_17076_, 488.82, 397.12, 0.00533815
FILLER_0_142_1049, 488.82, 397.12, 0.00533815
_13209_, 488.82, 391.68, 0.00533907
_13215_, 488.82, 391.68, 0.00533907
_17075_, 488.82, 391.68, 0.00533907
FILLER_0_141_1056, 488.82, 391.68, 0.00533907
FILLER_0_138_1049, 488.82, 386.24, 0.00531805
_13192_, 488.82, 380.8, 0.00531346
_13196_, 488.82, 380.8, 0.00531346
FILLER_0_136_1056, 488.82, 380.8, 0.00531346
output15, 488.82, 375.36, 0.00531145
FILLER_0_135_1053, 488.82, 375.36, 0.00531145
_13340_, 488.82, 369.92, 0.00528843
_17045_, 488.82, 369.92, 0.00528843
FILLER_0_132_1051, 488.82, 369.92, 0.00528843
FILLER_0_133_1054, 488.82, 369.92, 0.00528843
_13339_, 488.82, 364.48, 0.00527115
_17046_, 488.82, 364.48, 0.00527115
hold300, 488.82, 364.48, 0.00527115
_13334_, 488.82, 359.04, 0.0052481
_13335_, 488.82, 359.04, 0.0052481
_13338_, 488.82, 359.04, 0.0052481
hold316, 488.82, 359.04, 0.0052481
FILLER_0_127_1041, 488.82, 359.04, 0.0052481
_13333_, 488.82, 353.6, 0.00521826
_13337_, 488.82, 353.6, 0.00521826
_17047_, 488.82, 353.6, 0.00521826
hold280, 488.82, 353.6, 0.00521826
FILLER_0_126_1051, 488.82, 353.6, 0.00521826
FILLER_0_127_1052, 488.82, 353.6, 0.00521826
_13328_, 488.82, 348.16, 0.0052091
hold289, 488.82, 348.16, 0.0052091
_17048_, 488.82, 342.72, 0.00516955
_13293_, 488.82, 337.28, 0.00512982
_13329_, 488.82, 337.28, 0.00512982
_17056_, 488.82, 337.28, 0.00512982
output7, 488.82, 337.28, 0.00512982
hold295, 488.82, 337.28, 0.00512982
ANTENNA_64, 488.82, 337.28, 0.00512982
FILLER_0_120_1043, 488.82, 337.28, 0.00512982
FILLER_0_120_1053, 488.82, 337.28, 0.00512982
_17055_, 488.82, 331.84, 0.00504963
_19122_, 488.82, 331.84, 0.00504963
_17057_, 488.82, 326.4, 0.00499116
hold261, 488.82, 326.4, 0.00499116
FILLER_0_116_1049, 488.82, 326.4, 0.00499116
_13284_, 488.82, 320.96, 0.00493484
_17058_, 488.82, 320.96, 0.00493484
hold262, 488.82, 320.96, 0.00493484
FILLER_0_115_1056, 488.82, 320.96, 0.00493484
_19124_, 488.82, 315.52, 0.00484842
hold260, 488.82, 310.08, 0.00475206
ANTENNA_119, 488.82, 310.08, 0.00475206
FILLER_0_109_1045, 488.82, 310.08, 0.00475206
FILLER_0_111_1054, 488.82, 310.08, 0.00475206
_10434_, 488.82, 304.64, 0.0046602
_13323_, 488.82, 304.64, 0.0046602
output17, 488.82, 304.64, 0.0046602
FILLER_0_108_1054, 488.82, 304.64, 0.0046602
_10432_, 488.82, 299.2, 0.00460513
_11137_, 488.82, 299.2, 0.00460513
FILLER_0_106_1050, 488.82, 299.2, 0.00460513
FILLER_0_107_1052, 488.82, 299.2, 0.00460513
_10300_, 488.82, 293.76, 0.00446009
FILLER_0_104_1049, 488.82, 293.76, 0.00446009
FILLER_0_105_1056, 488.82, 293.76, 0.00446009
_10301_, 488.82, 288.32, 0.00437111
_13332_, 488.82, 288.32, 0.00437111
_13336_, 488.82, 288.32, 0.00437111
FILLER_0_102_1055, 488.82, 288.32, 0.00437111
FILLER_0_103_1056, 488.82, 288.32, 0.00437111
_10287_, 488.82, 282.88, 0.00424802
_10290_, 488.82, 282.88, 0.00424802
_10291_, 488.82, 282.88, 0.00424802
_10292_, 488.82, 282.88, 0.00424802
_13327_, 488.82, 282.88, 0.00424802
FILLER_0_100_1054, 488.82, 282.88, 0.00424802
_10445_, 488.82, 277.44, 0.00410651
_10446_, 488.82, 277.44, 0.00410651
output4, 488.82, 277.44, 0.00410651
FILLER_0_98_1056, 488.82, 277.44, 0.00410651
FILLER_0_99_1052, 488.82, 277.44, 0.00410651
_10281_, 488.82, 272, 0.00401505
_10282_, 488.82, 272, 0.00401505
FILLER_0_95_1038, 488.82, 272, 0.00401505
FILLER_0_95_1050, 488.82, 272, 0.00401505
FILLER_0_96_1048, 488.82, 272, 0.00401505
FILLER_0_96_1056, 488.82, 272, 0.00401505
FILLER_0_97_1053, 488.82, 272, 0.00401505
_10436_, 488.82, 266.56, 0.00387766
FILLER_0_94_1049, 488.82, 266.56, 0.00387766
_10311_, 488.82, 261.12, 0.0037987
_10438_, 488.82, 261.12, 0.0037987
FILLER_0_91_1048, 488.82, 261.12, 0.0037987
FILLER_0_92_1049, 488.82, 261.12, 0.0037987
_10286_, 488.82, 255.68, 0.00369906
_10295_, 488.82, 255.68, 0.00369906
FILLER_0_90_1054, 488.82, 255.68, 0.00369906
FILLER_0_91_1056, 488.82, 255.68, 0.00369906
_10293_, 488.82, 250.24, 0.0035755
_10296_, 488.82, 250.24, 0.0035755
_10439_, 488.82, 250.24, 0.0035755
FILLER_0_87_1047, 488.82, 250.24, 0.0035755
FILLER_0_89_1054, 488.82, 250.24, 0.0035755
_10294_, 488.82, 244.8, 0.00349606
_10447_, 488.82, 244.8, 0.00349606
_10451_, 488.82, 244.8, 0.00349606
output56, 488.82, 244.8, 0.00349606
FILLER_0_85_1050, 488.82, 244.8, 0.00349606
FILLER_0_86_1056, 488.82, 244.8, 0.00349606
_10452_, 488.82, 239.36, 0.00345982
_11036_, 488.82, 239.36, 0.00345982
_11038_, 488.82, 239.36, 0.00345982
_11059_, 488.82, 239.36, 0.00345982
_11060_, 488.82, 239.36, 0.00345982
_11058_, 488.82, 233.92, 0.00340966
FILLER_0_82_1049, 488.82, 233.92, 0.00340966
_11050_, 488.82, 228.48, 0.00337088
_11092_, 488.82, 228.48, 0.00337088
FILLER_0_79_1048, 488.82, 228.48, 0.00337088
FILLER_0_80_1051, 488.82, 228.48, 0.00337088
FILLER_0_81_1054, 488.82, 228.48, 0.00337088
FILLER_0_78_1049, 488.82, 223.04, 0.00331051
FILLER_0_79_1056, 488.82, 223.04, 0.00331051
output65, 488.82, 217.6, 0.00330983
FILLER_0_76_1052, 488.82, 217.6, 0.00330983
_10635_, 488.82, 212.16, 0.00331008
_10636_, 488.82, 212.16, 0.00331008
FILLER_0_74_1055, 488.82, 212.16, 0.00331008
FILLER_0_75_1055, 488.82, 212.16, 0.00331008
_10631_, 488.82, 206.72, 0.00329162
_10632_, 488.82, 206.72, 0.00329162
FILLER_0_72_1049, 488.82, 206.72, 0.00329162
FILLER_0_73_1051, 488.82, 206.72, 0.00329162
_10749_, 488.82, 201.28, 0.0032998
FILLER_0_70_1049, 488.82, 201.28, 0.0032998
FILLER_0_71_1053, 488.82, 201.28, 0.0032998
_10626_, 488.82, 195.84, 0.00327169
_10627_, 488.82, 195.84, 0.00327169
_10651_, 488.82, 195.84, 0.00327169
FILLER_0_67_1049, 488.82, 195.84, 0.00327169
FILLER_0_69_1051, 488.82, 195.84, 0.00327169
_10650_, 488.82, 190.4, 0.00326226
FILLER_0_65_1044, 488.82, 190.4, 0.00326226
FILLER_0_66_1048, 488.82, 190.4, 0.00326226
FILLER_0_66_1056, 488.82, 190.4, 0.00326226
_10584_, 488.82, 184.96, 0.00326922
_10585_, 488.82, 184.96, 0.00326922
output5, 488.82, 184.96, 0.00326922
ANTENNA_35, 488.82, 184.96, 0.00326922
ANTENNA_121, 488.82, 184.96, 0.00326922
FILLER_0_64_1055, 488.82, 184.96, 0.00326922
_10561_, 488.82, 179.52, 0.00324594
FILLER_0_61_1049, 488.82, 179.52, 0.00324594
FILLER_0_63_1055, 488.82, 179.52, 0.00324594
_10541_, 488.82, 174.08, 0.00324931
_10564_, 488.82, 174.08, 0.00324931
_10569_, 488.82, 174.08, 0.00324931
FILLER_0_60_1055, 488.82, 174.08, 0.00324931
_10566_, 488.82, 168.64, 0.00321461
FILLER_0_57_1048, 488.82, 168.64, 0.00321461
_11291_, 488.82, 163.2, 0.00321186
FILLER_0_57_1056, 488.82, 163.2, 0.00321186
_11274_, 488.82, 157.76, 0.00322296
output16, 488.82, 157.76, 0.00322296
ANTENNA_66, 488.82, 157.76, 0.00322296
FILLER_0_55_1054, 488.82, 157.76, 0.00322296
FILLER_0_50_1049, 488.82, 146.88, 0.00316145
FILLER_0_48_1049, 488.82, 141.44, 0.00312883
FILLER_0_46_1049, 488.82, 136, 0.00311283
FILLER_0_44_1049, 488.82, 130.56, 0.00309799
FILLER_0_41_1045, 488.82, 125.12, 0.00308374
FILLER_0_42_1049, 488.82, 125.12, 0.00308374
output34, 488.82, 119.68, 0.00307267
ANTENNA_77, 488.82, 119.68, 0.00307267
FILLER_0_40_1049, 488.82, 119.68, 0.00307267
FILLER_0_38_1049, 488.82, 114.24, 0.00305793
FILLER_0_36_1049, 488.82, 108.8, 0.0030466
FILLER_0_34_1049, 488.82, 103.36, 0.00303582
FILLER_0_32_1049, 488.82, 97.92, 0.00302437
output32, 488.82, 92.48, 0.00301658
ANTENNA_76, 488.82, 92.48, 0.00301658
FILLER_0_28_1049, 488.82, 87.04, 0.00300554
FILLER_0_26_1049, 488.82, 81.6, 0.00299679
FILLER_0_24_1049, 488.82, 76.16, 0.0029884
FILLER_0_22_1049, 488.82, 70.72, 0.00298039
ANTENNA_61, 488.82, 65.28, 0.00297376
FILLER_0_19_1045, 488.82, 65.28, 0.00297376
FILLER_0_20_1049, 488.82, 65.28, 0.00297376
output3, 488.82, 59.84, 0.00297122
FILLER_0_18_1049, 488.82, 59.84, 0.00297122
FILLER_0_16_1049, 488.82, 54.4, 0.00296242
FILLER_0_14_1049, 488.82, 48.96, 0.00295698
FILLER_0_12_1049, 488.82, 43.52, 0.00295174
FILLER_0_10_1049, 488.82, 38.08, 0.00294876
FILLER_0_7_1045, 488.82, 32.64, 0.00294596
FILLER_0_8_1049, 488.82, 32.64, 0.00294596
output12, 488.82, 27.2, 0.00294606
ANTENNA_65, 488.82, 27.2, 0.00294606
FILLER_0_6_1049, 488.82, 27.2, 0.00294606
FILLER_0_4_1049, 488.82, 21.76, 0.00294068
FILLER_0_2_1049, 488.82, 16.32, 0.0029395
output50, 488.82, 10.88, 0.00294498
FILLER_0_0_1049, 488.82, 10.88, 0.00294498
FILLER_0_174_1005, 463.82, 484.16, 0.00535936
FILLER_0_173_1001, 463.82, 478.72, 0.00536038
_17327_, 463.82, 473.28, 0.00536339
hold258, 463.82, 473.28, 0.00536339
_12279_, 463.82, 467.84, 0.00536604
_12662_, 463.82, 467.84, 0.00536604
FILLER_0_168_993, 463.82, 467.84, 0.00536604
FILLER_0_168_1007, 463.82, 467.84, 0.00536604
_12278_, 463.82, 462.4, 0.00537233
_12280_, 463.82, 462.4, 0.00537233
_12288_, 463.82, 462.4, 0.00537233
_12292_, 463.82, 462.4, 0.00537233
_12293_, 463.82, 462.4, 0.00537233
_12651_, 463.82, 462.4, 0.00537233
_12659_, 463.82, 462.4, 0.00537233
_12290_, 463.82, 456.96, 0.0053645
_12650_, 463.82, 456.96, 0.0053645
_12658_, 463.82, 456.96, 0.0053645
_12277_, 463.82, 451.52, 0.00537506
_12664_, 463.82, 451.52, 0.00537506
_12665_, 463.82, 451.52, 0.00537506
_12666_, 463.82, 451.52, 0.00537506
_12667_, 463.82, 451.52, 0.00537506
_12670_, 463.82, 451.52, 0.00537506
FILLER_0_161_987, 463.82, 451.52, 0.00537506
FILLER_0_163_1002, 463.82, 451.52, 0.00537506
FILLER_0_163_1009, 463.82, 451.52, 0.00537506
_12289_, 463.82, 446.08, 0.00537296
_17322_, 463.82, 446.08, 0.00537296
_19300_, 463.82, 446.08, 0.00537296
FILLER_0_160_1005, 463.82, 446.08, 0.00537296
_13178_, 463.82, 440.64, 0.00536978
_17083_, 463.82, 440.64, 0.00536978
_17084_, 463.82, 440.64, 0.00536978
_19146_, 463.82, 440.64, 0.00536978
FILLER_0_159_1004, 463.82, 440.64, 0.00536978
FILLER_0_159_1009, 463.82, 440.64, 0.00536978
_13171_, 463.82, 435.2, 0.00537284
_13176_, 463.82, 435.2, 0.00537284
_19298_, 463.82, 435.2, 0.00537284
FILLER_0_155_989, 463.82, 435.2, 0.00537284
FILLER_0_156_999, 463.82, 435.2, 0.00537284
FILLER_0_157_1009, 463.82, 435.2, 0.00537284
_12699_, 463.82, 429.76, 0.00536671
_13177_, 463.82, 429.76, 0.00536671
FILLER_0_155_1002, 463.82, 429.76, 0.00536671
FILLER_0_155_1009, 463.82, 429.76, 0.00536671
_12695_, 463.82, 424.32, 0.00537114
_12696_, 463.82, 424.32, 0.00537114
_12697_, 463.82, 424.32, 0.00537114
_12698_, 463.82, 424.32, 0.00537114
_17316_, 463.82, 424.32, 0.00537114
_19294_, 463.82, 424.32, 0.00537114
FILLER_0_153_1004, 463.82, 424.32, 0.00537114
FILLER_0_153_1009, 463.82, 424.32, 0.00537114
_12235_, 463.82, 418.88, 0.00537113
_12258_, 463.82, 418.88, 0.00537113
_12259_, 463.82, 418.88, 0.00537113
_12654_, 463.82, 418.88, 0.00537113
FILLER_0_150_998, 463.82, 418.88, 0.00537113
_13182_, 463.82, 413.44, 0.00535972
_17314_, 463.82, 413.44, 0.00535972
FILLER_0_149_1001, 463.82, 413.44, 0.00535972
FILLER_0_149_1009, 463.82, 413.44, 0.00535972
_13181_, 463.82, 408, 0.00536495
_13183_, 463.82, 408, 0.00536495
_17081_, 463.82, 408, 0.00536495
_19145_, 463.82, 408, 0.00536495
FILLER_0_145_989, 463.82, 408, 0.00536495
FILLER_0_147_1004, 463.82, 408, 0.00536495
_13189_, 463.82, 402.56, 0.00536593
_13190_, 463.82, 402.56, 0.00536593
_17071_, 463.82, 402.56, 0.00536593
_19144_, 463.82, 402.56, 0.00536593
_12505_, 463.82, 397.12, 0.00535254
_13225_, 463.82, 397.12, 0.00535254
_17072_, 463.82, 397.12, 0.00535254
FILLER_0_141_985, 463.82, 397.12, 0.00535254
_13220_, 463.82, 391.68, 0.00535662
_13224_, 463.82, 391.68, 0.00535662
_13226_, 463.82, 391.68, 0.00535662
_17073_, 463.82, 391.68, 0.00535662
_19137_, 463.82, 391.68, 0.00535662
_13179_, 463.82, 386.24, 0.0053377
_13219_, 463.82, 386.24, 0.0053377
FILLER_0_137_990, 463.82, 386.24, 0.0053377
FILLER_0_139_997, 463.82, 386.24, 0.0053377
FILLER_0_139_1005, 463.82, 386.24, 0.0053377
_13088_, 463.82, 380.8, 0.00534091
_13169_, 463.82, 380.8, 0.00534091
_13170_, 463.82, 380.8, 0.00534091
_13175_, 463.82, 380.8, 0.00534091
_13180_, 463.82, 380.8, 0.00534091
FILLER_0_135_988, 463.82, 380.8, 0.00534091
FILLER_0_135_995, 463.82, 380.8, 0.00534091
_13087_, 463.82, 375.36, 0.00534102
_13186_, 463.82, 375.36, 0.00534102
clkbuf_leaf_105_i_clk, 463.82, 375.36, 0.00534102
FILLER_0_134_1005, 463.82, 375.36, 0.00534102
_10563_, 463.82, 369.92, 0.00532905
_13084_, 463.82, 369.92, 0.00532905
_13311_, 463.82, 364.48, 0.0053149
_13349_, 463.82, 364.48, 0.0053149
_19109_, 463.82, 364.48, 0.0053149
_19110_, 463.82, 364.48, 0.0053149
FILLER_0_130_993, 463.82, 364.48, 0.0053149
FILLER_0_131_1000, 463.82, 364.48, 0.0053149
_13351_, 463.82, 359.04, 0.00529375
_13352_, 463.82, 359.04, 0.00529375
_13353_, 463.82, 359.04, 0.00529375
_13356_, 463.82, 359.04, 0.00529375
_17042_, 463.82, 359.04, 0.00529375
hold297, 463.82, 359.04, 0.00529375
_13355_, 463.82, 353.6, 0.00527319
_17041_, 463.82, 353.6, 0.00527319
hold256, 463.82, 353.6, 0.00527319
_13309_, 463.82, 348.16, 0.00531619
_13312_, 463.82, 348.16, 0.00531619
_13316_, 463.82, 348.16, 0.00531619
_19117_, 463.82, 348.16, 0.00531619
_19118_, 463.82, 348.16, 0.00531619
FILLER_0_125_1000, 463.82, 348.16, 0.00531619
_13306_, 463.82, 342.72, 0.00526337
_13315_, 463.82, 342.72, 0.00526337
_13317_, 463.82, 342.72, 0.00526337
_17053_, 463.82, 342.72, 0.00526337
hold268, 463.82, 342.72, 0.00526337
hold290, 463.82, 342.72, 0.00526337
_13320_, 463.82, 337.28, 0.0052357
_17049_, 463.82, 337.28, 0.0052357
_17052_, 463.82, 337.28, 0.0052357
FILLER_0_119_995, 463.82, 337.28, 0.0052357
FILLER_0_120_1005, 463.82, 337.28, 0.0052357
FILLER_0_121_1001, 463.82, 337.28, 0.0052357
_13303_, 463.82, 331.84, 0.00513758
_13305_, 463.82, 331.84, 0.00513758
_19120_, 463.82, 331.84, 0.00513758
hold38, 463.82, 331.84, 0.00513758
FILLER_0_117_987, 463.82, 331.84, 0.00513758
FILLER_0_118_990, 463.82, 331.84, 0.00513758
FILLER_0_119_1004, 463.82, 331.84, 0.00513758
_10328_, 463.82, 326.4, 0.00509532
_11178_, 463.82, 326.4, 0.00509532
_13301_, 463.82, 326.4, 0.00509532
_13302_, 463.82, 326.4, 0.00509532
ANTENNA_33, 463.82, 326.4, 0.00509532
_10415_, 463.82, 320.96, 0.00504519
_10416_, 463.82, 320.96, 0.00504519
_10417_, 463.82, 320.96, 0.00504519
_10418_, 463.82, 320.96, 0.00504519
_10419_, 463.82, 320.96, 0.00504519
_11179_, 463.82, 320.96, 0.00504519
_13354_, 463.82, 320.96, 0.00504519
FILLER_0_114_997, 463.82, 320.96, 0.00504519
FILLER_0_115_1003, 463.82, 320.96, 0.00504519
_10126_, 463.82, 315.52, 0.00494196
_10316_, 463.82, 315.52, 0.00494196
_10317_, 463.82, 315.52, 0.00494196
_10562_, 463.82, 315.52, 0.00494196
FILLER_0_111_993, 463.82, 315.52, 0.00494196
FILLER_0_112_993, 463.82, 315.52, 0.00494196
FILLER_0_113_1001, 463.82, 315.52, 0.00494196
_10116_, 463.82, 310.08, 0.00483454
_10162_, 463.82, 310.08, 0.00483454
_10427_, 463.82, 310.08, 0.00483454
_11160_, 463.82, 310.08, 0.00483454
_11180_, 463.82, 310.08, 0.00483454
_11181_, 463.82, 310.08, 0.00483454
FILLER_0_109_983, 463.82, 310.08, 0.00483454
FILLER_0_110_993, 463.82, 310.08, 0.00483454
FILLER_0_110_1000, 463.82, 310.08, 0.00483454
FILLER_0_110_1007, 463.82, 310.08, 0.00483454
_11141_, 463.82, 304.64, 0.00471369
_11182_, 463.82, 304.64, 0.00471369
_11183_, 463.82, 304.64, 0.00471369
_11394_, 463.82, 304.64, 0.00471369
_11395_, 463.82, 304.64, 0.00471369
FILLER_0_107_985, 463.82, 304.64, 0.00471369
FILLER_0_109_1003, 463.82, 304.64, 0.00471369
_11142_, 463.82, 299.2, 0.00467746
_11162_, 463.82, 299.2, 0.00467746
_11171_, 463.82, 299.2, 0.00467746
_11184_, 463.82, 299.2, 0.00467746
_11192_, 463.82, 299.2, 0.00467746
_11396_, 463.82, 299.2, 0.00467746
FILLER_0_105_983, 463.82, 299.2, 0.00467746
_11140_, 463.82, 293.76, 0.00451634
_11143_, 463.82, 293.76, 0.00451634
_11154_, 463.82, 293.76, 0.00451634
_11159_, 463.82, 293.76, 0.00451634
_11172_, 463.82, 293.76, 0.00451634
_10199_, 463.82, 288.32, 0.00439302
_10314_, 463.82, 288.32, 0.00439302
_10425_, 463.82, 288.32, 0.00439302
_11104_, 463.82, 288.32, 0.00439302
_11386_, 463.82, 288.32, 0.00439302
_11390_, 463.82, 288.32, 0.00439302
FILLER_0_103_1004, 463.82, 288.32, 0.00439302
_11102_, 463.82, 282.88, 0.00426318
_11103_, 463.82, 282.88, 0.00426318
_11105_, 463.82, 282.88, 0.00426318
_13314_, 463.82, 282.88, 0.00426318
FILLER_0_99_988, 463.82, 282.88, 0.00426318
FILLER_0_100_990, 463.82, 282.88, 0.00426318
_10273_, 463.82, 277.44, 0.00408938
_11101_, 463.82, 277.44, 0.00408938
FILLER_0_97_995, 463.82, 277.44, 0.00408938
FILLER_0_99_1004, 463.82, 277.44, 0.00408938
_10164_, 463.82, 272, 0.00400838
_10200_, 463.82, 272, 0.00400838
_10274_, 463.82, 272, 0.00400838
_10275_, 463.82, 272, 0.00400838
_10276_, 463.82, 272, 0.00400838
_11405_, 463.82, 272, 0.00400838
_11406_, 463.82, 272, 0.00400838
FILLER_0_96_998, 463.82, 272, 0.00400838
_11001_, 463.82, 266.56, 0.003835
_11100_, 463.82, 266.56, 0.003835
_11404_, 463.82, 266.56, 0.003835
FILLER_0_93_994, 463.82, 266.56, 0.003835
FILLER_0_94_989, 463.82, 266.56, 0.003835
FILLER_0_95_1005, 463.82, 266.56, 0.003835
FILLER_0_95_1009, 463.82, 266.56, 0.003835
_10973_, 463.82, 261.12, 0.00374669
_11000_, 463.82, 261.12, 0.00374669
_11002_, 463.82, 261.12, 0.00374669
_11004_, 463.82, 261.12, 0.00374669
_11122_, 463.82, 261.12, 0.00374669
_11124_, 463.82, 261.12, 0.00374669
FILLER_0_91_991, 463.82, 261.12, 0.00374669
FILLER_0_92_989, 463.82, 261.12, 0.00374669
FILLER_0_93_1003, 463.82, 261.12, 0.00374669
_11003_, 463.82, 255.68, 0.00363769
_11125_, 463.82, 255.68, 0.00363769
_11133_, 463.82, 255.68, 0.00363769
_11398_, 463.82, 255.68, 0.00363769
_10277_, 463.82, 250.24, 0.00349578
_11008_, 463.82, 250.24, 0.00349578
_11123_, 463.82, 250.24, 0.00349578
max_cap70, 463.82, 250.24, 0.00349578
FILLER_0_88_993, 463.82, 250.24, 0.00349578
FILLER_0_89_1004, 463.82, 250.24, 0.00349578
_10461_, 463.82, 244.8, 0.00339086
_10462_, 463.82, 244.8, 0.00339086
_10748_, 463.82, 244.8, 0.00339086
_10989_, 463.82, 244.8, 0.00339086
_10990_, 463.82, 244.8, 0.00339086
_10460_, 463.82, 239.36, 0.00335803
_10686_, 463.82, 239.36, 0.00335803
_10687_, 463.82, 239.36, 0.00335803
_10747_, 463.82, 239.36, 0.00335803
_11032_, 463.82, 239.36, 0.00335803
_11324_, 463.82, 239.36, 0.00335803
FILLER_0_84_1000, 463.82, 239.36, 0.00335803
_10711_, 463.82, 233.92, 0.0033804
_11054_, 463.82, 233.92, 0.0033804
_11076_, 463.82, 233.92, 0.0033804
FILLER_0_82_999, 463.82, 233.92, 0.0033804
FILLER_0_82_1007, 463.82, 233.92, 0.0033804
FILLER_0_83_997, 463.82, 233.92, 0.0033804
FILLER_0_83_1005, 463.82, 233.92, 0.0033804
_11024_, 463.82, 228.48, 0.00329002
_11071_, 463.82, 228.48, 0.00329002
_11073_, 463.82, 228.48, 0.00329002
_11074_, 463.82, 228.48, 0.00329002
FILLER_0_80_989, 463.82, 228.48, 0.00329002
FILLER_0_81_1004, 463.82, 228.48, 0.00329002
_11031_, 463.82, 223.04, 0.00324896
_11075_, 463.82, 223.04, 0.00324896
FILLER_0_78_1003, 463.82, 223.04, 0.00324896
FILLER_0_79_1001, 463.82, 223.04, 0.00324896
FILLER_0_79_1009, 463.82, 223.04, 0.00324896
_10893_, 463.82, 217.6, 0.0032732
_10895_, 463.82, 217.6, 0.0032732
_10898_, 463.82, 217.6, 0.0032732
_11007_, 463.82, 217.6, 0.0032732
_11082_, 463.82, 217.6, 0.0032732
FILLER_0_77_998, 463.82, 217.6, 0.0032732
_10751_, 463.82, 212.16, 0.00327077
_10757_, 463.82, 212.16, 0.00327077
_10891_, 463.82, 212.16, 0.00327077
_10892_, 463.82, 212.16, 0.00327077
_10897_, 463.82, 212.16, 0.00327077
_11006_, 463.82, 212.16, 0.00327077
FILLER_0_74_994, 463.82, 212.16, 0.00327077
FILLER_0_74_1001, 463.82, 212.16, 0.00327077
FILLER_0_75_1009, 463.82, 212.16, 0.00327077
_10557_, 463.82, 206.72, 0.00327492
_10770_, 463.82, 206.72, 0.00327492
_10771_, 463.82, 206.72, 0.00327492
_11005_, 463.82, 206.72, 0.00327492
_11040_, 463.82, 206.72, 0.00327492
FILLER_0_73_1009, 463.82, 206.72, 0.00327492
_10645_, 463.82, 201.28, 0.00332379
_10646_, 463.82, 201.28, 0.00332379
_10647_, 463.82, 201.28, 0.00332379
_10842_, 463.82, 201.28, 0.00332379
_10847_, 463.82, 201.28, 0.00332379
_10949_, 463.82, 201.28, 0.00332379
FILLER_0_69_983, 463.82, 201.28, 0.00332379
FILLER_0_70_992, 463.82, 201.28, 0.00332379
_10653_, 463.82, 195.84, 0.00327203
_10844_, 463.82, 195.84, 0.00327203
_10846_, 463.82, 195.84, 0.00327203
_11039_, 463.82, 195.84, 0.00327203
_10804_, 463.82, 190.4, 0.00324916
_10843_, 463.82, 190.4, 0.00324916
_11028_, 463.82, 190.4, 0.00324916
_11030_, 463.82, 190.4, 0.00324916
_11344_, 463.82, 190.4, 0.00324916
FILLER_0_65_991, 463.82, 190.4, 0.00324916
FILLER_0_66_1007, 463.82, 190.4, 0.00324916
FILLER_0_67_1000, 463.82, 190.4, 0.00324916
_10587_, 463.82, 184.96, 0.00327693
_10649_, 463.82, 184.96, 0.00327693
_10800_, 463.82, 184.96, 0.00327693
_10803_, 463.82, 184.96, 0.00327693
_11061_, 463.82, 184.96, 0.00327693
FILLER_0_64_1006, 463.82, 184.96, 0.00327693
FILLER_0_65_1000, 463.82, 184.96, 0.00327693
_10719_, 463.82, 179.52, 0.00324536
_10865_, 463.82, 179.52, 0.00324536
FILLER_0_61_993, 463.82, 179.52, 0.00324536
FILLER_0_62_999, 463.82, 179.52, 0.00324536
FILLER_0_63_998, 463.82, 179.52, 0.00324536
FILLER_0_63_1009, 463.82, 179.52, 0.00324536
_10550_, 463.82, 174.08, 0.00328101
_10702_, 463.82, 174.08, 0.00328101
_10795_, 463.82, 174.08, 0.00328101
_10797_, 463.82, 174.08, 0.00328101
_10798_, 463.82, 174.08, 0.00328101
_10867_, 463.82, 174.08, 0.00328101
_10894_, 463.82, 174.08, 0.00328101
FILLER_0_59_995, 463.82, 174.08, 0.00328101
_10544_, 463.82, 168.64, 0.00322665
_10546_, 463.82, 168.64, 0.00322665
_11343_, 463.82, 168.64, 0.00322665
_11357_, 463.82, 168.64, 0.00322665
FILLER_0_57_987, 463.82, 168.64, 0.00322665
FILLER_0_58_1005, 463.82, 168.64, 0.00322665
_11322_, 463.82, 163.2, 0.00323523
_11358_, 463.82, 163.2, 0.00323523
_11431_, 463.82, 163.2, 0.00323523
_11432_, 463.82, 163.2, 0.00323523
FILLER_0_57_999, 463.82, 163.2, 0.00323523
_11239_, 463.82, 157.76, 0.00324053
_11255_, 463.82, 157.76, 0.00324053
_11321_, 463.82, 157.76, 0.00324053
FILLER_0_54_990, 463.82, 157.76, 0.00324053
FILLER_0_55_1009, 463.82, 157.76, 0.00324053
_11145_, 463.82, 152.32, 0.00321081
_11164_, 463.82, 152.32, 0.00321081
_11187_, 463.82, 152.32, 0.00321081
_11203_, 463.82, 152.32, 0.00321081
FILLER_0_52_1000, 463.82, 152.32, 0.00321081
FILLER_0_53_1009, 463.82, 152.32, 0.00321081
_10628_, 463.82, 146.88, 0.00318586
_11042_, 463.82, 146.88, 0.00318586
_11086_, 463.82, 146.88, 0.00318586
_11112_, 463.82, 146.88, 0.00318586
_11126_, 463.82, 146.88, 0.00318586
FILLER_0_50_1008, 463.82, 146.88, 0.00318586
_11062_, 463.82, 141.44, 0.0031273
FILLER_0_47_1001, 463.82, 136, 0.00310766
FILLER_0_45_1001, 463.82, 130.56, 0.00309176
FILLER_0_43_1001, 463.82, 125.12, 0.00307753
FILLER_0_41_1001, 463.82, 119.68, 0.00306515
FILLER_0_37_1001, 463.82, 108.8, 0.00304071
FILLER_0_35_1001, 463.82, 103.36, 0.00303109
FILLER_0_33_1001, 463.82, 97.92, 0.00301881
FILLER_0_31_1001, 463.82, 92.48, 0.00300825
FILLER_0_29_1001, 463.82, 87.04, 0.00300013
FILLER_0_27_1001, 463.82, 81.6, 0.00299077
FILLER_0_25_1001, 463.82, 76.16, 0.00298228
FILLER_0_23_1001, 463.82, 70.72, 0.00297478
FILLER_0_21_1001, 463.82, 65.28, 0.00296767
FILLER_0_19_1001, 463.82, 59.84, 0.00296267
FILLER_0_17_1001, 463.82, 54.4, 0.00295626
FILLER_0_15_1001, 463.82, 48.96, 0.00295105
FILLER_0_13_1001, 463.82, 43.52, 0.00294547
FILLER_0_11_1001, 463.82, 38.08, 0.00294232
FILLER_0_9_1001, 463.82, 32.64, 0.00293942
FILLER_0_7_1001, 463.82, 27.2, 0.00293734
FILLER_0_5_1001, 463.82, 21.76, 0.00293392
FILLER_0_3_1001, 463.82, 16.32, 0.00293269
FILLER_0_0_1005, 463.82, 10.88, 0.00293591
FILLER_0_1_1001, 463.82, 10.88, 0.00293591
output59, 438.82, 484.16, 0.00535173
FILLER_0_174_949, 438.82, 484.16, 0.00535173
FILLER_0_173_945, 438.82, 478.72, 0.00535284
_12645_, 438.82, 473.28, 0.00535971
_17329_, 438.82, 473.28, 0.00535971
hold324, 438.82, 473.28, 0.00535971
FILLER_0_170_952, 438.82, 473.28, 0.00535971
FILLER_0_171_947, 438.82, 473.28, 0.00535971
FILLER_0_171_953, 438.82, 473.28, 0.00535971
_12295_, 438.82, 467.84, 0.0053592
_12300_, 438.82, 467.84, 0.0053592
_12301_, 438.82, 467.84, 0.0053592
_12311_, 438.82, 467.84, 0.0053592
_12644_, 438.82, 467.84, 0.0053592
_12647_, 438.82, 467.84, 0.0053592
FILLER_0_169_942, 438.82, 467.84, 0.0053592
FILLER_0_169_953, 438.82, 467.84, 0.0053592
_12296_, 438.82, 462.4, 0.00536217
_12297_, 438.82, 462.4, 0.00536217
_12298_, 438.82, 462.4, 0.00536217
_12299_, 438.82, 462.4, 0.00536217
_12302_, 438.82, 462.4, 0.00536217
_12637_, 438.82, 462.4, 0.00536217
FILLER_0_165_934, 438.82, 462.4, 0.00536217
FILLER_0_167_953, 438.82, 462.4, 0.00536217
_12309_, 438.82, 456.96, 0.00535838
_12636_, 438.82, 456.96, 0.00535838
_12638_, 438.82, 456.96, 0.00535838
hold411, 438.82, 456.96, 0.00535838
FILLER_0_165_949, 438.82, 456.96, 0.00535838
_12307_, 438.82, 451.52, 0.00536583
_12312_, 438.82, 451.52, 0.00536583
_12639_, 438.82, 451.52, 0.00536583
_12642_, 438.82, 451.52, 0.00536583
_12643_, 438.82, 451.52, 0.00536583
_17331_, 438.82, 451.52, 0.00536583
_19308_, 438.82, 451.52, 0.00536583
_12303_, 438.82, 446.08, 0.00536816
_12306_, 438.82, 446.08, 0.00536816
_12308_, 438.82, 446.08, 0.00536816
_12310_, 438.82, 446.08, 0.00536816
clkbuf_leaf_100_i_clk, 438.82, 446.08, 0.00536816
FILLER_0_160_942, 438.82, 446.08, 0.00536816
FILLER_0_161_945, 438.82, 446.08, 0.00536816
FILLER_0_161_953, 438.82, 446.08, 0.00536816
_19149_, 438.82, 440.64, 0.00536231
FILLER_0_159_945, 438.82, 440.64, 0.00536231
FILLER_0_159_953, 438.82, 440.64, 0.00536231
_13156_, 438.82, 435.2, 0.00536516
_13157_, 438.82, 435.2, 0.00536516
_13158_, 438.82, 435.2, 0.00536516
_13162_, 438.82, 435.2, 0.00536516
_17087_, 438.82, 435.2, 0.00536516
_13149_, 438.82, 429.76, 0.00536178
_13152_, 438.82, 429.76, 0.00536178
_13153_, 438.82, 429.76, 0.00536178
FILLER_0_153_933, 438.82, 429.76, 0.00536178
FILLER_0_155_945, 438.82, 429.76, 0.00536178
_17088_, 438.82, 424.32, 0.00536594
_19151_, 438.82, 424.32, 0.00536594
FILLER_0_152_953, 438.82, 424.32, 0.00536594
FILLER_0_153_953, 438.82, 424.32, 0.00536594
_12253_, 438.82, 418.88, 0.00536717
_12708_, 438.82, 418.88, 0.00536717
hold339, 438.82, 418.88, 0.00536717
FILLER_0_150_937, 438.82, 418.88, 0.00536717
FILLER_0_151_946, 438.82, 418.88, 0.00536717
_12707_, 438.82, 413.44, 0.00537168
_12710_, 438.82, 413.44, 0.00537168
_12711_, 438.82, 413.44, 0.00537168
_17311_, 438.82, 413.44, 0.00537168
_17312_, 438.82, 413.44, 0.00537168
hold288, 438.82, 413.44, 0.00537168
_12239_, 438.82, 408, 0.00537197
_12240_, 438.82, 408, 0.00537197
_12251_, 438.82, 408, 0.00537197
_12252_, 438.82, 408, 0.00537197
_12256_, 438.82, 408, 0.00537197
_12702_, 438.82, 408, 0.00537197
_12709_, 438.82, 408, 0.00537197
_12712_, 438.82, 408, 0.00537197
FILLER_0_145_933, 438.82, 408, 0.00537197
FILLER_0_147_944, 438.82, 408, 0.00537197
_12250_, 438.82, 402.56, 0.00537884
_13151_, 438.82, 402.56, 0.00537884
clkbuf_leaf_106_i_clk, 438.82, 402.56, 0.00537884
FILLER_0_144_950, 438.82, 402.56, 0.00537884
_13204_, 438.82, 397.12, 0.00536565
_17068_, 438.82, 397.12, 0.00536565
FILLER_0_141_934, 438.82, 397.12, 0.00536565
FILLER_0_142_937, 438.82, 397.12, 0.00536565
_13241_, 438.82, 391.68, 0.00537211
_13246_, 438.82, 391.68, 0.00537211
_19133_, 438.82, 391.68, 0.00537211
_19134_, 438.82, 391.68, 0.00537211
FILLER_0_141_943, 438.82, 391.68, 0.00537211
_13240_, 438.82, 386.24, 0.00536578
_13242_, 438.82, 386.24, 0.00536578
_13245_, 438.82, 386.24, 0.00536578
_17067_, 438.82, 386.24, 0.00536578
FILLER_0_138_947, 438.82, 386.24, 0.00536578
FILLER_0_139_953, 438.82, 386.24, 0.00536578
_13094_, 438.82, 380.8, 0.00537161
_13147_, 438.82, 380.8, 0.00537161
_13148_, 438.82, 380.8, 0.00537161
FILLER_0_136_946, 438.82, 380.8, 0.00537161
FILLER_0_136_954, 438.82, 380.8, 0.00537161
FILLER_0_137_953, 438.82, 380.8, 0.00537161
_13093_, 438.82, 375.36, 0.00537345
_13154_, 438.82, 375.36, 0.00537345
_13155_, 438.82, 375.36, 0.00537345
FILLER_0_134_937, 438.82, 375.36, 0.00537345
_12479_, 438.82, 369.92, 0.00537655
_13237_, 438.82, 369.92, 0.00537655
_13244_, 438.82, 369.92, 0.00537655
FILLER_0_131_938, 438.82, 369.92, 0.00537655
FILLER_0_132_937, 438.82, 369.92, 0.00537655
FILLER_0_133_942, 438.82, 369.92, 0.00537655
_13232_, 438.82, 364.48, 0.00537698
_13233_, 438.82, 364.48, 0.00537698
_13238_, 438.82, 364.48, 0.00537698
_13243_, 438.82, 364.48, 0.00537698
hold249, 438.82, 364.48, 0.00537698
FILLER_0_130_942, 438.82, 364.48, 0.00537698
_13370_, 438.82, 359.04, 0.00537489
_13374_, 438.82, 359.04, 0.00537489
FILLER_0_129_949, 438.82, 359.04, 0.00537489
_13362_, 438.82, 353.6, 0.00537585
_13365_, 438.82, 353.6, 0.00537585
_13380_, 438.82, 353.6, 0.00537585
hold264, 438.82, 353.6, 0.00537585
FILLER_0_126_942, 438.82, 353.6, 0.00537585
FILLER_0_127_946, 438.82, 353.6, 0.00537585
_13366_, 438.82, 348.16, 0.0056272
_13368_, 438.82, 348.16, 0.0056272
_13369_, 438.82, 348.16, 0.0056272
_17035_, 438.82, 348.16, 0.0056272
_19106_, 438.82, 348.16, 0.0056272
_19107_, 438.82, 348.16, 0.0056272
FILLER_0_124_937, 438.82, 348.16, 0.0056272
FILLER_0_125_946, 438.82, 348.16, 0.0056272
_13364_, 438.82, 342.72, 0.00548202
_13367_, 438.82, 342.72, 0.00548202
FILLER_0_123_949, 438.82, 342.72, 0.00548202
_13363_, 438.82, 337.28, 0.00552683
_13372_, 438.82, 337.28, 0.00552683
FILLER_0_119_935, 438.82, 337.28, 0.00552683
FILLER_0_120_950, 438.82, 337.28, 0.00552683
FILLER_0_121_945, 438.82, 337.28, 0.00552683
FILLER_0_121_953, 438.82, 337.28, 0.00552683
_10332_, 438.82, 331.84, 0.00533693
_10406_, 438.82, 331.84, 0.00533693
_10582_, 438.82, 331.84, 0.00533693
_10583_, 438.82, 331.84, 0.00533693
_13082_, 438.82, 331.84, 0.00533693
FILLER_0_118_942, 438.82, 331.84, 0.00533693
_10334_, 438.82, 326.4, 0.00536553
_10408_, 438.82, 326.4, 0.00536553
_10410_, 438.82, 326.4, 0.00536553
_10411_, 438.82, 326.4, 0.00536553
FILLER_0_116_931, 438.82, 326.4, 0.00536553
FILLER_0_117_947, 438.82, 326.4, 0.00536553
_10396_, 438.82, 320.96, 0.00521604
_10397_, 438.82, 320.96, 0.00521604
_10412_, 438.82, 320.96, 0.00521604
_11220_, 438.82, 320.96, 0.00521604
_11246_, 438.82, 320.96, 0.00521604
FILLER_0_115_945, 438.82, 320.96, 0.00521604
_10340_, 438.82, 315.52, 0.00515633
_10342_, 438.82, 315.52, 0.00515633
_10398_, 438.82, 315.52, 0.00515633
_10399_, 438.82, 315.52, 0.00515633
_10400_, 438.82, 315.52, 0.00515633
_11222_, 438.82, 315.52, 0.00515633
_11234_, 438.82, 315.52, 0.00515633
FILLER_0_113_942, 438.82, 315.52, 0.00515633
_10341_, 438.82, 310.08, 0.00495915
_10578_, 438.82, 310.08, 0.00495915
_11251_, 438.82, 310.08, 0.00495915
_11252_, 438.82, 310.08, 0.00495915
_13081_, 438.82, 310.08, 0.00495915
_11250_, 438.82, 304.64, 0.00480246
_11273_, 438.82, 304.64, 0.00480246
_11279_, 438.82, 304.64, 0.00480246
FILLER_0_107_941, 438.82, 304.64, 0.00480246
FILLER_0_108_951, 438.82, 304.64, 0.00480246
FILLER_0_109_949, 438.82, 304.64, 0.00480246
FILLER_0_109_953, 438.82, 304.64, 0.00480246
_10389_, 438.82, 299.2, 0.00481033
_11269_, 438.82, 299.2, 0.00481033
_11280_, 438.82, 299.2, 0.00481033
FILLER_0_105_937, 438.82, 299.2, 0.00481033
FILLER_0_106_939, 438.82, 299.2, 0.00481033
FILLER_0_106_952, 438.82, 299.2, 0.00481033
FILLER_0_107_949, 438.82, 299.2, 0.00481033
FILLER_0_107_953, 438.82, 299.2, 0.00481033
_11268_, 438.82, 293.76, 0.00458521
_11290_, 438.82, 293.76, 0.00458521
_11297_, 438.82, 293.76, 0.00458521
FILLER_0_103_941, 438.82, 293.76, 0.00458521
FILLER_0_104_951, 438.82, 293.76, 0.00458521
FILLER_0_105_945, 438.82, 293.76, 0.00458521
FILLER_0_105_953, 438.82, 293.76, 0.00458521
_11285_, 438.82, 288.32, 0.00440292
_11302_, 438.82, 288.32, 0.00440292
FILLER_0_102_949, 438.82, 288.32, 0.00440292
FILLER_0_103_949, 438.82, 288.32, 0.00440292
_11270_, 438.82, 282.88, 0.00429524
_11287_, 438.82, 282.88, 0.00429524
_11314_, 438.82, 282.88, 0.00429524
_11382_, 438.82, 282.88, 0.00429524
FILLER_0_99_930, 438.82, 282.88, 0.00429524
FILLER_0_100_938, 438.82, 282.88, 0.00429524
FILLER_0_100_946, 438.82, 282.88, 0.00429524
_11259_, 438.82, 277.44, 0.00406384
_11272_, 438.82, 277.44, 0.00406384
_11288_, 438.82, 277.44, 0.00406384
_11383_, 438.82, 277.44, 0.00406384
FILLER_0_98_949, 438.82, 277.44, 0.00406384
FILLER_0_99_946, 438.82, 277.44, 0.00406384
_10590_, 438.82, 272, 0.00393834
_11209_, 438.82, 272, 0.00393834
_11261_, 438.82, 272, 0.00393834
_11262_, 438.82, 272, 0.00393834
_11311_, 438.82, 272, 0.00393834
_11313_, 438.82, 272, 0.00393834
_11384_, 438.82, 272, 0.00393834
FILLER_0_96_937, 438.82, 272, 0.00393834
_11312_, 438.82, 266.56, 0.00373191
_11425_, 438.82, 266.56, 0.00373191
_10639_, 438.82, 261.12, 0.00360878
_11117_, 438.82, 261.12, 0.00360878
FILLER_0_92_946, 438.82, 261.12, 0.00360878
FILLER_0_92_954, 438.82, 261.12, 0.00360878
FILLER_0_93_946, 438.82, 261.12, 0.00360878
FILLER_0_93_953, 438.82, 261.12, 0.00360878
_10198_, 438.82, 255.68, 0.00344367
_10365_, 438.82, 255.68, 0.00344367
_10972_, 438.82, 255.68, 0.00344367
_10975_, 438.82, 255.68, 0.00344367
_11116_, 438.82, 255.68, 0.00344367
_11353_, 438.82, 255.68, 0.00344367
_11424_, 438.82, 255.68, 0.00344367
FILLER_0_91_946, 438.82, 255.68, 0.00344367
_10640_, 438.82, 250.24, 0.0032211
FILLER_0_87_939, 438.82, 250.24, 0.0032211
FILLER_0_89_944, 438.82, 250.24, 0.0032211
_10470_, 438.82, 244.8, 0.00307955
_10960_, 438.82, 244.8, 0.00307955
_10961_, 438.82, 244.8, 0.00307955
_11362_, 438.82, 244.8, 0.00307955
_11363_, 438.82, 244.8, 0.00307955
_11366_, 438.82, 244.8, 0.00307955
_11369_, 438.82, 244.8, 0.00307955
FILLER_0_86_938, 438.82, 244.8, 0.00307955
FILLER_0_87_953, 438.82, 244.8, 0.00307955
_10963_, 438.82, 239.36, 0.00309805
_10982_, 438.82, 239.36, 0.00309805
_11364_, 438.82, 239.36, 0.00309805
FILLER_0_85_942, 438.82, 239.36, 0.00309805
_10519_, 438.82, 233.92, 0.00310746
_10710_, 438.82, 233.92, 0.00310746
_10976_, 438.82, 233.92, 0.00310746
FILLER_0_81_931, 438.82, 233.92, 0.00310746
FILLER_0_82_937, 438.82, 233.92, 0.00310746
FILLER_0_83_949, 438.82, 233.92, 0.00310746
FILLER_0_83_953, 438.82, 233.92, 0.00310746
_10970_, 438.82, 228.48, 0.00311109
_11083_, 438.82, 228.48, 0.00311109
_11295_, 438.82, 228.48, 0.00311109
_11351_, 438.82, 228.48, 0.00311109
_11439_, 438.82, 228.48, 0.00311109
FILLER_0_80_936, 438.82, 228.48, 0.00311109
FILLER_0_81_953, 438.82, 228.48, 0.00311109
_10592_, 438.82, 223.04, 0.00309286
_10954_, 438.82, 223.04, 0.00309286
_11286_, 438.82, 223.04, 0.00309286
_11352_, 438.82, 223.04, 0.00309286
FILLER_0_79_946, 438.82, 223.04, 0.00309286
_11069_, 438.82, 217.6, 0.00314633
_11070_, 438.82, 217.6, 0.00314633
_11371_, 438.82, 217.6, 0.00314633
_11372_, 438.82, 217.6, 0.00314633
FILLER_0_76_937, 438.82, 217.6, 0.00314633
FILLER_0_77_947, 438.82, 217.6, 0.00314633
_10997_, 438.82, 212.16, 0.00313572
_11066_, 438.82, 212.16, 0.00313572
_11068_, 438.82, 212.16, 0.00313572
_11278_, 438.82, 212.16, 0.00313572
_11370_, 438.82, 212.16, 0.00313572
FILLER_0_74_931, 438.82, 212.16, 0.00313572
FILLER_0_74_953, 438.82, 212.16, 0.00313572
FILLER_0_75_953, 438.82, 212.16, 0.00313572
_11065_, 438.82, 206.72, 0.00316514
_11148_, 438.82, 206.72, 0.00316514
_11149_, 438.82, 206.72, 0.00316514
_11308_, 438.82, 206.72, 0.00316514
FILLER_0_72_936, 438.82, 206.72, 0.00316514
_10662_, 438.82, 201.28, 0.00321269
_10663_, 438.82, 201.28, 0.00321269
_11046_, 438.82, 201.28, 0.00321269
_11163_, 438.82, 201.28, 0.00321269
_11207_, 438.82, 201.28, 0.00321269
FILLER_0_69_938, 438.82, 201.28, 0.00321269
FILLER_0_70_942, 438.82, 201.28, 0.00321269
FILLER_0_70_954, 438.82, 201.28, 0.00321269
FILLER_0_71_948, 438.82, 201.28, 0.00321269
_10722_, 438.82, 195.84, 0.00322132
_10981_, 438.82, 195.84, 0.00322132
_11045_, 438.82, 195.84, 0.00322132
_11047_, 438.82, 195.84, 0.00322132
_11206_, 438.82, 195.84, 0.00322132
FILLER_0_68_942, 438.82, 195.84, 0.00322132
_10925_, 438.82, 190.4, 0.00317951
_10971_, 438.82, 190.4, 0.00317951
_11257_, 438.82, 190.4, 0.00317951
FILLER_0_65_939, 438.82, 190.4, 0.00317951
FILLER_0_67_949, 438.82, 190.4, 0.00317951
_10588_, 438.82, 184.96, 0.00323714
_10709_, 438.82, 184.96, 0.00323714
_10720_, 438.82, 184.96, 0.00323714
_10721_, 438.82, 184.96, 0.00323714
_10978_, 438.82, 184.96, 0.00323714
_11228_, 438.82, 184.96, 0.00323714
FILLER_0_63_933, 438.82, 184.96, 0.00323714
_10707_, 438.82, 179.52, 0.00321986
_10913_, 438.82, 179.52, 0.00321986
_10977_, 438.82, 179.52, 0.00321986
FILLER_0_62_937, 438.82, 179.52, 0.00321986
FILLER_0_63_948, 438.82, 179.52, 0.00321986
_10540_, 438.82, 174.08, 0.0032328
_10558_, 438.82, 174.08, 0.0032328
_11150_, 438.82, 174.08, 0.0032328
FILLER_0_59_938, 438.82, 174.08, 0.0032328
FILLER_0_60_931, 438.82, 174.08, 0.0032328
FILLER_0_61_946, 438.82, 174.08, 0.0032328
FILLER_0_61_953, 438.82, 174.08, 0.0032328
_10538_, 438.82, 168.64, 0.00323174
_10549_, 438.82, 168.64, 0.00323174
_10551_, 438.82, 168.64, 0.00323174
_11089_, 438.82, 168.64, 0.00323174
_11227_, 438.82, 163.2, 0.00322938
_11256_, 438.82, 163.2, 0.00322938
_11294_, 438.82, 163.2, 0.00322938
FILLER_0_56_940, 438.82, 163.2, 0.00322938
FILLER_0_57_953, 438.82, 163.2, 0.00322938
_10537_, 438.82, 157.76, 0.00324629
_10964_, 438.82, 157.76, 0.00324629
_11064_, 438.82, 157.76, 0.00324629
_11113_, 438.82, 157.76, 0.00324629
_11277_, 438.82, 157.76, 0.00324629
FILLER_0_54_947, 438.82, 157.76, 0.00324629
_11016_, 438.82, 152.32, 0.00319412
_11044_, 438.82, 152.32, 0.00319412
_11088_, 438.82, 152.32, 0.00319412
_11146_, 438.82, 152.32, 0.00319412
FILLER_0_53_947, 438.82, 152.32, 0.00319412
_11015_, 438.82, 146.88, 0.00315195
_11043_, 438.82, 146.88, 0.00315195
_11063_, 438.82, 146.88, 0.00315195
FILLER_0_50_937, 438.82, 146.88, 0.00315195
FILLER_0_51_944, 438.82, 146.88, 0.00315195
FILLER_0_49_945, 438.82, 141.44, 0.0031066
_14063_, 438.82, 136, 0.00309448
_16706_, 438.82, 136, 0.00309448
_16707_, 438.82, 136, 0.00309448
clkbuf_leaf_129_i_clk, 438.82, 136, 0.00309448
FILLER_0_46_937, 438.82, 136, 0.00309448
FILLER_0_47_947, 438.82, 136, 0.00309448
_14133_, 438.82, 125.12, 0.00306316
_14135_, 438.82, 125.12, 0.00306316
FILLER_0_41_941, 438.82, 125.12, 0.00306316
_14132_, 438.82, 119.68, 0.00305523
_14143_, 438.82, 119.68, 0.00305523
_18774_, 438.82, 119.68, 0.00305523
_18775_, 438.82, 119.68, 0.00305523
FILLER_0_41_949, 438.82, 119.68, 0.00305523
_14139_, 438.82, 114.24, 0.00303993
_14142_, 438.82, 114.24, 0.00303993
_16670_, 438.82, 114.24, 0.00303993
_16671_, 438.82, 114.24, 0.00303993
_18770_, 438.82, 114.24, 0.00303993
FILLER_0_38_938, 438.82, 114.24, 0.00303993
FILLER_0_39_942, 438.82, 114.24, 0.00303993
FILLER_0_39_949, 438.82, 114.24, 0.00303993
_16668_, 438.82, 108.8, 0.00302946
_18772_, 438.82, 108.8, 0.00302946
_16667_, 438.82, 103.36, 0.00302514
_16917_, 438.82, 103.36, 0.00302514
FILLER_0_35_945, 438.82, 103.36, 0.00302514
_16920_, 438.82, 97.92, 0.00300943
FILLER_0_33_945, 438.82, 97.92, 0.00300943
_16918_, 438.82, 92.48, 0.00299561
_16919_, 438.82, 92.48, 0.00299561
FILLER_0_27_941, 438.82, 87.04, 0.00299157
FILLER_0_29_944, 438.82, 87.04, 0.00299157
FILLER_0_27_949, 438.82, 81.6, 0.00297946
FILLER_0_23_941, 438.82, 76.16, 0.00297057
FILLER_0_23_949, 438.82, 70.72, 0.00296542
FILLER_0_19_941, 438.82, 65.28, 0.00295635
FILLER_0_21_945, 438.82, 65.28, 0.00295635
FILLER_0_19_949, 438.82, 59.84, 0.00295076
FILLER_0_15_941, 438.82, 54.4, 0.00294486
FILLER_0_17_948, 438.82, 54.4, 0.00294486
FILLER_0_15_949, 438.82, 48.96, 0.00294064
FILLER_0_13_945, 438.82, 43.52, 0.00293367
FILLER_0_11_945, 438.82, 38.08, 0.00292999
FILLER_0_9_945, 438.82, 32.64, 0.00292692
FILLER_0_7_945, 438.82, 27.2, 0.0029243
FILLER_0_5_945, 438.82, 21.76, 0.00292084
FILLER_0_3_945, 438.82, 16.32, 0.00291954
output25, 438.82, 10.88, 0.00292333
FILLER_0_0_949, 438.82, 10.88, 0.00292333
FILLER_0_1_945, 438.82, 10.88, 0.00292333
output36, 413.82, 484.16, 0.0053368
FILLER_0_174_881, 413.82, 484.16, 0.0053368
FILLER_0_174_891, 413.82, 484.16, 0.0053368
_17360_, 413.82, 478.72, 0.00533822
_17361_, 413.82, 478.72, 0.00533822
_12646_, 413.82, 473.28, 0.00534401
_19307_, 413.82, 473.28, 0.00534401
FILLER_0_169_887, 413.82, 473.28, 0.00534401
_12486_, 413.82, 467.84, 0.0053426
_12845_, 413.82, 467.84, 0.0053426
FILLER_0_167_887, 413.82, 467.84, 0.0053426
FILLER_0_168_881, 413.82, 467.84, 0.0053426
FILLER_0_169_897, 413.82, 467.84, 0.0053426
_12731_, 413.82, 462.4, 0.00534718
_12837_, 413.82, 462.4, 0.00534718
_12844_, 413.82, 462.4, 0.00534718
_12859_, 413.82, 462.4, 0.00534718
_12873_, 413.82, 462.4, 0.00534718
_12858_, 413.82, 456.96, 0.00533866
_17334_, 413.82, 456.96, 0.00533866
FILLER_0_165_897, 413.82, 456.96, 0.00533866
_12880_, 413.82, 451.52, 0.00534576
_12887_, 413.82, 451.52, 0.00534576
_17333_, 413.82, 451.52, 0.00534576
hold247, 413.82, 451.52, 0.00534576
_12630_, 413.82, 446.08, 0.0053506
_12634_, 413.82, 446.08, 0.0053506
_12635_, 413.82, 446.08, 0.0053506
_12879_, 413.82, 446.08, 0.0053506
_12895_, 413.82, 446.08, 0.0053506
hold343, 413.82, 446.08, 0.0053506
FILLER_0_159_887, 413.82, 446.08, 0.0053506
FILLER_0_160_894, 413.82, 446.08, 0.0053506
FILLER_0_161_897, 413.82, 446.08, 0.0053506
_12316_, 413.82, 440.64, 0.00534767
_12317_, 413.82, 440.64, 0.00534767
_12318_, 413.82, 440.64, 0.00534767
_12321_, 413.82, 440.64, 0.00534767
_12622_, 413.82, 440.64, 0.00534767
_12912_, 413.82, 440.64, 0.00534767
FILLER_0_158_890, 413.82, 440.64, 0.00534767
FILLER_0_158_898, 413.82, 440.64, 0.00534767
_12314_, 413.82, 435.2, 0.00535483
_12315_, 413.82, 435.2, 0.00535483
_12918_, 413.82, 435.2, 0.00535483
_12919_, 413.82, 435.2, 0.00535483
FILLER_0_155_886, 413.82, 435.2, 0.00535483
FILLER_0_156_889, 413.82, 435.2, 0.00535483
FILLER_0_157_897, 413.82, 435.2, 0.00535483
_12926_, 413.82, 424.32, 0.00536039
_12933_, 413.82, 424.32, 0.00536039
_12940_, 413.82, 424.32, 0.00536039
_13139_, 413.82, 424.32, 0.00536039
_13140_, 413.82, 424.32, 0.00536039
_17090_, 413.82, 424.32, 0.00536039
FILLER_0_153_889, 413.82, 424.32, 0.00536039
_13134_, 413.82, 418.88, 0.00535224
FILLER_0_151_897, 413.82, 418.88, 0.00535224
_12954_, 413.82, 413.44, 0.00537849
_12960_, 413.82, 413.44, 0.00537849
_12961_, 413.82, 413.44, 0.00537849
_17092_, 413.82, 413.44, 0.00537849
FILLER_0_147_881, 413.82, 413.44, 0.00537849
FILLER_0_148_889, 413.82, 413.44, 0.00537849
FILLER_0_149_890, 413.82, 413.44, 0.00537849
_12716_, 413.82, 408, 0.00537032
_12725_, 413.82, 408, 0.00537032
_12947_, 413.82, 408, 0.00537032
_12953_, 413.82, 408, 0.00537032
_12968_, 413.82, 408, 0.00537032
FILLER_0_146_889, 413.82, 408, 0.00537032
FILLER_0_147_889, 413.82, 408, 0.00537032
_12967_, 413.82, 402.56, 0.00537464
_12974_, 413.82, 402.56, 0.00537464
_12975_, 413.82, 402.56, 0.00537464
_19289_, 413.82, 402.56, 0.00537464
FILLER_0_145_893, 413.82, 402.56, 0.00537464
FILLER_0_145_897, 413.82, 402.56, 0.00537464
_12247_, 413.82, 397.12, 0.00537427
_12720_, 413.82, 397.12, 0.00537427
_12721_, 413.82, 397.12, 0.00537427
_12724_, 413.82, 397.12, 0.00537427
_19288_, 413.82, 397.12, 0.00537427
hold233, 413.82, 397.12, 0.00537427
FILLER_0_143_897, 413.82, 397.12, 0.00537427
_12244_, 413.82, 391.68, 0.0053808
_12246_, 413.82, 391.68, 0.0053808
_12719_, 413.82, 391.68, 0.0053808
FILLER_0_141_889, 413.82, 391.68, 0.0053808
FILLER_0_141_897, 413.82, 391.68, 0.0053808
FILLER_0_137_885, 413.82, 386.24, 0.00538715
_13137_, 413.82, 380.8, 0.00540776
_13138_, 413.82, 380.8, 0.00540776
_13259_, 413.82, 380.8, 0.00540776
_13263_, 413.82, 380.8, 0.00540776
_13264_, 413.82, 380.8, 0.00540776
_17065_, 413.82, 380.8, 0.00540776
_19130_, 413.82, 380.8, 0.00540776
FILLER_0_135_879, 413.82, 380.8, 0.00540776
FILLER_0_137_893, 413.82, 380.8, 0.00540776
_13265_, 413.82, 375.36, 0.00542301
_19131_, 413.82, 375.36, 0.00542301
FILLER_0_133_885, 413.82, 375.36, 0.00542301
_13262_, 413.82, 369.92, 0.00543634
_17064_, 413.82, 369.92, 0.00543634
_19129_, 413.82, 369.92, 0.00543634
hold163, 413.82, 369.92, 0.00543634
hold274, 413.82, 369.92, 0.00543634
FILLER_0_132_899, 413.82, 369.92, 0.00543634
_17032_, 413.82, 364.48, 0.00545516
_19100_, 413.82, 364.48, 0.00545516
hold89, 413.82, 364.48, 0.00545516
FILLER_0_131_888, 413.82, 364.48, 0.00545516
FILLER_0_131_897, 413.82, 364.48, 0.00545516
_13394_, 413.82, 359.04, 0.00549063
_19101_, 413.82, 359.04, 0.00549063
hold88, 413.82, 359.04, 0.00549063
FILLER_0_127_886, 413.82, 359.04, 0.00549063
FILLER_0_128_877, 413.82, 359.04, 0.00549063
FILLER_0_129_892, 413.82, 359.04, 0.00549063
_13386_, 413.82, 353.6, 0.00551183
_13390_, 413.82, 353.6, 0.00551183
_13392_, 413.82, 353.6, 0.00551183
_19102_, 413.82, 353.6, 0.00551183
hold455, 413.82, 353.6, 0.00551183
FILLER_0_125_884, 413.82, 353.6, 0.00551183
FILLER_0_126_877, 413.82, 353.6, 0.00551183
_13389_, 413.82, 348.16, 0.00660379
_13391_, 413.82, 348.16, 0.00660379
_15713_, 413.82, 348.16, 0.00660379
clkbuf_4_14__f_i_clk, 413.82, 348.16, 0.00660379
FILLER_0_124_891, 413.82, 348.16, 0.00660379
_13383_, 413.82, 342.72, 0.00608875
FILLER_0_122_894, 413.82, 342.72, 0.00608875
FILLER_0_123_891, 413.82, 342.72, 0.00608875
_15701_, 413.82, 337.28, 0.006409
_15702_, 413.82, 337.28, 0.006409
_15703_, 413.82, 337.28, 0.006409
_15750_, 413.82, 337.28, 0.006409
FILLER_0_121_888, 413.82, 337.28, 0.006409
_15745_, 413.82, 331.84, 0.00572276
_15690_, 413.82, 326.4, 0.00611997
_15691_, 413.82, 326.4, 0.00611997
_15781_, 413.82, 326.4, 0.00611997
_15668_, 413.82, 320.96, 0.00550905
_15689_, 413.82, 320.96, 0.00550905
FILLER_0_114_875, 413.82, 320.96, 0.00550905
FILLER_0_114_900, 413.82, 320.96, 0.00550905
_13272_, 413.82, 315.52, 0.00573638
_15679_, 413.82, 315.52, 0.00573638
FILLER_0_113_892, 413.82, 315.52, 0.00573638
_10315_, 413.82, 310.08, 0.00510404
_13267_, 413.82, 310.08, 0.00510404
_17063_, 413.82, 310.08, 0.00510404
clkbuf_leaf_113_i_clk, 413.82, 310.08, 0.00510404
_19127_, 413.82, 304.64, 0.00499953
_19128_, 413.82, 304.64, 0.00499953
FILLER_0_108_881, 413.82, 304.64, 0.00499953
FILLER_0_109_890, 413.82, 304.64, 0.00499953
_13393_, 413.82, 299.2, 0.00522353
_15699_, 413.82, 299.2, 0.00522353
_15700_, 413.82, 299.2, 0.00522353
FILLER_0_107_892, 413.82, 299.2, 0.00522353
_13388_, 413.82, 293.76, 0.0047414
_13395_, 413.82, 293.76, 0.0047414
_13396_, 413.82, 293.76, 0.0047414
_15655_, 413.82, 293.76, 0.0047414
FILLER_0_104_882, 413.82, 293.76, 0.0047414
FILLER_0_105_889, 413.82, 293.76, 0.0047414
FILLER_0_105_897, 413.82, 293.76, 0.0047414
_10360_, 413.82, 288.32, 0.00454084
FILLER_0_102_896, 413.82, 288.32, 0.00454084
FILLER_0_103_890, 413.82, 288.32, 0.00454084
FILLER_0_103_897, 413.82, 288.32, 0.00454084
_10384_, 413.82, 282.88, 0.00435203
_11331_, 413.82, 282.88, 0.00435203
_11332_, 413.82, 282.88, 0.00435203
_13295_, 413.82, 282.88, 0.00435203
FILLER_0_99_887, 413.82, 282.88, 0.00435203
FILLER_0_100_893, 413.82, 282.88, 0.00435203
FILLER_0_101_893, 413.82, 282.88, 0.00435203
_10359_, 413.82, 277.44, 0.00406938
_10443_, 413.82, 277.44, 0.00406938
_13300_, 413.82, 277.44, 0.00406938
_13304_, 413.82, 277.44, 0.00406938
_10165_, 413.82, 272, 0.00380355
_10358_, 413.82, 272, 0.00380355
_10476_, 413.82, 272, 0.00380355
_10484_, 413.82, 272, 0.00380355
_10485_, 413.82, 272, 0.00380355
FILLER_0_96_888, 413.82, 272, 0.00380355
_10382_, 413.82, 266.56, 0.00357307
_10477_, 413.82, 266.56, 0.00357307
FILLER_0_95_893, 413.82, 266.56, 0.00357307
_10158_, 413.82, 261.12, 0.00338734
_10362_, 413.82, 261.12, 0.00338734
_10367_, 413.82, 261.12, 0.00338734
_10377_, 413.82, 261.12, 0.00338734
_10473_, 413.82, 261.12, 0.00338734
_10591_, 413.82, 261.12, 0.00338734
FILLER_0_92_884, 413.82, 261.12, 0.00338734
_10211_, 413.82, 255.68, 0.00310477
_10212_, 413.82, 255.68, 0.00310477
_10366_, 413.82, 255.68, 0.00310477
_10372_, 413.82, 255.68, 0.00310477
_10536_, 413.82, 255.68, 0.00310477
_10601_, 413.82, 255.68, 0.00310477
FILLER_0_90_883, 413.82, 255.68, 0.00310477
FILLER_0_91_893, 413.82, 255.68, 0.00310477
_10186_, 413.82, 250.24, 0.00283692
_10924_, 413.82, 250.24, 0.00283692
_11399_, 413.82, 250.24, 0.00283692
_11407_, 413.82, 250.24, 0.00283692
_11408_, 413.82, 250.24, 0.00283692
FILLER_0_87_877, 413.82, 250.24, 0.00283692
FILLER_0_88_882, 413.82, 250.24, 0.00283692
_10598_, 413.82, 244.8, 0.00258794
_10676_, 413.82, 244.8, 0.00258794
_10928_, 413.82, 244.8, 0.00258794
_10941_, 413.82, 244.8, 0.00258794
FILLER_0_85_879, 413.82, 244.8, 0.00258794
FILLER_0_86_885, 413.82, 244.8, 0.00258794
FILLER_0_87_890, 413.82, 244.8, 0.00258794
_10478_, 413.82, 239.36, 0.00266922
_10594_, 413.82, 239.36, 0.00266922
_10688_, 413.82, 239.36, 0.00266922
_10927_, 413.82, 239.36, 0.00266922
_10929_, 413.82, 239.36, 0.00266922
_10940_, 413.82, 239.36, 0.00266922
FILLER_0_84_885, 413.82, 239.36, 0.00266922
_10943_, 413.82, 233.92, 0.00272661
_10944_, 413.82, 233.92, 0.00272661
FILLER_0_81_881, 413.82, 233.92, 0.00272661
FILLER_0_82_881, 413.82, 233.92, 0.00272661
_10701_, 413.82, 228.48, 0.00284524
_10756_, 413.82, 228.48, 0.00284524
_10825_, 413.82, 228.48, 0.00284524
_10860_, 413.82, 228.48, 0.00284524
_10906_, 413.82, 228.48, 0.00284524
_10945_, 413.82, 228.48, 0.00284524
_10956_, 413.82, 228.48, 0.00284524
FILLER_0_81_897, 413.82, 228.48, 0.00284524
_10595_, 413.82, 223.04, 0.0028626
_10597_, 413.82, 223.04, 0.0028626
_10723_, 413.82, 223.04, 0.0028626
_10908_, 413.82, 223.04, 0.0028626
FILLER_0_77_881, 413.82, 223.04, 0.0028626
FILLER_0_78_887, 413.82, 223.04, 0.0028626
_10875_, 413.82, 217.6, 0.00296202
_10882_, 413.82, 217.6, 0.00296202
_10883_, 413.82, 217.6, 0.00296202
_10904_, 413.82, 217.6, 0.00296202
_10909_, 413.82, 217.6, 0.00296202
FILLER_0_76_875, 413.82, 217.6, 0.00296202
FILLER_0_76_900, 413.82, 217.6, 0.00296202
FILLER_0_77_889, 413.82, 217.6, 0.00296202
FILLER_0_77_897, 413.82, 217.6, 0.00296202
_10677_, 413.82, 212.16, 0.00296137
_10814_, 413.82, 212.16, 0.00296137
_10877_, 413.82, 212.16, 0.00296137
_11223_, 413.82, 212.16, 0.00296137
FILLER_0_73_887, 413.82, 212.16, 0.00296137
FILLER_0_74_877, 413.82, 212.16, 0.00296137
FILLER_0_74_886, 413.82, 212.16, 0.00296137
_10731_, 413.82, 206.72, 0.00302092
_10777_, 413.82, 206.72, 0.00302092
_10812_, 413.82, 206.72, 0.00302092
_10816_, 413.82, 206.72, 0.00302092
_10817_, 413.82, 206.72, 0.00302092
_11169_, 413.82, 206.72, 0.00302092
FILLER_0_71_885, 413.82, 206.72, 0.00302092
FILLER_0_72_881, 413.82, 206.72, 0.00302092
_10556_, 413.82, 201.28, 0.00309571
_10673_, 413.82, 201.28, 0.00309571
_10730_, 413.82, 201.28, 0.00309571
_10783_, 413.82, 201.28, 0.00309571
_10813_, 413.82, 201.28, 0.00309571
_10849_, 413.82, 201.28, 0.00309571
_10850_, 413.82, 201.28, 0.00309571
_11190_, 413.82, 201.28, 0.00309571
_11202_, 413.82, 201.28, 0.00309571
_10674_, 413.82, 195.84, 0.00309788
_10835_, 413.82, 195.84, 0.00309788
_11130_, 413.82, 195.84, 0.00309788
_11132_, 413.82, 195.84, 0.00309788
FILLER_0_67_876, 413.82, 195.84, 0.00309788
FILLER_0_68_875, 413.82, 195.84, 0.00309788
FILLER_0_68_886, 413.82, 195.84, 0.00309788
FILLER_0_69_897, 413.82, 195.84, 0.00309788
_10670_, 413.82, 190.4, 0.00310473
_10671_, 413.82, 190.4, 0.00310473
_10672_, 413.82, 190.4, 0.00310473
_10834_, 413.82, 190.4, 0.00310473
_10848_, 413.82, 190.4, 0.00310473
_11131_, 413.82, 190.4, 0.00310473
FILLER_0_66_881, 413.82, 190.4, 0.00310473
_10680_, 413.82, 184.96, 0.00313981
_10782_, 413.82, 184.96, 0.00313981
_10833_, 413.82, 184.96, 0.00313981
_10938_, 413.82, 184.96, 0.00313981
_10939_, 413.82, 184.96, 0.00313981
ANTENNA_34, 413.82, 184.96, 0.00313981
FILLER_0_64_886, 413.82, 184.96, 0.00313981
FILLER_0_64_899, 413.82, 184.96, 0.00313981
_10483_, 413.82, 179.52, 0.00317259
_10669_, 413.82, 179.52, 0.00317259
_10726_, 413.82, 179.52, 0.00317259
_10793_, 413.82, 179.52, 0.00317259
FILLER_0_62_875, 413.82, 179.52, 0.00317259
FILLER_0_62_895, 413.82, 179.52, 0.00317259
FILLER_0_63_891, 413.82, 179.52, 0.00317259
FILLER_0_63_897, 413.82, 179.52, 0.00317259
_10775_, 413.82, 174.08, 0.00316776
_10808_, 413.82, 174.08, 0.00316776
_10871_, 413.82, 174.08, 0.00316776
FILLER_0_60_878, 413.82, 174.08, 0.00316776
FILLER_0_60_900, 413.82, 174.08, 0.00316776
FILLER_0_61_888, 413.82, 174.08, 0.00316776
FILLER_0_61_897, 413.82, 174.08, 0.00316776
_10570_, 413.82, 168.64, 0.00317789
_10832_, 413.82, 168.64, 0.00317789
_10917_, 413.82, 168.64, 0.00317789
_10919_, 413.82, 168.64, 0.00317789
FILLER_0_58_877, 413.82, 168.64, 0.00317789
FILLER_0_58_898, 413.82, 168.64, 0.00317789
FILLER_0_59_890, 413.82, 168.64, 0.00317789
_10575_, 413.82, 163.2, 0.00316432
_10901_, 413.82, 163.2, 0.00316432
_10918_, 413.82, 163.2, 0.00316432
FILLER_0_55_887, 413.82, 163.2, 0.00316432
FILLER_0_57_891, 413.82, 163.2, 0.00316432
_10935_, 413.82, 157.76, 0.0031562
_10936_, 413.82, 157.76, 0.0031562
_10937_, 413.82, 157.76, 0.0031562
_14617_, 413.82, 157.76, 0.0031562
FILLER_0_54_879, 413.82, 157.76, 0.0031562
FILLER_0_54_900, 413.82, 157.76, 0.0031562
_10522_, 413.82, 152.32, 0.0031223
_14616_, 413.82, 152.32, 0.0031223
_16420_, 413.82, 152.32, 0.0031223
_16813_, 413.82, 152.32, 0.0031223
FILLER_0_51_885, 413.82, 152.32, 0.0031223
FILLER_0_52_899, 413.82, 152.32, 0.0031223
_14613_, 413.82, 146.88, 0.00309087
_18551_, 413.82, 146.88, 0.00309087
FILLER_0_49_886, 413.82, 146.88, 0.00309087
FILLER_0_50_890, 413.82, 146.88, 0.00309087
FILLER_0_51_893, 413.82, 146.88, 0.00309087
_14612_, 413.82, 141.44, 0.00307373
_16809_, 413.82, 141.44, 0.00307373
_16812_, 413.82, 141.44, 0.00307373
_14621_, 413.82, 136, 0.0030615
_18546_, 413.82, 136, 0.0030615
_18547_, 413.82, 136, 0.0030615
FILLER_0_45_882, 413.82, 136, 0.0030615
FILLER_0_46_878, 413.82, 136, 0.0030615
FILLER_0_47_888, 413.82, 136, 0.0030615
_14622_, 413.82, 130.56, 0.00304725
_14623_, 413.82, 130.56, 0.00304725
_18805_, 413.82, 125.12, 0.00303667
FILLER_0_41_885, 413.82, 125.12, 0.00303667
FILLER_0_43_888, 413.82, 125.12, 0.00303667
_09310_, 413.82, 119.68, 0.00303655
_09350_, 413.82, 119.68, 0.00303655
_11586_, 413.82, 119.68, 0.00303655
_14067_, 413.82, 119.68, 0.00303655
_16701_, 413.82, 119.68, 0.00303655
_16704_, 413.82, 119.68, 0.00303655
_18802_, 413.82, 119.68, 0.00303655
FILLER_0_40_878, 413.82, 119.68, 0.00303655
_11566_, 413.82, 114.24, 0.00301755
_11646_, 413.82, 114.24, 0.00301755
_14069_, 413.82, 114.24, 0.00301755
_16703_, 413.82, 114.24, 0.00301755
FILLER_0_37_875, 413.82, 114.24, 0.00301755
FILLER_0_38_886, 413.82, 114.24, 0.00301755
FILLER_0_38_893, 413.82, 114.24, 0.00301755
FILLER_0_39_897, 413.82, 114.24, 0.00301755
_11606_, 413.82, 108.8, 0.00301201
_14068_, 413.82, 108.8, 0.00301201
_18804_, 413.82, 108.8, 0.00301201
FILLER_0_36_878, 413.82, 108.8, 0.00301201
_09329_, 413.82, 103.36, 0.00300868
_09369_, 413.82, 103.36, 0.00300868
_11565_, 413.82, 103.36, 0.00300868
FILLER_0_33_881, 413.82, 103.36, 0.00300868
FILLER_0_34_881, 413.82, 103.36, 0.00300868
_11545_, 413.82, 97.92, 0.00299353
_11585_, 413.82, 97.92, 0.00299353
_13486_, 413.82, 97.92, 0.00299353
_19061_, 413.82, 97.92, 0.00299353
FILLER_0_31_883, 413.82, 97.92, 0.00299353
FILLER_0_32_878, 413.82, 97.92, 0.00299353
_09309_, 413.82, 92.48, 0.00297632
_16989_, 413.82, 92.48, 0.00297632
FILLER_0_29_881, 413.82, 92.48, 0.00297632
FILLER_0_31_889, 413.82, 92.48, 0.00297632
_13481_, 413.82, 87.04, 0.00297938
_13482_, 413.82, 87.04, 0.00297938
_13483_, 413.82, 87.04, 0.00297938
_13487_, 413.82, 87.04, 0.00297938
_13488_, 413.82, 87.04, 0.00297938
_19060_, 413.82, 87.04, 0.00297938
FILLER_0_28_878, 413.82, 87.04, 0.00297938
_19062_, 413.82, 81.6, 0.00296512
_19063_, 413.82, 81.6, 0.00296512
FILLER_0_26_884, 413.82, 81.6, 0.00296512
_13484_, 413.82, 76.16, 0.00295444
_14201_, 413.82, 76.16, 0.00295444
_14207_, 413.82, 76.16, 0.00295444
_16990_, 413.82, 76.16, 0.00295444
_16991_, 413.82, 76.16, 0.00295444
FILLER_0_24_878, 413.82, 76.16, 0.00295444
_14202_, 413.82, 70.72, 0.00295919
_18740_, 413.82, 70.72, 0.00295919
_18743_, 413.82, 70.72, 0.00295919
clkbuf_leaf_136_i_clk, 413.82, 70.72, 0.00295919
FILLER_0_22_880, 413.82, 70.72, 0.00295919
_14204_, 413.82, 65.28, 0.00294191
_14206_, 413.82, 65.28, 0.00294191
_14208_, 413.82, 65.28, 0.00294191
_16633_, 413.82, 65.28, 0.00294191
_16634_, 413.82, 65.28, 0.00294191
_18741_, 413.82, 65.28, 0.00294191
FILLER_0_20_898, 413.82, 65.28, 0.00294191
_14203_, 413.82, 59.84, 0.00293615
_14205_, 413.82, 59.84, 0.00293615
_18742_, 413.82, 59.84, 0.00293615
_14209_, 413.82, 54.4, 0.00293026
_14210_, 413.82, 54.4, 0.00293026
_14211_, 413.82, 54.4, 0.00293026
_16630_, 413.82, 54.4, 0.00293026
_18738_, 413.82, 54.4, 0.00293026
FILLER_0_16_878, 413.82, 54.4, 0.00293026
FILLER_0_17_890, 413.82, 54.4, 0.00293026
_14212_, 413.82, 48.96, 0.00293044
_18739_, 413.82, 48.96, 0.00293044
clkbuf_leaf_134_i_clk, 413.82, 48.96, 0.00293044
FILLER_0_13_886, 413.82, 48.96, 0.00293044
_09085_, 413.82, 43.52, 0.00291802
_09089_, 413.82, 43.52, 0.00291802
_18098_, 413.82, 43.52, 0.00291802
_18099_, 413.82, 43.52, 0.00291802
FILLER_0_11_886, 413.82, 43.52, 0.00291802
FILLER_0_9_886, 413.82, 38.08, 0.00291243
FILLER_0_7_889, 413.82, 27.2, 0.00290641
FILLER_0_5_889, 413.82, 21.76, 0.00290113
FILLER_0_3_889, 413.82, 16.32, 0.00289971
output26, 413.82, 10.88, 0.00290303
ANTENNA_73, 413.82, 10.88, 0.00290303
ANTENNA_74, 413.82, 10.88, 0.00290303
FILLER_0_0_891, 413.82, 10.88, 0.00290303
FILLER_0_1_889, 413.82, 10.88, 0.00290303
_12540_, 388.82, 484.16, 0.00531432
output35, 388.82, 484.16, 0.00531432
hold234, 388.82, 484.16, 0.00531432
_12428_, 388.82, 478.72, 0.00531898
_12432_, 388.82, 478.72, 0.00531898
_12437_, 388.82, 478.72, 0.00531898
_12541_, 388.82, 478.72, 0.00531898
_17362_, 388.82, 478.72, 0.00531898
FILLER_0_173_834, 388.82, 478.72, 0.00531898
_12430_, 388.82, 473.28, 0.00531895
_12431_, 388.82, 473.28, 0.00531895
_12433_, 388.82, 473.28, 0.00531895
_12436_, 388.82, 473.28, 0.00531895
_12534_, 388.82, 473.28, 0.00531895
_12542_, 388.82, 473.28, 0.00531895
FILLER_0_169_833, 388.82, 473.28, 0.00531895
FILLER_0_170_840, 388.82, 473.28, 0.00531895
_12745_, 388.82, 467.84, 0.005314
_12853_, 388.82, 467.84, 0.005314
FILLER_0_167_823, 388.82, 467.84, 0.005314
_12841_, 388.82, 462.4, 0.00532507
_12855_, 388.82, 462.4, 0.00532507
_12860_, 388.82, 462.4, 0.00532507
_12862_, 388.82, 462.4, 0.00532507
_12867_, 388.82, 462.4, 0.00532507
FILLER_0_167_836, 388.82, 462.4, 0.00532507
_12861_, 388.82, 456.96, 0.00531168
FILLER_0_163_829, 388.82, 456.96, 0.00531168
FILLER_0_165_834, 388.82, 456.96, 0.00531168
_12814_, 388.82, 451.52, 0.00531581
FILLER_0_162_836, 388.82, 451.52, 0.00531581
FILLER_0_163_837, 388.82, 451.52, 0.00531581
_12732_, 388.82, 446.08, 0.00532382
_12813_, 388.82, 446.08, 0.00532382
_12827_, 388.82, 446.08, 0.00532382
_12834_, 388.82, 446.08, 0.00532382
_12835_, 388.82, 446.08, 0.00532382
FILLER_0_160_829, 388.82, 446.08, 0.00532382
FILLER_0_161_834, 388.82, 446.08, 0.00532382
_12797_, 388.82, 440.64, 0.00531858
_12799_, 388.82, 440.64, 0.00531858
_12805_, 388.82, 440.64, 0.00531858
_12806_, 388.82, 440.64, 0.00531858
_12833_, 388.82, 440.64, 0.00531858
max_cap75, 388.82, 440.64, 0.00531858
max_cap76, 388.82, 440.64, 0.00531858
FILLER_0_159_836, 388.82, 440.64, 0.00531858
_12798_, 388.82, 435.2, 0.0053298
_19312_, 388.82, 435.2, 0.0053298
hold228, 388.82, 435.2, 0.0053298
FILLER_0_155_830, 388.82, 435.2, 0.0053298
FILLER_0_157_834, 388.82, 435.2, 0.0053298
FILLER_0_157_841, 388.82, 435.2, 0.0053298
_12733_, 388.82, 429.76, 0.0053214
_12789_, 388.82, 429.76, 0.0053214
_17336_, 388.82, 429.76, 0.0053214
FILLER_0_154_846, 388.82, 429.76, 0.0053214
_12325_, 388.82, 424.32, 0.00533718
_12625_, 388.82, 424.32, 0.00533718
_12627_, 388.82, 424.32, 0.00533718
_12775_, 388.82, 424.32, 0.00533718
_12781_, 388.82, 424.32, 0.00533718
_12790_, 388.82, 424.32, 0.00533718
_12791_, 388.82, 424.32, 0.00533718
FILLER_0_153_837, 388.82, 424.32, 0.00533718
_12824_, 388.82, 418.88, 0.00533099
_17175_, 388.82, 418.88, 0.00533099
_17337_, 388.82, 418.88, 0.00533099
_19313_, 388.82, 418.88, 0.00533099
FILLER_0_149_820, 388.82, 418.88, 0.00533099
FILLER_0_151_834, 388.82, 418.88, 0.00533099
_19155_, 388.82, 413.44, 0.00535134
FILLER_0_148_839, 388.82, 413.44, 0.00535134
FILLER_0_149_841, 388.82, 413.44, 0.00535134
_12828_, 388.82, 408, 0.00534324
_17173_, 388.82, 408, 0.00534324
hold443, 388.82, 408, 0.00534324
FILLER_0_147_841, 388.82, 408, 0.00534324
_12842_, 388.82, 402.56, 0.00534855
_13124_, 388.82, 402.56, 0.00534855
_19156_, 388.82, 402.56, 0.00534855
FILLER_0_143_831, 388.82, 402.56, 0.00534855
_12871_, 388.82, 397.12, 0.00535279
_13118_, 388.82, 397.12, 0.00535279
_13125_, 388.82, 397.12, 0.00535279
_19286_, 388.82, 397.12, 0.00535279
FILLER_0_141_831, 388.82, 397.12, 0.00535279
FILLER_0_142_825, 388.82, 397.12, 0.00535279
FILLER_0_142_833, 388.82, 397.12, 0.00535279
_12870_, 388.82, 391.68, 0.00536527
_12878_, 388.82, 391.68, 0.00536527
_17168_, 388.82, 391.68, 0.00536527
_19223_, 388.82, 391.68, 0.00536527
hold100, 388.82, 391.68, 0.00536527
FILLER_0_139_821, 388.82, 391.68, 0.00536527
FILLER_0_139_831, 388.82, 391.68, 0.00536527
_12877_, 388.82, 386.24, 0.0053724
_17167_, 388.82, 386.24, 0.0053724
FILLER_0_137_829, 388.82, 386.24, 0.0053724
_13100_, 388.82, 380.8, 0.00539697
_17169_, 388.82, 380.8, 0.00539697
hold91, 388.82, 380.8, 0.00539697
hold92, 388.82, 380.8, 0.00539697
hold99, 388.82, 380.8, 0.00539697
FILLER_0_136_825, 388.82, 380.8, 0.00539697
_15865_, 388.82, 375.36, 0.00542716
_15866_, 388.82, 375.36, 0.00542716
_19254_, 388.82, 375.36, 0.00542716
FILLER_0_134_823, 388.82, 375.36, 0.00542716
_15872_, 388.82, 369.92, 0.00544192
_17202_, 388.82, 369.92, 0.00544192
_17203_, 388.82, 369.92, 0.00544192
_17208_, 388.82, 369.92, 0.00544192
_19255_, 388.82, 369.92, 0.00544192
FILLER_0_131_823, 388.82, 369.92, 0.00544192
FILLER_0_131_833, 388.82, 369.92, 0.00544192
_17211_, 388.82, 364.48, 0.00546447
FILLER_0_131_841, 388.82, 364.48, 0.00546447
_13039_, 388.82, 359.04, 0.00552297
_15870_, 388.82, 359.04, 0.00552297
_19259_, 388.82, 359.04, 0.00552297
FILLER_0_128_846, 388.82, 359.04, 0.00552297
_17209_, 388.82, 353.6, 0.00553946
_15712_, 388.82, 348.16, 0.00708576
FILLER_0_123_833, 388.82, 348.16, 0.00708576
FILLER_0_125_837, 388.82, 348.16, 0.00708576
_15710_, 388.82, 342.72, 0.00664839
_15768_, 388.82, 342.72, 0.00664839
_15779_, 388.82, 342.72, 0.00664839
FILLER_0_121_833, 388.82, 342.72, 0.00664839
FILLER_0_122_821, 388.82, 342.72, 0.00664839
_15780_, 388.82, 337.28, 0.00610562
_15834_, 388.82, 337.28, 0.00610562
FILLER_0_119_829, 388.82, 337.28, 0.00610562
FILLER_0_120_839, 388.82, 337.28, 0.00610562
FILLER_0_121_841, 388.82, 337.28, 0.00610562
_15760_, 388.82, 331.84, 0.00622032
_15766_, 388.82, 331.84, 0.00622032
_15767_, 388.82, 331.84, 0.00622032
FILLER_0_117_832, 388.82, 331.84, 0.00622032
FILLER_0_119_837, 388.82, 331.84, 0.00622032
FILLER_0_119_841, 388.82, 331.84, 0.00622032
_15734_, 388.82, 326.4, 0.00606416
hold317, 388.82, 326.4, 0.00606416
FILLER_0_116_832, 388.82, 326.4, 0.00606416
FILLER_0_117_841, 388.82, 326.4, 0.00606416
_15709_, 388.82, 320.96, 0.00560863
_15711_, 388.82, 320.96, 0.00560863
FILLER_0_113_833, 388.82, 320.96, 0.00560863
FILLER_0_115_835, 388.82, 320.96, 0.00560863
FILLER_0_115_841, 388.82, 320.96, 0.00560863
_15708_, 388.82, 315.52, 0.00576742
_15731_, 388.82, 315.52, 0.00576742
_15763_, 388.82, 315.52, 0.00576742
FILLER_0_113_841, 388.82, 315.52, 0.00576742
_15761_, 388.82, 310.08, 0.00517207
_15764_, 388.82, 310.08, 0.00517207
FILLER_0_110_826, 388.82, 310.08, 0.00517207
FILLER_0_110_836, 388.82, 310.08, 0.00517207
FILLER_0_111_836, 388.82, 310.08, 0.00517207
FILLER_0_111_841, 388.82, 310.08, 0.00517207
_15676_, 388.82, 304.64, 0.00530727
_15677_, 388.82, 304.64, 0.00530727
_15765_, 388.82, 304.64, 0.00530727
FILLER_0_108_824, 388.82, 304.64, 0.00530727
FILLER_0_109_836, 388.82, 304.64, 0.00530727
_15685_, 388.82, 299.2, 0.00511184
_15696_, 388.82, 299.2, 0.00511184
FILLER_0_107_834, 388.82, 299.2, 0.00511184
_15697_, 388.82, 293.76, 0.00478663
FILLER_0_105_835, 388.82, 293.76, 0.00478663
_15732_, 388.82, 288.32, 0.00470435
_15733_, 388.82, 288.32, 0.00470435
_15735_, 388.82, 288.32, 0.00470435
_15736_, 388.82, 288.32, 0.00470435
FILLER_0_103_834, 388.82, 288.32, 0.00470435
_15638_, 388.82, 282.88, 0.00431331
FILLER_0_99_829, 388.82, 282.88, 0.00431331
FILLER_0_101_841, 388.82, 282.88, 0.00431331
_15640_, 388.82, 277.44, 0.00420912
_15643_, 388.82, 277.44, 0.00420912
_15675_, 388.82, 277.44, 0.00420912
_15730_, 388.82, 277.44, 0.00420912
FILLER_0_99_837, 388.82, 277.44, 0.00420912
_10214_, 388.82, 272, 0.00369884
_10474_, 388.82, 272, 0.00369884
_13266_, 388.82, 272, 0.00369884
_13273_, 388.82, 272, 0.00369884
FILLER_0_95_821, 388.82, 272, 0.00369884
FILLER_0_95_829, 388.82, 272, 0.00369884
FILLER_0_96_841, 388.82, 272, 0.00369884
FILLER_0_97_835, 388.82, 272, 0.00369884
_10173_, 388.82, 266.56, 0.00342411
_10174_, 388.82, 266.56, 0.00342411
_10213_, 388.82, 266.56, 0.00342411
_10215_, 388.82, 266.56, 0.00342411
_10216_, 388.82, 266.56, 0.00342411
_10229_, 388.82, 266.56, 0.00342411
_13277_, 388.82, 266.56, 0.00342411
FILLER_0_93_822, 388.82, 266.56, 0.00342411
FILLER_0_94_825, 388.82, 266.56, 0.00342411
_10172_, 388.82, 261.12, 0.00310882
_10228_, 388.82, 261.12, 0.00310882
_10230_, 388.82, 261.12, 0.00310882
_10509_, 388.82, 261.12, 0.00310882
_13269_, 388.82, 261.12, 0.00310882
FILLER_0_91_825, 388.82, 261.12, 0.00310882
_10201_, 388.82, 255.68, 0.00278603
_10238_, 388.82, 255.68, 0.00278603
_10239_, 388.82, 255.68, 0.00278603
_10244_, 388.82, 255.68, 0.00278603
_10245_, 388.82, 255.68, 0.00278603
_11422_, 388.82, 255.68, 0.00278603
_11440_, 388.82, 255.68, 0.00278603
FILLER_0_91_835, 388.82, 255.68, 0.00278603
_10246_, 388.82, 250.24, 0.00245297
_10508_, 388.82, 250.24, 0.00245297
_10515_, 388.82, 250.24, 0.00245297
_11419_, 388.82, 250.24, 0.00245297
FILLER_0_87_822, 388.82, 250.24, 0.00245297
FILLER_0_87_830, 388.82, 250.24, 0.00245297
_10510_, 388.82, 244.8, 0.00209375
_10689_, 388.82, 244.8, 0.00209375
_11418_, 388.82, 244.8, 0.00209375
FILLER_0_85_832, 388.82, 244.8, 0.00209375
FILLER_0_86_840, 388.82, 244.8, 0.00209375
_10736_, 388.82, 239.36, 0.00222792
_10737_, 388.82, 233.92, 0.00237528
_10780_, 388.82, 233.92, 0.00237528
_10878_, 388.82, 233.92, 0.00237528
_10879_, 388.82, 233.92, 0.00237528
_11410_, 388.82, 233.92, 0.00237528
FILLER_0_81_822, 388.82, 233.92, 0.00237528
FILLER_0_81_830, 388.82, 233.92, 0.00237528
FILLER_0_82_828, 388.82, 233.92, 0.00237528
FILLER_0_82_845, 388.82, 233.92, 0.00237528
_10837_, 388.82, 228.48, 0.00253145
_11409_, 388.82, 228.48, 0.00253145
_11411_, 388.82, 228.48, 0.00253145
_11413_, 388.82, 228.48, 0.00253145
FILLER_0_80_822, 388.82, 228.48, 0.00253145
FILLER_0_80_845, 388.82, 228.48, 0.00253145
_10880_, 388.82, 223.04, 0.00265928
_10881_, 388.82, 223.04, 0.00265928
FILLER_0_78_825, 388.82, 223.04, 0.00265928
FILLER_0_79_834, 388.82, 223.04, 0.00265928
_10202_, 388.82, 217.6, 0.00281132
_10263_, 388.82, 217.6, 0.00281132
_10264_, 388.82, 217.6, 0.00281132
_10489_, 388.82, 217.6, 0.00281132
_10511_, 388.82, 217.6, 0.00281132
_10512_, 388.82, 217.6, 0.00281132
_10613_, 388.82, 217.6, 0.00281132
_10859_, 388.82, 217.6, 0.00281132
FILLER_0_77_841, 388.82, 217.6, 0.00281132
_10203_, 388.82, 212.16, 0.0028305
_10204_, 388.82, 212.16, 0.0028305
_10884_, 388.82, 212.16, 0.0028305
FILLER_0_73_830, 388.82, 212.16, 0.0028305
FILLER_0_75_836, 388.82, 212.16, 0.0028305
_10217_, 388.82, 206.72, 0.00292034
_10218_, 388.82, 206.72, 0.00292034
_10496_, 388.82, 206.72, 0.00292034
_10497_, 388.82, 206.72, 0.00292034
_10623_, 388.82, 206.72, 0.00292034
_10696_, 388.82, 206.72, 0.00292034
_10753_, 388.82, 206.72, 0.00292034
max_cap90, 388.82, 206.72, 0.00292034
FILLER_0_72_838, 388.82, 206.72, 0.00292034
_10231_, 388.82, 201.28, 0.00297561
_10624_, 388.82, 201.28, 0.00297561
_10697_, 388.82, 201.28, 0.00297561
_10698_, 388.82, 201.28, 0.00297561
_10700_, 388.82, 201.28, 0.00297561
_10744_, 388.82, 201.28, 0.00297561
_10745_, 388.82, 201.28, 0.00297561
FILLER_0_69_823, 388.82, 201.28, 0.00297561
FILLER_0_69_830, 388.82, 201.28, 0.00297561
FILLER_0_71_845, 388.82, 201.28, 0.00297561
_10740_, 388.82, 195.84, 0.00302129
_10789_, 388.82, 195.84, 0.00302129
_10790_, 388.82, 195.84, 0.00302129
_10792_, 388.82, 195.84, 0.00302129
_10852_, 388.82, 195.84, 0.00302129
FILLER_0_69_841, 388.82, 195.84, 0.00302129
_10266_, 388.82, 190.4, 0.00302717
_10269_, 388.82, 190.4, 0.00302717
_10495_, 388.82, 190.4, 0.00302717
_10791_, 388.82, 190.4, 0.00302717
FILLER_0_67_835, 388.82, 190.4, 0.00302717
FILLER_0_67_841, 388.82, 190.4, 0.00302717
_10240_, 388.82, 184.96, 0.00305473
_10268_, 388.82, 184.96, 0.00305473
_10658_, 388.82, 184.96, 0.00305473
FILLER_0_64_845, 388.82, 184.96, 0.00305473
FILLER_0_65_841, 388.82, 184.96, 0.00305473
_10252_, 388.82, 179.52, 0.00307802
_10668_, 388.82, 179.52, 0.00307802
FILLER_0_62_825, 388.82, 179.52, 0.00307802
FILLER_0_62_840, 388.82, 179.52, 0.00307802
FILLER_0_63_841, 388.82, 179.52, 0.00307802
_13830_, 388.82, 174.08, 0.00307096
_18900_, 388.82, 174.08, 0.00307096
FILLER_0_61_841, 388.82, 174.08, 0.00307096
_13829_, 388.82, 168.64, 0.0030678
_16810_, 388.82, 168.64, 0.0030678
FILLER_0_58_825, 388.82, 168.64, 0.0030678
_09367_, 388.82, 163.2, 0.00306513
_09368_, 388.82, 163.2, 0.00306513
_11603_, 388.82, 163.2, 0.00306513
_11604_, 388.82, 163.2, 0.00306513
_14619_, 388.82, 163.2, 0.00306513
_18548_, 388.82, 163.2, 0.00306513
_09348_, 388.82, 157.76, 0.00306188
_11583_, 388.82, 157.76, 0.00306188
_14618_, 388.82, 157.76, 0.00306188
FILLER_0_53_830, 388.82, 157.76, 0.00306188
FILLER_0_54_833, 388.82, 157.76, 0.00306188
FILLER_0_55_837, 388.82, 157.76, 0.00306188
_13828_, 388.82, 152.32, 0.00304879
_13967_, 388.82, 152.32, 0.00304879
_16741_, 388.82, 152.32, 0.00304879
_18901_, 388.82, 152.32, 0.00304879
_09307_, 388.82, 146.88, 0.00303625
_09328_, 388.82, 146.88, 0.00303625
_13966_, 388.82, 146.88, 0.00303625
_09327_, 388.82, 141.44, 0.00303032
_09387_, 388.82, 141.44, 0.00303032
_09388_, 388.82, 141.44, 0.00303032
_11564_, 388.82, 141.44, 0.00303032
_11623_, 388.82, 141.44, 0.00303032
FILLER_0_47_821, 388.82, 141.44, 0.00303032
FILLER_0_48_831, 388.82, 141.44, 0.00303032
_11624_, 388.82, 136, 0.00302151
_13975_, 388.82, 136, 0.00302151
_13976_, 388.82, 136, 0.00302151
_16737_, 388.82, 136, 0.00302151
_18835_, 388.82, 136, 0.00302151
FILLER_0_46_833, 388.82, 136, 0.00302151
FILLER_0_47_834, 388.82, 136, 0.00302151
_09407_, 388.82, 130.56, 0.00300872
_11643_, 388.82, 130.56, 0.00300872
FILLER_0_43_833, 388.82, 130.56, 0.00300872
FILLER_0_44_820, 388.82, 130.56, 0.00300872
FILLER_0_44_842, 388.82, 130.56, 0.00300872
FILLER_0_45_834, 388.82, 130.56, 0.00300872
FILLER_0_45_841, 388.82, 130.56, 0.00300872
_09408_, 388.82, 125.12, 0.00299875
_11644_, 388.82, 125.12, 0.00299875
_13979_, 388.82, 125.12, 0.00299875
_14348_, 388.82, 125.12, 0.00299875
_16559_, 388.82, 125.12, 0.00299875
FILLER_0_43_841, 388.82, 125.12, 0.00299875
_13978_, 388.82, 119.68, 0.00299917
_14347_, 388.82, 119.68, 0.00299917
_16736_, 388.82, 119.68, 0.00299917
_18834_, 388.82, 119.68, 0.00299917
FILLER_0_40_831, 388.82, 119.68, 0.00299917
_09430_, 388.82, 114.24, 0.0029838
_14075_, 388.82, 114.24, 0.0029838
_14144_, 388.82, 114.24, 0.0029838
FILLER_0_38_825, 388.82, 114.24, 0.0029838
FILLER_0_39_836, 388.82, 114.24, 0.0029838
_11666_, 388.82, 108.8, 0.0029816
_14074_, 388.82, 108.8, 0.0029816
_14145_, 388.82, 108.8, 0.0029816
_16665_, 388.82, 108.8, 0.0029816
_18769_, 388.82, 108.8, 0.0029816
_09429_, 388.82, 103.36, 0.0029841
_16700_, 388.82, 103.36, 0.0029841
hold382, 388.82, 103.36, 0.0029841
FILLER_0_35_837, 388.82, 103.36, 0.0029841
_11665_, 388.82, 97.92, 0.00296237
_18995_, 388.82, 97.92, 0.00296237
FILLER_0_33_836, 388.82, 97.92, 0.00296237
FILLER_0_33_841, 388.82, 97.92, 0.00296237
_13628_, 388.82, 92.48, 0.00294849
_13631_, 388.82, 92.48, 0.00294849
_16913_, 388.82, 92.48, 0.00294849
_16985_, 388.82, 92.48, 0.00294849
FILLER_0_29_830, 388.82, 92.48, 0.00294849
FILLER_0_30_846, 388.82, 92.48, 0.00294849
FILLER_0_31_841, 388.82, 92.48, 0.00294849
_11613_, 388.82, 87.04, 0.00295384
_14551_, 388.82, 87.04, 0.00295384
_16455_, 388.82, 87.04, 0.00295384
clkbuf_leaf_137_i_clk, 388.82, 87.04, 0.00295384
FILLER_0_28_837, 388.82, 87.04, 0.00295384
_09377_, 388.82, 81.6, 0.00293853
_11612_, 388.82, 81.6, 0.00293853
_14550_, 388.82, 81.6, 0.00293853
_09376_, 388.82, 76.16, 0.00292841
_11552_, 388.82, 76.16, 0.00292841
FILLER_0_24_834, 388.82, 76.16, 0.00292841
FILLER_0_24_842, 388.82, 76.16, 0.00292841
_11593_, 388.82, 70.72, 0.00292228
_14549_, 388.82, 70.72, 0.00292228
_16456_, 388.82, 70.72, 0.00292228
FILLER_0_23_836, 388.82, 70.72, 0.00292228
_09357_, 388.82, 65.28, 0.00291585
_11592_, 388.82, 65.28, 0.00291585
_14548_, 388.82, 65.28, 0.00291585
FILLER_0_20_821, 388.82, 65.28, 0.00291585
FILLER_0_21_837, 388.82, 65.28, 0.00291585
FILLER_0_21_841, 388.82, 65.28, 0.00291585
_09417_, 388.82, 59.84, 0.00291009
_14554_, 388.82, 59.84, 0.00291009
_14555_, 388.82, 59.84, 0.00291009
_16454_, 388.82, 59.84, 0.00291009
FILLER_0_18_825, 388.82, 59.84, 0.00291009
FILLER_0_19_841, 388.82, 59.84, 0.00291009
_11633_, 388.82, 54.4, 0.0029066
_11653_, 388.82, 54.4, 0.0029066
_14552_, 388.82, 54.4, 0.0029066
_18579_, 388.82, 54.4, 0.0029066
_09397_, 388.82, 48.96, 0.00289899
_16453_, 388.82, 48.96, 0.00289899
FILLER_0_13_829, 388.82, 48.96, 0.00289899
_13898_, 388.82, 43.52, 0.00289445
_18868_, 388.82, 43.52, 0.00289445
FILLER_0_12_838, 388.82, 43.52, 0.00289445
FILLER_0_13_837, 388.82, 43.52, 0.00289445
_13899_, 388.82, 38.08, 0.00289161
_13901_, 388.82, 38.08, 0.00289161
_16775_, 388.82, 38.08, 0.00289161
FILLER_0_9_822, 388.82, 38.08, 0.00289161
FILLER_0_11_844, 388.82, 38.08, 0.00289161
_13900_, 388.82, 32.64, 0.00288666
_13903_, 388.82, 32.64, 0.00288666
_16774_, 388.82, 32.64, 0.00288666
_18867_, 388.82, 32.64, 0.00288666
_18869_, 388.82, 32.64, 0.00288666
FILLER_0_9_834, 388.82, 32.64, 0.00288666
_13896_, 388.82, 27.2, 0.00288634
_13902_, 388.82, 27.2, 0.00288634
_16773_, 388.82, 27.2, 0.00288634
_16776_, 388.82, 27.2, 0.00288634
_18866_, 388.82, 27.2, 0.00288634
FILLER_0_3_833, 388.82, 21.76, 0.00287386
FILLER_0_5_836, 388.82, 21.76, 0.00287386
FILLER_0_1_833, 388.82, 16.32, 0.00287244
FILLER_0_0_837, 388.82, 10.88, 0.00287328
_12442_, 363.82, 484.16, 0.00527624
FILLER_0_173_773, 363.82, 484.16, 0.00527624
FILLER_0_174_780, 363.82, 484.16, 0.00527624
FILLER_0_174_785, 363.82, 484.16, 0.00527624
_12446_, 363.82, 478.72, 0.00528603
_12532_, 363.82, 478.72, 0.00528603
_12533_, 363.82, 478.72, 0.00528603
_19338_, 363.82, 478.72, 0.00528603
hold278, 363.82, 478.72, 0.00528603
_12443_, 363.82, 473.28, 0.00528781
_12444_, 363.82, 473.28, 0.00528781
_12526_, 363.82, 473.28, 0.00528781
_19337_, 363.82, 473.28, 0.00528781
clkbuf_leaf_92_i_clk, 363.82, 473.28, 0.00528781
_17364_, 363.82, 467.84, 0.00527798
_17366_, 363.82, 467.84, 0.00527798
FILLER_0_167_774, 363.82, 467.84, 0.00527798
FILLER_0_169_785, 363.82, 467.84, 0.00527798
_12743_, 363.82, 462.4, 0.00527843
_12881_, 363.82, 462.4, 0.00527843
_12882_, 363.82, 462.4, 0.00527843
_12897_, 363.82, 462.4, 0.00527843
_12905_, 363.82, 462.4, 0.00527843
FILLER_0_166_780, 363.82, 462.4, 0.00527843
FILLER_0_167_785, 363.82, 462.4, 0.00527843
_12888_, 363.82, 456.96, 0.00527658
_12896_, 363.82, 456.96, 0.00527658
_12906_, 363.82, 456.96, 0.00527658
_12907_, 363.82, 456.96, 0.00527658
_12914_, 363.82, 456.96, 0.00527658
FILLER_0_163_773, 363.82, 456.96, 0.00527658
FILLER_0_164_771, 363.82, 456.96, 0.00527658
FILLER_0_164_783, 363.82, 456.96, 0.00527658
_12890_, 363.82, 451.52, 0.00527936
_12891_, 363.82, 451.52, 0.00527936
_12921_, 363.82, 451.52, 0.00527936
_12928_, 363.82, 451.52, 0.00527936
FILLER_0_162_780, 363.82, 451.52, 0.00527936
FILLER_0_163_780, 363.82, 451.52, 0.00527936
FILLER_0_163_785, 363.82, 451.52, 0.00527936
_12758_, 363.82, 446.08, 0.00528123
FILLER_0_159_773, 363.82, 446.08, 0.00528123
FILLER_0_160_769, 363.82, 446.08, 0.00528123
FILLER_0_160_777, 363.82, 446.08, 0.00528123
FILLER_0_161_785, 363.82, 446.08, 0.00528123
_12749_, 363.82, 440.64, 0.00527789
_12801_, 363.82, 440.64, 0.00527789
_12899_, 363.82, 440.64, 0.00527789
_12915_, 363.82, 440.64, 0.00527789
FILLER_0_159_781, 363.82, 440.64, 0.00527789
_12750_, 363.82, 435.2, 0.00528476
_12803_, 363.82, 435.2, 0.00528476
_12898_, 363.82, 435.2, 0.00528476
_12908_, 363.82, 435.2, 0.00528476
_12922_, 363.82, 435.2, 0.00528476
FILLER_0_156_777, 363.82, 435.2, 0.00528476
_12784_, 363.82, 429.76, 0.00527727
_12792_, 363.82, 429.76, 0.00527727
_12804_, 363.82, 429.76, 0.00527727
_17178_, 363.82, 429.76, 0.00527727
_19232_, 363.82, 429.76, 0.00527727
FILLER_0_153_774, 363.82, 429.76, 0.00527727
_12735_, 363.82, 424.32, 0.00528848
_12751_, 363.82, 424.32, 0.00528848
_12753_, 363.82, 424.32, 0.00528848
_12785_, 363.82, 424.32, 0.00528848
_12793_, 363.82, 424.32, 0.00528848
_12929_, 363.82, 424.32, 0.00528848
_12778_, 363.82, 418.88, 0.00528173
_12782_, 363.82, 418.88, 0.00528173
_12783_, 363.82, 418.88, 0.00528173
_12786_, 363.82, 418.88, 0.00528173
FILLER_0_149_778, 363.82, 418.88, 0.00528173
FILLER_0_150_766, 363.82, 418.88, 0.00528173
_12779_, 363.82, 413.44, 0.00528845
_12796_, 363.82, 413.44, 0.00528845
FILLER_0_149_785, 363.82, 413.44, 0.00528845
_12780_, 363.82, 408, 0.00528609
_12787_, 363.82, 408, 0.00528609
_12788_, 363.82, 408, 0.00528609
_17171_, 363.82, 408, 0.00528609
FILLER_0_146_770, 363.82, 408, 0.00528609
_12815_, 363.82, 402.56, 0.00529484
_17180_, 363.82, 402.56, 0.00529484
_17181_, 363.82, 402.56, 0.00529484
_19234_, 363.82, 402.56, 0.00529484
FILLER_0_145_791, 363.82, 402.56, 0.00529484
_12901_, 363.82, 397.12, 0.00529031
_12909_, 363.82, 397.12, 0.00529031
_19230_, 363.82, 397.12, 0.00529031
FILLER_0_143_779, 363.82, 397.12, 0.00529031
FILLER_0_143_785, 363.82, 397.12, 0.00529031
_12910_, 363.82, 391.68, 0.00530448
clkbuf_leaf_95_i_clk, 363.82, 391.68, 0.00530448
hold451, 363.82, 391.68, 0.00530448
_12892_, 363.82, 386.24, 0.00530211
_17160_, 363.82, 386.24, 0.00530211
_19220_, 363.82, 386.24, 0.00530211
FILLER_0_137_768, 363.82, 386.24, 0.00530211
FILLER_0_138_769, 363.82, 386.24, 0.00530211
FILLER_0_138_777, 363.82, 386.24, 0.00530211
_12900_, 363.82, 380.8, 0.0053152
_12916_, 363.82, 380.8, 0.0053152
_17193_, 363.82, 380.8, 0.0053152
_19221_, 363.82, 380.8, 0.0053152
hold448, 363.82, 380.8, 0.0053152
FILLER_0_136_789, 363.82, 380.8, 0.0053152
FILLER_0_137_779, 363.82, 380.8, 0.0053152
_12819_, 363.82, 375.36, 0.00532644
_12923_, 363.82, 375.36, 0.00532644
_12924_, 363.82, 375.36, 0.00532644
_12930_, 363.82, 375.36, 0.00532644
_17162_, 363.82, 375.36, 0.00532644
_19216_, 363.82, 375.36, 0.00532644
FILLER_0_133_767, 363.82, 375.36, 0.00532644
_12931_, 363.82, 369.92, 0.00533379
_17161_, 363.82, 369.92, 0.00533379
hold13, 363.82, 369.92, 0.00533379
hold124, 363.82, 369.92, 0.00533379
FILLER_0_133_780, 363.82, 369.92, 0.00533379
_15828_, 363.82, 364.48, 0.00535532
_17197_, 363.82, 364.48, 0.00535532
hold111, 363.82, 364.48, 0.00535532
hold281, 363.82, 364.48, 0.00535532
hold333, 363.82, 364.48, 0.00535532
FILLER_0_130_773, 363.82, 364.48, 0.00535532
FILLER_0_131_781, 363.82, 364.48, 0.00535532
_15823_, 363.82, 359.04, 0.00540733
_15833_, 363.82, 359.04, 0.00540733
_19248_, 363.82, 359.04, 0.00540733
_19249_, 363.82, 359.04, 0.00540733
FILLER_0_127_773, 363.82, 359.04, 0.00540733
FILLER_0_128_781, 363.82, 359.04, 0.00540733
_15832_, 363.82, 353.6, 0.00539202
_19247_, 363.82, 353.6, 0.00539202
FILLER_0_125_775, 363.82, 353.6, 0.00539202
FILLER_0_127_785, 363.82, 353.6, 0.00539202
_15790_, 363.82, 348.16, 0.00606954
_15797_, 363.82, 348.16, 0.00606954
_15822_, 363.82, 348.16, 0.00606954
_15827_, 363.82, 348.16, 0.00606954
_15830_, 363.82, 348.16, 0.00606954
clkbuf_leaf_114_i_clk, 363.82, 348.16, 0.00606954
FILLER_0_125_792, 363.82, 348.16, 0.00606954
_15794_, 363.82, 342.72, 0.0058896
_15829_, 363.82, 342.72, 0.0058896
_15848_, 363.82, 342.72, 0.0058896
FILLER_0_121_774, 363.82, 342.72, 0.0058896
FILLER_0_123_792, 363.82, 342.72, 0.0058896
_15841_, 363.82, 337.28, 0.00557089
_15842_, 363.82, 337.28, 0.00557089
_15843_, 363.82, 337.28, 0.00557089
_15854_, 363.82, 337.28, 0.00557089
_15863_, 363.82, 337.28, 0.00557089
_15864_, 363.82, 337.28, 0.00557089
FILLER_0_119_766, 363.82, 337.28, 0.00557089
_15716_, 363.82, 331.84, 0.00586252
_15723_, 363.82, 331.84, 0.00586252
_15724_, 363.82, 331.84, 0.00586252
_15835_, 363.82, 331.84, 0.00586252
_15836_, 363.82, 331.84, 0.00586252
_15857_, 363.82, 331.84, 0.00586252
_15860_, 363.82, 331.84, 0.00586252
FILLER_0_118_789, 363.82, 331.84, 0.00586252
_15815_, 363.82, 326.4, 0.00551392
_15847_, 363.82, 326.4, 0.00551392
FILLER_0_115_775, 363.82, 326.4, 0.00551392
_15632_, 363.82, 320.96, 0.00525615
_15633_, 363.82, 320.96, 0.00525615
_15721_, 363.82, 320.96, 0.00525615
_15840_, 363.82, 320.96, 0.00525615
FILLER_0_113_769, 363.82, 320.96, 0.00525615
FILLER_0_114_774, 363.82, 320.96, 0.00525615
FILLER_0_115_785, 363.82, 320.96, 0.00525615
_15774_, 363.82, 315.52, 0.00517329
_15821_, 363.82, 315.52, 0.00517329
_15846_, 363.82, 315.52, 0.00517329
_15669_, 363.82, 310.08, 0.00495009
_15671_, 363.82, 310.08, 0.00495009
_15796_, 363.82, 310.08, 0.00495009
FILLER_0_109_773, 363.82, 310.08, 0.00495009
FILLER_0_111_785, 363.82, 310.08, 0.00495009
_15660_, 363.82, 304.64, 0.00497207
_15661_, 363.82, 304.64, 0.00497207
_15670_, 363.82, 304.64, 0.00497207
_15826_, 363.82, 304.64, 0.00497207
FILLER_0_108_787, 363.82, 304.64, 0.00497207
_15650_, 363.82, 299.2, 0.0047793
FILLER_0_105_775, 363.82, 299.2, 0.0047793
FILLER_0_106_777, 363.82, 299.2, 0.0047793
_15648_, 363.82, 293.76, 0.00457754
_15649_, 363.82, 293.76, 0.00457754
_15692_, 363.82, 293.76, 0.00457754
_15693_, 363.82, 293.76, 0.00457754
_15651_, 363.82, 288.32, 0.00447522
FILLER_0_103_785, 363.82, 288.32, 0.00447522
_15635_, 363.82, 282.88, 0.00422338
_15639_, 363.82, 282.88, 0.00422338
_15616_, 363.82, 277.44, 0.00413547
_15629_, 363.82, 277.44, 0.00413547
_15631_, 363.82, 277.44, 0.00413547
_15620_, 363.82, 272, 0.00379269
_15662_, 363.82, 272, 0.00379269
FILLER_0_95_776, 363.82, 272, 0.00379269
FILLER_0_96_789, 363.82, 272, 0.00379269
FILLER_0_97_779, 363.82, 272, 0.00379269
_15602_, 363.82, 266.56, 0.00359761
_15603_, 363.82, 266.56, 0.00359761
_15621_, 363.82, 266.56, 0.00359761
_15626_, 363.82, 261.12, 0.00331236
FILLER_0_93_781, 363.82, 261.12, 0.00331236
_15625_, 363.82, 255.68, 0.00308829
wire89, 363.82, 255.68, 0.00308829
FILLER_0_90_792, 363.82, 255.68, 0.00308829
FILLER_0_91_785, 363.82, 255.68, 0.00308829
_10507_, 363.82, 250.24, 0.0028588
_10984_, 363.82, 250.24, 0.0028588
_11009_, 363.82, 250.24, 0.0028588
_15657_, 363.82, 250.24, 0.0028588
_15658_, 363.82, 250.24, 0.0028588
FILLER_0_87_766, 363.82, 250.24, 0.0028588
FILLER_0_89_779, 363.82, 250.24, 0.0028588
_15647_, 363.82, 244.8, 0.00256559
FILLER_0_87_780, 363.82, 244.8, 0.00256559
_10746_, 363.82, 239.36, 0.00264569
_11033_, 363.82, 239.36, 0.00264569
_15868_, 363.82, 239.36, 0.00264569
_19257_, 363.82, 239.36, 0.00264569
FILLER_0_85_785, 363.82, 239.36, 0.00264569
_10932_, 363.82, 233.92, 0.00272159
wire73, 363.82, 233.92, 0.00272159
max_cap86, 363.82, 233.92, 0.00272159
FILLER_0_82_779, 363.82, 233.92, 0.00272159
FILLER_0_83_785, 363.82, 233.92, 0.00272159
_15624_, 363.82, 228.48, 0.00277183
_15871_, 363.82, 228.48, 0.00277183
_19260_, 363.82, 228.48, 0.00277183
FILLER_0_80_772, 363.82, 228.48, 0.00277183
FILLER_0_81_779, 363.82, 228.48, 0.00277183
_10911_, 363.82, 223.04, 0.00283306
_10957_, 363.82, 223.04, 0.00283306
FILLER_0_77_776, 363.82, 223.04, 0.00283306
FILLER_0_78_790, 363.82, 223.04, 0.00283306
FILLER_0_79_780, 363.82, 223.04, 0.00283306
_10886_, 363.82, 217.6, 0.00291713
_10910_, 363.82, 217.6, 0.00291713
_19263_, 363.82, 217.6, 0.00291713
max_cap71, 363.82, 217.6, 0.00291713
FILLER_0_76_781, 363.82, 217.6, 0.00291713
_10210_, 363.82, 212.16, 0.00294612
_10885_, 363.82, 212.16, 0.00294612
_18011_, 363.82, 212.16, 0.00294612
FILLER_0_73_776, 363.82, 212.16, 0.00294612
_10786_, 363.82, 206.72, 0.00298109
_10787_, 363.82, 206.72, 0.00298109
_15877_, 363.82, 206.72, 0.00298109
max_cap87, 363.82, 206.72, 0.00298109
_10741_, 363.82, 201.28, 0.00301601
_15875_, 363.82, 201.28, 0.00301601
_15878_, 363.82, 201.28, 0.00301601
_18015_, 363.82, 201.28, 0.00301601
_19265_, 363.82, 201.28, 0.00301601
FILLER_0_69_776, 363.82, 201.28, 0.00301601
FILLER_0_70_774, 363.82, 201.28, 0.00301601
_10828_, 363.82, 195.84, 0.00304284
_10854_, 363.82, 195.84, 0.00304284
_19264_, 363.82, 195.84, 0.00304284
max_cap81, 363.82, 195.84, 0.00304284
clkbuf_4_11__f_i_clk, 363.82, 195.84, 0.00304284
_10827_, 363.82, 190.4, 0.0030381
_10855_, 363.82, 190.4, 0.0030381
_18012_, 363.82, 190.4, 0.0030381
_18013_, 363.82, 190.4, 0.0030381
_19581_, 363.82, 190.4, 0.0030381
_19266_, 363.82, 184.96, 0.00304519
_19267_, 363.82, 184.96, 0.00304519
FILLER_0_63_774, 363.82, 184.96, 0.00304519
FILLER_0_64_775, 363.82, 184.96, 0.00304519
FILLER_0_65_779, 363.82, 184.96, 0.00304519
_14336_, 363.82, 179.52, 0.00303067
_16566_, 363.82, 179.52, 0.00303067
_16743_, 363.82, 179.52, 0.00303067
FILLER_0_61_773, 363.82, 179.52, 0.00303067
FILLER_0_62_784, 363.82, 179.52, 0.00303067
_16814_, 363.82, 174.08, 0.00304046
_18680_, 363.82, 174.08, 0.00304046
_18840_, 363.82, 174.08, 0.00304046
clkbuf_3_5_0_i_clk, 363.82, 174.08, 0.00304046
FILLER_0_61_780, 363.82, 174.08, 0.00304046
_13960_, 363.82, 168.64, 0.00302753
_13961_, 363.82, 168.64, 0.00302753
_14335_, 363.82, 168.64, 0.00302753
FILLER_0_57_776, 363.82, 168.64, 0.00302753
_09236_, 363.82, 163.2, 0.00303154
_09237_, 363.82, 163.2, 0.00303154
_16423_, 363.82, 163.2, 0.00303154
_18677_, 363.82, 163.2, 0.00303154
FILLER_0_56_783, 363.82, 163.2, 0.00303154
_11475_, 363.82, 157.76, 0.00302517
_11476_, 363.82, 157.76, 0.00302517
FILLER_0_55_781, 363.82, 157.76, 0.00302517
FILLER_0_55_792, 363.82, 157.76, 0.00302517
_14338_, 363.82, 152.32, 0.00301223
_16565_, 363.82, 152.32, 0.00301223
_16742_, 363.82, 152.32, 0.00301223
_18679_, 363.82, 152.32, 0.00301223
FILLER_0_51_767, 363.82, 152.32, 0.00301223
FILLER_0_51_775, 363.82, 152.32, 0.00301223
FILLER_0_53_779, 363.82, 152.32, 0.00301223
FILLER_0_53_788, 363.82, 152.32, 0.00301223
_13963_, 363.82, 146.88, 0.00300304
_13964_, 363.82, 146.88, 0.00300304
_14337_, 363.82, 146.88, 0.00300304
_16413_, 363.82, 146.88, 0.00300304
_16556_, 363.82, 146.88, 0.00300304
_18839_, 363.82, 146.88, 0.00300304
FILLER_0_49_777, 363.82, 146.88, 0.00300304
FILLER_0_50_772, 363.82, 146.88, 0.00300304
_13838_, 363.82, 141.44, 0.00299168
FILLER_0_47_770, 363.82, 141.44, 0.00299168
FILLER_0_47_776, 363.82, 141.44, 0.00299168
_16415_, 363.82, 136, 0.00298881
_16806_, 363.82, 136, 0.00298881
_18545_, 363.82, 136, 0.00298881
_18896_, 363.82, 136, 0.00298881
FILLER_0_47_785, 363.82, 136, 0.00298881
_09447_, 363.82, 130.56, 0.00297473
_11684_, 363.82, 130.56, 0.00297473
_13837_, 363.82, 130.56, 0.00297473
_14626_, 363.82, 130.56, 0.00297473
_16414_, 363.82, 130.56, 0.00297473
FILLER_0_43_769, 363.82, 130.56, 0.00297473
_09448_, 363.82, 125.12, 0.00296413
_11685_, 363.82, 125.12, 0.00296413
_16734_, 363.82, 125.12, 0.00296413
FILLER_0_42_766, 363.82, 125.12, 0.00296413
FILLER_0_42_789, 363.82, 125.12, 0.00296413
FILLER_0_43_779, 363.82, 125.12, 0.00296413
_13984_, 363.82, 119.68, 0.00295989
_13985_, 363.82, 119.68, 0.00295989
_14350_, 363.82, 119.68, 0.00295989
_18833_, 363.82, 119.68, 0.00295989
FILLER_0_39_778, 363.82, 119.68, 0.00295989
FILLER_0_40_786, 363.82, 119.68, 0.00295989
FILLER_0_41_780, 363.82, 119.68, 0.00295989
FILLER_0_41_785, 363.82, 119.68, 0.00295989
_18673_, 363.82, 114.24, 0.00295022
hold434, 363.82, 114.24, 0.00295022
FILLER_0_37_777, 363.82, 114.24, 0.00295022
FILLER_0_39_785, 363.82, 114.24, 0.00295022
_11486_, 363.82, 108.8, 0.00294316
_14076_, 363.82, 108.8, 0.00294316
_14077_, 363.82, 108.8, 0.00294316
_18800_, 363.82, 108.8, 0.00294316
FILLER_0_35_773, 363.82, 108.8, 0.00294316
_14147_, 363.82, 103.36, 0.00295477
_18768_, 363.82, 103.36, 0.00295477
clkbuf_leaf_138_i_clk, 363.82, 103.36, 0.00295477
FILLER_0_33_778, 363.82, 103.36, 0.00295477
FILLER_0_34_771, 363.82, 103.36, 0.00295477
_13633_, 363.82, 97.92, 0.00292375
_14146_, 363.82, 97.92, 0.00292375
_16992_, 363.82, 97.92, 0.00292375
FILLER_0_31_772, 363.82, 97.92, 0.00292375
FILLER_0_32_777, 363.82, 97.92, 0.00292375
_13496_, 363.82, 92.48, 0.00291421
_13634_, 363.82, 92.48, 0.00291421
_18992_, 363.82, 92.48, 0.00291421
_19056_, 363.82, 92.48, 0.00291421
FILLER_0_29_776, 363.82, 92.48, 0.00291421
FILLER_0_30_769, 363.82, 92.48, 0.00291421
_11519_, 363.82, 87.04, 0.00291028
_13495_, 363.82, 87.04, 0.00291028
_09279_, 363.82, 81.6, 0.0029042
_09280_, 363.82, 81.6, 0.0029042
_14199_, 363.82, 81.6, 0.0029042
_14543_, 363.82, 81.6, 0.0029042
_18584_, 363.82, 81.6, 0.0029042
_11518_, 363.82, 76.16, 0.00289779
_13891_, 363.82, 76.16, 0.00289779
_14542_, 363.82, 76.16, 0.00289779
_16636_, 363.82, 76.16, 0.00289779
_13890_, 363.82, 70.72, 0.00288441
_16779_, 363.82, 70.72, 0.00288441
_18582_, 363.82, 70.72, 0.00288441
FILLER_0_21_777, 363.82, 70.72, 0.00288441
FILLER_0_22_787, 363.82, 70.72, 0.00288441
_14559_, 363.82, 65.28, 0.00287852
_09457_, 363.82, 59.84, 0.0028783
_14558_, 363.82, 59.84, 0.0028783
_16451_, 363.82, 59.84, 0.0028783
_18577_, 363.82, 59.84, 0.0028783
FILLER_0_17_773, 363.82, 59.84, 0.0028783
FILLER_0_18_783, 363.82, 59.84, 0.0028783
FILLER_0_19_788, 363.82, 59.84, 0.0028783
_09456_, 363.82, 54.4, 0.00286814
_11693_, 363.82, 54.4, 0.00286814
_11694_, 363.82, 54.4, 0.00286814
_14215_, 363.82, 54.4, 0.00286814
_16628_, 363.82, 48.96, 0.00286725
_18737_, 363.82, 48.96, 0.00286725
FILLER_0_14_784, 363.82, 48.96, 0.00286725
FILLER_0_15_780, 363.82, 48.96, 0.00286725
FILLER_0_15_785, 363.82, 48.96, 0.00286725
_09096_, 363.82, 43.52, 0.00285686
_13905_, 363.82, 43.52, 0.00285686
_13907_, 363.82, 43.52, 0.00285686
_16770_, 363.82, 43.52, 0.00285686
FILLER_0_12_786, 363.82, 43.52, 0.00285686
FILLER_0_13_780, 363.82, 43.52, 0.00285686
FILLER_0_13_785, 363.82, 43.52, 0.00285686
_09097_, 363.82, 38.08, 0.0028625
_13906_, 363.82, 38.08, 0.0028625
_18096_, 363.82, 38.08, 0.0028625
_18865_, 363.82, 38.08, 0.0028625
_19650_, 363.82, 38.08, 0.0028625
FILLER_0_9_773, 363.82, 38.08, 0.0028625
FILLER_0_8_790, 363.82, 32.64, 0.0028484
FILLER_0_9_780, 363.82, 32.64, 0.0028484
_14411_, 363.82, 27.2, 0.00286154
_16524_, 363.82, 27.2, 0.00286154
_16526_, 363.82, 27.2, 0.00286154
_18870_, 363.82, 27.2, 0.00286154
clkbuf_leaf_142_i_clk, 363.82, 27.2, 0.00286154
FILLER_0_7_779, 363.82, 27.2, 0.00286154
FILLER_0_7_785, 363.82, 27.2, 0.00286154
FILLER_0_3_773, 363.82, 21.76, 0.00283812
FILLER_0_5_780, 363.82, 21.76, 0.00283812
FILLER_0_1_773, 363.82, 16.32, 0.00283762
FILLER_0_3_781, 363.82, 16.32, 0.00283762
ANTENNA_75, 363.82, 10.88, 0.00283842
FILLER_0_0_781, 363.82, 10.88, 0.00283842
FILLER_0_1_781, 363.82, 10.88, 0.00283842
_13060_, 338.82, 484.16, 0.00523139
hold353, 338.82, 484.16, 0.00523139
FILLER_0_174_725, 338.82, 484.16, 0.00523139
_17120_, 338.82, 478.72, 0.0052384
_17121_, 338.82, 478.72, 0.0052384
_19339_, 338.82, 478.72, 0.0052384
hold310, 338.82, 478.72, 0.0052384
hold352, 338.82, 478.72, 0.0052384
FILLER_0_173_725, 338.82, 478.72, 0.0052384
_17119_, 338.82, 473.28, 0.00523199
FILLER_0_169_718, 338.82, 473.28, 0.00523199
_12453_, 338.82, 467.84, 0.00523966
_12457_, 338.82, 467.84, 0.00523966
_12510_, 338.82, 467.84, 0.00523966
_12511_, 338.82, 467.84, 0.00523966
_12515_, 338.82, 467.84, 0.00523966
_12519_, 338.82, 467.84, 0.00523966
_12521_, 338.82, 467.84, 0.00523966
FILLER_0_168_718, 338.82, 467.84, 0.00523966
FILLER_0_168_727, 338.82, 467.84, 0.00523966
FILLER_0_169_729, 338.82, 467.84, 0.00523966
FILLER_0_169_736, 338.82, 467.84, 0.00523966
_12447_, 338.82, 462.4, 0.0052319
_12452_, 338.82, 462.4, 0.0052319
_12458_, 338.82, 462.4, 0.0052319
_12460_, 338.82, 462.4, 0.0052319
_12463_, 338.82, 462.4, 0.0052319
_12506_, 338.82, 462.4, 0.0052319
_12516_, 338.82, 462.4, 0.0052319
_12522_, 338.82, 462.4, 0.0052319
FILLER_0_166_721, 338.82, 462.4, 0.0052319
FILLER_0_166_730, 338.82, 462.4, 0.0052319
_12514_, 338.82, 456.96, 0.00522865
_19342_, 338.82, 456.96, 0.00522865
hold223, 338.82, 456.96, 0.00522865
FILLER_0_163_715, 338.82, 456.96, 0.00522865
_17369_, 338.82, 451.52, 0.00523053
_19343_, 338.82, 451.52, 0.00523053
hold226, 338.82, 451.52, 0.00523053
hold287, 338.82, 451.52, 0.00523053
FILLER_0_161_720, 338.82, 451.52, 0.00523053
FILLER_0_162_721, 338.82, 451.52, 0.00523053
_12620_, 338.82, 446.08, 0.0052238
_17370_, 338.82, 446.08, 0.0052238
hold299, 338.82, 446.08, 0.0052238
FILLER_0_160_713, 338.82, 446.08, 0.0052238
FILLER_0_160_734, 338.82, 446.08, 0.0052238
FILLER_0_161_733, 338.82, 446.08, 0.0052238
_17373_, 338.82, 440.64, 0.00522145
_17374_, 338.82, 440.64, 0.00522145
FILLER_0_158_730, 338.82, 440.64, 0.00522145
_12955_, 338.82, 435.2, 0.00522092
_12962_, 338.82, 435.2, 0.00522092
FILLER_0_156_737, 338.82, 435.2, 0.00522092
FILLER_0_157_729, 338.82, 435.2, 0.00522092
_12739_, 338.82, 429.76, 0.00522191
_12976_, 338.82, 429.76, 0.00522191
_12977_, 338.82, 429.76, 0.00522191
_12983_, 338.82, 429.76, 0.00522191
hold336, 338.82, 429.76, 0.00522191
FILLER_0_153_719, 338.82, 429.76, 0.00522191
FILLER_0_154_713, 338.82, 429.76, 0.00522191
_12984_, 338.82, 424.32, 0.00521928
_12989_, 338.82, 424.32, 0.00521928
FILLER_0_151_724, 338.82, 424.32, 0.00521928
_12736_, 338.82, 418.88, 0.0052155
_12737_, 338.82, 418.88, 0.0052155
_12738_, 338.82, 418.88, 0.0052155
_12765_, 338.82, 418.88, 0.0052155
_12768_, 338.82, 418.88, 0.0052155
hold235, 338.82, 418.88, 0.0052155
FILLER_0_150_713, 338.82, 418.88, 0.0052155
_12734_, 338.82, 413.44, 0.0052246
_12756_, 338.82, 413.44, 0.0052246
_12759_, 338.82, 413.44, 0.0052246
_12766_, 338.82, 413.44, 0.0052246
_12769_, 338.82, 413.44, 0.0052246
FILLER_0_147_715, 338.82, 413.44, 0.0052246
FILLER_0_148_728, 338.82, 413.44, 0.0052246
_12763_, 338.82, 408, 0.00521082
_12770_, 338.82, 408, 0.00521082
_12771_, 338.82, 408, 0.00521082
FILLER_0_146_722, 338.82, 408, 0.00521082
_12764_, 338.82, 402.56, 0.00521272
_12978_, 338.82, 402.56, 0.00521272
_12985_, 338.82, 402.56, 0.00521272
_17184_, 338.82, 402.56, 0.00521272
FILLER_0_143_717, 338.82, 402.56, 0.00521272
_12990_, 338.82, 397.12, 0.00521121
_17127_, 338.82, 397.12, 0.00521121
_17182_, 338.82, 397.12, 0.00521121
_17183_, 338.82, 397.12, 0.00521121
_19236_, 338.82, 397.12, 0.00521121
FILLER_0_143_734, 338.82, 397.12, 0.00521121
_12945_, 338.82, 391.68, 0.00520654
_12986_, 338.82, 391.68, 0.00520654
_12987_, 338.82, 391.68, 0.00520654
_19213_, 338.82, 391.68, 0.00520654
hold450, 338.82, 391.68, 0.00520654
FILLER_0_140_714, 338.82, 391.68, 0.00520654
FILLER_0_140_726, 338.82, 391.68, 0.00520654
FILLER_0_141_737, 338.82, 391.68, 0.00520654
_12979_, 338.82, 386.24, 0.00520376
_17149_, 338.82, 386.24, 0.00520376
_17151_, 338.82, 386.24, 0.00520376
_17152_, 338.82, 386.24, 0.00520376
_19210_, 338.82, 386.24, 0.00520376
hold452, 338.82, 386.24, 0.00520376
FILLER_0_138_713, 338.82, 386.24, 0.00520376
FILLER_0_139_729, 338.82, 386.24, 0.00520376
_19212_, 338.82, 380.8, 0.00520049
FILLER_0_136_725, 338.82, 380.8, 0.00520049
FILLER_0_136_733, 338.82, 380.8, 0.00520049
_12972_, 338.82, 375.36, 0.00520474
_12973_, 338.82, 375.36, 0.00520474
_12991_, 338.82, 375.36, 0.00520474
_17153_, 338.82, 375.36, 0.00520474
hold449, 338.82, 375.36, 0.00520474
hold453, 338.82, 375.36, 0.00520474
FILLER_0_134_738, 338.82, 375.36, 0.00520474
_12959_, 338.82, 369.92, 0.00519547
_17150_, 338.82, 369.92, 0.00519547
_19211_, 338.82, 369.92, 0.00519547
_19214_, 338.82, 369.92, 0.00519547
FILLER_0_132_728, 338.82, 369.92, 0.00519547
_17189_, 338.82, 364.48, 0.00519953
clkbuf_leaf_81_i_clk, 338.82, 364.48, 0.00519953
FILLER_0_129_717, 338.82, 364.48, 0.00519953
FILLER_0_130_736, 338.82, 364.48, 0.00519953
FILLER_0_131_729, 338.82, 364.48, 0.00519953
_11213_, 338.82, 359.04, 0.00521993
_17190_, 338.82, 359.04, 0.00521993
_17194_, 338.82, 359.04, 0.00521993
_19243_, 338.82, 359.04, 0.00521993
_19246_, 338.82, 359.04, 0.00521993
_19241_, 338.82, 353.6, 0.00519386
hold104, 338.82, 353.6, 0.00519386
FILLER_0_125_719, 338.82, 353.6, 0.00519386
FILLER_0_126_719, 338.82, 353.6, 0.00519386
_17188_, 338.82, 348.16, 0.00533641
_17192_, 338.82, 348.16, 0.00533641
hold106, 338.82, 348.16, 0.00533641
hold123, 338.82, 348.16, 0.00533641
hold250, 338.82, 348.16, 0.00533641
FILLER_0_123_714, 338.82, 348.16, 0.00533641
FILLER_0_123_720, 338.82, 348.16, 0.00533641
_11281_, 338.82, 342.72, 0.00537586
_19252_, 338.82, 342.72, 0.00537586
wire1, 338.82, 342.72, 0.00537586
FILLER_0_123_729, 338.82, 342.72, 0.00537586
_10401_, 338.82, 337.28, 0.00517122
_17191_, 338.82, 337.28, 0.00517122
_19250_, 338.82, 337.28, 0.00517122
FILLER_0_119_722, 338.82, 337.28, 0.00517122
FILLER_0_120_722, 338.82, 337.28, 0.00517122
FILLER_0_121_732, 338.82, 337.28, 0.00517122
_10221_, 338.82, 331.84, 0.00521834
_10321_, 338.82, 331.84, 0.00521834
_10322_, 338.82, 331.84, 0.00521834
_19251_, 338.82, 331.84, 0.00521834
_10345_, 338.82, 326.4, 0.00507299
_15725_, 338.82, 326.4, 0.00507299
_19238_, 338.82, 326.4, 0.00507299
FILLER_0_116_719, 338.82, 326.4, 0.00507299
_10344_, 338.82, 320.96, 0.00495365
_15593_, 338.82, 320.96, 0.00495365
_15595_, 338.82, 320.96, 0.00495365
_15786_, 338.82, 320.96, 0.00495365
_15787_, 338.82, 320.96, 0.00495365
FILLER_0_113_721, 338.82, 320.96, 0.00495365
_11298_, 338.82, 315.52, 0.00485977
_17186_, 338.82, 315.52, 0.00485977
FILLER_0_111_717, 338.82, 315.52, 0.00485977
_15756_, 338.82, 310.08, 0.00473048
_15757_, 338.82, 310.08, 0.00473048
_19239_, 338.82, 310.08, 0.00473048
hold344, 338.82, 310.08, 0.00473048
FILLER_0_109_721, 338.82, 310.08, 0.00473048
_15776_, 338.82, 304.64, 0.00467445
_19240_, 338.82, 304.64, 0.00467445
_11194_, 338.82, 299.2, 0.00453106
_11195_, 338.82, 299.2, 0.00453106
_11197_, 338.82, 299.2, 0.00453106
_11198_, 338.82, 299.2, 0.00453106
_11354_, 338.82, 299.2, 0.00453106
_17995_, 338.82, 299.2, 0.00453106
FILLER_0_107_738, 338.82, 299.2, 0.00453106
_10413_, 338.82, 293.76, 0.00439735
_17714_, 338.82, 293.76, 0.00439735
_19566_, 338.82, 293.76, 0.00439735
FILLER_0_103_724, 338.82, 293.76, 0.00439735
_10312_, 338.82, 288.32, 0.00430281
_10414_, 338.82, 288.32, 0.00430281
_11174_, 338.82, 288.32, 0.00430281
_11176_, 338.82, 288.32, 0.00430281
_19567_, 338.82, 288.32, 0.00430281
FILLER_0_101_713, 338.82, 288.32, 0.00430281
_10220_, 338.82, 282.88, 0.00415973
_10313_, 338.82, 282.88, 0.00415973
_10423_, 338.82, 282.88, 0.00415973
_11175_, 338.82, 282.88, 0.00415973
_17716_, 338.82, 282.88, 0.00415973
ANTENNA_59, 338.82, 282.88, 0.00415973
ANTENNA_80, 338.82, 282.88, 0.00415973
FILLER_0_100_712, 338.82, 282.88, 0.00415973
FILLER_0_101_735, 338.82, 282.88, 0.00415973
_10424_, 338.82, 277.44, 0.00403313
_11157_, 338.82, 277.44, 0.00403313
_17997_, 338.82, 277.44, 0.00403313
_19568_, 338.82, 277.44, 0.00403313
FILLER_0_97_722, 338.82, 277.44, 0.00403313
FILLER_0_98_713, 338.82, 277.44, 0.00403313
FILLER_0_98_727, 338.82, 277.44, 0.00403313
_10303_, 338.82, 272, 0.00385331
_11134_, 338.82, 272, 0.00385331
_11135_, 338.82, 272, 0.00385331
_10224_, 338.82, 266.56, 0.00374583
_10297_, 338.82, 266.56, 0.00374583
_10298_, 338.82, 266.56, 0.00374583
_10304_, 338.82, 266.56, 0.00374583
_10364_, 338.82, 266.56, 0.00374583
_17998_, 338.82, 266.56, 0.00374583
max_cap83, 338.82, 266.56, 0.00374583
clkbuf_leaf_116_i_clk, 338.82, 266.56, 0.00374583
_10368_, 338.82, 261.12, 0.00351161
_10369_, 338.82, 261.12, 0.00351161
_11119_, 338.82, 261.12, 0.00351161
_11120_, 338.82, 261.12, 0.00351161
_19570_, 338.82, 261.12, 0.00351161
ANTENNA_86, 338.82, 261.12, 0.00351161
FILLER_0_91_723, 338.82, 261.12, 0.00351161
FILLER_0_92_718, 338.82, 261.12, 0.00351161
_10285_, 338.82, 255.68, 0.00338587
_10370_, 338.82, 255.68, 0.00338587
_10576_, 338.82, 255.68, 0.00338587
FILLER_0_89_720, 338.82, 255.68, 0.00338587
_10271_, 338.82, 250.24, 0.00318158
_10278_, 338.82, 250.24, 0.00318158
_10548_, 338.82, 250.24, 0.00318158
_18000_, 338.82, 250.24, 0.00318158
ANTENNA_89, 338.82, 250.24, 0.00318158
FILLER_0_87_712, 338.82, 250.24, 0.00318158
FILLER_0_87_723, 338.82, 250.24, 0.00318158
FILLER_0_88_723, 338.82, 250.24, 0.00318158
FILLER_0_89_729, 338.82, 250.24, 0.00318158
_10272_, 338.82, 244.8, 0.00300231
_11056_, 338.82, 244.8, 0.00300231
_11057_, 338.82, 244.8, 0.00300231
_17245_, 338.82, 244.8, 0.00300231
FILLER_0_85_711, 338.82, 244.8, 0.00300231
FILLER_0_86_722, 338.82, 244.8, 0.00300231
FILLER_0_86_736, 338.82, 244.8, 0.00300231
_10449_, 338.82, 239.36, 0.00302504
_18003_, 338.82, 239.36, 0.00302504
_19573_, 338.82, 239.36, 0.00302504
FILLER_0_85_725, 338.82, 239.36, 0.00302504
_10279_, 338.82, 233.92, 0.00305245
_10453_, 338.82, 233.92, 0.00305245
_10454_, 338.82, 233.92, 0.00305245
_10481_, 338.82, 233.92, 0.00305245
_10482_, 338.82, 233.92, 0.00305245
_19574_, 338.82, 233.92, 0.00305245
FILLER_0_81_723, 338.82, 233.92, 0.00305245
_10440_, 338.82, 228.48, 0.00303204
_10441_, 338.82, 228.48, 0.00303204
FILLER_0_81_736, 338.82, 228.48, 0.00303204
_10223_, 338.82, 223.04, 0.00304425
_10257_, 338.82, 223.04, 0.00304425
_10258_, 338.82, 223.04, 0.00304425
FILLER_0_77_718, 338.82, 223.04, 0.00304425
FILLER_0_78_725, 338.82, 223.04, 0.00304425
FILLER_0_79_735, 338.82, 223.04, 0.00304425
_10222_, 338.82, 217.6, 0.00307682
_10532_, 338.82, 217.6, 0.00307682
_10616_, 338.82, 217.6, 0.00307682
_17236_, 338.82, 217.6, 0.00307682
_17238_, 338.82, 217.6, 0.00307682
FILLER_0_76_723, 338.82, 217.6, 0.00307682
FILLER_0_77_729, 338.82, 217.6, 0.00307682
_10205_, 338.82, 212.16, 0.00309669
_10206_, 338.82, 212.16, 0.00309669
_10219_, 338.82, 212.16, 0.00309669
_10226_, 338.82, 212.16, 0.00309669
_10227_, 338.82, 212.16, 0.00309669
_10524_, 338.82, 212.16, 0.00309669
FILLER_0_73_720, 338.82, 212.16, 0.00309669
_10011_, 338.82, 206.72, 0.00308229
_10234_, 338.82, 206.72, 0.00308229
_10241_, 338.82, 206.72, 0.00308229
_10247_, 338.82, 206.72, 0.00308229
_10249_, 338.82, 206.72, 0.00308229
FILLER_0_72_716, 338.82, 206.72, 0.00308229
FILLER_0_72_724, 338.82, 206.72, 0.00308229
_10236_, 338.82, 201.28, 0.00309282
_10242_, 338.82, 201.28, 0.00309282
_10534_, 338.82, 201.28, 0.00309282
FILLER_0_70_722, 338.82, 201.28, 0.00309282
_10243_, 338.82, 195.84, 0.00307318
_10251_, 338.82, 195.84, 0.00307318
_10694_, 338.82, 195.84, 0.00307318
_18016_, 338.82, 195.84, 0.00307318
FILLER_0_67_723, 338.82, 195.84, 0.00307318
FILLER_0_68_720, 338.82, 195.84, 0.00307318
FILLER_0_68_736, 338.82, 195.84, 0.00307318
_09384_, 338.82, 190.4, 0.00307295
_19621_, 338.82, 190.4, 0.00307295
hold97, 338.82, 190.4, 0.00307295
hold183, 338.82, 190.4, 0.00307295
_19622_, 338.82, 184.96, 0.00304883
hold101, 338.82, 184.96, 0.00304883
FILLER_0_64_721, 338.82, 184.96, 0.00304883
_09424_, 338.82, 179.52, 0.00304372
_19620_, 338.82, 179.52, 0.00304372
hold94, 338.82, 179.52, 0.00304372
FILLER_0_61_712, 338.82, 179.52, 0.00304372
FILLER_0_62_713, 338.82, 179.52, 0.00304372
FILLER_0_62_721, 338.82, 179.52, 0.00304372
FILLER_0_63_729, 338.82, 179.52, 0.00304372
_09444_, 338.82, 174.08, 0.00303753
_13557_, 338.82, 174.08, 0.00303753
_19619_, 338.82, 174.08, 0.00303753
_19623_, 338.82, 174.08, 0.00303753
FILLER_0_60_721, 338.82, 174.08, 0.00303753
_13820_, 338.82, 168.64, 0.00301984
_16952_, 338.82, 168.64, 0.00301984
FILLER_0_57_723, 338.82, 168.64, 0.00301984
_11619_, 338.82, 163.2, 0.00301912
_15535_, 338.82, 163.2, 0.00301912
_15536_, 338.82, 163.2, 0.00301912
_16953_, 338.82, 163.2, 0.00301912
_18132_, 338.82, 163.2, 0.00301912
FILLER_0_57_729, 338.82, 163.2, 0.00301912
_09383_, 338.82, 157.76, 0.00300754
_11599_, 338.82, 157.76, 0.00300754
hold271, 338.82, 157.76, 0.00300754
hold293, 338.82, 157.76, 0.00300754
FILLER_0_53_724, 338.82, 157.76, 0.00300754
FILLER_0_55_725, 338.82, 157.76, 0.00300754
FILLER_0_55_729, 338.82, 157.76, 0.00300754
_09353_, 338.82, 152.32, 0.00298951
_09363_, 338.82, 152.32, 0.00298951
_15533_, 338.82, 152.32, 0.00298951
_15958_, 338.82, 152.32, 0.00298951
_18133_, 338.82, 152.32, 0.00298951
FILLER_0_51_723, 338.82, 152.32, 0.00298951
FILLER_0_52_713, 338.82, 152.32, 0.00298951
FILLER_0_52_732, 338.82, 152.32, 0.00298951
_13559_, 338.82, 146.88, 0.0029766
_16951_, 338.82, 141.44, 0.00296545
_18895_, 338.82, 141.44, 0.00296545
FILLER_0_47_720, 338.82, 141.44, 0.00296545
_11629_, 338.82, 136, 0.00296246
_11639_, 338.82, 136, 0.00296246
_13840_, 338.82, 136, 0.00296246
clkbuf_leaf_154_i_clk, 338.82, 136, 0.00296246
FILLER_0_46_713, 338.82, 136, 0.00296246
FILLER_0_46_735, 338.82, 136, 0.00296246
_09393_, 338.82, 130.56, 0.00294548
_09403_, 338.82, 130.56, 0.00294548
_15538_, 338.82, 130.56, 0.00294548
_18831_, 338.82, 130.56, 0.00294548
hold312, 338.82, 130.56, 0.00294548
FILLER_0_43_713, 338.82, 130.56, 0.00294548
FILLER_0_44_721, 338.82, 130.56, 0.00294548
FILLER_0_44_738, 338.82, 130.56, 0.00294548
_09413_, 338.82, 125.12, 0.00293163
_11649_, 338.82, 125.12, 0.00293163
_15537_, 338.82, 125.12, 0.00293163
_18131_, 338.82, 125.12, 0.00293163
FILLER_0_41_711, 338.82, 125.12, 0.00293163
FILLER_0_42_722, 338.82, 125.12, 0.00293163
FILLER_0_42_734, 338.82, 125.12, 0.00293163
_09443_, 338.82, 119.68, 0.00292395
_11659_, 338.82, 119.68, 0.00292395
_15540_, 338.82, 119.68, 0.00292395
_18130_, 338.82, 119.68, 0.00292395
hold304, 338.82, 119.68, 0.00292395
FILLER_0_39_722, 338.82, 119.68, 0.00292395
FILLER_0_40_712, 338.82, 119.68, 0.00292395
_09423_, 338.82, 114.24, 0.0029165
_15539_, 338.82, 114.24, 0.0029165
_16673_, 338.82, 114.24, 0.0029165
clkbuf_leaf_153_i_clk, 338.82, 114.24, 0.0029165
hold331, 338.82, 114.24, 0.0029165
_14078_, 338.82, 108.8, 0.00289755
_14131_, 338.82, 108.8, 0.00289755
_18776_, 338.82, 108.8, 0.00289755
FILLER_0_36_725, 338.82, 108.8, 0.00289755
_14079_, 338.82, 103.36, 0.00289623
_14541_, 338.82, 103.36, 0.00289623
_14561_, 338.82, 103.36, 0.00289623
_16698_, 338.82, 103.36, 0.00289623
_18575_, 338.82, 103.36, 0.00289623
FILLER_0_33_716, 338.82, 103.36, 0.00289623
FILLER_0_34_712, 338.82, 103.36, 0.00289623
_14560_, 338.82, 97.92, 0.00287881
hold395, 338.82, 97.92, 0.00287881
FILLER_0_31_719, 338.82, 97.92, 0.00287881
FILLER_0_32_737, 338.82, 97.92, 0.00287881
FILLER_0_33_738, 338.82, 97.92, 0.00287881
_09063_, 338.82, 92.48, 0.00286719
_13693_, 338.82, 92.48, 0.00286719
_13694_, 338.82, 92.48, 0.00286719
_16626_, 338.82, 92.48, 0.00286719
_18964_, 338.82, 92.48, 0.00286719
FILLER_0_29_723, 338.82, 92.48, 0.00286719
FILLER_0_30_713, 338.82, 92.48, 0.00286719
_09382_, 338.82, 87.04, 0.00287123
_11618_, 338.82, 87.04, 0.00287123
_14218_, 338.82, 87.04, 0.00287123
_18735_, 338.82, 87.04, 0.00287123
FILLER_0_27_720, 338.82, 87.04, 0.00287123
_09278_, 338.82, 81.6, 0.00285771
_09355_, 338.82, 81.6, 0.00285771
_11598_, 338.82, 81.6, 0.00285771
_16882_, 338.82, 81.6, 0.00285771
ANTENNA_19, 338.82, 81.6, 0.00285771
FILLER_0_25_717, 338.82, 81.6, 0.00285771
FILLER_0_26_726, 338.82, 81.6, 0.00285771
FILLER_0_26_736, 338.82, 81.6, 0.00285771
FILLER_0_27_729, 338.82, 81.6, 0.00285771
_09362_, 338.82, 76.16, 0.00286227
_13691_, 338.82, 76.16, 0.00286227
_13692_, 338.82, 76.16, 0.00286227
_16879_, 338.82, 76.16, 0.00286227
_18965_, 338.82, 76.16, 0.00286227
hold375, 338.82, 76.16, 0.00286227
_13698_, 338.82, 70.72, 0.00283717
_18962_, 338.82, 70.72, 0.00283717
FILLER_0_22_722, 338.82, 70.72, 0.00283717
_09395_, 338.82, 65.28, 0.00283214
_13697_, 338.82, 65.28, 0.00283214
_13699_, 338.82, 65.28, 0.00283214
_13700_, 338.82, 65.28, 0.00283214
_18961_, 338.82, 65.28, 0.00283214
FILLER_0_21_725, 338.82, 65.28, 0.00283214
_09402_, 338.82, 59.84, 0.00284518
_09442_, 338.82, 59.84, 0.00284518
_11638_, 338.82, 59.84, 0.00284518
_11658_, 338.82, 59.84, 0.00284518
_13695_, 338.82, 59.84, 0.00284518
_13696_, 338.82, 59.84, 0.00284518
_18963_, 338.82, 59.84, 0.00284518
FILLER_0_17_723, 338.82, 59.84, 0.00284518
FILLER_0_18_721, 338.82, 59.84, 0.00284518
_09422_, 338.82, 54.4, 0.00282191
FILLER_0_16_712, 338.82, 54.4, 0.00282191
FILLER_0_16_733, 338.82, 54.4, 0.00282191
_09438_, 338.82, 48.96, 0.00282234
_11674_, 338.82, 48.96, 0.00282234
_16309_, 338.82, 48.96, 0.00282234
_19649_, 338.82, 48.96, 0.00282234
FILLER_0_15_729, 338.82, 48.96, 0.00282234
_11614_, 338.82, 43.52, 0.0028136
_14854_, 338.82, 43.52, 0.0028136
_14855_, 338.82, 43.52, 0.0028136
_18641_, 338.82, 43.52, 0.0028136
FILLER_0_12_736, 338.82, 43.52, 0.0028136
FILLER_0_13_729, 338.82, 43.52, 0.0028136
_09378_, 338.82, 38.08, 0.0028166
_18452_, 338.82, 38.08, 0.0028166
FILLER_0_10_714, 338.82, 38.08, 0.0028166
FILLER_0_11_736, 338.82, 38.08, 0.0028166
_09361_, 338.82, 32.64, 0.00280382
_09418_, 338.82, 32.64, 0.00280382
_11594_, 338.82, 32.64, 0.00280382
_11654_, 338.82, 32.64, 0.00280382
FILLER_0_8_715, 338.82, 32.64, 0.00280382
FILLER_0_9_725, 338.82, 32.64, 0.00280382
_09358_, 338.82, 27.2, 0.0028095
_09398_, 338.82, 27.2, 0.0028095
_09401_, 338.82, 27.2, 0.0028095
_11634_, 338.82, 27.2, 0.0028095
FILLER_0_5_718, 338.82, 27.2, 0.0028095
FILLER_0_7_736, 338.82, 27.2, 0.0028095
_14852_, 338.82, 21.76, 0.00279308
_16313_, 338.82, 21.76, 0.00279308
FILLER_0_3_722, 338.82, 21.76, 0.00279308
FILLER_0_4_716, 338.82, 21.76, 0.00279308
FILLER_0_4_729, 338.82, 21.76, 0.00279308
_14853_, 338.82, 16.32, 0.00279698
_14856_, 338.82, 16.32, 0.00279698
_14857_, 338.82, 16.32, 0.00279698
_14859_, 338.82, 16.32, 0.00279698
_18450_, 338.82, 16.32, 0.00279698
_18453_, 338.82, 16.32, 0.00279698
FILLER_0_1_715, 338.82, 16.32, 0.00279698
_14858_, 338.82, 10.88, 0.00279497
_18451_, 338.82, 10.88, 0.00279497
FILLER_0_0_716, 338.82, 10.88, 0.00279497
_13057_, 313.82, 484.16, 0.00517915
_17117_, 313.82, 484.16, 0.00517915
output27, 313.82, 484.16, 0.00517915
hold275, 313.82, 484.16, 0.00517915
FILLER_0_174_673, 313.82, 484.16, 0.00517915
FILLER_0_174_683, 313.82, 484.16, 0.00517915
_12417_, 313.82, 478.72, 0.00518481
_19182_, 313.82, 478.72, 0.00518481
hold238, 313.82, 478.72, 0.00518481
hold276, 313.82, 478.72, 0.00518481
FILLER_0_173_673, 313.82, 478.72, 0.00518481
_13055_, 313.82, 473.28, 0.00518038
_13062_, 313.82, 473.28, 0.00518038
_17118_, 313.82, 473.28, 0.00518038
_17126_, 313.82, 473.28, 0.00518038
_19181_, 313.82, 473.28, 0.00518038
FILLER_0_169_668, 313.82, 473.28, 0.00518038
FILLER_0_170_664, 313.82, 473.28, 0.00518038
FILLER_0_170_679, 313.82, 473.28, 0.00518038
FILLER_0_171_676, 313.82, 473.28, 0.00518038
_13042_, 313.82, 467.84, 0.0051811
_19183_, 313.82, 467.84, 0.0051811
_19184_, 313.82, 467.84, 0.0051811
hold133, 313.82, 467.84, 0.0051811
FILLER_0_169_673, 313.82, 467.84, 0.0051811
_13050_, 313.82, 462.4, 0.00517549
_13051_, 313.82, 462.4, 0.00517549
_13052_, 313.82, 462.4, 0.00517549
hold132, 313.82, 462.4, 0.00517549
hold199, 313.82, 462.4, 0.00517549
FILLER_0_167_673, 313.82, 462.4, 0.00517549
_12575_, 313.82, 456.96, 0.00517177
_17116_, 313.82, 456.96, 0.00517177
_17129_, 313.82, 456.96, 0.00517177
_19345_, 313.82, 456.96, 0.00517177
hold121, 313.82, 456.96, 0.00517177
FILLER_0_163_668, 313.82, 456.96, 0.00517177
FILLER_0_164_658, 313.82, 456.96, 0.00517177
FILLER_0_164_669, 313.82, 456.96, 0.00517177
_12461_, 313.82, 451.52, 0.00517757
_12502_, 313.82, 451.52, 0.00517757
_12503_, 313.82, 451.52, 0.00517757
_12504_, 313.82, 451.52, 0.00517757
_13048_, 313.82, 451.52, 0.00517757
hold204, 313.82, 451.52, 0.00517757
_12465_, 313.82, 446.08, 0.00516542
_12466_, 313.82, 446.08, 0.00516542
_12468_, 313.82, 446.08, 0.00516542
_13047_, 313.82, 446.08, 0.00516542
_17130_, 313.82, 446.08, 0.00516542
_17131_, 313.82, 446.08, 0.00516542
hold147, 313.82, 446.08, 0.00516542
FILLER_0_159_665, 313.82, 446.08, 0.00516542
FILLER_0_160_674, 313.82, 446.08, 0.00516542
_12467_, 313.82, 440.64, 0.00516353
_12497_, 313.82, 440.64, 0.00516353
_12498_, 313.82, 440.64, 0.00516353
_12501_, 313.82, 440.64, 0.00516353
_13046_, 313.82, 440.64, 0.00516353
_17132_, 313.82, 440.64, 0.00516353
hold142, 313.82, 440.64, 0.00516353
FILLER_0_157_667, 313.82, 440.64, 0.00516353
FILLER_0_158_658, 313.82, 440.64, 0.00516353
_12469_, 313.82, 435.2, 0.00515944
_12470_, 313.82, 435.2, 0.00515944
_13044_, 313.82, 435.2, 0.00515944
hold95, 313.82, 435.2, 0.00515944
hold96, 313.82, 435.2, 0.00515944
FILLER_0_155_669, 313.82, 435.2, 0.00515944
FILLER_0_157_673, 313.82, 435.2, 0.00515944
_17134_, 313.82, 429.76, 0.00515752
hold128, 313.82, 429.76, 0.00515752
FILLER_0_154_682, 313.82, 429.76, 0.00515752
FILLER_0_155_681, 313.82, 429.76, 0.00515752
_12475_, 313.82, 424.32, 0.00515196
_12607_, 313.82, 424.32, 0.00515196
_19349_, 313.82, 424.32, 0.00515196
hold340, 313.82, 424.32, 0.00515196
FILLER_0_151_661, 313.82, 424.32, 0.00515196
FILLER_0_151_669, 313.82, 424.32, 0.00515196
FILLER_0_152_669, 313.82, 424.32, 0.00515196
_12347_, 313.82, 418.88, 0.00514133
_12487_, 313.82, 418.88, 0.00514133
_12608_, 313.82, 418.88, 0.00514133
FILLER_0_150_678, 313.82, 418.88, 0.00514133
FILLER_0_151_673, 313.82, 418.88, 0.00514133
_12333_, 313.82, 413.44, 0.00515359
_12339_, 313.82, 413.44, 0.00515359
_12340_, 313.82, 413.44, 0.00515359
_12344_, 313.82, 413.44, 0.00515359
_12345_, 313.82, 413.44, 0.00515359
_12571_, 313.82, 413.44, 0.00515359
_12613_, 313.82, 413.44, 0.00515359
_12618_, 313.82, 413.44, 0.00515359
_17339_, 313.82, 413.44, 0.00515359
_17340_, 313.82, 413.44, 0.00515359
hold314, 313.82, 413.44, 0.00515359
FILLER_0_147_657, 313.82, 413.44, 0.00515359
FILLER_0_149_676, 313.82, 413.44, 0.00515359
_12350_, 313.82, 408, 0.00513051
_12616_, 313.82, 408, 0.00513051
_19315_, 313.82, 408, 0.00513051
FILLER_0_145_667, 313.82, 408, 0.00513051
FILLER_0_146_669, 313.82, 408, 0.00513051
_12335_, 313.82, 402.56, 0.00512388
_13109_, 313.82, 402.56, 0.00512388
_13115_, 313.82, 402.56, 0.00512388
_17097_, 313.82, 402.56, 0.00512388
_17098_, 313.82, 402.56, 0.00512388
FILLER_0_144_669, 313.82, 402.56, 0.00512388
FILLER_0_145_673, 313.82, 402.56, 0.00512388
_13110_, 313.82, 397.12, 0.00512712
_19158_, 313.82, 397.12, 0.00512712
clkbuf_leaf_83_i_clk, 313.82, 397.12, 0.00512712
hold44, 313.82, 397.12, 0.00512712
FILLER_0_141_665, 313.82, 397.12, 0.00512712
FILLER_0_142_661, 313.82, 397.12, 0.00512712
_13013_, 313.82, 391.68, 0.00510768
_13015_, 313.82, 391.68, 0.00510768
_13020_, 313.82, 391.68, 0.00510768
_13114_, 313.82, 391.68, 0.00510768
FILLER_0_139_669, 313.82, 391.68, 0.00510768
FILLER_0_140_678, 313.82, 391.68, 0.00510768
_13014_, 313.82, 386.24, 0.00509859
_13103_, 313.82, 386.24, 0.00509859
_13113_, 313.82, 386.24, 0.00509859
FILLER_0_138_674, 313.82, 386.24, 0.00509859
FILLER_0_139_679, 313.82, 386.24, 0.00509859
_12996_, 313.82, 380.8, 0.00508867
_17144_, 313.82, 380.8, 0.00508867
_19097_, 313.82, 380.8, 0.00508867
hold85, 313.82, 380.8, 0.00508867
FILLER_0_135_664, 313.82, 380.8, 0.00508867
FILLER_0_137_673, 313.82, 380.8, 0.00508867
_12760_, 313.82, 375.36, 0.00507948
_13406_, 313.82, 375.36, 0.00507948
_17146_, 313.82, 375.36, 0.00507948
FILLER_0_134_678, 313.82, 375.36, 0.00507948
FILLER_0_135_673, 313.82, 375.36, 0.00507948
_13006_, 313.82, 369.92, 0.00506389
_13405_, 313.82, 369.92, 0.00506389
hold149, 313.82, 369.92, 0.00506389
FILLER_0_132_677, 313.82, 369.92, 0.00506389
FILLER_0_133_673, 313.82, 369.92, 0.00506389
_12484_, 313.82, 364.48, 0.00504914
_12998_, 313.82, 364.48, 0.00504914
_17148_, 313.82, 364.48, 0.00504914
hold150, 313.82, 364.48, 0.00504914
FILLER_0_129_665, 313.82, 364.48, 0.00504914
FILLER_0_131_673, 313.82, 364.48, 0.00504914
_11248_, 313.82, 359.04, 0.00503656
_11249_, 313.82, 359.04, 0.00503656
_13400_, 313.82, 359.04, 0.00503656
_13401_, 313.82, 359.04, 0.00503656
FILLER_0_127_657, 313.82, 359.04, 0.00503656
FILLER_0_127_669, 313.82, 359.04, 0.00503656
_17992_, 313.82, 353.6, 0.00501604
_19563_, 313.82, 353.6, 0.00501604
_19564_, 313.82, 353.6, 0.00501604
ANTENNA_135, 313.82, 353.6, 0.00501604
FILLER_0_125_669, 313.82, 353.6, 0.00501604
FILLER_0_127_673, 313.82, 353.6, 0.00501604
_11266_, 313.82, 348.16, 0.00503526
_11267_, 313.82, 348.16, 0.00503526
_17991_, 313.82, 348.16, 0.00503526
FILLER_0_124_669, 313.82, 348.16, 0.00503526
FILLER_0_125_673, 313.82, 348.16, 0.00503526
FILLER_0_125_681, 313.82, 348.16, 0.00503526
_11282_, 313.82, 342.72, 0.00503467
_11283_, 313.82, 342.72, 0.00503467
_17710_, 313.82, 342.72, 0.00503467
_17990_, 313.82, 342.72, 0.00503467
_19562_, 313.82, 342.72, 0.00503467
hold426, 313.82, 342.72, 0.00503467
FILLER_0_121_663, 313.82, 342.72, 0.00503467
_10330_, 313.82, 337.28, 0.0049602
_17709_, 313.82, 337.28, 0.0049602
_17713_, 313.82, 337.28, 0.0049602
clkbuf_leaf_80_i_clk, 313.82, 337.28, 0.0049602
FILLER_0_119_659, 313.82, 337.28, 0.0049602
FILLER_0_121_673, 313.82, 337.28, 0.0049602
_17231_, 313.82, 331.84, 0.00491393
_17232_, 313.82, 331.84, 0.00491393
_17377_, 313.82, 331.84, 0.00491393
_17378_, 313.82, 331.84, 0.00491393
FILLER_0_117_669, 313.82, 331.84, 0.00491393
_19558_, 313.82, 326.4, 0.00482477
FILLER_0_115_664, 313.82, 326.4, 0.00482477
_09034_, 313.82, 320.96, 0.00474314
_10355_, 313.82, 320.96, 0.00474314
_11337_, 313.82, 320.96, 0.00474314
_17986_, 313.82, 320.96, 0.00474314
FILLER_0_114_662, 313.82, 320.96, 0.00474314
_09036_, 313.82, 315.52, 0.00467964
_10003_, 313.82, 315.52, 0.00467964
_10024_, 313.82, 315.52, 0.00467964
_10177_, 313.82, 315.52, 0.00467964
_17228_, 313.82, 315.52, 0.00467964
_17230_, 313.82, 315.52, 0.00467964
FILLER_0_111_664, 313.82, 315.52, 0.00467964
_10002_, 313.82, 310.08, 0.00457575
_10004_, 313.82, 310.08, 0.00457575
_13037_, 313.82, 310.08, 0.00457575
_15726_, 313.82, 310.08, 0.00457575
_15904_, 313.82, 310.08, 0.00457575
_17227_, 313.82, 310.08, 0.00457575
FILLER_0_109_661, 313.82, 310.08, 0.00457575
_09042_, 313.82, 304.64, 0.0045123
_09043_, 313.82, 304.64, 0.0045123
_10007_, 313.82, 304.64, 0.0045123
_10017_, 313.82, 304.64, 0.0045123
_12483_, 313.82, 304.64, 0.0045123
_15903_, 313.82, 304.64, 0.0045123
max_cap91, 313.82, 304.64, 0.0045123
FILLER_0_107_666, 313.82, 304.64, 0.0045123
FILLER_0_108_662, 313.82, 304.64, 0.0045123
FILLER_0_108_670, 313.82, 304.64, 0.0045123
_09038_, 313.82, 299.2, 0.00440959
_09039_, 313.82, 299.2, 0.00440959
_09040_, 313.82, 299.2, 0.00440959
_09041_, 313.82, 299.2, 0.00440959
_09044_, 313.82, 299.2, 0.00440959
_09045_, 313.82, 299.2, 0.00440959
_09048_, 313.82, 299.2, 0.00440959
_09054_, 313.82, 299.2, 0.00440959
_09046_, 313.82, 293.76, 0.0043054
_09049_, 313.82, 293.76, 0.0043054
_09053_, 313.82, 293.76, 0.0043054
_09200_, 313.82, 293.76, 0.0043054
_09997_, 313.82, 293.76, 0.0043054
_17225_, 313.82, 293.76, 0.0043054
max_cap96, 313.82, 293.76, 0.0043054
_09047_, 313.82, 288.32, 0.00421696
_09055_, 313.82, 288.32, 0.00421696
_09998_, 313.82, 288.32, 0.00421696
_09999_, 313.82, 288.32, 0.00421696
_09201_, 313.82, 282.88, 0.00413283
_10009_, 313.82, 282.88, 0.00413283
_10025_, 313.82, 282.88, 0.00413283
_10064_, 313.82, 282.88, 0.00413283
wire3, 313.82, 282.88, 0.00413283
FILLER_0_100_669, 313.82, 282.88, 0.00413283
FILLER_0_100_679, 313.82, 282.88, 0.00413283
FILLER_0_101_679, 313.82, 282.88, 0.00413283
_10005_, 313.82, 277.44, 0.00405137
_10028_, 313.82, 277.44, 0.00405137
_10063_, 313.82, 277.44, 0.00405137
_10357_, 313.82, 277.44, 0.00405137
_19555_, 313.82, 277.44, 0.00405137
FILLER_0_97_662, 313.82, 277.44, 0.00405137
_10065_, 313.82, 272, 0.00397583
_10148_, 313.82, 272, 0.00397583
_10378_, 313.82, 272, 0.00397583
_10589_, 313.82, 272, 0.00397583
FILLER_0_95_658, 313.82, 272, 0.00397583
_10150_, 313.82, 266.56, 0.00382472
_10151_, 313.82, 266.56, 0.00382472
_10157_, 313.82, 266.56, 0.00382472
_10361_, 313.82, 266.56, 0.00382472
_10015_, 313.82, 261.12, 0.00368319
_10029_, 313.82, 261.12, 0.00368319
_10152_, 313.82, 261.12, 0.00368319
_19556_, 313.82, 261.12, 0.00368319
FILLER_0_92_677, 313.82, 261.12, 0.00368319
FILLER_0_93_673, 313.82, 261.12, 0.00368319
FILLER_0_93_681, 313.82, 261.12, 0.00368319
_10270_, 313.82, 255.68, 0.0035728
_17685_, 313.82, 255.68, 0.0035728
FILLER_0_89_664, 313.82, 255.68, 0.0035728
FILLER_0_90_683, 313.82, 255.68, 0.0035728
_17243_, 313.82, 250.24, 0.00341442
_17249_, 313.82, 250.24, 0.00341442
_17686_, 313.82, 250.24, 0.00341442
_17720_, 313.82, 250.24, 0.00341442
_17721_, 313.82, 250.24, 0.00341442
_17722_, 313.82, 250.24, 0.00341442
FILLER_0_87_662, 313.82, 250.24, 0.00341442
FILLER_0_88_657, 313.82, 250.24, 0.00341442
FILLER_0_88_683, 313.82, 250.24, 0.00341442
FILLER_0_89_682, 313.82, 250.24, 0.00341442
_17240_, 313.82, 244.8, 0.00328027
_17246_, 313.82, 244.8, 0.00328027
_17248_, 313.82, 244.8, 0.00328027
_17681_, 313.82, 244.8, 0.00328027
ANTENNA_91, 313.82, 244.8, 0.00328027
FILLER_0_86_660, 313.82, 244.8, 0.00328027
FILLER_0_87_673, 313.82, 244.8, 0.00328027
_11620_, 313.82, 239.36, 0.00326216
_17678_, 313.82, 239.36, 0.00326216
_17988_, 313.82, 239.36, 0.00326216
FILLER_0_83_666, 313.82, 239.36, 0.00326216
FILLER_0_84_683, 313.82, 239.36, 0.00326216
_09976_, 313.82, 233.92, 0.00324501
_10000_, 313.82, 233.92, 0.00324501
_10001_, 313.82, 233.92, 0.00324501
_18037_, 313.82, 233.92, 0.00324501
_19578_, 313.82, 233.92, 0.00324501
hold348, 313.82, 233.92, 0.00324501
FILLER_0_83_673, 313.82, 233.92, 0.00324501
_17244_, 313.82, 228.48, 0.00322268
_18035_, 313.82, 228.48, 0.00322268
_18036_, 313.82, 228.48, 0.00322268
_19577_, 313.82, 228.48, 0.00322268
FILLER_0_81_676, 313.82, 228.48, 0.00322268
FILLER_0_77_662, 313.82, 223.04, 0.00318661
FILLER_0_78_681, 313.82, 223.04, 0.00318661
_17234_, 313.82, 217.6, 0.00317814
_17239_, 313.82, 217.6, 0.00317814
_18058_, 313.82, 217.6, 0.00317814
_19586_, 313.82, 217.6, 0.00317814
hold105, 313.82, 217.6, 0.00317814
ANTENNA_129, 313.82, 217.6, 0.00317814
FILLER_0_75_668, 313.82, 217.6, 0.00317814
_17247_, 313.82, 212.16, 0.00317047
_18059_, 313.82, 212.16, 0.00317047
FILLER_0_74_676, 313.82, 212.16, 0.00317047
FILLER_0_75_673, 313.82, 212.16, 0.00317047
_18060_, 313.82, 206.72, 0.00315633
wire92, 313.82, 206.72, 0.00315633
clkbuf_leaf_121_i_clk, 313.82, 206.72, 0.00315633
hold242, 313.82, 206.72, 0.00315633
FILLER_0_72_682, 313.82, 206.72, 0.00315633
_10012_, 313.82, 201.28, 0.00314314
_18010_, 313.82, 201.28, 0.00314314
_18051_, 313.82, 201.28, 0.00314314
_19624_, 313.82, 201.28, 0.00314314
hold114, 313.82, 201.28, 0.00314314
hold127, 313.82, 201.28, 0.00314314
FILLER_0_69_668, 313.82, 201.28, 0.00314314
_09344_, 313.82, 195.84, 0.00311291
_17235_, 313.82, 195.84, 0.00311291
_19626_, 313.82, 195.84, 0.00311291
FILLER_0_67_665, 313.82, 195.84, 0.00311291
FILLER_0_68_665, 313.82, 195.84, 0.00311291
_09304_, 313.82, 190.4, 0.00309037
_15474_, 313.82, 190.4, 0.00309037
_15991_, 313.82, 190.4, 0.00309037
_18069_, 313.82, 190.4, 0.00309037
_19625_, 313.82, 190.4, 0.00309037
FILLER_0_66_669, 313.82, 190.4, 0.00309037
_15473_, 313.82, 184.96, 0.00306837
_15990_, 313.82, 184.96, 0.00306837
_15992_, 313.82, 184.96, 0.00306837
_18162_, 313.82, 184.96, 0.00306837
FILLER_0_63_662, 313.82, 184.96, 0.00306837
FILLER_0_64_668, 313.82, 184.96, 0.00306837
_15468_, 313.82, 179.52, 0.00305611
_15469_, 313.82, 179.52, 0.00305611
_15470_, 313.82, 179.52, 0.00305611
_15993_, 313.82, 179.52, 0.00305611
_15994_, 313.82, 179.52, 0.00305611
clkbuf_3_4_0_i_clk, 313.82, 179.52, 0.00305611
FILLER_0_61_660, 313.82, 179.52, 0.00305611
FILLER_0_62_668, 313.82, 179.52, 0.00305611
FILLER_0_63_673, 313.82, 179.52, 0.00305611
_18164_, 313.82, 174.08, 0.00303494
_18165_, 313.82, 174.08, 0.00303494
FILLER_0_59_665, 313.82, 174.08, 0.00303494
FILLER_0_60_665, 313.82, 174.08, 0.00303494
_11607_, 313.82, 168.64, 0.00302239
_13971_, 313.82, 168.64, 0.00302239
_15399_, 313.82, 168.64, 0.00302239
_15467_, 313.82, 168.64, 0.00302239
FILLER_0_57_667, 313.82, 168.64, 0.00302239
FILLER_0_58_670, 313.82, 168.64, 0.00302239
_11587_, 313.82, 163.2, 0.00300613
_14274_, 313.82, 163.2, 0.00300613
_16955_, 313.82, 163.2, 0.00300613
clkbuf_leaf_155_i_clk, 313.82, 163.2, 0.00300613
FILLER_0_55_663, 313.82, 163.2, 0.00300613
FILLER_0_57_673, 313.82, 163.2, 0.00300613
_13551_, 313.82, 157.76, 0.00299317
_13968_, 313.82, 157.76, 0.00299317
_14273_, 313.82, 157.76, 0.00299317
_15530_, 313.82, 157.76, 0.00299317
_18709_, 313.82, 157.76, 0.00299317
FILLER_0_54_669, 313.82, 157.76, 0.00299317
_15404_, 313.82, 152.32, 0.00296156
_15529_, 313.82, 152.32, 0.00296156
_15960_, 313.82, 152.32, 0.00296156
_18135_, 313.82, 152.32, 0.00296156
hold257, 313.82, 152.32, 0.00296156
FILLER_0_52_657, 313.82, 152.32, 0.00296156
_09083_, 313.82, 146.88, 0.00295305
_09313_, 313.82, 146.88, 0.00295305
_09323_, 313.82, 146.88, 0.00295305
_09391_, 313.82, 146.88, 0.00295305
_18195_, 313.82, 146.88, 0.00295305
_13974_, 313.82, 141.44, 0.00293785
_15403_, 313.82, 141.44, 0.00293785
_16027_, 313.82, 141.44, 0.00293785
FILLER_0_47_663, 313.82, 141.44, 0.00293785
FILLER_0_48_663, 313.82, 141.44, 0.00293785
FILLER_0_49_682, 313.82, 141.44, 0.00293785
_09411_, 313.82, 136, 0.00291489
_09431_, 313.82, 136, 0.00291489
_11667_, 313.82, 136, 0.00291489
_15406_, 313.82, 136, 0.00291489
_16026_, 313.82, 136, 0.00291489
FILLER_0_46_657, 313.82, 136, 0.00291489
FILLER_0_46_679, 313.82, 136, 0.00291489
_09333_, 313.82, 130.56, 0.00290665
_11569_, 313.82, 130.56, 0.00290665
_11647_, 313.82, 130.56, 0.00290665
_15405_, 313.82, 130.56, 0.00290665
_18194_, 313.82, 130.56, 0.00290665
ANTENNA_117, 313.82, 130.56, 0.00290665
FILLER_0_43_667, 313.82, 130.56, 0.00290665
FILLER_0_44_667, 313.82, 130.56, 0.00290665
FILLER_0_44_679, 313.82, 130.56, 0.00290665
_09091_, 313.82, 125.12, 0.00289416
_13977_, 313.82, 125.12, 0.00289416
_13980_, 313.82, 125.12, 0.00289416
_14282_, 313.82, 125.12, 0.00289416
_14699_, 313.82, 125.12, 0.00289416
_16593_, 313.82, 125.12, 0.00289416
FILLER_0_41_662, 313.82, 125.12, 0.00289416
FILLER_0_42_658, 313.82, 125.12, 0.00289416
_11668_, 313.82, 119.68, 0.00287047
_13562_, 313.82, 119.68, 0.00287047
_13563_, 313.82, 119.68, 0.00287047
_14281_, 313.82, 119.68, 0.00287047
_16947_, 313.82, 119.68, 0.00287047
_16948_, 313.82, 119.68, 0.00287047
_18705_, 313.82, 119.68, 0.00287047
FILLER_0_39_660, 313.82, 119.68, 0.00287047
FILLER_0_39_668, 313.82, 119.68, 0.00287047
_09239_, 313.82, 114.24, 0.00285915
_09241_, 313.82, 114.24, 0.00285915
_15531_, 313.82, 114.24, 0.00285915
_15959_, 313.82, 114.24, 0.00285915
_19025_, 313.82, 114.24, 0.00285915
ANTENNA_11, 313.82, 114.24, 0.00285915
FILLER_0_37_667, 313.82, 114.24, 0.00285915
FILLER_0_38_662, 313.82, 114.24, 0.00285915
_09470_, 313.82, 108.8, 0.00284289
_11478_, 313.82, 108.8, 0.00284289
_11480_, 313.82, 108.8, 0.00284289
_13636_, 313.82, 108.8, 0.00284289
FILLER_0_35_662, 313.82, 108.8, 0.00284289
FILLER_0_35_669, 313.82, 108.8, 0.00284289
FILLER_0_36_677, 313.82, 108.8, 0.00284289
_11484_, 313.82, 103.36, 0.00284399
_11707_, 313.82, 103.36, 0.00284399
_14149_, 313.82, 103.36, 0.00284399
_18991_, 313.82, 103.36, 0.00284399
_09243_, 313.82, 97.92, 0.00282525
_09245_, 313.82, 97.92, 0.00282525
_09469_, 313.82, 97.92, 0.00282525
_11482_, 313.82, 97.92, 0.00282525
_13616_, 313.82, 97.92, 0.00282525
_13635_, 313.82, 97.92, 0.00282525
FILLER_0_31_661, 313.82, 97.92, 0.00282525
_09374_, 313.82, 92.48, 0.00280948
_14483_, 313.82, 92.48, 0.00280948
_16490_, 313.82, 92.48, 0.00280948
_18612_, 313.82, 92.48, 0.00280948
_09322_, 313.82, 87.04, 0.00281245
_14481_, 313.82, 87.04, 0.00281245
_14482_, 313.82, 87.04, 0.00281245
_16491_, 313.82, 87.04, 0.00281245
clkbuf_leaf_152_i_clk, 313.82, 87.04, 0.00281245
FILLER_0_27_664, 313.82, 87.04, 0.00281245
FILLER_0_28_665, 313.82, 87.04, 0.00281245
_14480_, 313.82, 81.6, 0.00279776
_18613_, 313.82, 81.6, 0.00279776
hold402, 313.82, 81.6, 0.00279776
FILLER_0_25_668, 313.82, 81.6, 0.00279776
FILLER_0_26_657, 313.82, 81.6, 0.00279776
FILLER_0_26_682, 313.82, 81.6, 0.00279776
_14486_, 313.82, 76.16, 0.00280096
_14487_, 313.82, 76.16, 0.00280096
_16488_, 313.82, 76.16, 0.00280096
_18610_, 313.82, 76.16, 0.00280096
FILLER_0_23_659, 313.82, 76.16, 0.00280096
FILLER_0_24_657, 313.82, 76.16, 0.00280096
_14489_, 313.82, 70.72, 0.00277778
_16489_, 313.82, 70.72, 0.00277778
_18609_, 313.82, 70.72, 0.00277778
hold355, 313.82, 70.72, 0.00277778
FILLER_0_22_657, 313.82, 70.72, 0.00277778
_09394_, 313.82, 65.28, 0.00277145
_09434_, 313.82, 65.28, 0.00277145
_11630_, 313.82, 65.28, 0.00277145
_11670_, 313.82, 65.28, 0.00277145
_14488_, 313.82, 65.28, 0.00277145
_16487_, 313.82, 65.28, 0.00277145
FILLER_0_19_666, 313.82, 65.28, 0.00277145
_11650_, 313.82, 59.84, 0.00277477
FILLER_0_17_664, 313.82, 59.84, 0.00277477
FILLER_0_19_673, 313.82, 59.84, 0.00277477
_14790_, 313.82, 54.4, 0.00276341
_14791_, 313.82, 54.4, 0.00276341
_15340_, 313.82, 54.4, 0.00276341
_16060_, 313.82, 54.4, 0.00276341
_18225_, 313.82, 54.4, 0.00276341
_18483_, 313.82, 54.4, 0.00276341
hold386, 313.82, 54.4, 0.00276341
_11676_, 313.82, 48.96, 0.00275999
_15339_, 313.82, 48.96, 0.00275999
_18482_, 313.82, 48.96, 0.00275999
FILLER_0_13_658, 313.82, 48.96, 0.00275999
FILLER_0_13_669, 313.82, 48.96, 0.00275999
FILLER_0_14_665, 313.82, 48.96, 0.00275999
_11616_, 313.82, 43.52, 0.0027587
_13419_, 313.82, 43.52, 0.0027587
_17023_, 313.82, 43.52, 0.0027587
hold401, 313.82, 43.52, 0.0027587
_13417_, 313.82, 38.08, 0.00275654
_13418_, 313.82, 38.08, 0.00275654
_19092_, 313.82, 38.08, 0.00275654
FILLER_0_10_657, 313.82, 38.08, 0.00275654
FILLER_0_10_683, 313.82, 38.08, 0.00275654
_13416_, 313.82, 32.64, 0.00274607
_17024_, 313.82, 32.64, 0.00274607
_19093_, 313.82, 32.64, 0.00274607
FILLER_0_7_661, 313.82, 32.64, 0.00274607
FILLER_0_7_669, 313.82, 32.64, 0.00274607
_13420_, 313.82, 27.2, 0.00274807
_13421_, 313.82, 27.2, 0.00274807
_13423_, 313.82, 27.2, 0.00274807
_17021_, 313.82, 27.2, 0.00274807
_17022_, 313.82, 27.2, 0.00274807
_19090_, 313.82, 27.2, 0.00274807
FILLER_0_5_661, 313.82, 27.2, 0.00274807
FILLER_0_5_668, 313.82, 27.2, 0.00274807
_13422_, 313.82, 21.76, 0.00274013
_16168_, 313.82, 21.76, 0.00274013
_19091_, 313.82, 21.76, 0.00274013
FILLER_0_3_661, 313.82, 21.76, 0.00274013
FILLER_0_3_669, 313.82, 21.76, 0.00274013
_15338_, 313.82, 16.32, 0.00274151
_18229_, 313.82, 16.32, 0.00274151
FILLER_0_1_661, 313.82, 16.32, 0.00274151
FILLER_0_1_669, 313.82, 16.32, 0.00274151
FILLER_0_2_670, 313.82, 16.32, 0.00274151
FILLER_0_2_678, 313.82, 16.32, 0.00274151
FILLER_0_3_673, 313.82, 16.32, 0.00274151
_12414_, 288.82, 484.16, 0.00511533
_12423_, 288.82, 484.16, 0.00511533
output30, 288.82, 484.16, 0.00511533
FILLER_0_174_605, 288.82, 484.16, 0.00511533
FILLER_0_174_613, 288.82, 484.16, 0.00511533
FILLER_0_174_617, 288.82, 484.16, 0.00511533
_12409_, 288.82, 478.72, 0.00512259
_12420_, 288.82, 478.72, 0.00512259
_12549_, 288.82, 478.72, 0.00512259
_12550_, 288.82, 478.72, 0.00512259
_12551_, 288.82, 478.72, 0.00512259
_12555_, 288.82, 478.72, 0.00512259
hold134, 288.82, 478.72, 0.00512259
FILLER_0_172_607, 288.82, 478.72, 0.00512259
FILLER_0_172_623, 288.82, 478.72, 0.00512259
FILLER_0_173_617, 288.82, 478.72, 0.00512259
FILLER_0_173_626, 288.82, 478.72, 0.00512259
_12415_, 288.82, 473.28, 0.00512516
_12556_, 288.82, 473.28, 0.00512516
_12557_, 288.82, 473.28, 0.00512516
_12561_, 288.82, 473.28, 0.00512516
clkbuf_leaf_89_i_clk, 288.82, 473.28, 0.00512516
FILLER_0_169_606, 288.82, 473.28, 0.00512516
_12560_, 288.82, 467.84, 0.00511341
_19333_, 288.82, 467.84, 0.00511341
_19332_, 288.82, 462.4, 0.00511482
FILLER_0_167_617, 288.82, 462.4, 0.00511482
_12598_, 288.82, 456.96, 0.005102
FILLER_0_163_613, 288.82, 456.96, 0.005102
FILLER_0_165_629, 288.82, 456.96, 0.005102
_12366_, 288.82, 451.52, 0.00511317
_12368_, 288.82, 451.52, 0.00511317
_12370_, 288.82, 451.52, 0.00511317
_12595_, 288.82, 451.52, 0.00511317
_12596_, 288.82, 451.52, 0.00511317
_17345_, 288.82, 451.52, 0.00511317
_19321_, 288.82, 451.52, 0.00511317
_12364_, 288.82, 446.08, 0.0051032
_12365_, 288.82, 446.08, 0.0051032
_12599_, 288.82, 446.08, 0.0051032
_12600_, 288.82, 446.08, 0.0051032
_19320_, 288.82, 446.08, 0.0051032
hold251, 288.82, 446.08, 0.0051032
FILLER_0_159_612, 288.82, 446.08, 0.0051032
_12354_, 288.82, 440.64, 0.00509388
_12359_, 288.82, 440.64, 0.00509388
_12367_, 288.82, 440.64, 0.00509388
_12594_, 288.82, 440.64, 0.00509388
FILLER_0_158_604, 288.82, 440.64, 0.00509388
_12369_, 288.82, 435.2, 0.0050892
_12601_, 288.82, 435.2, 0.0050892
_12605_, 288.82, 435.2, 0.0050892
_12606_, 288.82, 435.2, 0.0050892
hold291, 288.82, 435.2, 0.0050892
FILLER_0_156_615, 288.82, 435.2, 0.0050892
_12602_, 288.82, 429.76, 0.00509607
_12603_, 288.82, 429.76, 0.00509607
_12604_, 288.82, 429.76, 0.00509607
_19318_, 288.82, 429.76, 0.00509607
_19319_, 288.82, 429.76, 0.00509607
FILLER_0_154_605, 288.82, 429.76, 0.00509607
_12355_, 288.82, 424.32, 0.00507851
_13080_, 288.82, 424.32, 0.00507851
_17343_, 288.82, 424.32, 0.00507851
FILLER_0_151_609, 288.82, 424.32, 0.00507851
FILLER_0_152_606, 288.82, 424.32, 0.00507851
FILLER_0_152_614, 288.82, 424.32, 0.00507851
_17341_, 288.82, 418.88, 0.0050707
_19161_, 288.82, 418.88, 0.0050707
hold220, 288.82, 418.88, 0.0050707
hold221, 288.82, 418.88, 0.0050707
FILLER_0_150_626, 288.82, 418.88, 0.0050707
_17100_, 288.82, 413.44, 0.00508323
_17335_, 288.82, 413.44, 0.00508323
_19317_, 288.82, 413.44, 0.00508323
hold167, 288.82, 413.44, 0.00508323
FILLER_0_147_629, 288.82, 408, 0.00504832
_13066_, 288.82, 402.56, 0.00504052
_17463_, 288.82, 402.56, 0.00504052
_17464_, 288.82, 402.56, 0.00504052
_17602_, 288.82, 402.56, 0.00504052
_19160_, 288.82, 402.56, 0.00504052
hold209, 288.82, 402.56, 0.00504052
FILLER_0_143_612, 288.82, 402.56, 0.00504052
FILLER_0_144_617, 288.82, 402.56, 0.00504052
_13022_, 288.82, 397.12, 0.00502966
_13053_, 288.82, 397.12, 0.00502966
FILLER_0_141_603, 288.82, 397.12, 0.00502966
FILLER_0_143_617, 288.82, 397.12, 0.00502966
_13021_, 288.82, 391.68, 0.005015
_19197_, 288.82, 391.68, 0.005015
hold10, 288.82, 391.68, 0.005015
hold144, 288.82, 391.68, 0.005015
FILLER_0_140_615, 288.82, 391.68, 0.005015
_13018_, 288.82, 386.24, 0.00499783
_17138_, 288.82, 386.24, 0.00499783
_17472_, 288.82, 386.24, 0.00499783
_17606_, 288.82, 386.24, 0.00499783
hold231, 288.82, 386.24, 0.00499783
FILLER_0_137_605, 288.82, 386.24, 0.00499783
FILLER_0_137_613, 288.82, 386.24, 0.00499783
FILLER_0_138_618, 288.82, 386.24, 0.00499783
_17479_, 288.82, 380.8, 0.00498238
_19199_, 288.82, 380.8, 0.00498238
_19200_, 288.82, 380.8, 0.00498238
hold245, 288.82, 380.8, 0.00498238
FILLER_0_135_612, 288.82, 380.8, 0.00498238
FILLER_0_136_617, 288.82, 380.8, 0.00498238
_19385_, 288.82, 375.36, 0.00497343
clkbuf_leaf_84_i_clk, 288.82, 375.36, 0.00497343
FILLER_0_134_622, 288.82, 375.36, 0.00497343
_17610_, 288.82, 369.92, 0.00495414
_19202_, 288.82, 369.92, 0.00495414
hold126, 288.82, 369.92, 0.00495414
FILLER_0_131_606, 288.82, 369.92, 0.00495414
FILLER_0_133_617, 288.82, 369.92, 0.00495414
_17462_, 288.82, 364.48, 0.00493086
_19196_, 288.82, 364.48, 0.00493086
FILLER_0_129_612, 288.82, 364.48, 0.00493086
FILLER_0_130_612, 288.82, 364.48, 0.00493086
_13023_, 288.82, 359.04, 0.00490642
_13024_, 288.82, 359.04, 0.00490642
_17461_, 288.82, 359.04, 0.00490642
_17478_, 288.82, 359.04, 0.00490642
_19194_, 288.82, 359.04, 0.00490642
FILLER_0_127_609, 288.82, 359.04, 0.00490642
FILLER_0_128_621, 288.82, 359.04, 0.00490642
FILLER_0_129_617, 288.82, 359.04, 0.00490642
_13025_, 288.82, 353.6, 0.00487883
_17250_, 288.82, 353.6, 0.00487883
_17379_, 288.82, 353.6, 0.00487883
_19195_, 288.82, 353.6, 0.00487883
FILLER_0_126_616, 288.82, 353.6, 0.00487883
FILLER_0_126_624, 288.82, 353.6, 0.00487883
_10182_, 288.82, 348.16, 0.00488486
_15599_, 288.82, 348.16, 0.00488486
_17221_, 288.82, 348.16, 0.00488486
_17388_, 288.82, 348.16, 0.00488486
_17389_, 288.82, 348.16, 0.00488486
FILLER_0_125_626, 288.82, 348.16, 0.00488486
_10108_, 288.82, 342.72, 0.00484983
_10130_, 288.82, 342.72, 0.00484983
_13029_, 288.82, 342.72, 0.00484983
_13031_, 288.82, 342.72, 0.00484983
_15597_, 288.82, 342.72, 0.00484983
_10131_, 288.82, 337.28, 0.00483426
clkbuf_4_12__f_i_clk, 288.82, 337.28, 0.00483426
FILLER_0_119_612, 288.82, 337.28, 0.00483426
_10117_, 288.82, 331.84, 0.00476266
_10128_, 288.82, 331.84, 0.00476266
_10129_, 288.82, 331.84, 0.00476266
_10194_, 288.82, 331.84, 0.00476266
_15718_, 288.82, 331.84, 0.00476266
FILLER_0_117_606, 288.82, 331.84, 0.00476266
FILLER_0_118_613, 288.82, 331.84, 0.00476266
FILLER_0_119_617, 288.82, 331.84, 0.00476266
_10112_, 288.82, 326.4, 0.00468311
_10178_, 288.82, 326.4, 0.00468311
_10187_, 288.82, 326.4, 0.00468311
_10190_, 288.82, 326.4, 0.00468311
_15719_, 288.82, 326.4, 0.00468311
FILLER_0_116_613, 288.82, 326.4, 0.00468311
FILLER_0_116_624, 288.82, 326.4, 0.00468311
_10180_, 288.82, 320.96, 0.00462243
_10184_, 288.82, 320.96, 0.00462243
_10185_, 288.82, 320.96, 0.00462243
_10189_, 288.82, 320.96, 0.00462243
_10191_, 288.82, 320.96, 0.00462243
FILLER_0_114_611, 288.82, 320.96, 0.00462243
_10181_, 288.82, 315.52, 0.00456259
_10196_, 288.82, 315.52, 0.00456259
_15885_, 288.82, 315.52, 0.00456259
_17683_, 288.82, 315.52, 0.00456259
FILLER_0_112_609, 288.82, 315.52, 0.00456259
FILLER_0_113_617, 288.82, 315.52, 0.00456259
FILLER_0_113_629, 288.82, 315.52, 0.00456259
_15881_, 288.82, 310.08, 0.00447566
_15884_, 288.82, 310.08, 0.00447566
FILLER_0_109_607, 288.82, 310.08, 0.00447566
_09203_, 288.82, 304.64, 0.00443657
_10114_, 288.82, 304.64, 0.00443657
_15883_, 288.82, 304.64, 0.00443657
_15886_, 288.82, 304.64, 0.00443657
_15902_, 288.82, 304.64, 0.00443657
_15913_, 288.82, 304.64, 0.00443657
hold217, 288.82, 304.64, 0.00443657
FILLER_0_108_614, 288.82, 304.64, 0.00443657
FILLER_0_109_617, 288.82, 304.64, 0.00443657
_09202_, 288.82, 299.2, 0.00433386
_09301_, 288.82, 299.2, 0.00433386
_15898_, 288.82, 299.2, 0.00433386
_15915_, 288.82, 299.2, 0.00433386
_19352_, 288.82, 299.2, 0.00433386
hold187, 288.82, 299.2, 0.00433386
hold213, 288.82, 299.2, 0.00433386
_09300_, 288.82, 293.76, 0.00425371
_15893_, 288.82, 293.76, 0.00425371
_15901_, 288.82, 293.76, 0.00425371
_15916_, 288.82, 293.76, 0.00425371
_15917_, 288.82, 293.76, 0.00425371
clkbuf_leaf_77_i_clk, 288.82, 293.76, 0.00425371
hold130, 288.82, 293.76, 0.00425371
FILLER_0_104_627, 288.82, 293.76, 0.00425371
_15918_, 288.82, 288.32, 0.00417179
_15919_, 288.82, 288.32, 0.00417179
_19353_, 288.82, 288.32, 0.00417179
FILLER_0_101_611, 288.82, 288.32, 0.00417179
FILLER_0_103_617, 288.82, 288.32, 0.00417179
_10125_, 288.82, 282.88, 0.00410637
_10127_, 288.82, 282.88, 0.00410637
_15891_, 288.82, 282.88, 0.00410637
_15892_, 288.82, 282.88, 0.00410637
ANTENNA_70, 288.82, 282.88, 0.00410637
FILLER_0_100_622, 288.82, 282.88, 0.00410637
_10137_, 288.82, 277.44, 0.00407125
_10139_, 288.82, 277.44, 0.00407125
_10140_, 288.82, 277.44, 0.00407125
_10144_, 288.82, 277.44, 0.00407125
_10147_, 288.82, 277.44, 0.00407125
_10501_, 288.82, 277.44, 0.00407125
FILLER_0_97_606, 288.82, 277.44, 0.00407125
_10027_, 288.82, 272, 0.00401904
_10048_, 288.82, 272, 0.00401904
_10069_, 288.82, 272, 0.00401904
_10138_, 288.82, 272, 0.00401904
_10502_, 288.82, 272, 0.00401904
FILLER_0_96_604, 288.82, 272, 0.00401904
FILLER_0_96_622, 288.82, 272, 0.00401904
_10050_, 288.82, 266.56, 0.00389811
_10053_, 288.82, 266.56, 0.00389811
_10054_, 288.82, 266.56, 0.00389811
_10070_, 288.82, 266.56, 0.00389811
_10071_, 288.82, 266.56, 0.00389811
_10072_, 288.82, 266.56, 0.00389811
FILLER_0_93_611, 288.82, 266.56, 0.00389811
_10051_, 288.82, 261.12, 0.00377012
_10081_, 288.82, 261.12, 0.00377012
_10085_, 288.82, 261.12, 0.00377012
_10166_, 288.82, 261.12, 0.00377012
FILLER_0_92_612, 288.82, 261.12, 0.00377012
FILLER_0_92_620, 288.82, 261.12, 0.00377012
FILLER_0_93_625, 288.82, 261.12, 0.00377012
_10059_, 288.82, 255.68, 0.00372182
_10078_, 288.82, 255.68, 0.00372182
_10079_, 288.82, 255.68, 0.00372182
_10080_, 288.82, 255.68, 0.00372182
_10082_, 288.82, 255.68, 0.00372182
_10083_, 288.82, 255.68, 0.00372182
_10167_, 288.82, 255.68, 0.00372182
ANTENNA_69, 288.82, 255.68, 0.00372182
_10168_, 288.82, 250.24, 0.00356657
FILLER_0_87_611, 288.82, 250.24, 0.00356657
_11540_, 288.82, 244.8, 0.00344716
_17682_, 288.82, 244.8, 0.00344716
_19488_, 288.82, 244.8, 0.00344716
FILLER_0_86_616, 288.82, 244.8, 0.00344716
FILLER_0_86_627, 288.82, 244.8, 0.00344716
_11600_, 288.82, 239.36, 0.00341406
_19487_, 288.82, 239.36, 0.00341406
_19490_, 288.82, 239.36, 0.00341406
FILLER_0_84_626, 288.82, 239.36, 0.00341406
FILLER_0_85_617, 288.82, 239.36, 0.00341406
_09094_, 288.82, 233.92, 0.0033717
_11702_, 288.82, 233.92, 0.0033717
_17674_, 288.82, 233.92, 0.0033717
_19485_, 288.82, 233.92, 0.0033717
FILLER_0_82_625, 288.82, 233.92, 0.0033717
_11640_, 288.82, 228.48, 0.00334094
_17676_, 288.82, 228.48, 0.00334094
_19483_, 288.82, 228.48, 0.00334094
_19484_, 288.82, 228.48, 0.00334094
FILLER_0_79_611, 288.82, 228.48, 0.00334094
_11680_, 288.82, 223.04, 0.00328092
FILLER_0_77_608, 288.82, 223.04, 0.00328092
FILLER_0_78_625, 288.82, 223.04, 0.00328092
FILLER_0_79_617, 288.82, 223.04, 0.00328092
_09599_, 288.82, 217.6, 0.0032484
_09699_, 288.82, 217.6, 0.0032484
_18050_, 288.82, 217.6, 0.0032484
_19613_, 288.82, 217.6, 0.0032484
hold392, 288.82, 217.6, 0.0032484
FILLER_0_75_606, 288.82, 217.6, 0.0032484
_18055_, 288.82, 212.16, 0.00322322
_19608_, 288.82, 212.16, 0.00322322
FILLER_0_73_609, 288.82, 212.16, 0.00322322
FILLER_0_74_613, 288.82, 212.16, 0.00322322
FILLER_0_74_621, 288.82, 212.16, 0.00322322
FILLER_0_74_627, 288.82, 212.16, 0.00322322
_09074_, 288.82, 206.72, 0.00319058
_16887_, 288.82, 206.72, 0.00319058
_18052_, 288.82, 206.72, 0.00319058
FILLER_0_73_627, 288.82, 206.72, 0.00319058
_09066_, 288.82, 201.28, 0.00316782
_09078_, 288.82, 201.28, 0.00316782
_09559_, 288.82, 201.28, 0.00316782
_09659_, 288.82, 201.28, 0.00316782
_19610_, 288.82, 201.28, 0.00316782
FILLER_0_69_607, 288.82, 201.28, 0.00316782
_16744_, 288.82, 195.84, 0.00313452
_18057_, 288.82, 195.84, 0.00313452
_19615_, 288.82, 195.84, 0.00313452
FILLER_0_68_628, 288.82, 195.84, 0.00313452
_09196_, 288.82, 190.4, 0.00310518
clkbuf_leaf_158_i_clk, 288.82, 190.4, 0.00310518
_09197_, 288.82, 184.96, 0.00307465
_15478_, 288.82, 184.96, 0.00307465
_18160_, 288.82, 184.96, 0.00307465
_19627_, 288.82, 184.96, 0.00307465
FILLER_0_63_611, 288.82, 184.96, 0.00307465
_15466_, 288.82, 179.52, 0.00304514
_15477_, 288.82, 179.52, 0.00304514
_15996_, 288.82, 179.52, 0.00304514
FILLER_0_61_609, 288.82, 179.52, 0.00304514
FILLER_0_63_617, 288.82, 179.52, 0.00304514
FILLER_0_63_629, 288.82, 179.52, 0.00304514
_15463_, 288.82, 174.08, 0.00302052
_15464_, 288.82, 174.08, 0.00302052
_15465_, 288.82, 174.08, 0.00302052
_15997_, 288.82, 174.08, 0.00302052
_18166_, 288.82, 174.08, 0.00302052
_09079_, 288.82, 168.64, 0.00300974
_14690_, 288.82, 168.64, 0.00300974
_18167_, 288.82, 168.64, 0.00300974
FILLER_0_57_612, 288.82, 168.64, 0.00300974
FILLER_0_58_606, 288.82, 168.64, 0.00300974
_11539_, 288.82, 163.2, 0.00297489
_15396_, 288.82, 163.2, 0.00297489
_16031_, 288.82, 163.2, 0.00297489
_16032_, 288.82, 163.2, 0.00297489
_18199_, 288.82, 163.2, 0.00297489
FILLER_0_57_617, 288.82, 163.2, 0.00297489
FILLER_0_57_624, 288.82, 163.2, 0.00297489
_09067_, 288.82, 157.76, 0.00297923
_09075_, 288.82, 157.76, 0.00297923
_09209_, 288.82, 157.76, 0.00297923
_09258_, 288.82, 157.76, 0.00297923
_09303_, 288.82, 157.76, 0.00297923
_14681_, 288.82, 157.76, 0.00297923
FILLER_0_55_617, 288.82, 157.76, 0.00297923
_09302_, 288.82, 152.32, 0.00292942
_13962_, 288.82, 152.32, 0.00292942
_15395_, 288.82, 152.32, 0.00292942
FILLER_0_51_607, 288.82, 152.32, 0.00292942
FILLER_0_52_612, 288.82, 152.32, 0.00292942
FILLER_0_53_626, 288.82, 152.32, 0.00292942
_09331_, 288.82, 146.88, 0.00289992
_11567_, 288.82, 146.88, 0.00289992
_14272_, 288.82, 146.88, 0.00289992
_09071_, 288.82, 141.44, 0.00289607
_14271_, 288.82, 141.44, 0.00289607
_16599_, 288.82, 141.44, 0.00289607
_18710_, 288.82, 141.44, 0.00289607
_09087_, 288.82, 136, 0.00286383
_15410_, 288.82, 136, 0.00286383
_16024_, 288.82, 136, 0.00286383
FILLER_0_46_606, 288.82, 136, 0.00286383
_09095_, 288.82, 130.56, 0.00284765
_14696_, 288.82, 130.56, 0.00284765
_15409_, 288.82, 130.56, 0.00284765
_18192_, 288.82, 130.56, 0.00284765
hold383, 288.82, 130.56, 0.00284765
FILLER_0_43_613, 288.82, 130.56, 0.00284765
_09472_, 288.82, 125.12, 0.00282067
_13983_, 288.82, 125.12, 0.00282067
_16592_, 288.82, 125.12, 0.00282067
FILLER_0_42_621, 288.82, 125.12, 0.00282067
_11701_, 288.82, 119.68, 0.00280137
_14283_, 288.82, 119.68, 0.00280137
_14284_, 288.82, 119.68, 0.00280137
_16946_, 288.82, 119.68, 0.00280137
_18704_, 288.82, 119.68, 0.00280137
FILLER_0_40_612, 288.82, 119.68, 0.00280137
FILLER_0_40_620, 288.82, 119.68, 0.00280137
_09473_, 288.82, 114.24, 0.00279379
_09483_, 288.82, 114.24, 0.00279379
_11711_, 288.82, 114.24, 0.00279379
_15545_, 288.82, 114.24, 0.00279379
_19024_, 288.82, 114.24, 0.00279379
FILLER_0_37_609, 288.82, 114.24, 0.00279379
FILLER_0_38_621, 288.82, 114.24, 0.00279379
FILLER_0_38_629, 288.82, 114.24, 0.00279379
_15544_, 288.82, 108.8, 0.00277421
_15952_, 288.82, 108.8, 0.00277421
_18128_, 288.82, 108.8, 0.00277421
hold325, 288.82, 108.8, 0.00277421
FILLER_0_35_605, 288.82, 108.8, 0.00277421
FILLER_0_35_613, 288.82, 108.8, 0.00277421
_15543_, 288.82, 103.36, 0.00276921
FILLER_0_33_610, 288.82, 103.36, 0.00276921
FILLER_0_34_619, 288.82, 103.36, 0.00276921
FILLER_0_34_627, 288.82, 103.36, 0.00276921
FILLER_0_35_617, 288.82, 103.36, 0.00276921
FILLER_0_35_624, 288.82, 103.36, 0.00276921
_14683_, 288.82, 97.92, 0.00275254
_16384_, 288.82, 97.92, 0.00275254
_16387_, 288.82, 97.92, 0.00275254
_18519_, 288.82, 97.92, 0.00275254
_18615_, 288.82, 97.92, 0.00275254
FILLER_0_32_624, 288.82, 97.92, 0.00275254
FILLER_0_33_617, 288.82, 97.92, 0.00275254
_14682_, 288.82, 92.48, 0.00273525
_14691_, 288.82, 92.48, 0.00273525
FILLER_0_30_628, 288.82, 92.48, 0.00273525
FILLER_0_31_626, 288.82, 92.48, 0.00273525
_14689_, 288.82, 87.04, 0.00273411
_16385_, 288.82, 87.04, 0.00273411
_16386_, 288.82, 87.04, 0.00273411
_18517_, 288.82, 87.04, 0.00273411
FILLER_0_27_606, 288.82, 87.04, 0.00273411
FILLER_0_28_629, 288.82, 87.04, 0.00273411
FILLER_0_29_620, 288.82, 87.04, 0.00273411
_09335_, 288.82, 81.6, 0.00272254
_11570_, 288.82, 81.6, 0.00272254
_14688_, 288.82, 81.6, 0.00272254
_09334_, 288.82, 76.16, 0.00272249
_11571_, 288.82, 76.16, 0.00272249
_16492_, 288.82, 76.16, 0.00272249
_18966_, 288.82, 76.16, 0.00272249
FILLER_0_23_609, 288.82, 76.16, 0.00272249
FILLER_0_25_617, 288.82, 76.16, 0.00272249
_14695_, 288.82, 70.72, 0.00270281
_16382_, 288.82, 70.72, 0.00270281
FILLER_0_21_608, 288.82, 70.72, 0.00270281
FILLER_0_22_608, 288.82, 70.72, 0.00270281
FILLER_0_22_619, 288.82, 70.72, 0.00270281
FILLER_0_22_627, 288.82, 70.72, 0.00270281
FILLER_0_23_629, 288.82, 70.72, 0.00270281
_14694_, 288.82, 65.28, 0.00270039
_14697_, 288.82, 65.28, 0.00270039
_16381_, 288.82, 65.28, 0.00270039
_18515_, 288.82, 65.28, 0.00270039
FILLER_0_19_610, 288.82, 65.28, 0.00270039
_09462_, 288.82, 59.84, 0.00271195
_11699_, 288.82, 59.84, 0.00271195
_18514_, 288.82, 59.84, 0.00271195
clkbuf_leaf_147_i_clk, 288.82, 59.84, 0.00271195
FILLER_0_17_605, 288.82, 59.84, 0.00271195
FILLER_0_17_613, 288.82, 59.84, 0.00271195
_11675_, 288.82, 54.4, 0.00269025
_15203_, 288.82, 54.4, 0.00269025
_15271_, 288.82, 54.4, 0.00269025
_15272_, 288.82, 54.4, 0.00269025
FILLER_0_17_629, 288.82, 54.4, 0.00269025
_09439_, 288.82, 48.96, 0.00268836
_16097_, 288.82, 48.96, 0.00268836
_16132_, 288.82, 48.96, 0.00268836
_18257_, 288.82, 48.96, 0.00268836
FILLER_0_13_608, 288.82, 48.96, 0.00268836
FILLER_0_14_620, 288.82, 48.96, 0.00268836
_11615_, 288.82, 43.52, 0.00268772
_15266_, 288.82, 43.52, 0.00268772
FILLER_0_11_606, 288.82, 43.52, 0.00268772
_09379_, 288.82, 38.08, 0.0026821
_15265_, 288.82, 38.08, 0.0026821
_16101_, 288.82, 38.08, 0.0026821
_16135_, 288.82, 38.08, 0.0026821
_18260_, 288.82, 38.08, 0.0026821
_15263_, 288.82, 32.64, 0.00267755
_16100_, 288.82, 32.64, 0.00267755
FILLER_0_7_609, 288.82, 32.64, 0.00267755
_09359_, 288.82, 27.2, 0.00267646
_09399_, 288.82, 27.2, 0.00267646
_11655_, 288.82, 27.2, 0.00267646
_15269_, 288.82, 27.2, 0.00267646
FILLER_0_5_605, 288.82, 27.2, 0.00267646
FILLER_0_5_613, 288.82, 27.2, 0.00267646
FILLER_0_7_617, 288.82, 27.2, 0.00267646
_11635_, 288.82, 21.76, 0.00267462
_15267_, 288.82, 21.76, 0.00267462
_16133_, 288.82, 21.76, 0.00267462
_18259_, 288.82, 21.76, 0.00267462
_15201_, 288.82, 16.32, 0.00267603
_15268_, 288.82, 16.32, 0.00267603
_16098_, 288.82, 16.32, 0.00267603
_16099_, 288.82, 16.32, 0.00267603
FILLER_0_1_609, 288.82, 16.32, 0.00267603
FILLER_0_2_627, 288.82, 16.32, 0.00267603
FILLER_0_3_626, 288.82, 16.32, 0.00267603
output33, 288.82, 10.88, 0.00267097
FILLER_0_0_611, 288.82, 10.88, 0.00267097
FILLER_0_0_617, 288.82, 10.88, 0.00267097
FILLER_0_1_629, 288.82, 10.88, 0.00267097
_17113_, 263.82, 484.16, 0.00504597
output11, 263.82, 484.16, 0.00504597
hold112, 263.82, 484.16, 0.00504597
FILLER_0_173_549, 263.82, 484.16, 0.00504597
FILLER_0_173_557, 263.82, 484.16, 0.00504597
FILLER_0_174_551, 263.82, 484.16, 0.00504597
FILLER_0_174_569, 263.82, 484.16, 0.00504597
_19173_, 263.82, 478.72, 0.00505631
_19174_, 263.82, 478.72, 0.00505631
_19175_, 263.82, 478.72, 0.00505631
hold113, 263.82, 478.72, 0.00505631
FILLER_0_171_551, 263.82, 478.72, 0.00505631
_12397_, 263.82, 473.28, 0.00504946
_17115_, 263.82, 473.28, 0.00504946
FILLER_0_169_551, 263.82, 473.28, 0.00504946
FILLER_0_170_558, 263.82, 473.28, 0.00504946
_12392_, 263.82, 467.84, 0.00504798
_12393_, 263.82, 467.84, 0.00504798
_12395_, 263.82, 467.84, 0.00504798
_12396_, 263.82, 467.84, 0.00504798
_12572_, 263.82, 467.84, 0.00504798
_12577_, 263.82, 467.84, 0.00504798
FILLER_0_168_572, 263.82, 467.84, 0.00504798
_12394_, 263.82, 462.4, 0.00504955
_12573_, 263.82, 462.4, 0.00504955
_12574_, 263.82, 462.4, 0.00504955
_12576_, 263.82, 462.4, 0.00504955
_12578_, 263.82, 462.4, 0.00504955
_19327_, 263.82, 462.4, 0.00504955
FILLER_0_167_568, 263.82, 462.4, 0.00504955
clkbuf_leaf_88_i_clk, 263.82, 456.96, 0.00503943
FILLER_0_163_553, 263.82, 456.96, 0.00503943
FILLER_0_164_554, 263.82, 456.96, 0.00503943
FILLER_0_165_569, 263.82, 456.96, 0.00503943
_12376_, 263.82, 451.52, 0.00503708
_12377_, 263.82, 451.52, 0.00503708
_12579_, 263.82, 451.52, 0.00503708
_12580_, 263.82, 451.52, 0.00503708
_12587_, 263.82, 451.52, 0.00503708
_12591_, 263.82, 451.52, 0.00503708
_12592_, 263.82, 451.52, 0.00503708
FILLER_0_162_563, 263.82, 451.52, 0.00503708
_12374_, 263.82, 446.08, 0.00503534
_12375_, 263.82, 446.08, 0.00503534
_12588_, 263.82, 446.08, 0.00503534
_12589_, 263.82, 446.08, 0.00503534
_13077_, 263.82, 446.08, 0.00503534
_17348_, 263.82, 446.08, 0.00503534
_19322_, 263.82, 446.08, 0.00503534
hold267, 263.82, 446.08, 0.00503534
FILLER_0_159_554, 263.82, 446.08, 0.00503534
FILLER_0_160_556, 263.82, 446.08, 0.00503534
FILLER_0_160_567, 263.82, 446.08, 0.00503534
FILLER_0_161_568, 263.82, 446.08, 0.00503534
_13076_, 263.82, 440.64, 0.00502775
_19164_, 263.82, 440.64, 0.00502775
_19165_, 263.82, 440.64, 0.00502775
FILLER_0_157_553, 263.82, 440.64, 0.00502775
FILLER_0_158_569, 263.82, 440.64, 0.00502775
FILLER_0_159_569, 263.82, 440.64, 0.00502775
_17094_, 263.82, 435.2, 0.00501044
_17104_, 263.82, 435.2, 0.00501044
FILLER_0_155_551, 263.82, 435.2, 0.00501044
FILLER_0_156_565, 263.82, 435.2, 0.00501044
_19162_, 263.82, 429.76, 0.00501871
hold19, 263.82, 429.76, 0.00501871
hold190, 263.82, 429.76, 0.00501871
FILLER_0_154_574, 263.82, 429.76, 0.00501871
_17459_, 263.82, 424.32, 0.00500897
_17460_, 263.82, 424.32, 0.00500897
_17633_, 263.82, 424.32, 0.00500897
_19420_, 263.82, 424.32, 0.00500897
hold20, 263.82, 424.32, 0.00500897
FILLER_0_153_572, 263.82, 424.32, 0.00500897
_17565_, 263.82, 418.88, 0.00499754
_17599_, 263.82, 418.88, 0.00499754
hold152, 263.82, 418.88, 0.00499754
FILLER_0_150_572, 263.82, 418.88, 0.00499754
_17456_, 263.82, 413.44, 0.0049995
_17569_, 263.82, 413.44, 0.0049995
hold45, 263.82, 413.44, 0.0049995
hold62, 263.82, 413.44, 0.0049995
FILLER_0_147_556, 263.82, 413.44, 0.0049995
FILLER_0_148_569, 263.82, 413.44, 0.0049995
_17455_, 263.82, 408, 0.00497682
_17598_, 263.82, 408, 0.00497682
_19422_, 263.82, 408, 0.00497682
hold46, 263.82, 408, 0.00497682
hold166, 263.82, 408, 0.00497682
_17564_, 263.82, 402.56, 0.0049586
_17574_, 263.82, 402.56, 0.0049586
_17597_, 263.82, 402.56, 0.0049586
_19435_, 263.82, 402.56, 0.0049586
hold169, 263.82, 402.56, 0.0049586
_19421_, 263.82, 397.12, 0.00494454
hold79, 263.82, 397.12, 0.00494454
hold80, 263.82, 397.12, 0.00494454
_17475_, 263.82, 391.68, 0.00492393
_17573_, 263.82, 391.68, 0.00492393
_17607_, 263.82, 391.68, 0.00492393
_17641_, 263.82, 391.68, 0.00492393
hold180, 263.82, 391.68, 0.00492393
_19424_, 263.82, 386.24, 0.00490773
FILLER_0_139_570, 263.82, 386.24, 0.00490773
_17577_, 263.82, 380.8, 0.00488404
_17611_, 263.82, 380.8, 0.00488404
hold171, 263.82, 380.8, 0.00488404
hold185, 263.82, 380.8, 0.00488404
FILLER_0_136_563, 263.82, 380.8, 0.00488404
FILLER_0_137_573, 263.82, 380.8, 0.00488404
_17483_, 263.82, 375.36, 0.00487121
_17578_, 263.82, 375.36, 0.00487121
_17596_, 263.82, 375.36, 0.00487121
_19426_, 263.82, 375.36, 0.00487121
_19442_, 263.82, 375.36, 0.00487121
hold3, 263.82, 375.36, 0.00487121
_17432_, 263.82, 369.92, 0.00485586
_19425_, 263.82, 369.92, 0.00485586
FILLER_0_132_569, 263.82, 369.92, 0.00485586
_17687_, 263.82, 364.48, 0.00482299
_17723_, 263.82, 364.48, 0.00482299
_17731_, 263.82, 364.48, 0.00482299
FILLER_0_129_555, 263.82, 364.48, 0.00482299
FILLER_0_129_561, 263.82, 364.48, 0.00482299
FILLER_0_131_573, 263.82, 364.48, 0.00482299
_17383_, 263.82, 359.04, 0.00479384
_17390_, 263.82, 359.04, 0.00479384
_17451_, 263.82, 359.04, 0.00479384
_17453_, 263.82, 359.04, 0.00479384
FILLER_0_127_556, 263.82, 359.04, 0.00479384
FILLER_0_127_561, 263.82, 359.04, 0.00479384
FILLER_0_128_549, 263.82, 359.04, 0.00479384
_17458_, 263.82, 353.6, 0.00476853
_17482_, 263.82, 353.6, 0.00476853
FILLER_0_125_556, 263.82, 353.6, 0.00476853
FILLER_0_125_561, 263.82, 353.6, 0.00476853
_15837_, 263.82, 348.16, 0.00477248
_15838_, 263.82, 348.16, 0.00477248
_17450_, 263.82, 348.16, 0.00477248
_17481_, 263.82, 348.16, 0.00477248
_17695_, 263.82, 348.16, 0.00477248
_17700_, 263.82, 348.16, 0.00477248
_17757_, 263.82, 348.16, 0.00477248
_17758_, 263.82, 348.16, 0.00477248
_17789_, 263.82, 348.16, 0.00477248
_17801_, 263.82, 348.16, 0.00477248
_09186_, 263.82, 342.72, 0.00471297
_15596_, 263.82, 342.72, 0.00471297
_17790_, 263.82, 342.72, 0.00471297
_17791_, 263.82, 342.72, 0.00471297
_17802_, 263.82, 342.72, 0.00471297
_17803_, 263.82, 342.72, 0.00471297
_17852_, 263.82, 342.72, 0.00471297
_17853_, 263.82, 342.72, 0.00471297
FILLER_0_121_561, 263.82, 342.72, 0.00471297
_17751_, 263.82, 337.28, 0.00467605
_17754_, 263.82, 337.28, 0.00467605
_17755_, 263.82, 337.28, 0.00467605
_17798_, 263.82, 337.28, 0.00467605
_17799_, 263.82, 337.28, 0.00467605
_17870_, 263.82, 337.28, 0.00467605
FILLER_0_120_569, 263.82, 337.28, 0.00467605
_17756_, 263.82, 331.84, 0.00462337
_17804_, 263.82, 331.84, 0.00462337
_17805_, 263.82, 331.84, 0.00462337
_17807_, 263.82, 331.84, 0.00462337
_17869_, 263.82, 331.84, 0.00462337
FILLER_0_117_555, 263.82, 331.84, 0.00462337
FILLER_0_118_567, 263.82, 331.84, 0.00462337
FILLER_0_119_574, 263.82, 331.84, 0.00462337
_17808_, 263.82, 326.4, 0.0045725
_17921_, 263.82, 326.4, 0.0045725
_19504_, 263.82, 326.4, 0.0045725
FILLER_0_115_556, 263.82, 326.4, 0.0045725
FILLER_0_115_561, 263.82, 326.4, 0.0045725
FILLER_0_116_561, 263.82, 326.4, 0.0045725
_17903_, 263.82, 320.96, 0.00453561
_17951_, 263.82, 320.96, 0.00453561
_17955_, 263.82, 320.96, 0.00453561
_17975_, 263.82, 320.96, 0.00453561
_17979_, 263.82, 320.96, 0.00453561
clkbuf_leaf_78_i_clk, 263.82, 320.96, 0.00453561
FILLER_0_113_556, 263.82, 320.96, 0.00453561
FILLER_0_114_551, 263.82, 320.96, 0.00453561
FILLER_0_115_569, 263.82, 320.96, 0.00453561
_17701_, 263.82, 315.52, 0.00447119
_17794_, 263.82, 315.52, 0.00447119
_17959_, 263.82, 315.52, 0.00447119
_17967_, 263.82, 315.52, 0.00447119
_17971_, 263.82, 315.52, 0.00447119
FILLER_0_111_554, 263.82, 315.52, 0.00447119
FILLER_0_111_561, 263.82, 315.52, 0.00447119
FILLER_0_112_557, 263.82, 315.52, 0.00447119
_17729_, 263.82, 310.08, 0.00440794
_17812_, 263.82, 310.08, 0.00440794
_17827_, 263.82, 310.08, 0.00440794
_17922_, 263.82, 310.08, 0.00440794
_17963_, 263.82, 310.08, 0.00440794
FILLER_0_110_563, 263.82, 310.08, 0.00440794
FILLER_0_111_568, 263.82, 310.08, 0.00440794
_17728_, 263.82, 304.64, 0.00436454
_19497_, 263.82, 304.64, 0.00436454
_10032_, 263.82, 299.2, 0.00426127
_15910_, 263.82, 299.2, 0.00426127
FILLER_0_106_561, 263.82, 299.2, 0.00426127
FILLER_0_106_575, 263.82, 299.2, 0.00426127
FILLER_0_107_573, 263.82, 299.2, 0.00426127
_10035_, 263.82, 293.76, 0.00420024
_10039_, 263.82, 293.76, 0.00420024
_10042_, 263.82, 293.76, 0.00420024
ANTENNA_122, 263.82, 293.76, 0.00420024
FILLER_0_105_573, 263.82, 293.76, 0.00420024
_10033_, 263.82, 288.32, 0.00413128
_10040_, 263.82, 288.32, 0.00413128
_10043_, 263.82, 288.32, 0.00413128
_15888_, 263.82, 288.32, 0.00413128
_15889_, 263.82, 288.32, 0.00413128
FILLER_0_101_561, 263.82, 288.32, 0.00413128
FILLER_0_102_549, 263.82, 288.32, 0.00413128
FILLER_0_102_561, 263.82, 288.32, 0.00413128
_10036_, 263.82, 282.88, 0.00406716
_10045_, 263.82, 282.88, 0.00406716
_10087_, 263.82, 282.88, 0.00406716
_17796_, 263.82, 282.88, 0.00406716
FILLER_0_100_570, 263.82, 282.88, 0.00406716
FILLER_0_97_553, 263.82, 277.44, 0.0040066
FILLER_0_98_566, 263.82, 277.44, 0.0040066
FILLER_0_99_573, 263.82, 277.44, 0.0040066
_10104_, 263.82, 272, 0.00400557
_10105_, 263.82, 272, 0.00400557
_10107_, 263.82, 272, 0.00400557
FILLER_0_95_556, 263.82, 272, 0.00400557
FILLER_0_95_561, 263.82, 272, 0.00400557
_10096_, 263.82, 266.56, 0.00390612
_10098_, 263.82, 266.56, 0.00390612
_10099_, 263.82, 266.56, 0.00390612
_10102_, 263.82, 266.56, 0.00390612
_10103_, 263.82, 266.56, 0.00390612
_17647_, 263.82, 266.56, 0.00390612
_17981_, 263.82, 261.12, 0.00377701
_17897_, 263.82, 255.68, 0.00372141
_17976_, 263.82, 255.68, 0.00372141
_17978_, 263.82, 255.68, 0.00372141
_17980_, 263.82, 255.68, 0.00372141
_17982_, 263.82, 255.68, 0.00372141
_19553_, 263.82, 255.68, 0.00372141
FILLER_0_90_554, 263.82, 255.68, 0.00372141
FILLER_0_90_569, 263.82, 255.68, 0.00372141
_17956_, 263.82, 250.24, 0.00362553
_17960_, 263.82, 250.24, 0.00362553
ANTENNA_60, 263.82, 250.24, 0.00362553
FILLER_0_87_557, 263.82, 250.24, 0.00362553
FILLER_0_89_564, 263.82, 250.24, 0.00362553
_17957_, 263.82, 244.8, 0.00352729
_17958_, 263.82, 244.8, 0.00352729
_17964_, 263.82, 244.8, 0.00352729
_17972_, 263.82, 244.8, 0.00352729
_17974_, 263.82, 244.8, 0.00352729
FILLER_0_85_548, 263.82, 244.8, 0.00352729
FILLER_0_87_568, 263.82, 244.8, 0.00352729
_17669_, 263.82, 239.36, 0.00348964
_19548_, 263.82, 239.36, 0.00348964
clkbuf_leaf_119_i_clk, 263.82, 239.36, 0.00348964
FILLER_0_83_549, 263.82, 239.36, 0.00348964
FILLER_0_83_557, 263.82, 239.36, 0.00348964
FILLER_0_84_556, 263.82, 239.36, 0.00348964
_11815_, 263.82, 233.92, 0.00343752
_19478_, 263.82, 233.92, 0.00343752
_19552_, 263.82, 233.92, 0.00343752
FILLER_0_82_550, 263.82, 233.92, 0.00343752
_19607_, 263.82, 228.48, 0.0033938
hold327, 263.82, 228.48, 0.0033938
FILLER_0_81_567, 263.82, 228.48, 0.0033938
_09051_, 263.82, 223.04, 0.00333177
_09098_, 263.82, 223.04, 0.00333177
_09719_, 263.82, 223.04, 0.00333177
_15589_, 263.82, 223.04, 0.00333177
FILLER_0_77_557, 263.82, 223.04, 0.00333177
FILLER_0_78_565, 263.82, 223.04, 0.00333177
_13612_, 263.82, 217.6, 0.00328037
_13613_, 263.82, 217.6, 0.00328037
_16922_, 263.82, 217.6, 0.00328037
_19001_, 263.82, 217.6, 0.00328037
ANTENNA_128, 263.82, 217.6, 0.00328037
FILLER_0_75_549, 263.82, 217.6, 0.00328037
FILLER_0_77_574, 263.82, 217.6, 0.00328037
_09995_, 263.82, 212.16, 0.00325
_12218_, 263.82, 212.16, 0.00325
_19033_, 263.82, 212.16, 0.00325
FILLER_0_73_554, 263.82, 212.16, 0.00325
FILLER_0_74_573, 263.82, 212.16, 0.00325
FILLER_0_75_570, 263.82, 212.16, 0.00325
_09982_, 263.82, 206.72, 0.0032118
_09985_, 263.82, 206.72, 0.0032118
_12216_, 263.82, 206.72, 0.0032118
_14125_, 263.82, 206.72, 0.0032118
_16674_, 263.82, 206.72, 0.0032118
clkbuf_leaf_159_i_clk, 263.82, 206.72, 0.0032118
FILLER_0_71_557, 263.82, 206.72, 0.0032118
FILLER_0_71_561, 263.82, 206.72, 0.0032118
FILLER_0_73_570, 263.82, 206.72, 0.0032118
_14124_, 263.82, 201.28, 0.00316699
_14195_, 263.82, 201.28, 0.00316699
_16531_, 263.82, 201.28, 0.00316699
_18777_, 263.82, 201.28, 0.00316699
FILLER_0_71_575, 263.82, 201.28, 0.00316699
_14194_, 263.82, 195.84, 0.00312457
_18745_, 263.82, 195.84, 0.00312457
FILLER_0_67_561, 263.82, 195.84, 0.00312457
_14263_, 263.82, 190.4, 0.00309001
_14264_, 263.82, 190.4, 0.00309001
_16709_, 263.82, 190.4, 0.00309001
_18713_, 263.82, 190.4, 0.00309001
FILLER_0_65_551, 263.82, 190.4, 0.00309001
FILLER_0_66_559, 263.82, 190.4, 0.00309001
_18553_, 263.82, 184.96, 0.00305654
FILLER_0_63_550, 263.82, 184.96, 0.00305654
_14606_, 263.82, 179.52, 0.00302586
_14607_, 263.82, 179.52, 0.00302586
_15998_, 263.82, 179.52, 0.00302586
ANTENNA_58, 263.82, 179.52, 0.00302586
FILLER_0_62_559, 263.82, 179.52, 0.00302586
_09256_, 263.82, 174.08, 0.00298891
_15461_, 263.82, 174.08, 0.00298891
_16033_, 263.82, 174.08, 0.00298891
FILLER_0_60_571, 263.82, 174.08, 0.00298891
_09052_, 263.82, 168.64, 0.00296926
_11495_, 263.82, 168.64, 0.00296926
_13956_, 263.82, 168.64, 0.00296926
_14268_, 263.82, 168.64, 0.00296926
_14676_, 263.82, 168.64, 0.00296926
_18712_, 263.82, 168.64, 0.00296926
FILLER_0_57_554, 263.82, 168.64, 0.00296926
FILLER_0_58_552, 263.82, 168.64, 0.00296926
_16277_, 263.82, 163.2, 0.00293194
_16278_, 263.82, 163.2, 0.00293194
clkbuf_leaf_157_i_clk, 263.82, 163.2, 0.00293194
FILLER_0_57_573, 263.82, 163.2, 0.00293194
_11602_, 263.82, 157.76, 0.0029057
_14920_, 263.82, 157.76, 0.0029057
_14922_, 263.82, 157.76, 0.0029057
_14923_, 263.82, 157.76, 0.0029057
_09346_, 263.82, 152.32, 0.00286773
_11582_, 263.82, 152.32, 0.00286773
_18932_, 263.82, 152.32, 0.00286773
FILLER_0_53_570, 263.82, 152.32, 0.00286773
_09306_, 263.82, 146.88, 0.00283162
_09366_, 263.82, 146.88, 0.00283162
_11542_, 263.82, 146.88, 0.00283162
_14917_, 263.82, 146.88, 0.00283162
_18933_, 263.82, 146.88, 0.00283162
FILLER_0_50_575, 263.82, 146.88, 0.00283162
FILLER_0_51_570, 263.82, 146.88, 0.00283162
_14916_, 263.82, 141.44, 0.00281551
_16280_, 263.82, 141.44, 0.00281551
_18423_, 263.82, 141.44, 0.00281551
FILLER_0_47_557, 263.82, 141.44, 0.00281551
FILLER_0_48_571, 263.82, 141.44, 0.00281551
_09386_, 263.82, 136, 0.00278552
_14705_, 263.82, 136, 0.00278552
_16276_, 263.82, 136, 0.00278552
FILLER_0_45_556, 263.82, 136, 0.00278552
FILLER_0_46_569, 263.82, 136, 0.00278552
_14924_, 263.82, 130.56, 0.00275653
_14925_, 263.82, 130.56, 0.00275653
_18931_, 263.82, 130.56, 0.00275653
hold397, 263.82, 130.56, 0.00275653
_11622_, 263.82, 125.12, 0.00272945
_13764_, 263.82, 125.12, 0.00272945
_16275_, 263.82, 125.12, 0.00272945
FILLER_0_41_556, 263.82, 125.12, 0.00272945
FILLER_0_42_557, 263.82, 125.12, 0.00272945
_09406_, 263.82, 119.68, 0.00270642
_11642_, 263.82, 119.68, 0.00270642
_14926_, 263.82, 119.68, 0.00270642
_14927_, 263.82, 119.68, 0.00270642
hold389, 263.82, 119.68, 0.00270642
_09446_, 263.82, 114.24, 0.00269703
_11662_, 263.82, 114.24, 0.00269703
_11683_, 263.82, 114.24, 0.00269703
_14928_, 263.82, 114.24, 0.00269703
_14929_, 263.82, 114.24, 0.00269703
FILLER_0_37_553, 263.82, 114.24, 0.00269703
_09426_, 263.82, 108.8, 0.00268234
_14931_, 263.82, 108.8, 0.00268234
_16274_, 263.82, 108.8, 0.00268234
_18417_, 263.82, 108.8, 0.00268234
FILLER_0_35_549, 263.82, 108.8, 0.00268234
FILLER_0_36_548, 263.82, 108.8, 0.00268234
_13769_, 263.82, 103.36, 0.0026697
_13770_, 263.82, 103.36, 0.0026697
_14930_, 263.82, 103.36, 0.0026697
_16273_, 263.82, 103.36, 0.0026697
_18416_, 263.82, 103.36, 0.0026697
_16841_, 263.82, 97.92, 0.0026565
_18928_, 263.82, 97.92, 0.0026565
FILLER_0_31_549, 263.82, 97.92, 0.0026565
FILLER_0_31_557, 263.82, 97.92, 0.0026565
FILLER_0_33_570, 263.82, 97.92, 0.0026565
_09260_, 263.82, 92.48, 0.00265029
_14781_, 263.82, 92.48, 0.00265029
_16352_, 263.82, 92.48, 0.00265029
_16353_, 263.82, 92.48, 0.00265029
FILLER_0_30_564, 263.82, 92.48, 0.00265029
_11499_, 263.82, 87.04, 0.00266309
_11538_, 263.82, 87.04, 0.00266309
_16351_, 263.82, 87.04, 0.00266309
_18487_, 263.82, 87.04, 0.00266309
clkbuf_leaf_149_i_clk, 263.82, 87.04, 0.00266309
FILLER_0_27_555, 263.82, 87.04, 0.00266309
FILLER_0_28_556, 263.82, 87.04, 0.00266309
_09299_, 263.82, 81.6, 0.00263876
_14783_, 263.82, 81.6, 0.00263876
_18486_, 263.82, 81.6, 0.00263876
FILLER_0_25_549, 263.82, 81.6, 0.00263876
FILLER_0_25_557, 263.82, 81.6, 0.00263876
FILLER_0_25_561, 263.82, 81.6, 0.00263876
_14703_, 263.82, 76.16, 0.00262708
_14704_, 263.82, 76.16, 0.00262708
_16380_, 263.82, 76.16, 0.00262708
_18512_, 263.82, 76.16, 0.00262708
FILLER_0_23_554, 263.82, 76.16, 0.00262708
FILLER_0_23_561, 263.82, 76.16, 0.00262708
FILLER_0_24_557, 263.82, 76.16, 0.00262708
_14491_, 263.82, 70.72, 0.0026181
_14700_, 263.82, 70.72, 0.0026181
_14701_, 263.82, 70.72, 0.0026181
_18608_, 263.82, 70.72, 0.0026181
FILLER_0_22_561, 263.82, 70.72, 0.0026181
FILLER_0_22_569, 263.82, 70.72, 0.0026181
_09482_, 263.82, 65.28, 0.00262039
_11713_, 263.82, 65.28, 0.00262039
_11720_, 263.82, 65.28, 0.00262039
_16877_, 263.82, 65.28, 0.00262039
FILLER_0_19_555, 263.82, 65.28, 0.00262039
_13701_, 263.82, 59.84, 0.00261537
_13702_, 263.82, 59.84, 0.00261537
_18960_, 263.82, 59.84, 0.00261537
FILLER_0_17_549, 263.82, 59.84, 0.00261537
FILLER_0_17_557, 263.82, 59.84, 0.00261537
FILLER_0_18_556, 263.82, 59.84, 0.00261537
FILLER_0_18_564, 263.82, 59.84, 0.00261537
_15341_, 263.82, 54.4, 0.00260729
_15342_, 263.82, 54.4, 0.00260729
_16059_, 263.82, 54.4, 0.00260729
_18224_, 263.82, 54.4, 0.00260729
hold398, 263.82, 54.4, 0.00260729
FILLER_0_16_549, 263.82, 54.4, 0.00260729
_09460_, 263.82, 48.96, 0.00260532
_09461_, 263.82, 48.96, 0.00260532
_18640_, 263.82, 48.96, 0.00260532
FILLER_0_13_553, 263.82, 48.96, 0.00260532
FILLER_0_14_563, 263.82, 48.96, 0.00260532
_14862_, 263.82, 43.52, 0.00261191
_16166_, 263.82, 43.52, 0.00261191
_18448_, 263.82, 43.52, 0.00261191
clkbuf_leaf_146_i_clk, 263.82, 43.52, 0.00261191
FILLER_0_11_557, 263.82, 43.52, 0.00261191
FILLER_0_12_560, 263.82, 43.52, 0.00261191
_14407_, 263.82, 38.08, 0.00260128
_14863_, 263.82, 38.08, 0.00260128
_16529_, 263.82, 38.08, 0.00260128
_18647_, 263.82, 38.08, 0.00260128
FILLER_0_9_551, 263.82, 38.08, 0.00260128
FILLER_0_9_557, 263.82, 38.08, 0.00260128
FILLER_0_10_560, 263.82, 38.08, 0.00260128
FILLER_0_10_566, 263.82, 38.08, 0.00260128
_11556_, 263.82, 32.64, 0.0026001
_11557_, 263.82, 32.64, 0.0026001
_14406_, 263.82, 32.64, 0.0026001
FILLER_0_7_555, 263.82, 32.64, 0.0026001
_09319_, 263.82, 27.2, 0.00259677
_09320_, 263.82, 27.2, 0.00259677
_11554_, 263.82, 27.2, 0.00259677
_11555_, 263.82, 27.2, 0.00259677
FILLER_0_6_554, 263.82, 27.2, 0.00259677
FILLER_0_5_573, 263.82, 21.76, 0.00259438
_14848_, 263.82, 16.32, 0.00259876
_14849_, 263.82, 16.32, 0.00259876
_15327_, 263.82, 16.32, 0.00259876
_18231_, 263.82, 16.32, 0.00259876
_18455_, 263.82, 16.32, 0.00259876
FILLER_0_1_549, 263.82, 16.32, 0.00259876
FILLER_0_1_557, 263.82, 16.32, 0.00259876
output57, 263.82, 10.88, 0.00259329
FILLER_0_0_557, 263.82, 10.88, 0.00259329
_13069_, 238.82, 484.16, 0.00497315
_17112_, 238.82, 484.16, 0.00497315
output43, 238.82, 484.16, 0.00497315
ANTENNA_127, 238.82, 484.16, 0.00497315
FILLER_0_174_501, 238.82, 484.16, 0.00497315
_17111_, 238.82, 478.72, 0.00498095
_19329_, 238.82, 478.72, 0.00498095
hold155, 238.82, 478.72, 0.00498095
FILLER_0_172_505, 238.82, 478.72, 0.00498095
FILLER_0_173_520, 238.82, 478.72, 0.00498095
_12401_, 238.82, 473.28, 0.00497813
_17110_, 238.82, 473.28, 0.00497813
_17354_, 238.82, 473.28, 0.00497813
_19328_, 238.82, 473.28, 0.00497813
FILLER_0_169_505, 238.82, 473.28, 0.00497813
FILLER_0_170_501, 238.82, 473.28, 0.00497813
FILLER_0_171_513, 238.82, 473.28, 0.00497813
_13071_, 238.82, 467.84, 0.00498603
_17109_, 238.82, 467.84, 0.00498603
_17353_, 238.82, 467.84, 0.00498603
clkbuf_leaf_61_i_clk, 238.82, 467.84, 0.00498603
hold1, 238.82, 467.84, 0.00498603
hold68, 238.82, 467.84, 0.00498603
FILLER_0_167_498, 238.82, 467.84, 0.00498603
FILLER_0_168_512, 238.82, 467.84, 0.00498603
_13072_, 238.82, 462.4, 0.0049732
_17093_, 238.82, 462.4, 0.0049732
_19169_, 238.82, 462.4, 0.0049732
FILLER_0_166_515, 238.82, 462.4, 0.0049732
_12379_, 238.82, 456.96, 0.00496784
_12380_, 238.82, 456.96, 0.00496784
_17105_, 238.82, 456.96, 0.00496784
_17107_, 238.82, 456.96, 0.00496784
FILLER_0_163_505, 238.82, 456.96, 0.00496784
FILLER_0_164_517, 238.82, 456.96, 0.00496784
FILLER_0_165_511, 238.82, 456.96, 0.00496784
_12382_, 238.82, 451.52, 0.00496687
_12383_, 238.82, 451.52, 0.00496687
_12584_, 238.82, 451.52, 0.00496687
_13074_, 238.82, 451.52, 0.00496687
_17106_, 238.82, 451.52, 0.00496687
hold136, 238.82, 451.52, 0.00496687
FILLER_0_162_501, 238.82, 451.52, 0.00496687
_13075_, 238.82, 446.08, 0.00496438
_17346_, 238.82, 446.08, 0.00496438
_19325_, 238.82, 446.08, 0.00496438
FILLER_0_159_496, 238.82, 446.08, 0.00496438
FILLER_0_159_505, 238.82, 446.08, 0.00496438
FILLER_0_161_512, 238.82, 446.08, 0.00496438
_19324_, 238.82, 440.64, 0.00496037
FILLER_0_157_501, 238.82, 440.64, 0.00496037
_17627_, 238.82, 435.2, 0.00493969
_19449_, 238.82, 435.2, 0.00493969
hold243, 238.82, 435.2, 0.00493969
_17407_, 238.82, 429.76, 0.00494295
_17411_, 238.82, 429.76, 0.00494295
_17624_, 238.82, 429.76, 0.00494295
_17626_, 238.82, 429.76, 0.00494295
_19361_, 238.82, 429.76, 0.00494295
hold34, 238.82, 429.76, 0.00494295
_17557_, 238.82, 424.32, 0.00493291
_17558_, 238.82, 424.32, 0.00493291
hold35, 238.82, 424.32, 0.00493291
hold56, 238.82, 424.32, 0.00493291
FILLER_0_151_505, 238.82, 424.32, 0.00493291
FILLER_0_152_517, 238.82, 424.32, 0.00493291
_17590_, 238.82, 418.88, 0.00492412
_17591_, 238.82, 418.88, 0.00492412
_19416_, 238.82, 418.88, 0.00492412
_19432_, 238.82, 418.88, 0.00492412
_19433_, 238.82, 418.88, 0.00492412
hold138, 238.82, 418.88, 0.00492412
_17414_, 238.82, 413.44, 0.0049074
_17592_, 238.82, 413.44, 0.0049074
_17593_, 238.82, 413.44, 0.0049074
FILLER_0_147_500, 238.82, 413.44, 0.0049074
FILLER_0_149_514, 238.82, 413.44, 0.0049074
_17595_, 238.82, 408, 0.00490624
_17617_, 238.82, 408, 0.00490624
_17629_, 238.82, 408, 0.00490624
_19434_, 238.82, 408, 0.00490624
_19450_, 238.82, 408, 0.00490624
clkbuf_leaf_64_i_clk, 238.82, 408, 0.00490624
FILLER_0_147_509, 238.82, 408, 0.00490624
FILLER_0_147_515, 238.82, 408, 0.00490624
_17628_, 238.82, 402.56, 0.004875
_19362_, 238.82, 402.56, 0.004875
FILLER_0_143_499, 238.82, 402.56, 0.004875
FILLER_0_143_505, 238.82, 402.56, 0.004875
FILLER_0_144_494, 238.82, 402.56, 0.004875
_17413_, 238.82, 397.12, 0.0048587
FILLER_0_141_500, 238.82, 397.12, 0.0048587
FILLER_0_141_505, 238.82, 397.12, 0.0048587
FILLER_0_142_510, 238.82, 397.12, 0.0048587
FILLER_0_142_518, 238.82, 397.12, 0.0048587
FILLER_0_143_519, 238.82, 397.12, 0.0048587
_17550_, 238.82, 391.68, 0.00484252
_17555_, 238.82, 391.68, 0.00484252
_17588_, 238.82, 391.68, 0.00484252
_17589_, 238.82, 391.68, 0.00484252
_17623_, 238.82, 391.68, 0.00484252
_19359_, 238.82, 391.68, 0.00484252
hold23, 238.82, 391.68, 0.00484252
_17405_, 238.82, 386.24, 0.00482256
_19431_, 238.82, 386.24, 0.00482256
_19447_, 238.82, 386.24, 0.00482256
hold286, 238.82, 386.24, 0.00482256
FILLER_0_137_505, 238.82, 386.24, 0.00482256
FILLER_0_138_500, 238.82, 386.24, 0.00482256
_17404_, 238.82, 380.8, 0.00480083
hold24, 238.82, 380.8, 0.00480083
FILLER_0_135_497, 238.82, 380.8, 0.00480083
FILLER_0_135_505, 238.82, 380.8, 0.00480083
FILLER_0_136_515, 238.82, 380.8, 0.00480083
FILLER_0_137_520, 238.82, 380.8, 0.00480083
_17391_, 238.82, 375.36, 0.00478129
_19414_, 238.82, 375.36, 0.00478129
_19415_, 238.82, 375.36, 0.00478129
_17613_, 238.82, 369.92, 0.00475513
FILLER_0_131_496, 238.82, 369.92, 0.00475513
_17394_, 238.82, 364.48, 0.00473557
_17403_, 238.82, 364.48, 0.00473557
_17406_, 238.82, 364.48, 0.00473557
_17409_, 238.82, 364.48, 0.00473557
_17688_, 238.82, 364.48, 0.00473557
_17776_, 238.82, 364.48, 0.00473557
FILLER_0_129_505, 238.82, 364.48, 0.00473557
FILLER_0_131_517, 238.82, 364.48, 0.00473557
_17412_, 238.82, 359.04, 0.00470223
_17724_, 238.82, 359.04, 0.00470223
_17739_, 238.82, 359.04, 0.00470223
_17742_, 238.82, 359.04, 0.00470223
_17765_, 238.82, 359.04, 0.00470223
FILLER_0_127_494, 238.82, 359.04, 0.00470223
FILLER_0_127_505, 238.82, 359.04, 0.00470223
FILLER_0_128_504, 238.82, 359.04, 0.00470223
_17768_, 238.82, 353.6, 0.00468344
_17769_, 238.82, 353.6, 0.00468344
_19507_, 238.82, 353.6, 0.00468344
clkbuf_leaf_72_i_clk, 238.82, 353.6, 0.00468344
_17764_, 238.82, 348.16, 0.00466122
_17815_, 238.82, 348.16, 0.00466122
_17819_, 238.82, 348.16, 0.00466122
_17820_, 238.82, 348.16, 0.00466122
_19512_, 238.82, 348.16, 0.00466122
FILLER_0_124_515, 238.82, 348.16, 0.00466122
FILLER_0_125_511, 238.82, 348.16, 0.00466122
_17385_, 238.82, 342.72, 0.0046104
_17818_, 238.82, 342.72, 0.0046104
_17850_, 238.82, 342.72, 0.0046104
_17860_, 238.82, 342.72, 0.0046104
FILLER_0_121_501, 238.82, 342.72, 0.0046104
FILLER_0_123_515, 238.82, 342.72, 0.0046104
_17821_, 238.82, 337.28, 0.0045625
_17863_, 238.82, 337.28, 0.0045625
_17868_, 238.82, 337.28, 0.0045625
_17871_, 238.82, 337.28, 0.0045625
FILLER_0_121_517, 238.82, 337.28, 0.0045625
_17816_, 238.82, 331.84, 0.00451813
_17861_, 238.82, 331.84, 0.00451813
_17862_, 238.82, 331.84, 0.00451813
_17872_, 238.82, 331.84, 0.00451813
_17886_, 238.82, 331.84, 0.00451813
FILLER_0_118_511, 238.82, 331.84, 0.00451813
_17839_, 238.82, 326.4, 0.00447084
_17845_, 238.82, 326.4, 0.00447084
FILLER_0_117_517, 238.82, 326.4, 0.00447084
_17836_, 238.82, 320.96, 0.00443111
_17843_, 238.82, 320.96, 0.00443111
_17844_, 238.82, 320.96, 0.00443111
_17846_, 238.82, 320.96, 0.00443111
_17847_, 238.82, 320.96, 0.00443111
_17898_, 238.82, 320.96, 0.00443111
_17702_, 238.82, 315.52, 0.00437744
_17770_, 238.82, 315.52, 0.00437744
_17923_, 238.82, 315.52, 0.00437744
_17931_, 238.82, 315.52, 0.00437744
FILLER_0_111_500, 238.82, 315.52, 0.00437744
FILLER_0_111_505, 238.82, 315.52, 0.00437744
_17822_, 238.82, 310.08, 0.00432798
_17823_, 238.82, 310.08, 0.00432798
_17935_, 238.82, 310.08, 0.00432798
_17942_, 238.82, 310.08, 0.00432798
FILLER_0_110_499, 238.82, 310.08, 0.00432798
FILLER_0_110_514, 238.82, 310.08, 0.00432798
FILLER_0_111_517, 238.82, 310.08, 0.00432798
_17703_, 238.82, 304.64, 0.00427745
_17824_, 238.82, 304.64, 0.00427745
_19523_, 238.82, 304.64, 0.00427745
FILLER_0_107_497, 238.82, 304.64, 0.00427745
_17759_, 238.82, 299.2, 0.00420843
_19493_, 238.82, 299.2, 0.00420843
FILLER_0_105_497, 238.82, 299.2, 0.00420843
FILLER_0_106_501, 238.82, 299.2, 0.00420843
FILLER_0_107_513, 238.82, 299.2, 0.00420843
_09194_, 238.82, 293.76, 0.0041445
_17826_, 238.82, 293.76, 0.0041445
_17899_, 238.82, 293.76, 0.0041445
_17901_, 238.82, 293.76, 0.0041445
FILLER_0_104_516, 238.82, 293.76, 0.0041445
_17811_, 238.82, 288.32, 0.00409083
_17918_, 238.82, 288.32, 0.00409083
_17930_, 238.82, 288.32, 0.00409083
clkbuf_leaf_74_i_clk, 238.82, 288.32, 0.00409083
hold72, 238.82, 288.32, 0.00409083
FILLER_0_103_520, 238.82, 288.32, 0.00409083
_17740_, 238.82, 282.88, 0.00403787
_17741_, 238.82, 282.88, 0.00403787
_17750_, 238.82, 282.88, 0.00403787
_19499_, 238.82, 282.88, 0.00403787
_19502_, 238.82, 282.88, 0.00403787
FILLER_0_100_494, 238.82, 282.88, 0.00403787
_17746_, 238.82, 277.44, 0.00396707
_17747_, 238.82, 277.44, 0.00396707
_17810_, 238.82, 277.44, 0.00396707
FILLER_0_97_498, 238.82, 277.44, 0.00396707
FILLER_0_97_505, 238.82, 277.44, 0.00396707
FILLER_0_98_500, 238.82, 277.44, 0.00396707
_15924_, 238.82, 272, 0.00392674
_15925_, 238.82, 272, 0.00392674
_17752_, 238.82, 272, 0.00392674
_17771_, 238.82, 272, 0.00392674
_17781_, 238.82, 272, 0.00392674
_19501_, 238.82, 272, 0.00392674
FILLER_0_96_499, 238.82, 272, 0.00392674
_09058_, 238.82, 266.56, 0.00387156
_17788_, 238.82, 266.56, 0.00387156
_19510_, 238.82, 266.56, 0.00387156
_19515_, 238.82, 266.56, 0.00387156
FILLER_0_94_495, 238.82, 266.56, 0.00387156
_11456_, 238.82, 261.12, 0.00378425
_11460_, 238.82, 261.12, 0.00378425
FILLER_0_91_505, 238.82, 261.12, 0.00378425
FILLER_0_92_517, 238.82, 261.12, 0.00378425
FILLER_0_93_517, 238.82, 261.12, 0.00378425
_11446_, 238.82, 255.68, 0.00373482
_11447_, 238.82, 255.68, 0.00373482
_11516_, 238.82, 255.68, 0.00373482
_17936_, 238.82, 255.68, 0.00373482
FILLER_0_89_505, 238.82, 255.68, 0.00373482
FILLER_0_90_501, 238.82, 255.68, 0.00373482
_11444_, 238.82, 250.24, 0.00365099
_11470_, 238.82, 250.24, 0.00365099
_11502_, 238.82, 250.24, 0.00365099
_17937_, 238.82, 250.24, 0.00365099
_19542_, 238.82, 250.24, 0.00365099
FILLER_0_87_505, 238.82, 250.24, 0.00365099
FILLER_0_88_504, 238.82, 250.24, 0.00365099
_11449_, 238.82, 244.8, 0.00356276
_11455_, 238.82, 244.8, 0.00356276
_11487_, 238.82, 244.8, 0.00356276
_11500_, 238.82, 244.8, 0.00356276
_11510_, 238.82, 244.8, 0.00356276
_11466_, 238.82, 239.36, 0.00351575
_11477_, 238.82, 239.36, 0.00351575
_11504_, 238.82, 239.36, 0.00351575
_11775_, 238.82, 239.36, 0.00351575
_11835_, 238.82, 239.36, 0.00351575
FILLER_0_85_515, 238.82, 239.36, 0.00351575
_09056_, 238.82, 233.92, 0.00346005
_14058_, 238.82, 233.92, 0.00346005
_19476_, 238.82, 233.92, 0.00346005
FILLER_0_81_501, 238.82, 233.92, 0.00346005
FILLER_0_82_508, 238.82, 233.92, 0.00346005
FILLER_0_83_517, 238.82, 233.92, 0.00346005
_13887_, 238.82, 228.48, 0.00341043
_13957_, 238.82, 228.48, 0.00341043
_13958_, 238.82, 228.48, 0.00341043
_14057_, 238.82, 228.48, 0.00341043
_14333_, 238.82, 228.48, 0.00341043
_14401_, 238.82, 228.48, 0.00341043
_14402_, 238.82, 228.48, 0.00341043
_13407_, 238.82, 223.04, 0.00335012
_13888_, 238.82, 223.04, 0.00335012
_14197_, 238.82, 223.04, 0.00335012
_14265_, 238.82, 223.04, 0.00335012
_14470_, 238.82, 223.04, 0.00335012
_15391_, 238.82, 223.04, 0.00335012
_15459_, 238.82, 223.04, 0.00335012
_09061_, 238.82, 217.6, 0.00329083
_13476_, 238.82, 217.6, 0.00329083
_13545_, 238.82, 217.6, 0.00329083
_13819_, 238.82, 217.6, 0.00329083
_15525_, 238.82, 217.6, 0.00329083
FILLER_0_76_511, 238.82, 217.6, 0.00329083
_09195_, 238.82, 212.16, 0.00325114
_12217_, 238.82, 212.16, 0.00325114
_15458_, 238.82, 212.16, 0.00325114
_18137_, 238.82, 212.16, 0.00325114
_18169_, 238.82, 212.16, 0.00325114
FILLER_0_74_510, 238.82, 212.16, 0.00325114
_14054_, 238.82, 206.72, 0.00319895
_15457_, 238.82, 206.72, 0.00319895
_15999_, 238.82, 206.72, 0.00319895
FILLER_0_71_495, 238.82, 206.72, 0.00319895
FILLER_0_71_505, 238.82, 206.72, 0.00319895
_13885_, 238.82, 201.28, 0.00315209
_13886_, 238.82, 201.28, 0.00315209
_14773_, 238.82, 201.28, 0.00315209
_16780_, 238.82, 201.28, 0.00315209
_18873_, 238.82, 201.28, 0.00315209
hold431, 238.82, 201.28, 0.00315209
FILLER_0_69_498, 238.82, 201.28, 0.00315209
_18521_, 238.82, 195.84, 0.00310831
FILLER_0_67_505, 238.82, 195.84, 0.00310831
FILLER_0_68_497, 238.82, 195.84, 0.00310831
_13750_, 238.82, 190.4, 0.00306122
_14674_, 238.82, 190.4, 0.00306122
_14675_, 238.82, 190.4, 0.00306122
_16389_, 238.82, 190.4, 0.00306122
_16851_, 238.82, 190.4, 0.00306122
_18937_, 238.82, 190.4, 0.00306122
FILLER_0_65_495, 238.82, 190.4, 0.00306122
_13749_, 238.82, 184.96, 0.00302269
_14468_, 238.82, 184.96, 0.00302269
FILLER_0_64_504, 238.82, 184.96, 0.00302269
FILLER_0_64_517, 238.82, 184.96, 0.00302269
_12220_, 238.82, 179.52, 0.0029872
_14775_, 238.82, 179.52, 0.0029872
_18489_, 238.82, 179.52, 0.0029872
ANTENNA_40, 238.82, 179.52, 0.0029872
FILLER_0_61_496, 238.82, 179.52, 0.0029872
FILLER_0_61_505, 238.82, 179.52, 0.0029872
_14538_, 238.82, 174.08, 0.00294033
_14539_, 238.82, 174.08, 0.00294033
_14774_, 238.82, 174.08, 0.00294033
_18585_, 238.82, 174.08, 0.00294033
FILLER_0_59_499, 238.82, 174.08, 0.00294033
FILLER_0_60_498, 238.82, 174.08, 0.00294033
_16460_, 238.82, 168.64, 0.00289878
_16495_, 238.82, 168.64, 0.00289878
FILLER_0_57_494, 238.82, 168.64, 0.00289878
FILLER_0_57_505, 238.82, 168.64, 0.00289878
FILLER_0_58_503, 238.82, 168.64, 0.00289878
FILLER_0_58_511, 238.82, 168.64, 0.00289878
FILLER_0_58_517, 238.82, 168.64, 0.00289878
_14989_, 238.82, 163.2, 0.00287079
_16208_, 238.82, 163.2, 0.00287079
_18389_, 238.82, 163.2, 0.00287079
clkbuf_leaf_163_i_clk, 238.82, 163.2, 0.00287079
FILLER_0_55_500, 238.82, 163.2, 0.00287079
_18357_, 238.82, 157.76, 0.00282603
_18388_, 238.82, 157.76, 0.00282603
FILLER_0_53_501, 238.82, 157.76, 0.00282603
FILLER_0_53_505, 238.82, 157.76, 0.00282603
FILLER_0_54_495, 238.82, 157.76, 0.00282603
FILLER_0_54_503, 238.82, 157.76, 0.00282603
_14990_, 238.82, 152.32, 0.00278933
_15058_, 238.82, 152.32, 0.00278933
_18356_, 238.82, 152.32, 0.00278933
FILLER_0_51_499, 238.82, 152.32, 0.00278933
FILLER_0_53_516, 238.82, 152.32, 0.00278933
_15060_, 238.82, 146.88, 0.00274069
_16207_, 238.82, 146.88, 0.00274069
FILLER_0_49_496, 238.82, 146.88, 0.00274069
FILLER_0_49_505, 238.82, 146.88, 0.00274069
FILLER_0_50_507, 238.82, 146.88, 0.00274069
_14984_, 238.82, 141.44, 0.00271434
_14985_, 238.82, 141.44, 0.00271434
_15054_, 238.82, 141.44, 0.00271434
_16210_, 238.82, 141.44, 0.00271434
_18359_, 238.82, 141.44, 0.00271434
_18391_, 238.82, 141.44, 0.00271434
FILLER_0_47_498, 238.82, 141.44, 0.00271434
_11562_, 238.82, 136, 0.00268013
_16245_, 238.82, 136, 0.00268013
FILLER_0_46_507, 238.82, 136, 0.00268013
_16847_, 238.82, 130.56, 0.00264883
_18387_, 238.82, 130.56, 0.00264883
FILLER_0_43_500, 238.82, 130.56, 0.00264883
FILLER_0_43_505, 238.82, 130.56, 0.00264883
FILLER_0_44_508, 238.82, 130.56, 0.00264883
FILLER_0_45_517, 238.82, 130.56, 0.00264883
_09326_, 238.82, 125.12, 0.00261782
_14995_, 238.82, 125.12, 0.00261782
_18386_, 238.82, 125.12, 0.00261782
FILLER_0_41_495, 238.82, 125.12, 0.00261782
_09213_, 238.82, 119.68, 0.00258685
_11704_, 238.82, 119.68, 0.00258685
_15064_, 238.82, 119.68, 0.00258685
FILLER_0_39_505, 238.82, 119.68, 0.00258685
FILLER_0_40_513, 238.82, 119.68, 0.00258685
_11682_, 238.82, 114.24, 0.00257668
_15067_, 238.82, 114.24, 0.00257668
_15068_, 238.82, 114.24, 0.00257668
_18354_, 238.82, 114.24, 0.00257668
FILLER_0_37_495, 238.82, 114.24, 0.00257668
FILLER_0_37_501, 238.82, 114.24, 0.00257668
FILLER_0_38_510, 238.82, 114.24, 0.00257668
_16201_, 238.82, 108.8, 0.00256206
_18353_, 238.82, 108.8, 0.00256206
FILLER_0_35_496, 238.82, 108.8, 0.00256206
FILLER_0_37_514, 238.82, 108.8, 0.00256206
_14678_, 238.82, 103.36, 0.00255075
_14997_, 238.82, 103.36, 0.00255075
_14998_, 238.82, 103.36, 0.00255075
FILLER_0_34_504, 238.82, 103.36, 0.00255075
FILLER_0_34_511, 238.82, 103.36, 0.00255075
FILLER_0_35_517, 238.82, 103.36, 0.00255075
_14473_, 238.82, 97.92, 0.00255141
_14996_, 238.82, 97.92, 0.00255141
_14999_, 238.82, 97.92, 0.00255141
_16238_, 238.82, 97.92, 0.00255141
_18385_, 238.82, 97.92, 0.00255141
clkbuf_leaf_170_i_clk, 238.82, 97.92, 0.00255141
_11507_, 238.82, 92.48, 0.00253537
_11521_, 238.82, 92.48, 0.00253537
_13684_, 238.82, 92.48, 0.00253537
_14475_, 238.82, 92.48, 0.00253537
FILLER_0_29_500, 238.82, 92.48, 0.00253537
FILLER_0_30_506, 238.82, 92.48, 0.00253537
_09268_, 238.82, 87.04, 0.00254271
_14403_, 238.82, 87.04, 0.00254271
_14404_, 238.82, 87.04, 0.00254271
_14405_, 238.82, 87.04, 0.00254271
_14474_, 238.82, 87.04, 0.00254271
_18616_, 238.82, 87.04, 0.00254271
FILLER_0_29_508, 238.82, 87.04, 0.00254271
_09298_, 238.82, 81.6, 0.00252953
_14679_, 238.82, 81.6, 0.00252953
_14680_, 238.82, 81.6, 0.00252953
_16530_, 238.82, 81.6, 0.00252953
_18520_, 238.82, 81.6, 0.00252953
FILLER_0_26_511, 238.82, 81.6, 0.00252953
FILLER_0_27_508, 238.82, 81.6, 0.00252953
_14707_, 238.82, 76.16, 0.00252294
FILLER_0_23_496, 238.82, 76.16, 0.00252294
_14492_, 238.82, 70.72, 0.00251978
_14493_, 238.82, 70.72, 0.00251978
_16175_, 238.82, 70.72, 0.00251978
_16378_, 238.82, 70.72, 0.00251978
_18511_, 238.82, 70.72, 0.00251978
_18607_, 238.82, 70.72, 0.00251978
FILLER_0_21_501, 238.82, 70.72, 0.00251978
_14422_, 238.82, 65.28, 0.00252102
_14423_, 238.82, 65.28, 0.00252102
_14706_, 238.82, 65.28, 0.00252102
_16520_, 238.82, 65.28, 0.00252102
FILLER_0_19_495, 238.82, 65.28, 0.00252102
FILLER_0_20_520, 238.82, 65.28, 0.00252102
_09481_, 238.82, 59.84, 0.00251592
FILLER_0_17_498, 238.82, 59.84, 0.00251592
FILLER_0_19_514, 238.82, 59.84, 0.00251592
_09478_, 238.82, 54.4, 0.00251217
_11716_, 238.82, 54.4, 0.00251217
_11719_, 238.82, 54.4, 0.00251217
FILLER_0_15_494, 238.82, 54.4, 0.00251217
FILLER_0_16_496, 238.82, 54.4, 0.00251217
FILLER_0_17_519, 238.82, 54.4, 0.00251217
_14864_, 238.82, 48.96, 0.00250814
FILLER_0_13_505, 238.82, 48.96, 0.00250814
FILLER_0_15_517, 238.82, 48.96, 0.00250814
_15206_, 238.82, 43.52, 0.00252193
_16307_, 238.82, 43.52, 0.00252193
_18288_, 238.82, 43.52, 0.00252193
clkbuf_leaf_172_i_clk, 238.82, 43.52, 0.00252193
FILLER_0_11_497, 238.82, 43.52, 0.00252193
FILLER_0_11_505, 238.82, 43.52, 0.00252193
_11577_, 238.82, 38.08, 0.00251098
_14408_, 238.82, 38.08, 0.00251098
_14409_, 238.82, 38.08, 0.00251098
_15205_, 238.82, 38.08, 0.00251098
_16131_, 238.82, 38.08, 0.00251098
_16528_, 238.82, 38.08, 0.00251098
FILLER_0_9_497, 238.82, 38.08, 0.00251098
FILLER_0_10_496, 238.82, 38.08, 0.00251098
_09338_, 238.82, 32.64, 0.00251119
_09341_, 238.82, 32.64, 0.00251119
_18646_, 238.82, 32.64, 0.00251119
FILLER_0_7_496, 238.82, 32.64, 0.00251119
FILLER_0_9_513, 238.82, 32.64, 0.00251119
_11574_, 238.82, 27.2, 0.00250859
_14850_, 238.82, 27.2, 0.00250859
_15330_, 238.82, 27.2, 0.00250859
_16174_, 238.82, 27.2, 0.00250859
_18327_, 238.82, 27.2, 0.00250859
FILLER_0_6_500, 238.82, 27.2, 0.00250859
_14851_, 238.82, 21.76, 0.00250942
_15123_, 238.82, 21.76, 0.00250942
_15329_, 238.82, 21.76, 0.00250942
_16066_, 238.82, 21.76, 0.00250942
_16314_, 238.82, 21.76, 0.00250942
_18454_, 238.82, 21.76, 0.00250942
FILLER_0_5_514, 238.82, 21.76, 0.00250942
FILLER_0_1_497, 238.82, 16.32, 0.00250469
output55, 238.82, 10.88, 0.0025046
ANTENNA_97, 238.82, 10.88, 0.0025046
FILLER_0_173_441, 213.82, 484.16, 0.00489835
FILLER_0_174_443, 213.82, 484.16, 0.00489835
_19594_, 213.82, 478.72, 0.00490156
FILLER_0_171_441, 213.82, 478.72, 0.00490156
_17306_, 213.82, 473.28, 0.0049021
_18034_, 213.82, 473.28, 0.0049021
_19285_, 213.82, 473.28, 0.0049021
_17305_, 213.82, 467.84, 0.00491754
_17449_, 213.82, 467.84, 0.00491754
_18033_, 213.82, 467.84, 0.00491754
_19378_, 213.82, 467.84, 0.00491754
clkbuf_leaf_60_i_clk, 213.82, 467.84, 0.00491754
hold66, 213.82, 467.84, 0.00491754
_17448_, 213.82, 462.4, 0.0049001
_17507_, 213.82, 462.4, 0.0049001
_19395_, 213.82, 462.4, 0.0049001
FILLER_0_165_449, 213.82, 462.4, 0.0049001
FILLER_0_167_465, 213.82, 462.4, 0.0049001
_17445_, 213.82, 456.96, 0.00489982
_17521_, 213.82, 456.96, 0.00489982
_18030_, 213.82, 456.96, 0.00489982
_19376_, 213.82, 456.96, 0.00489982
hold7, 213.82, 456.96, 0.00489982
hold188, 213.82, 456.96, 0.00489982
FILLER_0_163_442, 213.82, 456.96, 0.00489982
FILLER_0_164_449, 213.82, 456.96, 0.00489982
FILLER_0_164_466, 213.82, 456.96, 0.00489982
_17299_, 213.82, 451.52, 0.00489604
_18029_, 213.82, 451.52, 0.00489604
_19592_, 213.82, 451.52, 0.00489604
_17300_, 213.82, 446.08, 0.00489074
_17444_, 213.82, 446.08, 0.00489074
_17518_, 213.82, 446.08, 0.00489074
hold31, 213.82, 446.08, 0.00489074
hold232, 213.82, 446.08, 0.00489074
FILLER_0_159_444, 213.82, 446.08, 0.00489074
_17294_, 213.82, 440.64, 0.00488992
_17519_, 213.82, 440.64, 0.00488992
_19281_, 213.82, 440.64, 0.00488992
_19374_, 213.82, 440.64, 0.00488992
hold22, 213.82, 440.64, 0.00488992
hold75, 213.82, 440.64, 0.00488992
FILLER_0_159_457, 213.82, 440.64, 0.00488992
_17293_, 213.82, 435.2, 0.00486806
_17441_, 213.82, 435.2, 0.00486806
_18025_, 213.82, 435.2, 0.00486806
_19590_, 213.82, 435.2, 0.00486806
FILLER_0_155_445, 213.82, 435.2, 0.00486806
_17283_, 213.82, 429.76, 0.00487076
_17503_, 213.82, 429.76, 0.00487076
_17514_, 213.82, 429.76, 0.00487076
hold14, 213.82, 429.76, 0.00487076
FILLER_0_153_444, 213.82, 429.76, 0.00487076
FILLER_0_154_446, 213.82, 429.76, 0.00487076
FILLER_0_154_466, 213.82, 429.76, 0.00487076
_17433_, 213.82, 424.32, 0.00485422
_17524_, 213.82, 424.32, 0.00485422
_18018_, 213.82, 424.32, 0.00485422
hold181, 213.82, 424.32, 0.00485422
FILLER_0_151_442, 213.82, 424.32, 0.00485422
FILLER_0_152_452, 213.82, 424.32, 0.00485422
_19357_, 213.82, 418.88, 0.00484578
_19429_, 213.82, 418.88, 0.00484578
FILLER_0_149_449, 213.82, 418.88, 0.00484578
FILLER_0_150_455, 213.82, 418.88, 0.00484578
FILLER_0_151_457, 213.82, 418.88, 0.00484578
_17276_, 213.82, 413.44, 0.00483532
_17399_, 213.82, 413.44, 0.00483532
_17430_, 213.82, 413.44, 0.00483532
_17506_, 213.82, 413.44, 0.00483532
_17585_, 213.82, 413.44, 0.00483532
hold131, 213.82, 413.44, 0.00483532
_17528_, 213.82, 408, 0.00483203
_17530_, 213.82, 408, 0.00483203
_19410_, 213.82, 408, 0.00483203
hold26, 213.82, 408, 0.00483203
hold27, 213.82, 408, 0.00483203
FILLER_0_147_464, 213.82, 408, 0.00483203
_17527_, 213.82, 402.56, 0.0047997
_19428_, 213.82, 402.56, 0.0047997
hold59, 213.82, 402.56, 0.0047997
FILLER_0_143_443, 213.82, 402.56, 0.0047997
FILLER_0_144_445, 213.82, 402.56, 0.0047997
FILLER_0_145_465, 213.82, 402.56, 0.0047997
_17498_, 213.82, 397.12, 0.00478176
_17540_, 213.82, 397.12, 0.00478176
_17583_, 213.82, 397.12, 0.00478176
_19356_, 213.82, 397.12, 0.00478176
hold205, 213.82, 397.12, 0.00478176
FILLER_0_142_460, 213.82, 397.12, 0.00478176
FILLER_0_143_460, 213.82, 397.12, 0.00478176
_17272_, 213.82, 391.68, 0.00476081
_17587_, 213.82, 391.68, 0.00476081
hold168, 213.82, 391.68, 0.00476081
FILLER_0_139_444, 213.82, 391.68, 0.00476081
FILLER_0_139_449, 213.82, 391.68, 0.00476081
FILLER_0_140_460, 213.82, 391.68, 0.00476081
_17535_, 213.82, 386.24, 0.00474493
_19430_, 213.82, 386.24, 0.00474493
hold195, 213.82, 386.24, 0.00474493
FILLER_0_137_449, 213.82, 386.24, 0.00474493
FILLER_0_138_444, 213.82, 386.24, 0.00474493
_17253_, 213.82, 380.8, 0.00472281
_17266_, 213.82, 380.8, 0.00472281
_17485_, 213.82, 380.8, 0.00472281
_17581_, 213.82, 380.8, 0.00472281
hold60, 213.82, 380.8, 0.00472281
FILLER_0_136_461, 213.82, 380.8, 0.00472281
FILLER_0_137_464, 213.82, 380.8, 0.00472281
_17415_, 213.82, 375.36, 0.00470039
_17536_, 213.82, 375.36, 0.00470039
_19355_, 213.82, 375.36, 0.00470039
_19427_, 213.82, 375.36, 0.00470039
hold16, 213.82, 375.36, 0.00470039
hold17, 213.82, 375.36, 0.00470039
FILLER_0_133_449, 213.82, 375.36, 0.00470039
_17265_, 213.82, 369.92, 0.00468087
_17298_, 213.82, 369.92, 0.00468087
_17304_, 213.82, 369.92, 0.00468087
_19407_, 213.82, 369.92, 0.00468087
FILLER_0_132_447, 213.82, 369.92, 0.00468087
FILLER_0_133_460, 213.82, 369.92, 0.00468087
_17271_, 213.82, 364.48, 0.00465456
_17292_, 213.82, 364.48, 0.00465456
FILLER_0_129_445, 213.82, 364.48, 0.00465456
FILLER_0_130_449, 213.82, 364.48, 0.00465456
_17252_, 213.82, 359.04, 0.00461802
_17656_, 213.82, 359.04, 0.00461802
_19409_, 213.82, 359.04, 0.00461802
FILLER_0_127_445, 213.82, 359.04, 0.00461802
FILLER_0_128_445, 213.82, 359.04, 0.00461802
_17655_, 213.82, 353.6, 0.00459776
clkbuf_leaf_71_i_clk, 213.82, 353.6, 0.00459776
FILLER_0_126_465, 213.82, 353.6, 0.00459776
_19495_, 213.82, 348.16, 0.00457011
hold154, 213.82, 348.16, 0.00457011
FILLER_0_123_449, 213.82, 348.16, 0.00457011
_17698_, 213.82, 342.72, 0.00452971
_17699_, 213.82, 342.72, 0.00452971
_19492_, 213.82, 342.72, 0.00452971
FILLER_0_121_441, 213.82, 342.72, 0.00452971
FILLER_0_121_449, 213.82, 342.72, 0.00452971
FILLER_0_122_449, 213.82, 342.72, 0.00452971
_17692_, 213.82, 337.28, 0.00447269
_17856_, 213.82, 337.28, 0.00447269
_17858_, 213.82, 337.28, 0.00447269
FILLER_0_119_444, 213.82, 337.28, 0.00447269
FILLER_0_120_465, 213.82, 337.28, 0.00447269
FILLER_0_121_462, 213.82, 337.28, 0.00447269
_17864_, 213.82, 331.84, 0.00443445
_17873_, 213.82, 331.84, 0.00443445
_17875_, 213.82, 331.84, 0.00443445
_19529_, 213.82, 331.84, 0.00443445
FILLER_0_117_445, 213.82, 331.84, 0.00443445
_09166_, 213.82, 326.4, 0.00439673
_17857_, 213.82, 326.4, 0.00439673
_17865_, 213.82, 326.4, 0.00439673
_17874_, 213.82, 326.4, 0.00439673
_17895_, 213.82, 326.4, 0.00439673
FILLER_0_115_445, 213.82, 326.4, 0.00439673
FILLER_0_116_441, 213.82, 326.4, 0.00439673
FILLER_0_116_466, 213.82, 326.4, 0.00439673
FILLER_0_117_461, 213.82, 326.4, 0.00439673
_09150_, 213.82, 320.96, 0.00435238
_17896_, 213.82, 320.96, 0.00435238
_19533_, 213.82, 320.96, 0.00435238
FILLER_0_113_442, 213.82, 320.96, 0.00435238
FILLER_0_113_449, 213.82, 320.96, 0.00435238
_17693_, 213.82, 315.52, 0.00430378
_17894_, 213.82, 315.52, 0.00430378
_19491_, 213.82, 315.52, 0.00430378
hold334, 213.82, 315.52, 0.00430378
FILLER_0_112_440, 213.82, 315.52, 0.00430378
_17882_, 213.82, 310.08, 0.00425318
_19526_, 213.82, 310.08, 0.00425318
_19530_, 213.82, 310.08, 0.00425318
FILLER_0_111_456, 213.82, 310.08, 0.00425318
_17883_, 213.82, 304.64, 0.00421172
_17940_, 213.82, 304.64, 0.00421172
clkbuf_leaf_73_i_clk, 213.82, 304.64, 0.00421172
FILLER_0_108_441, 213.82, 304.64, 0.00421172
FILLER_0_109_465, 213.82, 304.64, 0.00421172
_17941_, 213.82, 299.2, 0.00414893
_19532_, 213.82, 299.2, 0.00414893
_19543_, 213.82, 299.2, 0.00414893
FILLER_0_105_441, 213.82, 299.2, 0.00414893
FILLER_0_105_449, 213.82, 299.2, 0.00414893
FILLER_0_106_443, 213.82, 299.2, 0.00414893
_17825_, 213.82, 293.76, 0.00408997
_17834_, 213.82, 293.76, 0.00408997
_17835_, 213.82, 293.76, 0.00408997
_17943_, 213.82, 293.76, 0.00408997
FILLER_0_104_451, 213.82, 293.76, 0.00408997
_19524_, 213.82, 288.32, 0.00403882
_19540_, 213.82, 288.32, 0.00403882
_19544_, 213.82, 288.32, 0.00403882
FILLER_0_101_449, 213.82, 288.32, 0.00403882
_09954_, 213.82, 282.88, 0.00399549
_17944_, 213.82, 282.88, 0.00399549
_19597_, 213.82, 282.88, 0.00399549
hold212, 213.82, 282.88, 0.00399549
FILLER_0_99_445, 213.82, 282.88, 0.00399549
FILLER_0_100_455, 213.82, 282.88, 0.00399549
_17662_, 213.82, 277.44, 0.00392512
_17663_, 213.82, 277.44, 0.00392512
FILLER_0_97_452, 213.82, 277.44, 0.00392512
_09221_, 213.82, 272, 0.00388274
_11875_, 213.82, 272, 0.00388274
_17664_, 213.82, 272, 0.00388274
_19475_, 213.82, 272, 0.00388274
ANTENNA_54, 213.82, 272, 0.00388274
FILLER_0_95_449, 213.82, 272, 0.00388274
_09103_, 213.82, 266.56, 0.00382672
_09207_, 213.82, 266.56, 0.00382672
_09211_, 213.82, 266.56, 0.00382672
_09226_, 213.82, 266.56, 0.00382672
_09250_, 213.82, 266.56, 0.00382672
ANTENNA_102, 213.82, 266.56, 0.00382672
FILLER_0_93_449, 213.82, 266.56, 0.00382672
FILLER_0_95_458, 213.82, 266.56, 0.00382672
_09208_, 213.82, 261.12, 0.00378632
_09229_, 213.82, 261.12, 0.00378632
_09232_, 213.82, 261.12, 0.00378632
_09259_, 213.82, 261.12, 0.00378632
_09281_, 213.82, 261.12, 0.00378632
FILLER_0_93_466, 213.82, 261.12, 0.00378632
_09210_, 213.82, 255.68, 0.00371155
_09216_, 213.82, 255.68, 0.00371155
_09231_, 213.82, 255.68, 0.00371155
_09285_, 213.82, 255.68, 0.00371155
FILLER_0_90_442, 213.82, 255.68, 0.00371155
_09240_, 213.82, 250.24, 0.0036322
_09244_, 213.82, 250.24, 0.0036322
_09273_, 213.82, 250.24, 0.0036322
_11491_, 213.82, 250.24, 0.0036322
_09212_, 213.82, 244.8, 0.00355733
_09227_, 213.82, 244.8, 0.00355733
_09238_, 213.82, 244.8, 0.00355733
_09277_, 213.82, 244.8, 0.00355733
FILLER_0_86_459, 213.82, 244.8, 0.00355733
_09252_, 213.82, 239.36, 0.0035139
_09275_, 213.82, 239.36, 0.0035139
_09294_, 213.82, 239.36, 0.0035139
FILLER_0_84_445, 213.82, 239.36, 0.0035139
_09220_, 213.82, 233.92, 0.00346679
_09234_, 213.82, 233.92, 0.00346679
_09267_, 213.82, 233.92, 0.00346679
_09292_, 213.82, 233.92, 0.00346679
_11531_, 213.82, 233.92, 0.00346679
_11533_, 213.82, 233.92, 0.00346679
FILLER_0_83_459, 213.82, 233.92, 0.00346679
_09222_, 213.82, 228.48, 0.00339325
_15186_, 213.82, 228.48, 0.00339325
FILLER_0_79_441, 213.82, 228.48, 0.00339325
FILLER_0_80_462, 213.82, 228.48, 0.00339325
_13614_, 213.82, 223.04, 0.0033418
_14052_, 213.82, 223.04, 0.0033418
_15049_, 213.82, 223.04, 0.0033418
_15187_, 213.82, 223.04, 0.0033418
_15255_, 213.82, 223.04, 0.0033418
FILLER_0_77_443, 213.82, 223.04, 0.0033418
_13408_, 213.82, 217.6, 0.00327366
_14912_, 213.82, 217.6, 0.00327366
_15118_, 213.82, 217.6, 0.00327366
_16710_, 213.82, 217.6, 0.00327366
FILLER_0_77_458, 213.82, 217.6, 0.00327366
_09959_, 213.82, 212.16, 0.00322532
_12194_, 213.82, 212.16, 0.00322532
_14540_, 213.82, 212.16, 0.00322532
_14980_, 213.82, 212.16, 0.00322532
_15950_, 213.82, 212.16, 0.00322532
_16532_, 213.82, 212.16, 0.00322532
hold361, 213.82, 212.16, 0.00322532
FILLER_0_74_440, 213.82, 212.16, 0.00322532
_15115_, 213.82, 206.72, 0.003171
_15116_, 213.82, 206.72, 0.003171
_18329_, 213.82, 206.72, 0.003171
FILLER_0_71_445, 213.82, 206.72, 0.003171
FILLER_0_71_449, 213.82, 206.72, 0.003171
FILLER_0_73_457, 213.82, 206.72, 0.003171
FILLER_0_73_465, 213.82, 206.72, 0.003171
_15046_, 213.82, 201.28, 0.00312067
_15047_, 213.82, 201.28, 0.00312067
_18361_, 213.82, 201.28, 0.00312067
FILLER_0_69_445, 213.82, 201.28, 0.00312067
_16206_, 213.82, 195.84, 0.00307066
_16212_, 213.82, 195.84, 0.00307066
FILLER_0_67_440, 213.82, 195.84, 0.00307066
FILLER_0_69_456, 213.82, 195.84, 0.00307066
FILLER_0_69_464, 213.82, 195.84, 0.00307066
_15389_, 213.82, 190.4, 0.00301867
_15390_, 213.82, 190.4, 0.00301867
_16034_, 213.82, 190.4, 0.00301867
_16205_, 213.82, 190.4, 0.00301867
_16627_, 213.82, 190.4, 0.00301867
_16427_, 213.82, 184.96, 0.00297896
_16772_, 213.82, 184.96, 0.00297896
_16805_, 213.82, 184.96, 0.00297896
_18201_, 213.82, 184.96, 0.00297896
_18457_, 213.82, 184.96, 0.00297896
FILLER_0_63_449, 213.82, 184.96, 0.00297896
_09990_, 213.82, 179.52, 0.00293157
_18093_, 213.82, 179.52, 0.00293157
clkbuf_leaf_162_i_clk, 213.82, 179.52, 0.00293157
FILLER_0_61_449, 213.82, 179.52, 0.00293157
_15185_, 213.82, 174.08, 0.00287404
_16069_, 213.82, 174.08, 0.00287404
_16141_, 213.82, 174.08, 0.00287404
_18297_, 213.82, 174.08, 0.00287404
hold423, 213.82, 174.08, 0.00287404
ANTENNA_3, 213.82, 174.08, 0.00287404
_09991_, 213.82, 168.64, 0.00282724
_15184_, 213.82, 168.64, 0.00282724
_15322_, 213.82, 168.64, 0.00282724
_18233_, 213.82, 168.64, 0.00282724
ANTENNA_22, 213.82, 168.64, 0.00282724
ANTENNA_110, 213.82, 168.64, 0.00282724
FILLER_0_57_449, 213.82, 168.64, 0.00282724
FILLER_0_58_441, 213.82, 168.64, 0.00282724
FILLER_0_59_462, 213.82, 168.64, 0.00282724
_13989_, 213.82, 163.2, 0.0027869
_15253_, 213.82, 163.2, 0.0027869
_15254_, 213.82, 163.2, 0.0027869
_15321_, 213.82, 163.2, 0.0027869
_16450_, 213.82, 163.2, 0.0027869
_18265_, 213.82, 163.2, 0.0027869
_18425_, 213.82, 163.2, 0.0027869
hold439, 213.82, 163.2, 0.0027869
ANTENNA_109, 213.82, 163.2, 0.0027869
_16272_, 213.82, 157.76, 0.00273377
_16583_, 213.82, 157.76, 0.00273377
FILLER_0_53_445, 213.82, 157.76, 0.00273377
FILLER_0_54_450, 213.82, 157.76, 0.00273377
FILLER_0_54_465, 213.82, 157.76, 0.00273377
_16246_, 213.82, 152.32, 0.00270319
_16550_, 213.82, 152.32, 0.00270319
_16561_, 213.82, 152.32, 0.00270319
_18392_, 213.82, 152.32, 0.00270319
FILLER_0_53_460, 213.82, 152.32, 0.00270319
_14982_, 213.82, 146.88, 0.00263584
_14983_, 213.82, 146.88, 0.00263584
_15548_, 213.82, 146.88, 0.00263584
_16838_, 213.82, 146.88, 0.00263584
FILLER_0_49_449, 213.82, 146.88, 0.00263584
FILLER_0_50_441, 213.82, 146.88, 0.00263584
FILLER_0_50_463, 213.82, 146.88, 0.00263584
_15547_, 213.82, 141.44, 0.00259452
_15951_, 213.82, 141.44, 0.00259452
_16761_, 213.82, 141.44, 0.00259452
_18126_, 213.82, 141.44, 0.00259452
_18360_, 213.82, 141.44, 0.00259452
hold349, 213.82, 141.44, 0.00259452
FILLER_0_49_460, 213.82, 141.44, 0.00259452
_16730_, 213.82, 136, 0.00255642
_16732_, 213.82, 136, 0.00255642
clkbuf_leaf_164_i_clk, 213.82, 136, 0.00255642
FILLER_0_47_460, 213.82, 136, 0.00255642
_16244_, 213.82, 130.56, 0.00251209
_16731_, 213.82, 130.56, 0.00251209
_18390_, 213.82, 130.56, 0.00251209
FILLER_0_44_451, 213.82, 130.56, 0.00251209
_14632_, 213.82, 125.12, 0.00247096
_14919_, 213.82, 125.12, 0.00247096
_14987_, 213.82, 125.12, 0.00247096
_16412_, 213.82, 125.12, 0.00247096
_16694_, 213.82, 125.12, 0.00247096
_18422_, 213.82, 125.12, 0.00247096
FILLER_0_42_449, 213.82, 125.12, 0.00247096
_16661_, 213.82, 119.68, 0.00243775
clkbuf_leaf_169_i_clk, 213.82, 119.68, 0.00243775
FILLER_0_39_445, 213.82, 119.68, 0.00243775
_13772_, 213.82, 114.24, 0.00242545
_16410_, 213.82, 114.24, 0.00242545
_16484_, 213.82, 114.24, 0.00242545
_16527_, 213.82, 114.24, 0.00242545
_18927_, 213.82, 114.24, 0.00242545
FILLER_0_38_466, 213.82, 114.24, 0.00242545
_16200_, 213.82, 108.8, 0.0024131
_16483_, 213.82, 108.8, 0.0024131
_16662_, 213.82, 108.8, 0.0024131
_16697_, 213.82, 108.8, 0.0024131
_18351_, 213.82, 108.8, 0.0024131
_15070_, 213.82, 103.36, 0.00240749
_16516_, 213.82, 103.36, 0.00240749
FILLER_0_33_445, 213.82, 103.36, 0.00240749
FILLER_0_33_449, 213.82, 103.36, 0.00240749
FILLER_0_34_460, 213.82, 103.36, 0.00240749
_14933_, 213.82, 97.92, 0.00240573
_15001_, 213.82, 97.92, 0.00240573
_16695_, 213.82, 97.92, 0.00240573
_16696_, 213.82, 97.92, 0.00240573
_16981_, 213.82, 97.92, 0.00240573
_18383_, 213.82, 97.92, 0.00240573
FILLER_0_31_452, 213.82, 97.92, 0.00240573
FILLER_0_33_457, 213.82, 97.92, 0.00240573
_16228_, 213.82, 92.48, 0.00240556
_16318_, 213.82, 92.48, 0.00240556
_18415_, 213.82, 92.48, 0.00240556
FILLER_0_30_459, 213.82, 92.48, 0.00240556
_16261_, 213.82, 87.04, 0.00240838
_16271_, 213.82, 87.04, 0.00240838
_16305_, 213.82, 87.04, 0.00240838
_18456_, 213.82, 87.04, 0.00240838
_14847_, 213.82, 81.6, 0.00240524
_15326_, 213.82, 81.6, 0.00240524
_16140_, 213.82, 81.6, 0.00240524
_16306_, 213.82, 81.6, 0.00240524
_18232_, 213.82, 81.6, 0.00240524
FILLER_0_25_445, 213.82, 81.6, 0.00240524
FILLER_0_25_449, 213.82, 81.6, 0.00240524
FILLER_0_26_451, 213.82, 81.6, 0.00240524
_09295_, 213.82, 76.16, 0.00241884
_15189_, 213.82, 76.16, 0.00241884
_15190_, 213.82, 76.16, 0.00241884
_16839_, 213.82, 76.16, 0.00241884
_18296_, 213.82, 76.16, 0.00241884
ANTENNA_23, 213.82, 76.16, 0.00241884
FILLER_0_25_457, 213.82, 76.16, 0.00241884
FILLER_0_25_462, 213.82, 76.16, 0.00241884
_09289_, 213.82, 70.72, 0.00240477
_09291_, 213.82, 70.72, 0.00240477
_13409_, 213.82, 70.72, 0.00240477
_15256_, 213.82, 70.72, 0.00240477
_15257_, 213.82, 70.72, 0.00240477
_16105_, 213.82, 70.72, 0.00240477
ANTENNA_25, 213.82, 70.72, 0.00240477
ANTENNA_115, 213.82, 70.72, 0.00240477
_09296_, 213.82, 65.28, 0.00241958
_16095_, 213.82, 65.28, 0.00241958
_18264_, 213.82, 65.28, 0.00241958
clkbuf_leaf_171_i_clk, 213.82, 65.28, 0.00241958
FILLER_0_19_445, 213.82, 65.28, 0.00241958
_09293_, 213.82, 59.84, 0.00240975
_16104_, 213.82, 59.84, 0.00240975
_17016_, 213.82, 59.84, 0.00240975
ANTENNA_52, 213.82, 59.84, 0.00240975
ANTENNA_107, 213.82, 59.84, 0.00240975
FILLER_0_17_441, 213.82, 59.84, 0.00240975
FILLER_0_17_449, 213.82, 59.84, 0.00240975
FILLER_0_18_452, 213.82, 59.84, 0.00240975
_13429_, 213.82, 54.4, 0.00240793
_15275_, 213.82, 54.4, 0.00240793
_15276_, 213.82, 54.4, 0.00240793
_17018_, 213.82, 54.4, 0.00240793
_19087_, 213.82, 54.4, 0.00240793
_09479_, 213.82, 48.96, 0.00240713
_15207_, 213.82, 48.96, 0.00240713
_15208_, 213.82, 48.96, 0.00240713
_16130_, 213.82, 48.96, 0.00240713
FILLER_0_13_443, 213.82, 48.96, 0.00240713
FILLER_0_14_452, 213.82, 48.96, 0.00240713
FILLER_0_15_461, 213.82, 48.96, 0.00240713
_15188_, 213.82, 43.52, 0.00242043
_18287_, 213.82, 43.52, 0.00242043
_18319_, 213.82, 43.52, 0.00242043
ANTENNA_6, 213.82, 43.52, 0.00242043
FILLER_0_11_441, 213.82, 43.52, 0.00242043
_15261_, 213.82, 38.08, 0.00241244
_15262_, 213.82, 38.08, 0.00241244
_16102_, 213.82, 38.08, 0.00241244
_18262_, 213.82, 38.08, 0.00241244
FILLER_0_10_447, 213.82, 38.08, 0.00241244
FILLER_0_10_456, 213.82, 38.08, 0.00241244
_15193_, 213.82, 32.64, 0.00241234
_15194_, 213.82, 32.64, 0.00241234
_18294_, 213.82, 32.64, 0.00241234
FILLER_0_7_441, 213.82, 32.64, 0.00241234
_16137_, 213.82, 27.2, 0.00241162
_19094_, 213.82, 27.2, 0.00241162
FILLER_0_5_441, 213.82, 27.2, 0.00241162
FILLER_0_7_456, 213.82, 27.2, 0.00241162
FILLER_0_3_441, 213.82, 21.76, 0.00241235
FILLER_0_1_441, 213.82, 16.32, 0.00240923
FILLER_0_0_441, 213.82, 10.88, 0.00241036
FILLER_0_173_385, 188.82, 484.16, 0.00482844
FILLER_0_174_385, 188.82, 484.16, 0.00482844
FILLER_0_171_385, 188.82, 478.72, 0.00482583
FILLER_0_169_385, 188.82, 473.28, 0.0048267
_17443_, 188.82, 467.84, 0.00483358
_18027_, 188.82, 467.84, 0.00483358
_18028_, 188.82, 467.84, 0.00483358
_19282_, 188.82, 467.84, 0.00483358
_19591_, 188.82, 467.84, 0.00483358
hold175, 188.82, 467.84, 0.00483358
FILLER_0_169_405, 188.82, 467.84, 0.00483358
_17296_, 188.82, 462.4, 0.004827
_17442_, 188.82, 462.4, 0.004827
_17516_, 188.82, 462.4, 0.004827
_19375_, 188.82, 462.4, 0.004827
hold36, 188.82, 462.4, 0.004827
FILLER_0_165_385, 188.82, 462.4, 0.004827
_17288_, 188.82, 456.96, 0.00482618
_17437_, 188.82, 456.96, 0.00482618
_17515_, 188.82, 456.96, 0.00482618
_18021_, 188.82, 456.96, 0.00482618
_18022_, 188.82, 456.96, 0.00482618
hold37, 188.82, 456.96, 0.00482618
hold82, 188.82, 456.96, 0.00482618
hold159, 188.82, 456.96, 0.00482618
hold179, 188.82, 456.96, 0.00482618
FILLER_0_164_389, 188.82, 456.96, 0.00482618
_17510_, 188.82, 451.52, 0.00482927
_19372_, 188.82, 451.52, 0.00482927
clkbuf_leaf_59_i_clk, 188.82, 451.52, 0.00482927
_17436_, 188.82, 446.08, 0.00481222
hold259, 188.82, 446.08, 0.00481222
FILLER_0_159_385, 188.82, 446.08, 0.00481222
FILLER_0_160_392, 188.82, 446.08, 0.00481222
_17439_, 188.82, 440.64, 0.00480852
_17511_, 188.82, 440.64, 0.00480852
_18024_, 188.82, 440.64, 0.00480852
_19589_, 188.82, 440.64, 0.00480852
hold30, 188.82, 440.64, 0.00480852
FILLER_0_158_389, 188.82, 440.64, 0.00480852
FILLER_0_158_407, 188.82, 440.64, 0.00480852
FILLER_0_159_405, 188.82, 440.64, 0.00480852
_17438_, 188.82, 435.2, 0.0047945
_17512_, 188.82, 435.2, 0.0047945
_18023_, 188.82, 435.2, 0.0047945
hold193, 188.82, 435.2, 0.0047945
_17418_, 188.82, 429.76, 0.00478548
hold240, 188.82, 429.76, 0.00478548
FILLER_0_155_403, 188.82, 429.76, 0.00478548
_17526_, 188.82, 424.32, 0.00478364
hold11, 188.82, 424.32, 0.00478364
hold12, 188.82, 424.32, 0.00478364
hold145, 188.82, 424.32, 0.00478364
FILLER_0_153_410, 188.82, 424.32, 0.00478364
_17257_, 188.82, 418.88, 0.00477464
_17488_, 188.82, 418.88, 0.00477464
_17525_, 188.82, 418.88, 0.00477464
_19404_, 188.82, 418.88, 0.00477464
hold141, 188.82, 418.88, 0.00477464
FILLER_0_149_388, 188.82, 418.88, 0.00477464
FILLER_0_150_409, 188.82, 418.88, 0.00477464
_17423_, 188.82, 413.44, 0.00475632
_17492_, 188.82, 413.44, 0.00475632
_17493_, 188.82, 413.44, 0.00475632
_19390_, 188.82, 413.44, 0.00475632
hold41, 188.82, 413.44, 0.00475632
hold174, 188.82, 413.44, 0.00475632
_17263_, 188.82, 408, 0.00474366
_17264_, 188.82, 408, 0.00474366
_17422_, 188.82, 408, 0.00474366
_17534_, 188.82, 408, 0.00474366
_19273_, 188.82, 408, 0.00474366
hold125, 188.82, 408, 0.00474366
FILLER_0_145_386, 188.82, 408, 0.00474366
_19406_, 188.82, 402.56, 0.00472462
hold42, 188.82, 402.56, 0.00472462
FILLER_0_143_393, 188.82, 402.56, 0.00472462
FILLER_0_144_394, 188.82, 402.56, 0.00472462
_17261_, 188.82, 397.12, 0.00471255
_17490_, 188.82, 397.12, 0.00471255
_17491_, 188.82, 397.12, 0.00471255
_19272_, 188.82, 397.12, 0.00471255
_19365_, 188.82, 397.12, 0.00471255
FILLER_0_143_409, 188.82, 397.12, 0.00471255
_17260_, 188.82, 391.68, 0.0046874
_17420_, 188.82, 391.68, 0.0046874
_17421_, 188.82, 391.68, 0.0046874
_17532_, 188.82, 391.68, 0.0046874
_19389_, 188.82, 391.68, 0.0046874
_17426_, 188.82, 386.24, 0.00467104
_17531_, 188.82, 386.24, 0.00467104
_19392_, 188.82, 386.24, 0.00467104
hold161, 188.82, 386.24, 0.00467104
FILLER_0_137_389, 188.82, 386.24, 0.00467104
FILLER_0_138_408, 188.82, 386.24, 0.00467104
_17269_, 188.82, 380.8, 0.00464603
_17270_, 188.82, 380.8, 0.00464603
_17427_, 188.82, 380.8, 0.00464603
_17497_, 188.82, 380.8, 0.00464603
_17537_, 188.82, 380.8, 0.00464603
_19275_, 188.82, 380.8, 0.00464603
_19368_, 188.82, 380.8, 0.00464603
_17496_, 188.82, 375.36, 0.00461986
_17538_, 188.82, 375.36, 0.00461986
FILLER_0_133_387, 188.82, 375.36, 0.00461986
FILLER_0_134_393, 188.82, 375.36, 0.00461986
_16712_, 188.82, 369.92, 0.00460038
_17295_, 188.82, 369.92, 0.00460038
hold53, 188.82, 369.92, 0.00460038
FILLER_0_131_396, 188.82, 369.92, 0.00460038
FILLER_0_132_401, 188.82, 369.92, 0.00460038
FILLER_0_132_410, 188.82, 369.92, 0.00460038
FILLER_0_133_405, 188.82, 369.92, 0.00460038
_09918_, 188.82, 364.48, 0.00458506
_12154_, 188.82, 364.48, 0.00458506
_17256_, 188.82, 364.48, 0.00458506
_17259_, 188.82, 364.48, 0.00458506
_17286_, 188.82, 364.48, 0.00458506
_17289_, 188.82, 364.48, 0.00458506
_17262_, 188.82, 359.04, 0.00453827
FILLER_0_127_387, 188.82, 359.04, 0.00453827
FILLER_0_127_393, 188.82, 359.04, 0.00453827
FILLER_0_128_411, 188.82, 359.04, 0.00453827
FILLER_0_129_405, 188.82, 359.04, 0.00453827
_12110_, 188.82, 353.6, 0.00451895
_12130_, 188.82, 353.6, 0.00451895
_12150_, 188.82, 353.6, 0.00451895
_17651_, 188.82, 353.6, 0.00451895
_19463_, 188.82, 353.6, 0.00451895
_12050_, 188.82, 348.16, 0.00450358
_17652_, 188.82, 348.16, 0.00450358
_19464_, 188.82, 348.16, 0.00450358
_19465_, 188.82, 348.16, 0.00450358
hold214, 188.82, 348.16, 0.00450358
FILLER_0_123_387, 188.82, 348.16, 0.00450358
_19468_, 188.82, 342.72, 0.00445663
hold172, 188.82, 342.72, 0.00445663
_18040_, 188.82, 337.28, 0.00440433
_18042_, 188.82, 337.28, 0.00440433
_18045_, 188.82, 337.28, 0.00440433
hold248, 188.82, 337.28, 0.00440433
FILLER_0_119_387, 188.82, 337.28, 0.00440433
FILLER_0_119_396, 188.82, 337.28, 0.00440433
FILLER_0_121_407, 188.82, 337.28, 0.00440433
_09794_, 188.82, 331.84, 0.00437146
_12030_, 188.82, 331.84, 0.00437146
_19605_, 188.82, 331.84, 0.00437146
hold241, 188.82, 331.84, 0.00437146
FILLER_0_117_389, 188.82, 331.84, 0.00437146
_18041_, 188.82, 326.4, 0.00434228
_18046_, 188.82, 326.4, 0.00434228
_19469_, 188.82, 326.4, 0.00434228
_19600_, 188.82, 326.4, 0.00434228
hold151, 188.82, 326.4, 0.00434228
FILLER_0_116_409, 188.82, 326.4, 0.00434228
_09933_, 188.82, 320.96, 0.00429331
_09934_, 188.82, 320.96, 0.00429331
_15583_, 188.82, 320.96, 0.00429331
_15584_, 188.82, 320.96, 0.00429331
hold269, 188.82, 320.96, 0.00429331
hold296, 188.82, 320.96, 0.00429331
FILLER_0_114_396, 188.82, 320.96, 0.00429331
_12169_, 188.82, 315.52, 0.00424185
_15931_, 188.82, 315.52, 0.00424185
_18108_, 188.82, 315.52, 0.00424185
_19598_, 188.82, 315.52, 0.00424185
FILLER_0_111_388, 188.82, 315.52, 0.00424185
FILLER_0_112_409, 188.82, 315.52, 0.00424185
_09772_, 188.82, 310.08, 0.00420048
_15928_, 188.82, 310.08, 0.00420048
_19462_, 188.82, 310.08, 0.00420048
FILLER_0_109_393, 188.82, 310.08, 0.00420048
FILLER_0_110_410, 188.82, 310.08, 0.00420048
FILLER_0_111_402, 188.82, 310.08, 0.00420048
_11916_, 188.82, 304.64, 0.0041519
_12170_, 188.82, 304.64, 0.0041519
_17650_, 188.82, 304.64, 0.0041519
FILLER_0_107_389, 188.82, 304.64, 0.0041519
FILLER_0_107_393, 188.82, 304.64, 0.0041519
FILLER_0_108_392, 188.82, 304.64, 0.0041519
_11937_, 188.82, 299.2, 0.00410276
_16924_, 188.82, 299.2, 0.00410276
_19471_, 188.82, 299.2, 0.00410276
_19472_, 188.82, 299.2, 0.00410276
_09183_, 188.82, 293.76, 0.00405027
_11957_, 188.82, 293.76, 0.00405027
_13589_, 188.82, 293.76, 0.00405027
_17661_, 188.82, 293.76, 0.00405027
ANTENNA_55, 188.82, 293.76, 0.00405027
ANTENNA_118, 188.82, 293.76, 0.00405027
FILLER_0_103_388, 188.82, 293.76, 0.00405027
FILLER_0_104_395, 188.82, 293.76, 0.00405027
FILLER_0_104_407, 188.82, 293.76, 0.00405027
_09740_, 188.82, 288.32, 0.00399579
_09741_, 188.82, 288.32, 0.00399579
_11977_, 188.82, 288.32, 0.00399579
_12010_, 188.82, 288.32, 0.00399579
_15502_, 188.82, 288.32, 0.00399579
FILLER_0_102_398, 188.82, 288.32, 0.00399579
_09943_, 188.82, 282.88, 0.00396425
_09953_, 188.82, 282.88, 0.00396425
_12189_, 188.82, 282.88, 0.00396425
_15586_, 188.82, 282.88, 0.00396425
_18107_, 188.82, 282.88, 0.00396425
_19470_, 188.82, 282.88, 0.00396425
FILLER_0_101_402, 188.82, 282.88, 0.00396425
_09721_, 188.82, 277.44, 0.0038973
_09734_, 188.82, 277.44, 0.0038973
_12190_, 188.82, 277.44, 0.0038973
_14308_, 188.82, 277.44, 0.0038973
_15585_, 188.82, 277.44, 0.0038973
_18106_, 188.82, 277.44, 0.0038973
hold315, 188.82, 277.44, 0.0038973
_09728_, 188.82, 272, 0.00385031
_11958_, 188.82, 272, 0.00385031
_11971_, 188.82, 272, 0.00385031
_11972_, 188.82, 272, 0.00385031
_17649_, 188.82, 272, 0.00385031
_19461_, 188.82, 272, 0.00385031
FILLER_0_95_389, 188.82, 272, 0.00385031
FILLER_0_96_408, 188.82, 272, 0.00385031
_09729_, 188.82, 266.56, 0.00377871
_09730_, 188.82, 266.56, 0.00377871
_11966_, 188.82, 266.56, 0.00377871
_14101_, 188.82, 266.56, 0.00377871
_15972_, 188.82, 266.56, 0.00377871
FILLER_0_95_410, 188.82, 266.56, 0.00377871
_11967_, 188.82, 261.12, 0.00373074
_12210_, 188.82, 261.12, 0.00373074
_13881_, 188.82, 261.12, 0.00373074
_19460_, 188.82, 261.12, 0.00373074
FILLER_0_92_405, 188.82, 261.12, 0.00373074
FILLER_0_93_399, 188.82, 261.12, 0.00373074
_09735_, 188.82, 255.68, 0.00365792
_13882_, 188.82, 255.68, 0.00365792
_18875_, 188.82, 255.68, 0.00365792
FILLER_0_89_387, 188.82, 255.68, 0.00365792
FILLER_0_89_393, 188.82, 255.68, 0.00365792
FILLER_0_90_392, 188.82, 255.68, 0.00365792
FILLER_0_91_405, 188.82, 255.68, 0.00365792
_09723_, 188.82, 250.24, 0.00359479
_11959_, 188.82, 250.24, 0.00359479
_15524_, 188.82, 250.24, 0.00359479
FILLER_0_87_388, 188.82, 250.24, 0.00359479
FILLER_0_88_401, 188.82, 250.24, 0.00359479
FILLER_0_88_410, 188.82, 250.24, 0.00359479
_09722_, 188.82, 244.8, 0.00353329
_11960_, 188.82, 244.8, 0.00353329
_11965_, 188.82, 244.8, 0.00353329
_15523_, 188.82, 244.8, 0.00353329
_16818_, 188.82, 244.8, 0.00353329
_18138_, 188.82, 244.8, 0.00353329
FILLER_0_85_387, 188.82, 244.8, 0.00353329
FILLER_0_86_403, 188.82, 244.8, 0.00353329
_09725_, 188.82, 239.36, 0.00348551
_09962_, 188.82, 239.36, 0.00348551
_15455_, 188.82, 239.36, 0.00348551
_15456_, 188.82, 239.36, 0.00348551
_16000_, 188.82, 239.36, 0.00348551
_18170_, 188.82, 239.36, 0.00348551
FILLER_0_84_404, 188.82, 239.36, 0.00348551
_14330_, 188.82, 233.92, 0.00342781
_18682_, 188.82, 233.92, 0.00342781
FILLER_0_81_393, 188.82, 233.92, 0.00342781
FILLER_0_82_390, 188.82, 233.92, 0.00342781
_13611_, 188.82, 228.48, 0.00336286
_14329_, 188.82, 228.48, 0.00336286
_14770_, 188.82, 228.48, 0.00336286
_16249_, 188.82, 228.48, 0.00336286
_13862_, 188.82, 223.04, 0.00330992
_14977_, 188.82, 223.04, 0.00330992
_16248_, 188.82, 223.04, 0.00330992
_18394_, 188.82, 223.04, 0.00330992
_19002_, 188.82, 223.04, 0.00330992
FILLER_0_78_406, 188.82, 223.04, 0.00330992
FILLER_0_79_405, 188.82, 223.04, 0.00330992
_09957_, 188.82, 217.6, 0.0032425
_12209_, 188.82, 217.6, 0.0032425
_14976_, 188.82, 217.6, 0.0032425
FILLER_0_75_385, 188.82, 217.6, 0.0032425
FILLER_0_75_393, 188.82, 217.6, 0.0032425
FILLER_0_76_391, 188.82, 217.6, 0.0032425
FILLER_0_76_406, 188.82, 217.6, 0.0032425
_12192_, 188.82, 212.16, 0.00318942
FILLER_0_74_411, 188.82, 212.16, 0.00318942
_09961_, 188.82, 206.72, 0.0031317
_12196_, 188.82, 206.72, 0.0031317
_14123_, 188.82, 206.72, 0.0031317
_14192_, 188.82, 206.72, 0.0031317
_18778_, 188.82, 206.72, 0.0031317
_14122_, 188.82, 201.28, 0.00307545
_16383_, 188.82, 201.28, 0.00307545
FILLER_0_69_388, 188.82, 201.28, 0.00307545
FILLER_0_69_393, 188.82, 201.28, 0.00307545
FILLER_0_70_389, 188.82, 201.28, 0.00307545
_16239_, 188.82, 195.84, 0.00301775
_16316_, 188.82, 195.84, 0.00301775
_16675_, 188.82, 195.84, 0.00301775
_18874_, 188.82, 195.84, 0.00301775
FILLER_0_67_393, 188.82, 195.84, 0.00301775
FILLER_0_68_385, 188.82, 195.84, 0.00301775
FILLER_0_69_404, 188.82, 195.84, 0.00301775
_09546_, 188.82, 190.4, 0.00296787
_11745_, 188.82, 190.4, 0.00296787
_11782_, 188.82, 190.4, 0.00296787
_15484_, 188.82, 190.4, 0.00296787
_15485_, 188.82, 190.4, 0.00296787
_18157_, 188.82, 190.4, 0.00296787
FILLER_0_66_392, 188.82, 190.4, 0.00296787
FILLER_0_67_409, 188.82, 190.4, 0.00296787
_09507_, 188.82, 184.96, 0.00291998
_09509_, 188.82, 184.96, 0.00291998
_09566_, 188.82, 184.96, 0.00291998
_11802_, 188.82, 184.96, 0.00291998
_14712_, 188.82, 184.96, 0.00291998
_15487_, 188.82, 184.96, 0.00291998
_15986_, 188.82, 184.96, 0.00291998
_18156_, 188.82, 184.96, 0.00291998
FILLER_0_63_386, 188.82, 184.96, 0.00291998
_09505_, 188.82, 179.52, 0.00285064
_11742_, 188.82, 179.52, 0.00285064
_11803_, 188.82, 179.52, 0.00285064
FILLER_0_62_411, 188.82, 179.52, 0.00285064
_09567_, 188.82, 174.08, 0.00279382
_11743_, 188.82, 174.08, 0.00279382
_11783_, 188.82, 174.08, 0.00279382
_13568_, 188.82, 174.08, 0.00279382
_16944_, 188.82, 174.08, 0.00279382
FILLER_0_59_388, 188.82, 174.08, 0.00279382
FILLER_0_61_409, 188.82, 174.08, 0.00279382
_09109_, 188.82, 168.64, 0.00273972
_09547_, 188.82, 168.64, 0.00273972
_11747_, 188.82, 168.64, 0.00273972
FILLER_0_58_403, 188.82, 168.64, 0.00273972
FILLER_0_58_411, 188.82, 168.64, 0.00273972
FILLER_0_59_409, 188.82, 168.64, 0.00273972
_09510_, 188.82, 163.2, 0.00268639
_11732_, 188.82, 163.2, 0.00268639
_13569_, 188.82, 163.2, 0.00268639
_13841_, 188.82, 163.2, 0.00268639
clkbuf_leaf_165_i_clk, 188.82, 163.2, 0.00268639
FILLER_0_55_393, 188.82, 163.2, 0.00268639
FILLER_0_57_411, 188.82, 163.2, 0.00268639
_09493_, 188.82, 157.76, 0.00262168
_09494_, 188.82, 157.76, 0.00262168
_11731_, 188.82, 157.76, 0.00262168
_13570_, 188.82, 157.76, 0.00262168
_16945_, 188.82, 157.76, 0.00262168
FILLER_0_53_389, 188.82, 157.76, 0.00262168
FILLER_0_53_393, 188.82, 157.76, 0.00262168
FILLER_0_54_403, 188.82, 157.76, 0.00262168
FILLER_0_55_412, 188.82, 157.76, 0.00262168
_09486_, 188.82, 152.32, 0.00258327
_09537_, 188.82, 152.32, 0.00258327
_11730_, 188.82, 152.32, 0.00258327
_16405_, 188.82, 152.32, 0.00258327
hold305, 188.82, 152.32, 0.00258327
FILLER_0_51_386, 188.82, 152.32, 0.00258327
FILLER_0_52_397, 188.82, 152.32, 0.00258327
_09538_, 188.82, 146.88, 0.0025089
_09558_, 188.82, 146.88, 0.0025089
_14360_, 188.82, 146.88, 0.0025089
_16553_, 188.82, 146.88, 0.0025089
FILLER_0_49_388, 188.82, 146.88, 0.0025089
FILLER_0_50_402, 188.82, 146.88, 0.0025089
FILLER_0_51_405, 188.82, 146.88, 0.0025089
_09563_, 188.82, 141.44, 0.0024525
_09578_, 188.82, 141.44, 0.0024525
_11799_, 188.82, 141.44, 0.0024525
_11804_, 188.82, 141.44, 0.0024525
_11814_, 188.82, 141.44, 0.0024525
_16804_, 188.82, 141.44, 0.0024525
FILLER_0_47_393, 188.82, 141.44, 0.0024525
FILLER_0_48_389, 188.82, 141.44, 0.0024525
FILLER_0_49_402, 188.82, 141.44, 0.0024525
_09568_, 188.82, 136, 0.00238364
_14356_, 188.82, 136, 0.00238364
_14357_, 188.82, 136, 0.00238364
_16555_, 188.82, 136, 0.00238364
FILLER_0_45_388, 188.82, 136, 0.00238364
_09498_, 188.82, 130.56, 0.00233121
_11734_, 188.82, 130.56, 0.00233121
_11735_, 188.82, 130.56, 0.00233121
_11748_, 188.82, 130.56, 0.00233121
_16554_, 188.82, 130.56, 0.00233121
FILLER_0_44_403, 188.82, 130.56, 0.00233121
_09497_, 188.82, 125.12, 0.00227653
_09542_, 188.82, 125.12, 0.00227653
_09543_, 188.82, 125.12, 0.00227653
_09548_, 188.82, 125.12, 0.00227653
_11779_, 188.82, 125.12, 0.00227653
_11798_, 188.82, 125.12, 0.00227653
_09562_, 188.82, 119.68, 0.00222353
_11778_, 188.82, 119.68, 0.00222353
_11784_, 188.82, 119.68, 0.00222353
_14633_, 188.82, 119.68, 0.00222353
FILLER_0_39_389, 188.82, 119.68, 0.00222353
FILLER_0_40_388, 188.82, 119.68, 0.00222353
_09500_, 188.82, 114.24, 0.00222636
_11737_, 188.82, 114.24, 0.00222636
_13843_, 188.82, 114.24, 0.00222636
_18541_, 188.82, 114.24, 0.00222636
_18894_, 188.82, 114.24, 0.00222636
ANTENNA_12, 188.82, 114.24, 0.00222636
FILLER_0_38_392, 188.82, 114.24, 0.00222636
FILLER_0_39_405, 188.82, 114.24, 0.00222636
_11736_, 188.82, 108.8, 0.00222061
_13842_, 188.82, 108.8, 0.00222061
_16801_, 188.82, 108.8, 0.00222061
_16803_, 188.82, 108.8, 0.00222061
FILLER_0_35_385, 188.82, 108.8, 0.00222061
FILLER_0_36_410, 188.82, 108.8, 0.00222061
_09504_, 188.82, 103.36, 0.00222926
_09545_, 188.82, 103.36, 0.00222926
_11741_, 188.82, 103.36, 0.00222926
_09565_, 188.82, 97.92, 0.00223609
_11781_, 188.82, 97.92, 0.00223609
_11801_, 188.82, 97.92, 0.00223609
_16660_, 188.82, 97.92, 0.00223609
_18764_, 188.82, 97.92, 0.00223609
FILLER_0_33_401, 188.82, 97.92, 0.00223609
_11800_, 188.82, 92.48, 0.0022454
_13637_, 188.82, 92.48, 0.0022454
_14155_, 188.82, 92.48, 0.0022454
_14156_, 188.82, 92.48, 0.0022454
_16659_, 188.82, 92.48, 0.0022454
FILLER_0_29_393, 188.82, 92.48, 0.0022454
_09503_, 188.82, 87.04, 0.00225411
_09564_, 188.82, 87.04, 0.00225411
_11740_, 188.82, 87.04, 0.00225411
_13638_, 188.82, 87.04, 0.00225411
FILLER_0_27_389, 188.82, 87.04, 0.00225411
FILLER_0_28_386, 188.82, 87.04, 0.00225411
_13504_, 188.82, 81.6, 0.00226386
_13639_, 188.82, 81.6, 0.00226386
_13643_, 188.82, 81.6, 0.00226386
_16910_, 188.82, 81.6, 0.00226386
_18988_, 188.82, 81.6, 0.00226386
_18990_, 188.82, 81.6, 0.00226386
FILLER_0_27_406, 188.82, 81.6, 0.00226386
_09487_, 188.82, 76.16, 0.00228326
_11725_, 188.82, 76.16, 0.00228326
_16908_, 188.82, 76.16, 0.00228326
FILLER_0_24_397, 188.82, 76.16, 0.00228326
_09488_, 188.82, 70.72, 0.00227633
_09489_, 188.82, 70.72, 0.00227633
_09491_, 188.82, 70.72, 0.00227633
_11724_, 188.82, 70.72, 0.00227633
_13774_, 188.82, 70.72, 0.00227633
_14934_, 188.82, 70.72, 0.00227633
_15071_, 188.82, 70.72, 0.00227633
FILLER_0_21_385, 188.82, 70.72, 0.00227633
FILLER_0_22_406, 188.82, 70.72, 0.00227633
FILLER_0_23_405, 188.82, 70.72, 0.00227633
_09492_, 188.82, 65.28, 0.00229126
_11728_, 188.82, 65.28, 0.00229126
_11729_, 188.82, 65.28, 0.00229126
_11797_, 188.82, 65.28, 0.00229126
_14935_, 188.82, 65.28, 0.00229126
_14936_, 188.82, 65.28, 0.00229126
_18414_, 188.82, 65.28, 0.00229126
FILLER_0_19_389, 188.82, 65.28, 0.00229126
FILLER_0_19_393, 188.82, 65.28, 0.00229126
FILLER_0_20_385, 188.82, 65.28, 0.00229126
FILLER_0_20_407, 188.82, 65.28, 0.00229126
_09561_, 188.82, 59.84, 0.00229089
_11777_, 188.82, 59.84, 0.00229089
_14939_, 188.82, 59.84, 0.00229089
_16050_, 188.82, 59.84, 0.00229089
FILLER_0_18_385, 188.82, 59.84, 0.00229089
FILLER_0_18_393, 188.82, 59.84, 0.00229089
FILLER_0_18_404, 188.82, 59.84, 0.00229089
FILLER_0_19_404, 188.82, 59.84, 0.00229089
_09540_, 188.82, 54.4, 0.00229574
_09541_, 188.82, 54.4, 0.00229574
_09560_, 188.82, 54.4, 0.00229574
_11776_, 188.82, 54.4, 0.00229574
_11796_, 188.82, 54.4, 0.00229574
_15074_, 188.82, 54.4, 0.00229574
FILLER_0_17_411, 188.82, 54.4, 0.00229574
_14937_, 188.82, 48.96, 0.0023012
_14938_, 188.82, 48.96, 0.0023012
_15075_, 188.82, 48.96, 0.0023012
_18413_, 188.82, 48.96, 0.0023012
FILLER_0_13_385, 188.82, 48.96, 0.0023012
FILLER_0_14_401, 188.82, 48.96, 0.0023012
_15072_, 188.82, 43.52, 0.00232157
_15073_, 188.82, 43.52, 0.00232157
_16199_, 188.82, 43.52, 0.00232157
_16234_, 188.82, 43.52, 0.00232157
_18349_, 188.82, 43.52, 0.00232157
_18350_, 188.82, 43.52, 0.00232157
FILLER_0_12_392, 188.82, 43.52, 0.00232157
FILLER_0_12_412, 188.82, 43.52, 0.00232157
FILLER_0_13_405, 188.82, 43.52, 0.00232157
_15077_, 188.82, 38.08, 0.0023105
_16235_, 188.82, 38.08, 0.0023105
_18348_, 188.82, 38.08, 0.0023105
FILLER_0_9_393, 188.82, 38.08, 0.0023105
FILLER_0_10_389, 188.82, 38.08, 0.0023105
_15076_, 188.82, 32.64, 0.0023127
FILLER_0_7_385, 188.82, 32.64, 0.0023127
FILLER_0_8_412, 188.82, 32.64, 0.0023127
FILLER_0_5_385, 188.82, 27.2, 0.00231079
FILLER_0_3_385, 188.82, 21.76, 0.00231302
FILLER_0_1_385, 188.82, 16.32, 0.00231342
FILLER_0_172_357, 163.82, 478.72, 0.00475904
FILLER_0_170_357, 163.82, 473.28, 0.00475874
FILLER_0_168_357, 163.82, 467.84, 0.00475913
FILLER_0_166_357, 163.82, 462.4, 0.00475454
FILLER_0_164_357, 163.82, 456.96, 0.00475089
FILLER_0_162_357, 163.82, 451.52, 0.00474881
FILLER_0_160_357, 163.82, 446.08, 0.0047409
FILLER_0_158_357, 163.82, 440.64, 0.00473421
FILLER_0_156_357, 163.82, 435.2, 0.0047243
FILLER_0_153_333, 163.82, 429.76, 0.00471439
FILLER_0_153_337, 163.82, 429.76, 0.00471439
FILLER_0_154_357, 163.82, 429.76, 0.00471439
_16961_, 163.82, 424.32, 0.00472096
_16962_, 163.82, 424.32, 0.00472096
_19036_, 163.82, 424.32, 0.00472096
_19037_, 163.82, 424.32, 0.00472096
clkbuf_leaf_58_i_clk, 163.82, 424.32, 0.00472096
FILLER_0_153_349, 163.82, 424.32, 0.00472096
_13535_, 163.82, 418.88, 0.00470598
_13537_, 163.82, 418.88, 0.00470598
_13538_, 163.82, 418.88, 0.00470598
_13676_, 163.82, 418.88, 0.00470598
FILLER_0_150_351, 163.82, 418.88, 0.00470598
_13673_, 163.82, 413.44, 0.00468772
_13674_, 163.82, 413.44, 0.00468772
_16891_, 163.82, 413.44, 0.00468772
_18972_, 163.82, 413.44, 0.00468772
_18973_, 163.82, 413.44, 0.00468772
FILLER_0_148_354, 163.82, 413.44, 0.00468772
FILLER_0_149_346, 163.82, 413.44, 0.00468772
_09899_, 163.82, 408, 0.00466931
_12135_, 163.82, 408, 0.00466931
_16643_, 163.82, 408, 0.00466931
FILLER_0_146_353, 163.82, 408, 0.00466931
FILLER_0_147_357, 163.82, 408, 0.00466931
_09880_, 163.82, 402.56, 0.00465784
_14119_, 163.82, 402.56, 0.00465784
_14189_, 163.82, 402.56, 0.00465784
_18780_, 163.82, 402.56, 0.00465784
FILLER_0_144_341, 163.82, 402.56, 0.00465784
FILLER_0_144_349, 163.82, 402.56, 0.00465784
FILLER_0_145_349, 163.82, 402.56, 0.00465784
_16678_, 163.82, 397.12, 0.00464437
_18748_, 163.82, 397.12, 0.00464437
_18781_, 163.82, 397.12, 0.00464437
FILLER_0_142_357, 163.82, 397.12, 0.00464437
FILLER_0_143_349, 163.82, 397.12, 0.00464437
_12136_, 163.82, 391.68, 0.00462031
_14116_, 163.82, 391.68, 0.00462031
_18749_, 163.82, 391.68, 0.00462031
FILLER_0_139_337, 163.82, 391.68, 0.00462031
_13878_, 163.82, 386.24, 0.00459928
_14186_, 163.82, 386.24, 0.00459928
_14187_, 163.82, 386.24, 0.00459928
_16785_, 163.82, 386.24, 0.00459928
_16786_, 163.82, 386.24, 0.00459928
_18877_, 163.82, 386.24, 0.00459928
FILLER_0_138_334, 163.82, 386.24, 0.00459928
FILLER_0_138_342, 163.82, 386.24, 0.00459928
FILLER_0_138_349, 163.82, 386.24, 0.00459928
_13877_, 163.82, 380.8, 0.0045735
FILLER_0_135_331, 163.82, 380.8, 0.0045735
FILLER_0_135_337, 163.82, 380.8, 0.0045735
FILLER_0_136_333, 163.82, 380.8, 0.0045735
FILLER_0_137_357, 163.82, 380.8, 0.0045735
_14667_, 163.82, 375.36, 0.00455308
_16714_, 163.82, 375.36, 0.00455308
_18525_, 163.82, 375.36, 0.00455308
FILLER_0_133_340, 163.82, 375.36, 0.00455308
FILLER_0_134_335, 163.82, 375.36, 0.00455308
_09897_, 163.82, 369.92, 0.00453352
_12133_, 163.82, 369.92, 0.00453352
_14666_, 163.82, 369.92, 0.00453352
FILLER_0_131_337, 163.82, 369.92, 0.00453352
FILLER_0_132_347, 163.82, 369.92, 0.00453352
FILLER_0_132_357, 163.82, 369.92, 0.00453352
_14043_, 163.82, 364.48, 0.00452347
_14044_, 163.82, 364.48, 0.00452347
_14392_, 163.82, 364.48, 0.00452347
_18813_, 163.82, 364.48, 0.00452347
FILLER_0_129_333, 163.82, 364.48, 0.00452347
FILLER_0_129_337, 163.82, 364.48, 0.00452347
_12134_, 163.82, 359.04, 0.00447108
_14391_, 163.82, 359.04, 0.00447108
_18653_, 163.82, 359.04, 0.00447108
FILLER_0_127_332, 163.82, 359.04, 0.00447108
FILLER_0_128_332, 163.82, 359.04, 0.00447108
_09898_, 163.82, 353.6, 0.00444618
_15579_, 163.82, 353.6, 0.00444618
_18110_, 163.82, 353.6, 0.00444618
hold341, 163.82, 353.6, 0.00444618
FILLER_0_125_333, 163.82, 353.6, 0.00444618
FILLER_0_126_338, 163.82, 353.6, 0.00444618
FILLER_0_126_344, 163.82, 353.6, 0.00444618
FILLER_0_127_349, 163.82, 353.6, 0.00444618
_09893_, 163.82, 348.16, 0.00443121
_12119_, 163.82, 348.16, 0.00443121
_12129_, 163.82, 348.16, 0.00443121
_15933_, 163.82, 348.16, 0.00443121
_18109_, 163.82, 348.16, 0.00443121
FILLER_0_124_350, 163.82, 348.16, 0.00443121
_09903_, 163.82, 342.72, 0.00438495
FILLER_0_121_331, 163.82, 342.72, 0.00438495
FILLER_0_122_357, 163.82, 342.72, 0.00438495
FILLER_0_123_347, 163.82, 342.72, 0.00438495
_12118_, 163.82, 337.28, 0.00434781
_13604_, 163.82, 337.28, 0.00434781
_14323_, 163.82, 337.28, 0.00434781
_16928_, 163.82, 337.28, 0.00434781
hold393, 163.82, 337.28, 0.00434781
FILLER_0_120_345, 163.82, 337.28, 0.00434781
FILLER_0_121_349, 163.82, 337.28, 0.00434781
_09882_, 163.82, 331.84, 0.00431202
_12138_, 163.82, 331.84, 0.00431202
_18685_, 163.82, 331.84, 0.00431202
_19005_, 163.82, 331.84, 0.00431202
FILLER_0_117_332, 163.82, 331.84, 0.00431202
_09175_, 163.82, 326.4, 0.00428801
_13605_, 163.82, 326.4, 0.00428801
_14761_, 163.82, 326.4, 0.00428801
FILLER_0_115_337, 163.82, 326.4, 0.00428801
FILLER_0_116_355, 163.82, 326.4, 0.00428801
_09901_, 163.82, 320.96, 0.00424414
_12137_, 163.82, 320.96, 0.00424414
_14042_, 163.82, 320.96, 0.00424414
_15517_, 163.82, 320.96, 0.00424414
_15518_, 163.82, 320.96, 0.00424414
_18141_, 163.82, 320.96, 0.00424414
_15967_, 163.82, 315.52, 0.00418396
FILLER_0_113_353, 163.82, 315.52, 0.00418396
_15452_, 163.82, 310.08, 0.00414715
_15519_, 163.82, 310.08, 0.00414715
_15520_, 163.82, 310.08, 0.00414715
_18140_, 163.82, 310.08, 0.00414715
_18172_, 163.82, 310.08, 0.00414715
FILLER_0_110_338, 163.82, 310.08, 0.00414715
_15451_, 163.82, 304.64, 0.0041112
_16002_, 163.82, 304.64, 0.0041112
_16003_, 163.82, 304.64, 0.0041112
clkbuf_leaf_33_i_clk, 163.82, 304.64, 0.0041112
FILLER_0_108_356, 163.82, 304.64, 0.0041112
_15453_, 163.82, 299.2, 0.00404693
_16001_, 163.82, 299.2, 0.00404693
FILLER_0_106_354, 163.82, 299.2, 0.00404693
_15454_, 163.82, 293.76, 0.004009
_15521_, 163.82, 293.76, 0.004009
_15965_, 163.82, 293.76, 0.004009
_18139_, 163.82, 293.76, 0.004009
_18683_, 163.82, 293.76, 0.004009
_09941_, 163.82, 288.32, 0.00395208
_15434_, 163.82, 288.32, 0.00395208
_15522_, 163.82, 288.32, 0.00395208
FILLER_0_101_333, 163.82, 288.32, 0.00395208
FILLER_0_102_332, 163.82, 288.32, 0.00395208
FILLER_0_102_344, 163.82, 288.32, 0.00395208
_09940_, 163.82, 282.88, 0.00392649
_14050_, 163.82, 282.88, 0.00392649
_16640_, 163.82, 282.88, 0.00392649
clkbuf_4_6__f_i_clk, 163.82, 282.88, 0.00392649
hold413, 163.82, 282.88, 0.00392649
FILLER_0_100_347, 163.82, 282.88, 0.00392649
FILLER_0_101_349, 163.82, 282.88, 0.00392649
_12176_, 163.82, 277.44, 0.00384865
_18651_, 163.82, 277.44, 0.00384865
_18811_, 163.82, 277.44, 0.00384865
FILLER_0_97_332, 163.82, 277.44, 0.00384865
FILLER_0_98_340, 163.82, 277.44, 0.00384865
FILLER_0_99_345, 163.82, 277.44, 0.00384865
_13810_, 163.82, 272, 0.00379071
_14395_, 163.82, 272, 0.00379071
_14396_, 163.82, 272, 0.00379071
_16252_, 163.82, 266.56, 0.00373438
_18397_, 163.82, 266.56, 0.00373438
hold384, 163.82, 266.56, 0.00373438
FILLER_0_95_349, 163.82, 266.56, 0.00373438
_09896_, 163.82, 261.12, 0.00368596
_12132_, 163.82, 261.12, 0.00368596
_14970_, 163.82, 261.12, 0.00368596
_14971_, 163.82, 261.12, 0.00368596
_16820_, 163.82, 261.12, 0.00368596
clkbuf_leaf_31_i_clk, 163.82, 261.12, 0.00368596
FILLER_0_91_331, 163.82, 261.12, 0.00368596
FILLER_0_92_356, 163.82, 261.12, 0.00368596
_16251_, 163.82, 255.68, 0.00361757
_16253_, 163.82, 255.68, 0.00361757
_18396_, 163.82, 255.68, 0.00361757
FILLER_0_89_337, 163.82, 255.68, 0.00361757
_09895_, 163.82, 250.24, 0.00355623
_14972_, 163.82, 250.24, 0.00355623
_14973_, 163.82, 250.24, 0.00355623
FILLER_0_87_337, 163.82, 250.24, 0.00355623
FILLER_0_88_357, 163.82, 250.24, 0.00355623
_12131_, 163.82, 244.8, 0.00350029
_12171_, 163.82, 244.8, 0.00350029
_15107_, 163.82, 244.8, 0.00350029
_15108_, 163.82, 244.8, 0.00350029
hold367, 163.82, 244.8, 0.00350029
_15038_, 163.82, 239.36, 0.00344293
_15109_, 163.82, 239.36, 0.00344293
_15110_, 163.82, 239.36, 0.00344293
_16180_, 163.82, 239.36, 0.00344293
FILLER_0_83_333, 163.82, 239.36, 0.00344293
FILLER_0_84_356, 163.82, 239.36, 0.00344293
_15041_, 163.82, 233.92, 0.00339284
_15042_, 163.82, 233.92, 0.00339284
_15043_, 163.82, 233.92, 0.00339284
_16216_, 163.82, 233.92, 0.00339284
clkbuf_leaf_25_i_clk, 163.82, 233.92, 0.00339284
FILLER_0_82_346, 163.82, 233.92, 0.00339284
FILLER_0_83_349, 163.82, 233.92, 0.00339284
_18332_, 163.82, 228.48, 0.00332761
_18363_, 163.82, 228.48, 0.00332761
_15092_, 163.82, 223.04, 0.00326425
_16177_, 163.82, 223.04, 0.00326425
FILLER_0_77_337, 163.82, 223.04, 0.00326425
FILLER_0_77_343, 163.82, 223.04, 0.00326425
FILLER_0_78_357, 163.82, 223.04, 0.00326425
_13520_, 163.82, 217.6, 0.00320451
_15113_, 163.82, 217.6, 0.00320451
_15114_, 163.82, 217.6, 0.00320451
_18362_, 163.82, 217.6, 0.00320451
FILLER_0_75_333, 163.82, 217.6, 0.00320451
_15045_, 163.82, 212.16, 0.00314518
_16213_, 163.82, 212.16, 0.00314518
_16958_, 163.82, 212.16, 0.00314518
_19034_, 163.82, 212.16, 0.00314518
FILLER_0_74_344, 163.82, 212.16, 0.00314518
_13541_, 163.82, 206.72, 0.00308627
_13542_, 163.82, 206.72, 0.00308627
_15981_, 163.82, 206.72, 0.00308627
_15982_, 163.82, 206.72, 0.00308627
_18155_, 163.82, 206.72, 0.00308627
_15488_, 163.82, 201.28, 0.00302635
_15489_, 163.82, 201.28, 0.00302635
FILLER_0_69_333, 163.82, 201.28, 0.00302635
FILLER_0_70_354, 163.82, 201.28, 0.00302635
FILLER_0_71_357, 163.82, 201.28, 0.00302635
_15421_, 163.82, 195.84, 0.00296048
_16018_, 163.82, 195.84, 0.00296048
_16019_, 163.82, 195.84, 0.00296048
_18187_, 163.82, 195.84, 0.00296048
_09586_, 163.82, 190.4, 0.00290089
_11822_, 163.82, 190.4, 0.00290089
_14721_, 163.82, 190.4, 0.00290089
_15420_, 163.82, 190.4, 0.00290089
_15995_, 163.82, 190.4, 0.00290089
FILLER_0_67_357, 163.82, 190.4, 0.00290089
_11842_, 163.82, 184.96, 0.00283571
_15414_, 163.82, 184.96, 0.00283571
_15415_, 163.82, 184.96, 0.00283571
_15419_, 163.82, 184.96, 0.00283571
_18188_, 163.82, 184.96, 0.00283571
FILLER_0_65_348, 163.82, 184.96, 0.00283571
_09607_, 163.82, 179.52, 0.00276931
_14297_, 163.82, 179.52, 0.00276931
_16586_, 163.82, 179.52, 0.00276931
_18190_, 163.82, 179.52, 0.00276931
_18698_, 163.82, 179.52, 0.00276931
FILLER_0_63_349, 163.82, 179.52, 0.00276931
_14296_, 163.82, 174.08, 0.00270665
_14718_, 163.82, 174.08, 0.00270665
clkbuf_leaf_22_i_clk, 163.82, 174.08, 0.00270665
_09121_, 163.82, 168.64, 0.00263729
_13577_, 163.82, 168.64, 0.00263729
_13999_, 163.82, 168.64, 0.00263729
_14002_, 163.82, 168.64, 0.00263729
_16941_, 163.82, 168.64, 0.00263729
FILLER_0_58_349, 163.82, 168.64, 0.00263729
_11823_, 163.82, 163.2, 0.00256024
_13575_, 163.82, 163.2, 0.00256024
_16017_, 163.82, 163.2, 0.00256024
_16938_, 163.82, 163.2, 0.00256024
_18699_, 163.82, 163.2, 0.00256024
FILLER_0_55_331, 163.82, 163.2, 0.00256024
_13576_, 163.82, 157.76, 0.00248596
_14295_, 163.82, 157.76, 0.00248596
_16587_, 163.82, 157.76, 0.00248596
_16949_, 163.82, 157.76, 0.00248596
_19019_, 163.82, 157.76, 0.00248596
hold328, 163.82, 157.76, 0.00248596
FILLER_0_54_341, 163.82, 157.76, 0.00248596
FILLER_0_54_349, 163.82, 157.76, 0.00248596
FILLER_0_54_357, 163.82, 157.76, 0.00248596
_15556_, 163.82, 152.32, 0.00241508
_15942_, 163.82, 152.32, 0.00241508
_15944_, 163.82, 152.32, 0.00241508
_18122_, 163.82, 152.32, 0.00241508
FILLER_0_52_338, 163.82, 152.32, 0.00241508
_09618_, 163.82, 146.88, 0.00234838
_14363_, 163.82, 146.88, 0.00234838
_15555_, 163.82, 146.88, 0.00234838
_15559_, 163.82, 146.88, 0.00234838
hold332, 163.82, 146.88, 0.00234838
FILLER_0_49_337, 163.82, 146.88, 0.00234838
_11854_, 163.82, 141.44, 0.00227895
_18667_, 163.82, 141.44, 0.00227895
clkbuf_leaf_166_i_clk, 163.82, 141.44, 0.00227895
FILLER_0_48_341, 163.82, 141.44, 0.00227895
FILLER_0_48_355, 163.82, 141.44, 0.00227895
_14001_, 163.82, 136, 0.00217575
_14003_, 163.82, 136, 0.00217575
_16728_, 163.82, 136, 0.00217575
FILLER_0_46_351, 163.82, 136, 0.00217575
_09603_, 163.82, 130.56, 0.0020986
_16551_, 163.82, 130.56, 0.0020986
_18827_, 163.82, 130.56, 0.0020986
FILLER_0_44_357, 163.82, 130.56, 0.0020986
FILLER_0_45_346, 163.82, 130.56, 0.0020986
_09582_, 163.82, 125.12, 0.00202768
_09602_, 163.82, 125.12, 0.00202768
_09608_, 163.82, 125.12, 0.00202768
_11839_, 163.82, 125.12, 0.00202768
clkbuf_3_1_0_i_clk, 163.82, 125.12, 0.00202768
FILLER_0_41_344, 163.82, 125.12, 0.00202768
_11844_, 163.82, 119.68, 0.00194284
_14638_, 163.82, 119.68, 0.00194284
_16408_, 163.82, 119.68, 0.00194284
_18539_, 163.82, 119.68, 0.00194284
hold440, 163.82, 119.68, 0.00194284
FILLER_0_39_333, 163.82, 119.68, 0.00194284
_14637_, 163.82, 114.24, 0.00196704
_16799_, 163.82, 114.24, 0.00196704
_16800_, 163.82, 114.24, 0.00196704
_18891_, 163.82, 114.24, 0.00196704
clkbuf_leaf_167_i_clk, 163.82, 114.24, 0.00196704
FILLER_0_37_340, 163.82, 114.24, 0.00196704
FILLER_0_38_340, 163.82, 114.24, 0.00196704
FILLER_0_39_352, 163.82, 114.24, 0.00196704
_13848_, 163.82, 108.8, 0.00197946
_13849_, 163.82, 108.8, 0.00197946
FILLER_0_36_336, 163.82, 108.8, 0.00197946
FILLER_0_36_344, 163.82, 108.8, 0.00197946
_09605_, 163.82, 103.36, 0.00200917
_14157_, 163.82, 103.36, 0.00200917
_14158_, 163.82, 103.36, 0.00200917
_16883_, 163.82, 103.36, 0.00200917
FILLER_0_34_345, 163.82, 103.36, 0.00200917
_11841_, 163.82, 97.92, 0.00203672
_16872_, 163.82, 97.92, 0.00203672
_16905_, 163.82, 97.92, 0.00203672
_16960_, 163.82, 97.92, 0.00203672
_18763_, 163.82, 97.92, 0.00203672
_09604_, 163.82, 92.48, 0.00205984
_11840_, 163.82, 92.48, 0.00205984
_16971_, 163.82, 92.48, 0.00205984
_16976_, 163.82, 92.48, 0.00205984
FILLER_0_31_351, 163.82, 92.48, 0.00205984
_11820_, 163.82, 87.04, 0.00208865
_16250_, 163.82, 87.04, 0.00208865
_16977_, 163.82, 87.04, 0.00208865
_19051_, 163.82, 87.04, 0.00208865
FILLER_0_27_337, 163.82, 87.04, 0.00208865
_13506_, 163.82, 81.6, 0.00210501
_13507_, 163.82, 81.6, 0.00210501
_18986_, 163.82, 81.6, 0.00210501
FILLER_0_26_353, 163.82, 81.6, 0.00210501
_13647_, 163.82, 76.16, 0.00212721
_16906_, 163.82, 76.16, 0.00212721
_16907_, 163.82, 76.16, 0.00212721
_18987_, 163.82, 76.16, 0.00212721
FILLER_0_23_331, 163.82, 76.16, 0.00212721
FILLER_0_23_337, 163.82, 76.16, 0.00212721
FILLER_0_24_334, 163.82, 76.16, 0.00212721
_13644_, 163.82, 70.72, 0.00214061
_13645_, 163.82, 70.72, 0.00214061
_13782_, 163.82, 70.72, 0.00214061
FILLER_0_21_332, 163.82, 70.72, 0.00214061
FILLER_0_21_337, 163.82, 70.72, 0.00214061
FILLER_0_22_333, 163.82, 70.72, 0.00214061
FILLER_0_23_345, 163.82, 70.72, 0.00214061
_09601_, 163.82, 65.28, 0.00216764
_13781_, 163.82, 65.28, 0.00216764
_14943_, 163.82, 65.28, 0.00216764
_16266_, 163.82, 65.28, 0.00216764
_16834_, 163.82, 65.28, 0.00216764
clkbuf_leaf_177_i_clk, 163.82, 65.28, 0.00216764
_11837_, 163.82, 59.84, 0.00217273
_18923_, 163.82, 59.84, 0.00217273
hold396, 163.82, 59.84, 0.00217273
FILLER_0_17_331, 163.82, 59.84, 0.00217273
_09580_, 163.82, 54.4, 0.00218275
_09600_, 163.82, 54.4, 0.00218275
_11836_, 163.82, 54.4, 0.00218275
_13780_, 163.82, 54.4, 0.00218275
FILLER_0_16_347, 163.82, 54.4, 0.00218275
FILLER_0_17_349, 163.82, 54.4, 0.00218275
_11816_, 163.82, 48.96, 0.00219477
_14941_, 163.82, 48.96, 0.00219477
_15078_, 163.82, 48.96, 0.00219477
_15079_, 163.82, 48.96, 0.00219477
FILLER_0_14_331, 163.82, 48.96, 0.00219477
FILLER_0_14_344, 163.82, 48.96, 0.00219477
FILLER_0_15_349, 163.82, 48.96, 0.00219477
_14942_, 163.82, 43.52, 0.0022156
_15080_, 163.82, 43.52, 0.0022156
_18347_, 163.82, 43.52, 0.0022156
_18411_, 163.82, 43.52, 0.0022156
FILLER_0_11_331, 163.82, 43.52, 0.0022156
_15009_, 163.82, 38.08, 0.00221201
_16195_, 163.82, 38.08, 0.00221201
_16196_, 163.82, 38.08, 0.00221201
_18379_, 163.82, 38.08, 0.00221201
FILLER_0_10_338, 163.82, 38.08, 0.00221201
FILLER_0_10_354, 163.82, 38.08, 0.00221201
FILLER_0_11_354, 163.82, 38.08, 0.00221201
_15010_, 163.82, 32.64, 0.0022184
_16231_, 163.82, 32.64, 0.0022184
_16232_, 163.82, 32.64, 0.0022184
FILLER_0_8_346, 163.82, 32.64, 0.0022184
FILLER_0_6_357, 163.82, 27.2, 0.00221611
FILLER_0_4_357, 163.82, 21.76, 0.00222039
FILLER_0_2_357, 163.82, 16.32, 0.00222256
FILLER_0_0_333, 163.82, 10.88, 0.00222563
FILLER_0_174_277, 138.82, 484.16, 0.00470462
FILLER_0_172_301, 138.82, 478.72, 0.00470145
FILLER_0_170_301, 138.82, 473.28, 0.00470088
FILLER_0_168_301, 138.82, 467.84, 0.00469968
FILLER_0_166_301, 138.82, 462.4, 0.00469526
FILLER_0_164_301, 138.82, 456.96, 0.00469086
FILLER_0_162_301, 138.82, 451.52, 0.00468662
FILLER_0_160_301, 138.82, 446.08, 0.00468079
FILLER_0_158_301, 138.82, 440.64, 0.00467342
FILLER_0_156_301, 138.82, 435.2, 0.00466422
FILLER_0_154_301, 138.82, 429.76, 0.00465481
_19039_, 138.82, 424.32, 0.00465332
FILLER_0_152_299, 138.82, 424.32, 0.00465332
_13531_, 138.82, 418.88, 0.00464751
_13532_, 138.82, 418.88, 0.00464751
_13670_, 138.82, 418.88, 0.00464751
_16964_, 138.82, 418.88, 0.00464751
_18975_, 138.82, 418.88, 0.00464751
FILLER_0_149_281, 138.82, 418.88, 0.00464751
FILLER_0_150_299, 138.82, 418.88, 0.00464751
_12055_, 138.82, 413.44, 0.00462428
_13669_, 138.82, 413.44, 0.00462428
FILLER_0_148_286, 138.82, 413.44, 0.00462428
FILLER_0_148_302, 138.82, 413.44, 0.00462428
_12056_, 138.82, 408, 0.0046113
_12095_, 138.82, 408, 0.0046113
_18753_, 138.82, 408, 0.0046113
FILLER_0_146_299, 138.82, 408, 0.0046113
FILLER_0_147_293, 138.82, 408, 0.0046113
_14108_, 138.82, 402.56, 0.00459989
_14109_, 138.82, 402.56, 0.00459989
_14178_, 138.82, 402.56, 0.00459989
FILLER_0_145_301, 138.82, 402.56, 0.00459989
_09820_, 138.82, 397.12, 0.00458028
_16646_, 138.82, 397.12, 0.00458028
_16682_, 138.82, 397.12, 0.00458028
FILLER_0_141_277, 138.82, 397.12, 0.00458028
FILLER_0_142_299, 138.82, 397.12, 0.00458028
FILLER_0_143_296, 138.82, 397.12, 0.00458028
_14112_, 138.82, 391.68, 0.00456863
_14113_, 138.82, 391.68, 0.00456863
_14182_, 138.82, 391.68, 0.00456863
_14183_, 138.82, 391.68, 0.00456863
_16680_, 138.82, 391.68, 0.00456863
clkbuf_leaf_56_i_clk, 138.82, 391.68, 0.00456863
FILLER_0_141_296, 138.82, 391.68, 0.00456863
_16787_, 138.82, 386.24, 0.0045433
_18751_, 138.82, 386.24, 0.0045433
_18783_, 138.82, 386.24, 0.0045433
_18879_, 138.82, 386.24, 0.0045433
FILLER_0_138_277, 138.82, 386.24, 0.0045433
FILLER_0_138_301, 138.82, 386.24, 0.0045433
_13873_, 138.82, 380.8, 0.00451639
_14663_, 138.82, 380.8, 0.00451639
FILLER_0_136_302, 138.82, 380.8, 0.00451639
_14662_, 138.82, 375.36, 0.00449668
_16395_, 138.82, 375.36, 0.00449668
_16396_, 138.82, 375.36, 0.00449668
_18526_, 138.82, 375.36, 0.00449668
FILLER_0_134_299, 138.82, 375.36, 0.00449668
FILLER_0_135_296, 138.82, 375.36, 0.00449668
_09857_, 138.82, 369.92, 0.00447912
_12093_, 138.82, 369.92, 0.00447912
_14038_, 138.82, 369.92, 0.00447912
_18815_, 138.82, 369.92, 0.00447912
FILLER_0_133_302, 138.82, 369.92, 0.00447912
_12094_, 138.82, 364.48, 0.00446317
_14037_, 138.82, 364.48, 0.00446317
_14388_, 138.82, 364.48, 0.00446317
_16718_, 138.82, 364.48, 0.00446317
FILLER_0_129_281, 138.82, 364.48, 0.00446317
FILLER_0_130_296, 138.82, 364.48, 0.00446317
FILLER_0_131_293, 138.82, 364.48, 0.00446317
_14387_, 138.82, 359.04, 0.00441561
_15572_, 138.82, 359.04, 0.00441561
_18655_, 138.82, 359.04, 0.00441561
hold313, 138.82, 359.04, 0.00441561
FILLER_0_128_303, 138.82, 359.04, 0.00441561
_12059_, 138.82, 353.6, 0.00439067
_12069_, 138.82, 353.6, 0.00439067
_15575_, 138.82, 353.6, 0.00439067
_15937_, 138.82, 353.6, 0.00439067
_09823_, 138.82, 348.16, 0.00437131
_09833_, 138.82, 348.16, 0.00437131
_15573_, 138.82, 348.16, 0.00437131
_15574_, 138.82, 348.16, 0.00437131
_15576_, 138.82, 348.16, 0.00437131
_18113_, 138.82, 348.16, 0.00437131
hold308, 138.82, 348.16, 0.00437131
hold320, 138.82, 348.16, 0.00437131
_15935_, 138.82, 342.72, 0.00432674
FILLER_0_121_277, 138.82, 342.72, 0.00432674
_13600_, 138.82, 337.28, 0.00429696
_13601_, 138.82, 337.28, 0.00429696
_14320_, 138.82, 337.28, 0.00429696
_16574_, 138.82, 337.28, 0.00429696
_18687_, 138.82, 337.28, 0.00429696
hold311, 138.82, 337.28, 0.00429696
FILLER_0_119_281, 138.82, 337.28, 0.00429696
FILLER_0_120_287, 138.82, 337.28, 0.00429696
_15938_, 138.82, 331.84, 0.00426043
_19007_, 138.82, 331.84, 0.00426043
FILLER_0_117_281, 138.82, 331.84, 0.00426043
FILLER_0_117_289, 138.82, 331.84, 0.00426043
FILLER_0_118_283, 138.82, 331.84, 0.00426043
_09862_, 138.82, 326.4, 0.00424216
_14030_, 138.82, 326.4, 0.00424216
_14755_, 138.82, 326.4, 0.00424216
_16929_, 138.82, 326.4, 0.00424216
clkbuf_leaf_34_i_clk, 138.82, 326.4, 0.00424216
FILLER_0_115_287, 138.82, 326.4, 0.00424216
FILLER_0_116_289, 138.82, 326.4, 0.00424216
_09167_, 138.82, 320.96, 0.00419378
_15509_, 138.82, 320.96, 0.00419378
_15513_, 138.82, 320.96, 0.00419378
_18143_, 138.82, 320.96, 0.00419378
_18145_, 138.82, 320.96, 0.00419378
_12097_, 138.82, 315.52, 0.00414277
_15510_, 138.82, 315.52, 0.00414277
_15971_, 138.82, 315.52, 0.00414277
_15511_, 138.82, 310.08, 0.00409737
_15512_, 138.82, 310.08, 0.00409737
_15970_, 138.82, 310.08, 0.00409737
FILLER_0_110_285, 138.82, 310.08, 0.00409737
FILLER_0_110_298, 138.82, 310.08, 0.00409737
_15446_, 138.82, 304.64, 0.0040655
_18144_, 138.82, 304.64, 0.0040655
_18175_, 138.82, 304.64, 0.0040655
FILLER_0_108_279, 138.82, 304.64, 0.0040655
FILLER_0_108_302, 138.82, 304.64, 0.0040655
_13591_, 138.82, 299.2, 0.00400361
_16934_, 138.82, 299.2, 0.00400361
_19012_, 138.82, 299.2, 0.00400361
_09745_, 138.82, 293.76, 0.00396451
_13590_, 138.82, 293.76, 0.00396451
_14739_, 138.82, 293.76, 0.00396451
_15504_, 138.82, 293.76, 0.00396451
FILLER_0_104_292, 138.82, 293.76, 0.00396451
FILLER_0_105_301, 138.82, 293.76, 0.00396451
_09146_, 138.82, 288.32, 0.00391166
_09744_, 138.82, 288.32, 0.00391166
_11982_, 138.82, 288.32, 0.00391166
_14310_, 138.82, 288.32, 0.00391166
_16579_, 138.82, 288.32, 0.00391166
_18692_, 138.82, 288.32, 0.00391166
FILLER_0_102_297, 138.82, 288.32, 0.00391166
FILLER_0_103_303, 138.82, 288.32, 0.00391166
_09746_, 138.82, 282.88, 0.00386434
_11976_, 138.82, 282.88, 0.00386434
_11983_, 138.82, 282.88, 0.00386434
_12009_, 138.82, 282.88, 0.00386434
_14309_, 138.82, 282.88, 0.00386434
_09773_, 138.82, 277.44, 0.00381358
_14172_, 138.82, 277.44, 0.00381358
clkbuf_leaf_32_i_clk, 138.82, 277.44, 0.00381358
FILLER_0_97_281, 138.82, 277.44, 0.00381358
FILLER_0_98_302, 138.82, 277.44, 0.00381358
_14967_, 138.82, 272, 0.00374968
FILLER_0_96_289, 138.82, 272, 0.00374968
FILLER_0_96_301, 138.82, 272, 0.00374968
_12092_, 138.82, 266.56, 0.00369984
_13805_, 138.82, 266.56, 0.00369984
_13806_, 138.82, 266.56, 0.00369984
_18399_, 138.82, 266.56, 0.00369984
_18911_, 138.82, 266.56, 0.00369984
FILLER_0_93_281, 138.82, 266.56, 0.00369984
_09816_, 138.82, 261.12, 0.00363986
_16822_, 138.82, 261.12, 0.00363986
hold418, 138.82, 261.12, 0.00363986
hold435, 138.82, 261.12, 0.00363986
FILLER_0_91_289, 138.82, 261.12, 0.00363986
FILLER_0_93_301, 138.82, 261.12, 0.00363986
_09727_, 138.82, 255.68, 0.00358205
_13808_, 138.82, 255.68, 0.00358205
_16256_, 138.82, 255.68, 0.00358205
_18910_, 138.82, 255.68, 0.00358205
FILLER_0_89_277, 138.82, 255.68, 0.00358205
FILLER_0_89_281, 138.82, 255.68, 0.00358205
FILLER_0_91_297, 138.82, 255.68, 0.00358205
_14956_, 138.82, 250.24, 0.00352049
_16259_, 138.82, 250.24, 0.00352049
FILLER_0_88_299, 138.82, 250.24, 0.00352049
_09726_, 138.82, 244.8, 0.00346821
_09855_, 138.82, 244.8, 0.00346821
_11963_, 138.82, 244.8, 0.00346821
_11964_, 138.82, 244.8, 0.00346821
_15037_, 138.82, 244.8, 0.00346821
_18366_, 138.82, 244.8, 0.00346821
FILLER_0_85_281, 138.82, 244.8, 0.00346821
_12091_, 138.82, 239.36, 0.00340598
_16218_, 138.82, 239.36, 0.00340598
FILLER_0_84_286, 138.82, 239.36, 0.00340598
FILLER_0_84_296, 138.82, 239.36, 0.00340598
_15024_, 138.82, 233.92, 0.00334963
_15034_, 138.82, 233.92, 0.00334963
FILLER_0_82_287, 138.82, 233.92, 0.00334963
FILLER_0_82_299, 138.82, 233.92, 0.00334963
_15035_, 138.82, 228.48, 0.00329729
_15104_, 138.82, 228.48, 0.00329729
_16219_, 138.82, 228.48, 0.00329729
_16224_, 138.82, 228.48, 0.00329729
_18335_, 138.82, 228.48, 0.00329729
_18367_, 138.82, 228.48, 0.00329729
clkbuf_leaf_24_i_clk, 138.82, 228.48, 0.00329729
FILLER_0_80_281, 138.82, 228.48, 0.00329729
_13795_, 138.82, 223.04, 0.00322367
_15093_, 138.82, 223.04, 0.00322367
_15567_, 138.82, 223.04, 0.00322367
FILLER_0_78_295, 138.82, 223.04, 0.00322367
FILLER_0_78_303, 138.82, 223.04, 0.00322367
_15568_, 138.82, 217.6, 0.00316288
_16828_, 138.82, 217.6, 0.00316288
_17665_, 138.82, 217.6, 0.00316288
_18116_, 138.82, 217.6, 0.00316288
FILLER_0_75_281, 138.82, 217.6, 0.00316288
FILLER_0_76_294, 138.82, 217.6, 0.00316288
FILLER_0_77_290, 138.82, 217.6, 0.00316288
_15978_, 138.82, 212.16, 0.00309623
FILLER_0_73_284, 138.82, 212.16, 0.00309623
FILLER_0_75_300, 138.82, 212.16, 0.00309623
_14724_, 138.82, 206.72, 0.00304693
_14730_, 138.82, 206.72, 0.00304693
_15492_, 138.82, 206.72, 0.00304693
_15493_, 138.82, 206.72, 0.00304693
_15977_, 138.82, 206.72, 0.00304693
_18153_, 138.82, 206.72, 0.00304693
FILLER_0_73_292, 138.82, 206.72, 0.00304693
_15976_, 138.82, 201.28, 0.00297538
_15980_, 138.82, 201.28, 0.00297538
_16016_, 138.82, 201.28, 0.00297538
_18152_, 138.82, 201.28, 0.00297538
FILLER_0_69_281, 138.82, 201.28, 0.00297538
FILLER_0_70_283, 138.82, 201.28, 0.00297538
FILLER_0_70_290, 138.82, 201.28, 0.00297538
FILLER_0_70_303, 138.82, 201.28, 0.00297538
_15425_, 138.82, 195.84, 0.0029012
_15427_, 138.82, 195.84, 0.0029012
_16015_, 138.82, 195.84, 0.0029012
_18185_, 138.82, 195.84, 0.0029012
FILLER_0_67_281, 138.82, 195.84, 0.0029012
_09666_, 138.82, 190.4, 0.00283653
_11882_, 138.82, 190.4, 0.00283653
_11923_, 138.82, 190.4, 0.00283653
_15424_, 138.82, 190.4, 0.00283653
_18184_, 138.82, 190.4, 0.00283653
FILLER_0_65_288, 138.82, 190.4, 0.00283653
FILLER_0_66_284, 138.82, 190.4, 0.00283653
FILLER_0_66_297, 138.82, 190.4, 0.00283653
_09626_, 138.82, 184.96, 0.00275567
_11862_, 138.82, 184.96, 0.00275567
FILLER_0_64_291, 138.82, 184.96, 0.00275567
FILLER_0_64_302, 138.82, 184.96, 0.00275567
FILLER_0_65_302, 138.82, 184.96, 0.00275567
_11903_, 138.82, 179.52, 0.00268599
_18696_, 138.82, 179.52, 0.00268599
FILLER_0_61_289, 138.82, 179.52, 0.00268599
FILLER_0_62_283, 138.82, 179.52, 0.00268599
_11924_, 138.82, 174.08, 0.00260321
_14300_, 138.82, 174.08, 0.00260321
_14301_, 138.82, 174.08, 0.00260321
_09125_, 138.82, 168.64, 0.00253427
_09627_, 138.82, 168.64, 0.00253427
_14005_, 138.82, 168.64, 0.00253427
_14299_, 138.82, 168.64, 0.00253427
_18697_, 138.82, 168.64, 0.00253427
FILLER_0_58_277, 138.82, 168.64, 0.00253427
FILLER_0_58_290, 138.82, 168.64, 0.00253427
FILLER_0_59_293, 138.82, 168.64, 0.00253427
_13579_, 138.82, 163.2, 0.00243437
_14298_, 138.82, 163.2, 0.00243437
_19017_, 138.82, 163.2, 0.00243437
_09703_, 138.82, 157.76, 0.00235047
_09718_, 138.82, 157.76, 0.00235047
_11863_, 138.82, 157.76, 0.00235047
_11936_, 138.82, 157.76, 0.00235047
_15566_, 138.82, 157.76, 0.00235047
FILLER_0_53_281, 138.82, 157.76, 0.00235047
FILLER_0_54_285, 138.82, 157.76, 0.00235047
FILLER_0_55_293, 138.82, 157.76, 0.00235047
_09688_, 138.82, 152.32, 0.00226552
_11925_, 138.82, 152.32, 0.00226552
_11946_, 138.82, 152.32, 0.00226552
_18117_, 138.82, 152.32, 0.00226552
clkbuf_leaf_21_i_clk, 138.82, 152.32, 0.00226552
_09678_, 138.82, 146.88, 0.00217706
_09698_, 138.82, 146.88, 0.00217706
_11956_, 138.82, 146.88, 0.00217706
_15943_, 138.82, 146.88, 0.00217706
_18119_, 138.82, 146.88, 0.00217706
FILLER_0_49_281, 138.82, 146.88, 0.00217706
_11914_, 138.82, 141.44, 0.00206409
_15561_, 138.82, 141.44, 0.00206409
_15562_, 138.82, 141.44, 0.00206409
_09668_, 138.82, 136, 0.00193724
_11904_, 138.82, 136, 0.00193724
_16724_, 138.82, 136, 0.00193724
_16725_, 138.82, 136, 0.00193724
hold272, 138.82, 136, 0.00193724
FILLER_0_47_293, 138.82, 136, 0.00193724
_11859_, 138.82, 130.56, 0.0018177
_16651_, 138.82, 130.56, 0.0018177
_18824_, 138.82, 130.56, 0.0018177
FILLER_0_44_277, 138.82, 130.56, 0.0018177
_09642_, 138.82, 125.12, 0.00170384
_11878_, 138.82, 125.12, 0.00170384
_14009_, 138.82, 125.12, 0.00170384
_14010_, 138.82, 125.12, 0.00170384
FILLER_0_42_289, 138.82, 125.12, 0.00170384
_14643_, 138.82, 119.68, 0.00157935
_14644_, 138.82, 119.68, 0.00157935
_16407_, 138.82, 119.68, 0.00157935
_16672_, 138.82, 119.68, 0.00157935
_18536_, 138.82, 119.68, 0.00157935
FILLER_0_39_281, 138.82, 119.68, 0.00157935
FILLER_0_40_284, 138.82, 119.68, 0.00157935
FILLER_0_40_301, 138.82, 119.68, 0.00157935
_09685_, 138.82, 114.24, 0.00162847
_16653_, 138.82, 114.24, 0.00162847
FILLER_0_38_301, 138.82, 114.24, 0.00162847
_11922_, 138.82, 108.8, 0.00169438
_11943_, 138.82, 108.8, 0.00169438
_14164_, 138.82, 108.8, 0.00169438
FILLER_0_36_293, 138.82, 108.8, 0.00169438
FILLER_0_37_301, 138.82, 108.8, 0.00169438
_09665_, 138.82, 103.36, 0.0017572
_09705_, 138.82, 103.36, 0.0017572
_11901_, 138.82, 103.36, 0.0017572
_16652_, 138.82, 103.36, 0.0017572
_18760_, 138.82, 103.36, 0.0017572
FILLER_0_34_300, 138.82, 103.36, 0.0017572
_09625_, 138.82, 97.92, 0.00181528
_14161_, 138.82, 97.92, 0.00181528
_14162_, 138.82, 97.92, 0.00181528
_16654_, 138.82, 97.92, 0.00181528
FILLER_0_32_291, 138.82, 97.92, 0.00181528
_11900_, 138.82, 92.48, 0.00186916
_11942_, 138.82, 92.48, 0.00186916
_18761_, 138.82, 92.48, 0.00186916
FILLER_0_29_288, 138.82, 92.48, 0.00186916
FILLER_0_31_293, 138.82, 92.48, 0.00186916
_09624_, 138.82, 87.04, 0.00191504
_09664_, 138.82, 87.04, 0.00191504
_11860_, 138.82, 87.04, 0.00191504
FILLER_0_27_281, 138.82, 87.04, 0.00191504
_13510_, 138.82, 81.6, 0.00194956
_13511_, 138.82, 81.6, 0.00194956
_16973_, 138.82, 81.6, 0.00194956
_19049_, 138.82, 81.6, 0.00194956
FILLER_0_25_281, 138.82, 81.6, 0.00194956
_13648_, 138.82, 76.16, 0.00198198
_16904_, 138.82, 76.16, 0.00198198
_16975_, 138.82, 76.16, 0.00198198
_18985_, 138.82, 76.16, 0.00198198
FILLER_0_23_281, 138.82, 76.16, 0.00198198
FILLER_0_25_291, 138.82, 76.16, 0.00198198
FILLER_0_25_297, 138.82, 76.16, 0.00198198
FILLER_0_25_303, 138.82, 76.16, 0.00198198
_09701_, 138.82, 70.72, 0.00201395
_11939_, 138.82, 70.72, 0.00201395
_13649_, 138.82, 70.72, 0.00201395
_13784_, 138.82, 65.28, 0.00204165
_13785_, 138.82, 65.28, 0.00204165
_13787_, 138.82, 65.28, 0.00204165
_16833_, 138.82, 65.28, 0.00204165
FILLER_0_19_277, 138.82, 65.28, 0.00204165
FILLER_0_19_281, 138.82, 65.28, 0.00204165
FILLER_0_20_292, 138.82, 65.28, 0.00204165
FILLER_0_20_299, 138.82, 65.28, 0.00204165
_11897_, 138.82, 59.84, 0.00206313
_18920_, 138.82, 59.84, 0.00206313
_18921_, 138.82, 59.84, 0.00206313
FILLER_0_17_289, 138.82, 59.84, 0.00206313
FILLER_0_18_280, 138.82, 59.84, 0.00206313
_09620_, 138.82, 54.4, 0.00208105
_09621_, 138.82, 54.4, 0.00208105
_11856_, 138.82, 54.4, 0.00208105
_14946_, 138.82, 48.96, 0.00210443
_16263_, 138.82, 48.96, 0.00210443
_16265_, 138.82, 48.96, 0.00210443
clkbuf_leaf_176_i_clk, 138.82, 48.96, 0.00210443
FILLER_0_14_288, 138.82, 48.96, 0.00210443
FILLER_0_14_295, 138.82, 48.96, 0.00210443
FILLER_0_14_303, 138.82, 48.96, 0.00210443
_15085_, 138.82, 43.52, 0.0021162
_18409_, 138.82, 43.52, 0.0021162
FILLER_0_11_281, 138.82, 43.52, 0.0021162
FILLER_0_11_288, 138.82, 43.52, 0.0021162
FILLER_0_12_278, 138.82, 43.52, 0.0021162
_14945_, 138.82, 38.08, 0.00212189
_15082_, 138.82, 38.08, 0.00212189
_15084_, 138.82, 38.08, 0.00212189
_16193_, 138.82, 38.08, 0.00212189
_18344_, 138.82, 38.08, 0.00212189
_15013_, 138.82, 32.64, 0.00213515
_15016_, 138.82, 32.64, 0.00213515
_18376_, 138.82, 32.64, 0.00213515
_18377_, 138.82, 32.64, 0.00213515
FILLER_0_7_281, 138.82, 32.64, 0.00213515
_15014_, 138.82, 27.2, 0.00213267
FILLER_0_6_301, 138.82, 27.2, 0.00213267
FILLER_0_4_301, 138.82, 21.76, 0.00213853
FILLER_0_2_301, 138.82, 16.32, 0.00214201
output54, 138.82, 10.88, 0.00214634
ANTENNA_96, 138.82, 10.88, 0.00214634
FILLER_0_0_277, 138.82, 10.88, 0.00214634
FILLER_0_0_293, 138.82, 10.88, 0.00214634
output28, 113.82, 484.16, 0.00465764
FILLER_0_174_237, 113.82, 484.16, 0.00465764
FILLER_0_174_247, 113.82, 484.16, 0.00465764
FILLER_0_172_245, 113.82, 478.72, 0.00465341
FILLER_0_170_245, 113.82, 473.28, 0.00465275
FILLER_0_168_245, 113.82, 467.84, 0.00465112
FILLER_0_166_245, 113.82, 462.4, 0.00464662
FILLER_0_164_245, 113.82, 456.96, 0.00464193
FILLER_0_162_245, 113.82, 451.52, 0.0046371
FILLER_0_160_245, 113.82, 446.08, 0.0046317
FILLER_0_158_245, 113.82, 440.64, 0.00462405
FILLER_0_156_245, 113.82, 435.2, 0.00461489
FILLER_0_154_245, 113.82, 429.76, 0.00460548
_13530_, 113.82, 424.32, 0.00459889
FILLER_0_152_245, 113.82, 424.32, 0.00459889
_16965_, 113.82, 418.88, 0.00459298
_18976_, 113.82, 418.88, 0.00459298
_19040_, 113.82, 418.88, 0.00459298
FILLER_0_150_245, 113.82, 418.88, 0.00459298
_09839_, 113.82, 413.44, 0.00457373
_13529_, 113.82, 413.44, 0.00457373
_13667_, 113.82, 413.44, 0.00457373
_13668_, 113.82, 413.44, 0.00457373
_16895_, 113.82, 413.44, 0.00457373
_09779_, 113.82, 408, 0.0045627
_12015_, 113.82, 408, 0.0045627
_13661_, 113.82, 408, 0.0045627
_14181_, 113.82, 408, 0.0045627
_16898_, 113.82, 408, 0.0045627
FILLER_0_146_235, 113.82, 408, 0.0045627
_18784_, 113.82, 402.56, 0.00455809
clkbuf_leaf_55_i_clk, 113.82, 402.56, 0.00455809
FILLER_0_144_226, 113.82, 402.56, 0.00455809
FILLER_0_144_249, 113.82, 402.56, 0.00455809
_13663_, 113.82, 397.12, 0.0045331
_14110_, 113.82, 397.12, 0.0045331
_14111_, 113.82, 397.12, 0.0045331
_16897_, 113.82, 397.12, 0.0045331
_18752_, 113.82, 397.12, 0.0045331
FILLER_0_141_234, 113.82, 397.12, 0.0045331
FILLER_0_142_236, 113.82, 397.12, 0.0045331
_12035_, 113.82, 391.68, 0.00451417
_14104_, 113.82, 391.68, 0.00451417
_14105_, 113.82, 391.68, 0.00451417
_14175_, 113.82, 391.68, 0.00451417
_16685_, 113.82, 391.68, 0.00451417
FILLER_0_139_233, 113.82, 391.68, 0.00451417
FILLER_0_141_249, 113.82, 391.68, 0.00451417
_09799_, 113.82, 386.24, 0.00449462
_16684_, 113.82, 386.24, 0.00449462
_18786_, 113.82, 386.24, 0.00449462
FILLER_0_137_225, 113.82, 386.24, 0.00449462
FILLER_0_138_241, 113.82, 386.24, 0.00449462
FILLER_0_138_248, 113.82, 386.24, 0.00449462
FILLER_0_139_249, 113.82, 386.24, 0.00449462
_14106_, 113.82, 380.8, 0.00447172
_14107_, 113.82, 380.8, 0.00447172
_14656_, 113.82, 380.8, 0.00447172
_16400_, 113.82, 380.8, 0.00447172
FILLER_0_136_233, 113.82, 380.8, 0.00447172
_09777_, 113.82, 375.36, 0.00444684
_12033_, 113.82, 375.36, 0.00444684
_16399_, 113.82, 375.36, 0.00444684
FILLER_0_133_225, 113.82, 375.36, 0.00444684
FILLER_0_134_231, 113.82, 375.36, 0.00444684
FILLER_0_134_242, 113.82, 375.36, 0.00444684
FILLER_0_135_249, 113.82, 375.36, 0.00444684
_09797_, 113.82, 369.92, 0.00443103
_12013_, 113.82, 369.92, 0.00443103
_12073_, 113.82, 369.92, 0.00443103
_14660_, 113.82, 369.92, 0.00443103
_09778_, 113.82, 364.48, 0.0044032
_09837_, 113.82, 364.48, 0.0044032
_14658_, 113.82, 364.48, 0.0044032
hold400, 113.82, 364.48, 0.0044032
FILLER_0_129_234, 113.82, 364.48, 0.0044032
FILLER_0_130_241, 113.82, 364.48, 0.0044032
_09817_, 113.82, 359.04, 0.0043703
_12053_, 113.82, 359.04, 0.0043703
_16719_, 113.82, 359.04, 0.0043703
_18818_, 113.82, 359.04, 0.0043703
hold424, 113.82, 359.04, 0.0043703
FILLER_0_128_233, 113.82, 359.04, 0.0043703
_12034_, 113.82, 353.6, 0.00434252
_14028_, 113.82, 353.6, 0.00434252
_14029_, 113.82, 353.6, 0.00434252
_16542_, 113.82, 353.6, 0.00434252
FILLER_0_126_246, 113.82, 353.6, 0.00434252
_12074_, 113.82, 348.16, 0.00432444
_14034_, 113.82, 348.16, 0.00432444
_14035_, 113.82, 348.16, 0.00432444
_16717_, 113.82, 348.16, 0.00432444
_18816_, 113.82, 348.16, 0.00432444
FILLER_0_123_225, 113.82, 348.16, 0.00432444
FILLER_0_124_248, 113.82, 348.16, 0.00432444
FILLER_0_125_240, 113.82, 348.16, 0.00432444
_12079_, 113.82, 342.72, 0.00428381
_13595_, 113.82, 342.72, 0.00428381
_13599_, 113.82, 342.72, 0.00428381
FILLER_0_122_245, 113.82, 342.72, 0.00428381
FILLER_0_123_244, 113.82, 342.72, 0.00428381
_16930_, 113.82, 337.28, 0.00425201
_16932_, 113.82, 337.28, 0.00425201
_19010_, 113.82, 337.28, 0.00425201
FILLER_0_120_248, 113.82, 337.28, 0.00425201
FILLER_0_121_243, 113.82, 337.28, 0.00425201
_13594_, 113.82, 331.84, 0.00422218
_13598_, 113.82, 331.84, 0.00422218
clkbuf_leaf_35_i_clk, 113.82, 331.84, 0.00422218
FILLER_0_118_224, 113.82, 331.84, 0.00422218
FILLER_0_118_247, 113.82, 331.84, 0.00422218
_13596_, 113.82, 326.4, 0.00418654
_13597_, 113.82, 326.4, 0.00418654
_16933_, 113.82, 326.4, 0.00418654
_19011_, 113.82, 326.4, 0.00418654
FILLER_0_116_225, 113.82, 326.4, 0.00418654
FILLER_0_116_244, 113.82, 326.4, 0.00418654
FILLER_0_117_249, 113.82, 326.4, 0.00418654
_09151_, 113.82, 320.96, 0.00414999
_13592_, 113.82, 320.96, 0.00414999
_16931_, 113.82, 320.96, 0.00414999
_19009_, 113.82, 320.96, 0.00414999
FILLER_0_113_225, 113.82, 320.96, 0.00414999
FILLER_0_114_246, 113.82, 320.96, 0.00414999
_14024_, 113.82, 315.52, 0.00411332
_14033_, 113.82, 315.52, 0.00411332
_14743_, 113.82, 315.52, 0.00411332
_15441_, 113.82, 315.52, 0.00411332
FILLER_0_111_234, 113.82, 315.52, 0.00411332
FILLER_0_112_230, 113.82, 315.52, 0.00411332
FILLER_0_113_242, 113.82, 315.52, 0.00411332
_09163_, 113.82, 310.08, 0.00406541
_14752_, 113.82, 310.08, 0.00406541
_15438_, 113.82, 310.08, 0.00406541
_15443_, 113.82, 310.08, 0.00406541
_18179_, 113.82, 310.08, 0.00406541
FILLER_0_110_226, 113.82, 310.08, 0.00406541
FILLER_0_110_249, 113.82, 310.08, 0.00406541
_09155_, 113.82, 304.64, 0.00402397
_15437_, 113.82, 304.64, 0.00402397
_16008_, 113.82, 304.64, 0.00402397
_16009_, 113.82, 304.64, 0.00402397
_16010_, 113.82, 304.64, 0.00402397
_18178_, 113.82, 304.64, 0.00402397
FILLER_0_108_225, 113.82, 304.64, 0.00402397
FILLER_0_108_244, 113.82, 304.64, 0.00402397
_14027_, 113.82, 299.2, 0.00397461
_14746_, 113.82, 299.2, 0.00397461
_15439_, 113.82, 299.2, 0.00397461
_15440_, 113.82, 299.2, 0.00397461
_16899_, 113.82, 299.2, 0.00397461
FILLER_0_105_225, 113.82, 299.2, 0.00397461
FILLER_0_106_242, 113.82, 299.2, 0.00397461
_13659_, 113.82, 293.76, 0.00392296
_13660_, 113.82, 293.76, 0.00392296
_18980_, 113.82, 293.76, 0.00392296
FILLER_0_103_225, 113.82, 293.76, 0.00392296
FILLER_0_104_243, 113.82, 293.76, 0.00392296
_14023_, 113.82, 288.32, 0.00387204
_16721_, 113.82, 288.32, 0.00387204
_18820_, 113.82, 288.32, 0.00387204
FILLER_0_101_225, 113.82, 288.32, 0.00387204
FILLER_0_103_241, 113.82, 288.32, 0.00387204
FILLER_0_103_249, 113.82, 288.32, 0.00387204
_09733_, 113.82, 282.88, 0.00382313
_14022_, 113.82, 282.88, 0.00382313
_14652_, 113.82, 282.88, 0.00382313
_09732_, 113.82, 277.44, 0.00377581
_11969_, 113.82, 277.44, 0.00377581
_16401_, 113.82, 277.44, 0.00377581
FILLER_0_97_228, 113.82, 277.44, 0.00377581
FILLER_0_98_245, 113.82, 277.44, 0.00377581
_14965_, 113.82, 272, 0.00372473
clkbuf_leaf_38_i_clk, 113.82, 272, 0.00372473
FILLER_0_96_233, 113.82, 272, 0.00372473
FILLER_0_96_245, 113.82, 272, 0.00372473
FILLER_0_97_236, 113.82, 272, 0.00372473
_13797_, 113.82, 266.56, 0.00367058
_13803_, 113.82, 266.56, 0.00367058
_14959_, 113.82, 266.56, 0.00367058
_14964_, 113.82, 266.56, 0.00367058
_16258_, 113.82, 266.56, 0.00367058
_18400_, 113.82, 266.56, 0.00367058
FILLER_0_93_234, 113.82, 266.56, 0.00367058
_13801_, 113.82, 261.12, 0.00360851
_18403_, 113.82, 261.12, 0.00360851
FILLER_0_92_246, 113.82, 261.12, 0.00360851
_13799_, 113.82, 255.68, 0.00354848
_13800_, 113.82, 255.68, 0.00354848
_14961_, 113.82, 255.68, 0.00354848
_16825_, 113.82, 255.68, 0.00354848
FILLER_0_90_238, 113.82, 255.68, 0.00354848
FILLER_0_90_245, 113.82, 255.68, 0.00354848
_18402_, 113.82, 250.24, 0.0034921
FILLER_0_88_247, 113.82, 250.24, 0.0034921
_09775_, 113.82, 244.8, 0.00343801
_09835_, 113.82, 244.8, 0.00343801
_15030_, 113.82, 244.8, 0.00343801
_15032_, 113.82, 244.8, 0.00343801
FILLER_0_85_234, 113.82, 244.8, 0.00343801
FILLER_0_86_236, 113.82, 244.8, 0.00343801
FILLER_0_87_237, 113.82, 244.8, 0.00343801
FILLER_0_87_245, 113.82, 244.8, 0.00343801
_15029_, 113.82, 239.36, 0.00337755
_15101_, 113.82, 239.36, 0.00337755
_15102_, 113.82, 239.36, 0.00337755
_16221_, 113.82, 239.36, 0.00337755
_18336_, 113.82, 239.36, 0.00337755
_18370_, 113.82, 239.36, 0.00337755
FILLER_0_84_225, 113.82, 239.36, 0.00337755
_12011_, 113.82, 233.92, 0.00332238
_15026_, 113.82, 233.92, 0.00332238
_15028_, 113.82, 233.92, 0.00332238
_16222_, 113.82, 233.92, 0.00332238
FILLER_0_82_231, 113.82, 233.92, 0.00332238
FILLER_0_82_248, 113.82, 233.92, 0.00332238
_15027_, 113.82, 228.48, 0.00325612
_15098_, 113.82, 228.48, 0.00325612
_16223_, 113.82, 228.48, 0.00325612
FILLER_0_80_246, 113.82, 228.48, 0.00325612
_15096_, 113.82, 223.04, 0.00319063
_16187_, 113.82, 223.04, 0.00319063
_18339_, 113.82, 223.04, 0.00319063
FILLER_0_78_236, 113.82, 223.04, 0.00319063
FILLER_0_78_245, 113.82, 223.04, 0.00319063
_09968_, 113.82, 217.6, 0.00312658
_12203_, 113.82, 217.6, 0.00312658
_13953_, 113.82, 217.6, 0.00312658
_18842_, 113.82, 217.6, 0.00312658
ANTENNA_15, 113.82, 217.6, 0.00312658
FILLER_0_77_237, 113.82, 217.6, 0.00312658
FILLER_0_77_243, 113.82, 217.6, 0.00312658
_09972_, 113.82, 212.16, 0.00306354
_13952_, 113.82, 212.16, 0.00306354
_15388_, 113.82, 212.16, 0.00306354
FILLER_0_74_247, 113.82, 212.16, 0.00306354
FILLER_0_75_237, 113.82, 212.16, 0.00306354
_09969_, 113.82, 206.72, 0.00300481
_15387_, 113.82, 206.72, 0.00300481
_15499_, 113.82, 206.72, 0.00300481
_18202_, 113.82, 206.72, 0.00300481
clkbuf_leaf_18_i_clk, 113.82, 206.72, 0.00300481
FILLER_0_71_225, 113.82, 206.72, 0.00300481
FILLER_0_73_237, 113.82, 206.72, 0.00300481
_15431_, 113.82, 201.28, 0.00292635
_16035_, 113.82, 201.28, 0.00292635
FILLER_0_69_225, 113.82, 201.28, 0.00292635
_15430_, 113.82, 195.84, 0.0028525
_16012_, 113.82, 195.84, 0.0028525
_16013_, 113.82, 195.84, 0.0028525
_16394_, 113.82, 195.84, 0.0028525
_18182_, 113.82, 195.84, 0.0028525
_15433_, 113.82, 190.4, 0.00278416
_16006_, 113.82, 190.4, 0.00278416
_16416_, 113.82, 190.4, 0.00278416
_18181_, 113.82, 190.4, 0.00278416
_18183_, 113.82, 190.4, 0.00278416
FILLER_0_66_248, 113.82, 190.4, 0.00278416
_15432_, 113.82, 184.96, 0.00269384
_16580_, 113.82, 184.96, 0.00269384
FILLER_0_64_241, 113.82, 184.96, 0.00269384
FILLER_0_64_249, 113.82, 184.96, 0.00269384
FILLER_0_65_237, 113.82, 184.96, 0.00269384
FILLER_0_65_249, 113.82, 184.96, 0.00269384
_13588_, 113.82, 179.52, 0.00261897
_14302_, 113.82, 179.52, 0.00261897
_14306_, 113.82, 179.52, 0.00261897
_16935_, 113.82, 179.52, 0.00261897
_16937_, 113.82, 179.52, 0.00261897
_19015_, 113.82, 179.52, 0.00261897
FILLER_0_61_234, 113.82, 179.52, 0.00261897
_14304_, 113.82, 174.08, 0.00253203
_16793_, 113.82, 174.08, 0.00253203
_18694_, 113.82, 174.08, 0.00253203
_19013_, 113.82, 174.08, 0.00253203
_18885_, 113.82, 168.64, 0.00245592
_19014_, 113.82, 168.64, 0.00245592
clkbuf_leaf_20_i_clk, 113.82, 168.64, 0.00245592
FILLER_0_59_237, 113.82, 168.64, 0.00245592
_13860_, 113.82, 163.2, 0.00234185
_14649_, 113.82, 163.2, 0.00234185
_16402_, 113.82, 163.2, 0.00234185
_16716_, 113.82, 163.2, 0.00234185
_18533_, 113.82, 163.2, 0.00234185
FILLER_0_55_225, 113.82, 163.2, 0.00234185
_14647_, 113.82, 157.76, 0.0022357
FILLER_0_53_225, 113.82, 157.76, 0.0022357
FILLER_0_54_244, 113.82, 157.76, 0.0022357
_14648_, 113.82, 152.32, 0.0021452
_16403_, 113.82, 152.32, 0.0021452
_18534_, 113.82, 152.32, 0.0021452
_18886_, 113.82, 152.32, 0.0021452
FILLER_0_51_225, 113.82, 152.32, 0.0021452
FILLER_0_52_245, 113.82, 152.32, 0.0021452
_13858_, 113.82, 146.88, 0.00202416
_13859_, 113.82, 146.88, 0.00202416
_16404_, 113.82, 146.88, 0.00202416
_16795_, 113.82, 146.88, 0.00202416
FILLER_0_50_230, 113.82, 146.88, 0.00202416
_14645_, 113.82, 141.44, 0.0018922
_14646_, 113.82, 141.44, 0.0018922
_16794_, 113.82, 141.44, 0.0018922
FILLER_0_48_246, 113.82, 141.44, 0.0018922
FILLER_0_49_237, 113.82, 141.44, 0.0018922
_14370_, 113.82, 136, 0.00172944
_18887_, 113.82, 136, 0.00172944
FILLER_0_45_234, 113.82, 136, 0.00172944
_13856_, 113.82, 130.56, 0.0015636
_13857_, 113.82, 130.56, 0.0015636
_14007_, 113.82, 130.56, 0.0015636
_14368_, 113.82, 130.56, 0.0015636
FILLER_0_44_244, 113.82, 130.56, 0.0015636
_16548_, 113.82, 125.12, 0.00141268
_16797_, 113.82, 125.12, 0.00141268
_18825_, 113.82, 125.12, 0.00141268
_18888_, 113.82, 125.12, 0.00141268
clkbuf_3_0_0_i_clk, 113.82, 125.12, 0.00141268
FILLER_0_41_228, 113.82, 125.12, 0.00141268
FILLER_0_43_236, 113.82, 125.12, 0.00141268
_13853_, 113.82, 119.68, 0.00122085
_13854_, 113.82, 119.68, 0.00122085
_13855_, 113.82, 119.68, 0.00122085
_18889_, 113.82, 119.68, 0.00122085
FILLER_0_39_225, 113.82, 119.68, 0.00122085
_14097_, 113.82, 114.24, 0.00131638
_16688_, 113.82, 108.8, 0.00143071
_18789_, 113.82, 108.8, 0.00143071
FILLER_0_36_227, 113.82, 108.8, 0.00143071
FILLER_0_37_246, 113.82, 108.8, 0.00143071
_14089_, 113.82, 103.36, 0.00153631
_14091_, 113.82, 103.36, 0.00153631
_14092_, 113.82, 103.36, 0.00153631
_14096_, 113.82, 103.36, 0.00153631
_14099_, 113.82, 103.36, 0.00153631
_14100_, 113.82, 103.36, 0.00153631
_16691_, 113.82, 103.36, 0.00153631
FILLER_0_34_238, 113.82, 103.36, 0.00153631
FILLER_0_34_246, 113.82, 103.36, 0.00153631
FILLER_0_35_237, 113.82, 103.36, 0.00153631
_16689_, 113.82, 97.92, 0.00163883
_18791_, 113.82, 97.92, 0.00163883
_18793_, 113.82, 97.92, 0.00163883
FILLER_0_32_245, 113.82, 97.92, 0.00163883
_13656_, 113.82, 92.48, 0.001719
FILLER_0_29_225, 113.82, 92.48, 0.001719
FILLER_0_30_246, 113.82, 92.48, 0.001719
FILLER_0_31_249, 113.82, 92.48, 0.001719
_13655_, 113.82, 87.04, 0.0017861
_13657_, 113.82, 87.04, 0.0017861
_18982_, 113.82, 87.04, 0.0017861
_19045_, 113.82, 87.04, 0.0017861
clkbuf_leaf_180_i_clk, 113.82, 87.04, 0.0017861
FILLER_0_27_225, 113.82, 87.04, 0.0017861
FILLER_0_28_229, 113.82, 87.04, 0.0017861
_13654_, 113.82, 81.6, 0.00183382
_16900_, 113.82, 81.6, 0.00183382
_18981_, 113.82, 81.6, 0.00183382
clkbuf_leaf_181_i_clk, 113.82, 81.6, 0.00183382
FILLER_0_26_245, 113.82, 81.6, 0.00183382
_13652_, 113.82, 76.16, 0.0018745
_13653_, 113.82, 76.16, 0.0018745
_16902_, 113.82, 76.16, 0.0018745
FILLER_0_24_249, 113.82, 76.16, 0.0018745
FILLER_0_25_245, 113.82, 76.16, 0.0018745
_13792_, 113.82, 70.72, 0.00192326
_13793_, 113.82, 70.72, 0.00192326
_18373_, 113.82, 70.72, 0.00192326
_18917_, 113.82, 70.72, 0.00192326
FILLER_0_22_246, 113.82, 70.72, 0.00192326
_15021_, 113.82, 65.28, 0.00195349
_15091_, 113.82, 65.28, 0.00195349
_16829_, 113.82, 65.28, 0.00195349
_13789_, 113.82, 59.84, 0.00197773
_13790_, 113.82, 59.84, 0.00197773
_13791_, 113.82, 59.84, 0.00197773
_16830_, 113.82, 59.84, 0.00197773
_18918_, 113.82, 59.84, 0.00197773
FILLER_0_19_249, 113.82, 59.84, 0.00197773
_13788_, 113.82, 54.4, 0.00201255
_16831_, 113.82, 54.4, 0.00201255
_18919_, 113.82, 54.4, 0.00201255
clkbuf_leaf_183_i_clk, 113.82, 54.4, 0.00201255
FILLER_0_15_225, 113.82, 54.4, 0.00201255
FILLER_0_16_226, 113.82, 54.4, 0.00201255
_15017_, 113.82, 48.96, 0.00202641
_15018_, 113.82, 48.96, 0.00202641
_18374_, 113.82, 48.96, 0.00202641
_15019_, 113.82, 43.52, 0.00204408
_16183_, 113.82, 43.52, 0.00204408
_16227_, 113.82, 43.52, 0.00204408
FILLER_0_12_248, 113.82, 43.52, 0.00204408
_15089_, 113.82, 38.08, 0.00205051
FILLER_0_10_237, 113.82, 38.08, 0.00205051
FILLER_0_11_249, 113.82, 38.08, 0.00205051
_15087_, 113.82, 32.64, 0.00206305
_18343_, 113.82, 32.64, 0.00206305
FILLER_0_8_245, 113.82, 32.64, 0.00206305
FILLER_0_9_237, 113.82, 32.64, 0.00206305
_18342_, 113.82, 27.2, 0.00206775
FILLER_0_6_245, 113.82, 27.2, 0.00206775
FILLER_0_7_237, 113.82, 27.2, 0.00206775
FILLER_0_4_245, 113.82, 21.76, 0.00207379
FILLER_0_2_245, 113.82, 16.32, 0.00207802
output18, 113.82, 10.88, 0.00208267
ANTENNA_67, 113.82, 10.88, 0.00208267
FILLER_0_0_225, 113.82, 10.88, 0.00208267
FILLER_0_0_245, 113.82, 10.88, 0.00208267
output60, 88.82, 484.16, 0.00461926
ANTENNA_98, 88.82, 484.16, 0.00461926
FILLER_0_174_169, 88.82, 484.16, 0.00461926
FILLER_0_172_189, 88.82, 478.72, 0.00461483
FILLER_0_170_189, 88.82, 473.28, 0.00461413
FILLER_0_168_189, 88.82, 467.84, 0.00461238
FILLER_0_166_189, 88.82, 462.4, 0.00460783
FILLER_0_164_189, 88.82, 456.96, 0.00460297
FILLER_0_162_189, 88.82, 451.52, 0.00459793
FILLER_0_160_189, 88.82, 446.08, 0.00459257
FILLER_0_158_189, 88.82, 440.64, 0.00458476
FILLER_0_156_189, 88.82, 435.2, 0.00457552
FILLER_0_154_189, 88.82, 429.76, 0.00456594
FILLER_0_152_189, 88.82, 424.32, 0.00455688
FILLER_0_150_189, 88.82, 418.88, 0.00454761
FILLER_0_148_189, 88.82, 413.44, 0.0045324
_09176_, 88.82, 408, 0.00452133
FILLER_0_146_189, 88.82, 408, 0.00452133
_18075_, 88.82, 402.56, 0.00451156
_19630_, 88.82, 402.56, 0.00451156
FILLER_0_145_190, 88.82, 402.56, 0.00451156
_09180_, 88.82, 397.12, 0.00449577
_16607_, 88.82, 397.12, 0.00449577
_18074_, 88.82, 397.12, 0.00449577
_19042_, 88.82, 397.12, 0.00449577
FILLER_0_143_189, 88.82, 397.12, 0.00449577
_12162_, 88.82, 391.68, 0.00447297
_13866_, 88.82, 391.68, 0.00447297
FILLER_0_139_176, 88.82, 391.68, 0.00447297
FILLER_0_140_184, 88.82, 391.68, 0.00447297
_13872_, 88.82, 386.24, 0.00446162
_16791_, 88.82, 386.24, 0.00446162
_18883_, 88.82, 386.24, 0.00446162
FILLER_0_138_185, 88.82, 386.24, 0.00446162
_09927_, 88.82, 380.8, 0.00443595
_12163_, 88.82, 380.8, 0.00443595
_13948_, 88.82, 380.8, 0.00443595
FILLER_0_135_179, 88.82, 380.8, 0.00443595
FILLER_0_136_185, 88.82, 380.8, 0.00443595
FILLER_0_136_193, 88.82, 380.8, 0.00443595
FILLER_0_137_193, 88.82, 380.8, 0.00443595
_13868_, 88.82, 375.36, 0.00441101
_16747_, 88.82, 375.36, 0.00441101
_18882_, 88.82, 375.36, 0.00441101
FILLER_0_133_169, 88.82, 375.36, 0.00441101
FILLER_0_134_181, 88.82, 375.36, 0.00441101
_09907_, 88.82, 369.92, 0.00439398
_13946_, 88.82, 369.92, 0.00439398
FILLER_0_131_178, 88.82, 369.92, 0.00439398
FILLER_0_132_189, 88.82, 369.92, 0.00439398
_12143_, 88.82, 364.48, 0.00436451
_13870_, 88.82, 364.48, 0.00436451
_14380_, 88.82, 364.48, 0.00436451
_18881_, 88.82, 364.48, 0.00436451
FILLER_0_129_181, 88.82, 364.48, 0.00436451
FILLER_0_130_183, 88.82, 364.48, 0.00436451
FILLER_0_130_193, 88.82, 364.48, 0.00436451
_13741_, 88.82, 359.04, 0.00433578
_14384_, 88.82, 359.04, 0.00433578
_16855_, 88.82, 359.04, 0.00433578
_18659_, 88.82, 359.04, 0.00433578
FILLER_0_127_181, 88.82, 359.04, 0.00433578
FILLER_0_128_185, 88.82, 359.04, 0.00433578
FILLER_0_128_192, 88.82, 359.04, 0.00433578
_18657_, 88.82, 353.6, 0.00430936
FILLER_0_126_190, 88.82, 353.6, 0.00430936
_09905_, 88.82, 348.16, 0.00430192
_09912_, 88.82, 348.16, 0.00430192
_12141_, 88.82, 348.16, 0.00430192
_14835_, 88.82, 348.16, 0.00430192
clkbuf_leaf_49_i_clk, 88.82, 348.16, 0.00430192
FILLER_0_125_193, 88.82, 348.16, 0.00430192
_12148_, 88.82, 342.72, 0.00425405
_14834_, 88.82, 342.72, 0.00425405
_16323_, 88.82, 342.72, 0.00425405
FILLER_0_122_190, 88.82, 342.72, 0.00425405
FILLER_0_123_193, 88.82, 342.72, 0.00425405
_13743_, 88.82, 337.28, 0.00421793
_14318_, 88.82, 337.28, 0.00421793
_16854_, 88.82, 337.28, 0.00421793
FILLER_0_120_189, 88.82, 337.28, 0.00421793
FILLER_0_121_192, 88.82, 337.28, 0.00421793
_18460_, 88.82, 331.84, 0.00418112
_18688_, 88.82, 331.84, 0.00418112
FILLER_0_118_193, 88.82, 331.84, 0.00418112
_09925_, 88.82, 326.4, 0.00415563
_09932_, 88.82, 326.4, 0.00415563
_12161_, 88.82, 326.4, 0.00415563
_14836_, 88.82, 326.4, 0.00415563
_14837_, 88.82, 326.4, 0.00415563
_16322_, 88.82, 326.4, 0.00415563
hold360, 88.82, 326.4, 0.00415563
FILLER_0_115_169, 88.82, 326.4, 0.00415563
FILLER_0_116_192, 88.82, 326.4, 0.00415563
_12168_, 88.82, 320.96, 0.00411335
_14462_, 88.82, 320.96, 0.00411335
_14463_, 88.82, 320.96, 0.00411335
FILLER_0_114_173, 88.82, 320.96, 0.00411335
FILLER_0_114_187, 88.82, 320.96, 0.00411335
FILLER_0_115_188, 88.82, 320.96, 0.00411335
_12164_, 88.82, 315.52, 0.00407195
_14905_, 88.82, 315.52, 0.00407195
_16286_, 88.82, 315.52, 0.00407195
_16499_, 88.82, 315.52, 0.00407195
FILLER_0_112_188, 88.82, 315.52, 0.00407195
FILLER_0_113_192, 88.82, 315.52, 0.00407195
_09928_, 88.82, 310.08, 0.00402878
_09931_, 88.82, 310.08, 0.00402878
_14904_, 88.82, 310.08, 0.00402878
FILLER_0_110_189, 88.82, 310.08, 0.00402878
_09908_, 88.82, 304.64, 0.00398416
_12167_, 88.82, 304.64, 0.00398416
_15383_, 88.82, 304.64, 0.00398416
FILLER_0_107_178, 88.82, 304.64, 0.00398416
FILLER_0_108_181, 88.82, 304.64, 0.00398416
FILLER_0_109_194, 88.82, 304.64, 0.00398416
_09911_, 88.82, 299.2, 0.00394365
_12144_, 88.82, 299.2, 0.00394365
_14902_, 88.82, 299.2, 0.00394365
_15382_, 88.82, 299.2, 0.00394365
_18204_, 88.82, 299.2, 0.00394365
_18205_, 88.82, 299.2, 0.00394365
FILLER_0_105_169, 88.82, 299.2, 0.00394365
FILLER_0_106_190, 88.82, 299.2, 0.00394365
_12147_, 88.82, 293.76, 0.00389017
_15381_, 88.82, 293.76, 0.00389017
_16746_, 88.82, 293.76, 0.00389017
FILLER_0_104_193, 88.82, 293.76, 0.00389017
_13950_, 88.82, 288.32, 0.00384112
_14378_, 88.82, 288.32, 0.00384112
FILLER_0_102_183, 88.82, 288.32, 0.00384112
_09748_, 88.82, 282.88, 0.0038035
_09749_, 88.82, 282.88, 0.0038035
_11985_, 88.82, 282.88, 0.0038035
_11986_, 88.82, 282.88, 0.0038035
_13931_, 88.82, 282.88, 0.0038035
_14602_, 88.82, 282.88, 0.0038035
_14603_, 88.82, 282.88, 0.0038035
_14819_, 88.82, 282.88, 0.0038035
FILLER_0_100_193, 88.82, 282.88, 0.0038035
_11987_, 88.82, 277.44, 0.00375073
_11991_, 88.82, 277.44, 0.00375073
_11992_, 88.82, 277.44, 0.00375073
_15386_, 88.82, 277.44, 0.00375073
_18555_, 88.82, 277.44, 0.00375073
FILLER_0_97_169, 88.82, 277.44, 0.00375073
FILLER_0_99_187, 88.82, 277.44, 0.00375073
_09754_, 88.82, 272, 0.00370617
_09755_, 88.82, 272, 0.00370617
_09756_, 88.82, 272, 0.00370617
_11984_, 88.82, 272, 0.00370617
_11993_, 88.82, 272, 0.00370617
_14445_, 88.82, 272, 0.00370617
_18203_, 88.82, 272, 0.00370617
_09750_, 88.82, 266.56, 0.00365807
_09760_, 88.82, 266.56, 0.00365807
_09761_, 88.82, 266.56, 0.00365807
_09762_, 88.82, 266.56, 0.00365807
_11997_, 88.82, 266.56, 0.00365807
_11998_, 88.82, 266.56, 0.00365807
_11999_, 88.82, 266.56, 0.00365807
clkbuf_leaf_39_i_clk, 88.82, 266.56, 0.00365807
FILLER_0_93_175, 88.82, 266.56, 0.00365807
_13466_, 88.82, 261.12, 0.00358902
_13467_, 88.82, 261.12, 0.00358902
_16074_, 88.82, 261.12, 0.00358902
_16998_, 88.82, 261.12, 0.00358902
_19069_, 88.82, 261.12, 0.00358902
_09910_, 88.82, 255.68, 0.00352577
_12146_, 88.82, 255.68, 0.00352577
_15177_, 88.82, 255.68, 0.00352577
FILLER_0_89_169, 88.82, 255.68, 0.00352577
FILLER_0_89_177, 88.82, 255.68, 0.00352577
FILLER_0_90_171, 88.82, 255.68, 0.00352577
FILLER_0_90_193, 88.82, 255.68, 0.00352577
FILLER_0_91_194, 88.82, 255.68, 0.00352577
_12166_, 88.82, 250.24, 0.00346949
_15176_, 88.82, 250.24, 0.00346949
_16997_, 88.82, 250.24, 0.00346949
_18301_, 88.82, 250.24, 0.00346949
FILLER_0_87_172, 88.82, 250.24, 0.00346949
_09930_, 88.82, 244.8, 0.00341615
_13468_, 88.82, 244.8, 0.00341615
_15179_, 88.82, 244.8, 0.00341615
_18300_, 88.82, 244.8, 0.00341615
FILLER_0_85_178, 88.82, 244.8, 0.00341615
_09929_, 88.82, 239.36, 0.00335285
_15178_, 88.82, 239.36, 0.00335285
_18071_, 88.82, 239.36, 0.00335285
hold407, 88.82, 239.36, 0.00335285
FILLER_0_84_190, 88.82, 239.36, 0.00335285
FILLER_0_85_193, 88.82, 239.36, 0.00335285
_09147_, 88.82, 233.92, 0.00330439
_09764_, 88.82, 233.92, 0.00330439
_09767_, 88.82, 233.92, 0.00330439
_12002_, 88.82, 233.92, 0.00330439
_12003_, 88.82, 233.92, 0.00330439
_19628_, 88.82, 233.92, 0.00330439
FILLER_0_81_175, 88.82, 233.92, 0.00330439
_09191_, 88.82, 228.48, 0.00323675
_09192_, 88.82, 228.48, 0.00323675
_12001_, 88.82, 228.48, 0.00323675
_14583_, 88.82, 228.48, 0.00323675
_19066_, 88.82, 228.48, 0.00323675
ANTENNA_21, 88.82, 228.48, 0.00323675
FILLER_0_80_168, 88.82, 228.48, 0.00323675
FILLER_0_80_183, 88.82, 228.48, 0.00323675
_09765_, 88.82, 223.04, 0.00316772
_09970_, 88.82, 223.04, 0.00316772
_13451_, 88.82, 223.04, 0.00316772
_13472_, 88.82, 223.04, 0.00316772
_13726_, 88.82, 223.04, 0.00316772
FILLER_0_77_169, 88.82, 223.04, 0.00316772
_12205_, 88.82, 217.6, 0.00310407
_12206_, 88.82, 217.6, 0.00310407
_15319_, 88.82, 217.6, 0.00310407
_18298_, 88.82, 217.6, 0.00310407
hold373, 88.82, 217.6, 0.00310407
ANTENNA_28, 88.82, 217.6, 0.00310407
FILLER_0_75_178, 88.82, 217.6, 0.00310407
_09965_, 88.82, 212.16, 0.00303894
_15182_, 88.82, 212.16, 0.00303894
_15183_, 88.82, 212.16, 0.00303894
FILLER_0_73_176, 88.82, 212.16, 0.00303894
_09966_, 88.82, 206.72, 0.00297387
_12201_, 88.82, 206.72, 0.00297387
_13747_, 88.82, 206.72, 0.00297387
_13748_, 88.82, 206.72, 0.00297387
_14840_, 88.82, 206.72, 0.00297387
_18082_, 88.82, 206.72, 0.00297387
FILLER_0_72_193, 88.82, 206.72, 0.00297387
_14841_, 88.82, 201.28, 0.00290229
_16320_, 88.82, 201.28, 0.00290229
_16852_, 88.82, 201.28, 0.00290229
_18458_, 88.82, 201.28, 0.00290229
_18938_, 88.82, 201.28, 0.00290229
FILLER_0_71_193, 88.82, 201.28, 0.00290229
_14798_, 88.82, 195.84, 0.00283484
_16283_, 88.82, 195.84, 0.00283484
clkbuf_leaf_19_i_clk, 88.82, 195.84, 0.00283484
FILLER_0_67_169, 88.82, 195.84, 0.00283484
FILLER_0_68_171, 88.82, 195.84, 0.00283484
FILLER_0_69_189, 88.82, 195.84, 0.00283484
_14799_, 88.82, 190.4, 0.00275468
_14800_, 88.82, 190.4, 0.00275468
_16605_, 88.82, 190.4, 0.00275468
_18478_, 88.82, 190.4, 0.00275468
FILLER_0_65_169, 88.82, 190.4, 0.00275468
_14801_, 88.82, 184.96, 0.00267545
_14804_, 88.82, 184.96, 0.00267545
_18476_, 88.82, 184.96, 0.00267545
_09514_, 88.82, 179.52, 0.00259838
_09570_, 88.82, 179.52, 0.00259838
_11750_, 88.82, 179.52, 0.00259838
_11751_, 88.82, 179.52, 0.00259838
_14803_, 88.82, 179.52, 0.00259838
_16340_, 88.82, 179.52, 0.00259838
_16342_, 88.82, 179.52, 0.00259838
FILLER_0_61_169, 88.82, 179.52, 0.00259838
FILLER_0_62_172, 88.82, 179.52, 0.00259838
_09513_, 88.82, 174.08, 0.00251797
_09550_, 88.82, 174.08, 0.00251797
_11806_, 88.82, 174.08, 0.00251797
FILLER_0_59_177, 88.82, 174.08, 0.00251797
FILLER_0_60_173, 88.82, 174.08, 0.00251797
FILLER_0_60_189, 88.82, 174.08, 0.00251797
_11755_, 88.82, 168.64, 0.00243919
_13710_, 88.82, 168.64, 0.00243919
_13711_, 88.82, 168.64, 0.00243919
_18956_, 88.82, 168.64, 0.00243919
FILLER_0_58_171, 88.82, 168.64, 0.00243919
FILLER_0_58_179, 88.82, 168.64, 0.00243919
FILLER_0_58_190, 88.82, 168.64, 0.00243919
_09518_, 88.82, 163.2, 0.00234573
_13706_, 88.82, 163.2, 0.00234573
_13707_, 88.82, 163.2, 0.00234573
_14495_, 88.82, 163.2, 0.00234573
_16874_, 88.82, 163.2, 0.00234573
_18958_, 88.82, 163.2, 0.00234573
FILLER_0_56_176, 88.82, 163.2, 0.00234573
FILLER_0_57_193, 88.82, 163.2, 0.00234573
_16875_, 88.82, 157.76, 0.00225562
hold416, 88.82, 157.76, 0.00225562
FILLER_0_54_184, 88.82, 157.76, 0.00225562
_09105_, 88.82, 152.32, 0.00218368
_09557_, 88.82, 152.32, 0.00218368
_11757_, 88.82, 152.32, 0.00218368
_11758_, 88.82, 152.32, 0.00218368
_16339_, 88.82, 152.32, 0.00218368
clkbuf_leaf_6_i_clk, 88.82, 152.32, 0.00218368
FILLER_0_52_184, 88.82, 152.32, 0.00218368
FILLER_0_52_193, 88.82, 152.32, 0.00218368
_09519_, 88.82, 146.88, 0.00207055
_09520_, 88.82, 146.88, 0.00207055
_09522_, 88.82, 146.88, 0.00207055
_11756_, 88.82, 146.88, 0.00207055
_11793_, 88.82, 146.88, 0.00207055
_13911_, 88.82, 146.88, 0.00207055
_09524_, 88.82, 141.44, 0.00197076
_09572_, 88.82, 141.44, 0.00197076
_09577_, 88.82, 141.44, 0.00197076
_11761_, 88.82, 141.44, 0.00197076
_11807_, 88.82, 141.44, 0.00197076
_18862_, 88.82, 141.44, 0.00197076
FILLER_0_47_169, 88.82, 141.44, 0.00197076
_09114_, 88.82, 136, 0.00184034
_09523_, 88.82, 136, 0.00184034
_11808_, 88.82, 136, 0.00184034
_11813_, 88.82, 136, 0.00184034
FILLER_0_46_186, 88.82, 136, 0.00184034
_09106_, 88.82, 130.56, 0.00171217
_13916_, 88.82, 130.56, 0.00171217
FILLER_0_43_169, 88.82, 130.56, 0.00171217
FILLER_0_43_181, 88.82, 130.56, 0.00171217
FILLER_0_44_177, 88.82, 130.56, 0.00171217
_09107_, 88.82, 125.12, 0.00160154
_13915_, 88.82, 125.12, 0.00160154
_16766_, 88.82, 125.12, 0.00160154
_18860_, 88.82, 125.12, 0.00160154
FILLER_0_41_169, 88.82, 125.12, 0.00160154
FILLER_0_41_177, 88.82, 125.12, 0.00160154
_14563_, 88.82, 119.68, 0.00146858
_14564_, 88.82, 119.68, 0.00146858
_18574_, 88.82, 119.68, 0.00146858
FILLER_0_41_189, 88.82, 119.68, 0.00146858
_14562_, 88.82, 114.24, 0.00152533
_16448_, 88.82, 114.24, 0.00152533
_18572_, 88.82, 114.24, 0.00152533
FILLER_0_38_180, 88.82, 114.24, 0.00152533
FILLER_0_38_190, 88.82, 114.24, 0.00152533
_14425_, 88.82, 108.8, 0.00157979
_14426_, 88.82, 108.8, 0.00157979
_16446_, 88.82, 108.8, 0.00157979
_16449_, 88.82, 108.8, 0.00157979
_16518_, 88.82, 108.8, 0.00157979
FILLER_0_35_169, 88.82, 108.8, 0.00157979
FILLER_0_35_175, 88.82, 108.8, 0.00157979
FILLER_0_36_178, 88.82, 108.8, 0.00157979
_14424_, 88.82, 103.36, 0.00164923
_14429_, 88.82, 103.36, 0.00164923
_14430_, 88.82, 103.36, 0.00164923
_18638_, 88.82, 103.36, 0.00164923
FILLER_0_34_193, 88.82, 103.36, 0.00164923
_09527_, 88.82, 97.92, 0.00171147
_11764_, 88.82, 97.92, 0.00171147
_16517_, 88.82, 97.92, 0.00171147
ANTENNA_47, 88.82, 97.92, 0.00171147
FILLER_0_31_169, 88.82, 97.92, 0.00171147
FILLER_0_32_179, 88.82, 97.92, 0.00171147
FILLER_0_32_192, 88.82, 97.92, 0.00171147
_09526_, 88.82, 92.48, 0.00176259
_09573_, 88.82, 92.48, 0.00176259
_09576_, 88.82, 92.48, 0.00176259
_11792_, 88.82, 92.48, 0.00176259
_11809_, 88.82, 92.48, 0.00176259
_16303_, 88.82, 92.48, 0.00176259
_18444_, 88.82, 92.48, 0.00176259
_09556_, 88.82, 87.04, 0.00180422
_11765_, 88.82, 87.04, 0.00180422
_11812_, 88.82, 87.04, 0.00180422
_14871_, 88.82, 87.04, 0.00180422
_16294_, 88.82, 87.04, 0.00180422
FILLER_0_28_184, 88.82, 87.04, 0.00180422
_15348_, 88.82, 81.6, 0.00183326
_15351_, 88.82, 81.6, 0.00183326
_11767_, 88.82, 76.16, 0.00187786
_15277_, 88.82, 76.16, 0.00187786
_15346_, 88.82, 76.16, 0.00187786
_15347_, 88.82, 76.16, 0.00187786
_15350_, 88.82, 76.16, 0.00187786
_16055_, 88.82, 76.16, 0.00187786
_16056_, 88.82, 76.16, 0.00187786
ANTENNA_116, 88.82, 76.16, 0.00187786
ANTENNA_134, 88.82, 76.16, 0.00187786
FILLER_0_23_169, 88.82, 76.16, 0.00187786
_09529_, 88.82, 70.72, 0.00191317
_11766_, 88.82, 70.72, 0.00191317
_11768_, 88.82, 70.72, 0.00191317
_18220_, 88.82, 70.72, 0.00191317
ANTENNA_24, 88.82, 70.72, 0.00191317
ANTENNA_49, 88.82, 70.72, 0.00191317
ANTENNA_51, 88.82, 70.72, 0.00191317
FILLER_0_21_169, 88.82, 70.72, 0.00191317
_09531_, 88.82, 65.28, 0.00193602
_09555_, 88.82, 65.28, 0.00193602
_13433_, 88.82, 65.28, 0.00193602
hold403, 88.82, 65.28, 0.00193602
ANTENNA_53, 88.82, 65.28, 0.00193602
ANTENNA_108, 88.82, 65.28, 0.00193602
FILLER_0_19_177, 88.82, 65.28, 0.00193602
FILLER_0_20_193, 88.82, 65.28, 0.00193602
FILLER_0_21_185, 88.82, 65.28, 0.00193602
_09574_, 88.82, 59.84, 0.00195219
_09575_, 88.82, 59.84, 0.00195219
_11810_, 88.82, 59.84, 0.00195219
_11811_, 88.82, 59.84, 0.00195219
_15282_, 88.82, 59.84, 0.00195219
FILLER_0_17_178, 88.82, 59.84, 0.00195219
FILLER_0_19_185, 88.82, 59.84, 0.00195219
_09533_, 88.82, 54.4, 0.0019769
_09534_, 88.82, 54.4, 0.0019769
_11770_, 88.82, 54.4, 0.0019769
_11771_, 88.82, 54.4, 0.0019769
_15278_, 88.82, 54.4, 0.0019769
_16090_, 88.82, 54.4, 0.0019769
FILLER_0_15_172, 88.82, 54.4, 0.0019769
_15209_, 88.82, 48.96, 0.00199484
_15279_, 88.82, 48.96, 0.00199484
_18254_, 88.82, 48.96, 0.00199484
ANTENNA_7, 88.82, 48.96, 0.00199484
FILLER_0_13_179, 88.82, 48.96, 0.00199484
FILLER_0_14_168, 88.82, 48.96, 0.00199484
_15143_, 88.82, 43.52, 0.00200639
_15144_, 88.82, 43.52, 0.00200639
_15145_, 88.82, 43.52, 0.00200639
_15146_, 88.82, 43.52, 0.00200639
_16092_, 88.82, 43.52, 0.00200639
FILLER_0_11_169, 88.82, 43.52, 0.00200639
FILLER_0_12_172, 88.82, 43.52, 0.00200639
FILLER_0_13_190, 88.82, 43.52, 0.00200639
_15142_, 88.82, 38.08, 0.00201531
_15214_, 88.82, 38.08, 0.00201531
_18317_, 88.82, 38.08, 0.00201531
FILLER_0_9_178, 88.82, 38.08, 0.00201531
FILLER_0_10_184, 88.82, 38.08, 0.00201531
FILLER_0_10_192, 88.82, 38.08, 0.00201531
_18318_, 88.82, 32.64, 0.00202051
FILLER_0_8_193, 88.82, 32.64, 0.00202051
FILLER_0_6_189, 88.82, 27.2, 0.00202561
FILLER_0_4_189, 88.82, 21.76, 0.0020323
FILLER_0_2_189, 88.82, 16.32, 0.00203608
output53, 88.82, 10.88, 0.0020405
ANTENNA_95, 88.82, 10.88, 0.0020405
FILLER_0_0_169, 88.82, 10.88, 0.0020405
output19, 63.82, 484.16, 0.00459007
ANTENNA_123, 63.82, 484.16, 0.00459007
FILLER_0_174_137, 63.82, 484.16, 0.00459007
FILLER_0_172_133, 63.82, 478.72, 0.00458583
FILLER_0_170_133, 63.82, 473.28, 0.00458513
FILLER_0_168_133, 63.82, 467.84, 0.00458335
FILLER_0_166_133, 63.82, 462.4, 0.0045789
FILLER_0_164_133, 63.82, 456.96, 0.00457384
FILLER_0_162_133, 63.82, 451.52, 0.00456872
FILLER_0_160_133, 63.82, 446.08, 0.00456333
FILLER_0_158_133, 63.82, 440.64, 0.00455545
FILLER_0_156_133, 63.82, 435.2, 0.00454626
FILLER_0_154_133, 63.82, 429.76, 0.00453647
FILLER_0_152_133, 63.82, 424.32, 0.00452678
FILLER_0_150_133, 63.82, 418.88, 0.00451669
FILLER_0_148_133, 63.82, 413.44, 0.00450244
FILLER_0_145_125, 63.82, 408, 0.00448905
FILLER_0_146_133, 63.82, 408, 0.00448905
_09173_, 63.82, 402.56, 0.00448162
_18076_, 63.82, 402.56, 0.00448162
_19632_, 63.82, 402.56, 0.00448162
FILLER_0_143_122, 63.82, 402.56, 0.00448162
_09172_, 63.82, 397.12, 0.00446696
_18718_, 63.82, 397.12, 0.00446696
FILLER_0_142_135, 63.82, 397.12, 0.00446696
FILLER_0_143_137, 63.82, 397.12, 0.00446696
_14253_, 63.82, 391.68, 0.00444327
_14254_, 63.82, 391.68, 0.00444327
_16608_, 63.82, 391.68, 0.00444327
hold420, 63.82, 391.68, 0.00444327
FILLER_0_140_115, 63.82, 391.68, 0.00444327
_09886_, 63.82, 386.24, 0.00443803
_12122_, 63.82, 386.24, 0.00443803
_18846_, 63.82, 386.24, 0.00443803
FILLER_0_137_125, 63.82, 386.24, 0.00443803
_09887_, 63.82, 380.8, 0.00440701
_13944_, 63.82, 380.8, 0.00440701
_13945_, 63.82, 380.8, 0.00440701
_16751_, 63.82, 380.8, 0.00440701
FILLER_0_135_125, 63.82, 380.8, 0.00440701
FILLER_0_136_122, 63.82, 380.8, 0.00440701
_09867_, 63.82, 375.36, 0.00438475
_14596_, 63.82, 375.36, 0.00438475
_14597_, 63.82, 375.36, 0.00438475
_18558_, 63.82, 375.36, 0.00438475
FILLER_0_132_133, 63.82, 369.92, 0.00436236
_18942_, 63.82, 364.48, 0.00433519
FILLER_0_130_130, 63.82, 364.48, 0.00433519
FILLER_0_131_137, 63.82, 364.48, 0.00433519
_13740_, 63.82, 359.04, 0.00431053
_14529_, 63.82, 359.04, 0.00431053
_16856_, 63.82, 359.04, 0.00431053
_18590_, 63.82, 359.04, 0.00431053
_12108_, 63.82, 353.6, 0.0042885
_13739_, 63.82, 353.6, 0.0042885
_16466_, 63.82, 353.6, 0.0042885
FILLER_0_125_126, 63.82, 353.6, 0.0042885
_09872_, 63.82, 348.16, 0.00427029
_09884_, 63.82, 348.16, 0.00427029
_12101_, 63.82, 348.16, 0.00427029
_12120_, 63.82, 348.16, 0.00427029
_12121_, 63.82, 348.16, 0.00427029
FILLER_0_124_137, 63.82, 348.16, 0.00427029
_18462_, 63.82, 342.72, 0.00423067
FILLER_0_121_125, 63.82, 342.72, 0.00423067
_14759_, 63.82, 337.28, 0.00420177
_14760_, 63.82, 337.28, 0.00420177
_14832_, 63.82, 337.28, 0.00420177
_14833_, 63.82, 337.28, 0.00420177
_16324_, 63.82, 337.28, 0.00420177
FILLER_0_120_131, 63.82, 337.28, 0.00420177
_16359_, 63.82, 331.84, 0.00415021
FILLER_0_118_132, 63.82, 331.84, 0.00415021
_16357_, 63.82, 326.4, 0.00412394
_16464_, 63.82, 326.4, 0.00412394
_18588_, 63.82, 326.4, 0.00412394
FILLER_0_115_125, 63.82, 326.4, 0.00412394
FILLER_0_116_127, 63.82, 326.4, 0.00412394
FILLER_0_117_128, 63.82, 326.4, 0.00412394
_14459_, 63.82, 320.96, 0.00408279
_14766_, 63.82, 320.96, 0.00408279
_16501_, 63.82, 320.96, 0.00408279
_18622_, 63.82, 320.96, 0.00408279
FILLER_0_115_132, 63.82, 320.96, 0.00408279
_14458_, 63.82, 315.52, 0.00404142
_14901_, 63.82, 315.52, 0.00404142
hold421, 63.82, 315.52, 0.00404142
FILLER_0_111_122, 63.82, 315.52, 0.00404142
FILLER_0_112_126, 63.82, 315.52, 0.00404142
FILLER_0_112_135, 63.82, 315.52, 0.00404142
_09868_, 63.82, 310.08, 0.00400368
_09871_, 63.82, 310.08, 0.00400368
_09888_, 63.82, 310.08, 0.00400368
_12104_, 63.82, 310.08, 0.00400368
_12107_, 63.82, 310.08, 0.00400368
_18430_, 63.82, 310.08, 0.00400368
_16041_, 63.82, 304.64, 0.00395872
FILLER_0_107_125, 63.82, 304.64, 0.00395872
FILLER_0_108_136, 63.82, 304.64, 0.00395872
_14535_, 63.82, 299.2, 0.00391243
_15380_, 63.82, 299.2, 0.00391243
_16356_, 63.82, 299.2, 0.00391243
_18206_, 63.82, 299.2, 0.00391243
FILLER_0_105_118, 63.82, 299.2, 0.00391243
FILLER_0_106_129, 63.82, 299.2, 0.00391243
_14534_, 63.82, 293.76, 0.0038675
_16463_, 63.82, 293.76, 0.0038675
_18587_, 63.82, 293.76, 0.0038675
_12180_, 63.82, 288.32, 0.00381978
_18939_, 63.82, 288.32, 0.00381978
FILLER_0_101_122, 63.82, 288.32, 0.00381978
FILLER_0_102_116, 63.82, 288.32, 0.00381978
_13746_, 63.82, 282.88, 0.00378741
_16853_, 63.82, 282.88, 0.00378741
clkbuf_leaf_40_i_clk, 63.82, 282.88, 0.00378741
FILLER_0_100_136, 63.82, 282.88, 0.00378741
FILLER_0_101_132, 63.82, 282.88, 0.00378741
FILLER_0_101_138, 63.82, 282.88, 0.00378741
_09185_, 63.82, 277.44, 0.00372532
_09948_, 63.82, 277.44, 0.00372532
_09951_, 63.82, 277.44, 0.00372532
_14464_, 63.82, 277.44, 0.00372532
_14465_, 63.82, 277.44, 0.00372532
FILLER_0_98_118, 63.82, 277.44, 0.00372532
FILLER_0_98_137, 63.82, 277.44, 0.00372532
_12184_, 63.82, 272, 0.0036765
_12187_, 63.82, 272, 0.0036765
_19629_, 63.82, 272, 0.0036765
FILLER_0_96_137, 63.82, 272, 0.0036765
_15312_, 63.82, 266.56, 0.00362159
FILLER_0_93_121, 63.82, 266.56, 0.00362159
FILLER_0_94_136, 63.82, 266.56, 0.00362159
FILLER_0_95_137, 63.82, 266.56, 0.00362159
_13464_, 63.82, 261.12, 0.00358233
_13465_, 63.82, 261.12, 0.00358233
_16075_, 63.82, 261.12, 0.00358233
_18238_, 63.82, 261.12, 0.00358233
_19070_, 63.82, 261.12, 0.00358233
_09870_, 63.82, 255.68, 0.00350946
_09889_, 63.82, 255.68, 0.00350946
FILLER_0_89_125, 63.82, 255.68, 0.00350946
FILLER_0_90_125, 63.82, 255.68, 0.00350946
_12125_, 63.82, 250.24, 0.00345106
_12126_, 63.82, 250.24, 0.00345106
_15243_, 63.82, 250.24, 0.00345106
_15244_, 63.82, 250.24, 0.00345106
FILLER_0_88_134, 63.82, 250.24, 0.00345106
_15174_, 63.82, 244.8, 0.00339793
_15175_, 63.82, 244.8, 0.00339793
_16111_, 63.82, 244.8, 0.00339793
_18269_, 63.82, 244.8, 0.00339793
_18302_, 63.82, 244.8, 0.00339793
_09950_, 63.82, 239.36, 0.00333579
_13471_, 63.82, 239.36, 0.00333579
_16146_, 63.82, 239.36, 0.00333579
FILLER_0_83_120, 63.82, 239.36, 0.00333579
FILLER_0_84_133, 63.82, 239.36, 0.00333579
_12186_, 63.82, 233.92, 0.00327934
FILLER_0_83_134, 63.82, 233.92, 0.00327934
_09949_, 63.82, 228.48, 0.00322292
_12185_, 63.82, 228.48, 0.00322292
_13470_, 63.82, 228.48, 0.00322292
_16996_, 63.82, 228.48, 0.00322292
FILLER_0_80_130, 63.82, 228.48, 0.00322292
FILLER_0_81_136, 63.82, 228.48, 0.00322292
_15180_, 63.82, 223.04, 0.00315245
_15317_, 63.82, 223.04, 0.00315245
_15318_, 63.82, 223.04, 0.00315245
FILLER_0_77_126, 63.82, 223.04, 0.00315245
FILLER_0_78_134, 63.82, 223.04, 0.00315245
_15252_, 63.82, 217.6, 0.00309025
_16760_, 63.82, 217.6, 0.00309025
_18266_, 63.82, 217.6, 0.00309025
FILLER_0_76_133, 63.82, 217.6, 0.00309025
_16071_, 63.82, 212.16, 0.0030222
_16139_, 63.82, 212.16, 0.0030222
_16461_, 63.82, 212.16, 0.0030222
_16494_, 63.82, 212.16, 0.0030222
_16505_, 63.82, 212.16, 0.0030222
_16860_, 63.82, 212.16, 0.0030222
FILLER_0_75_130, 63.82, 212.16, 0.0030222
FILLER_0_75_136, 63.82, 212.16, 0.0030222
_14815_, 63.82, 206.72, 0.00296283
_16333_, 63.82, 206.72, 0.00296283
_16428_, 63.82, 206.72, 0.00296283
_18586_, 63.82, 206.72, 0.00296283
_16317_, 63.82, 201.28, 0.00289145
_16472_, 63.82, 201.28, 0.00289145
FILLER_0_70_133, 63.82, 201.28, 0.00289145
FILLER_0_71_134, 63.82, 201.28, 0.00289145
_16337_, 63.82, 195.84, 0.00282503
_16350_, 63.82, 195.84, 0.00282503
_18509_, 63.82, 195.84, 0.00282503
FILLER_0_68_133, 63.82, 195.84, 0.00282503
_13723_, 63.82, 190.4, 0.00274628
FILLER_0_66_132, 63.82, 190.4, 0.00274628
_11926_, 63.82, 184.96, 0.00267606
_11927_, 63.82, 184.96, 0.00267606
_13722_, 63.82, 184.96, 0.00267606
_16865_, 63.82, 184.96, 0.00267606
FILLER_0_64_115, 63.82, 184.96, 0.00267606
FILLER_0_64_130, 63.82, 184.96, 0.00267606
_09689_, 63.82, 179.52, 0.00260575
_09690_, 63.82, 179.52, 0.00260575
_14500_, 63.82, 179.52, 0.00260575
_18508_, 63.82, 179.52, 0.00260575
FILLER_0_61_125, 63.82, 179.52, 0.00260575
FILLER_0_63_134, 63.82, 179.52, 0.00260575
_11846_, 63.82, 174.08, 0.00253667
_16481_, 63.82, 174.08, 0.00253667
_18604_, 63.82, 174.08, 0.00253667
clkbuf_leaf_7_i_clk, 63.82, 174.08, 0.00253667
_14498_, 63.82, 168.64, 0.00245735
_16482_, 63.82, 168.64, 0.00245735
_18605_, 63.82, 168.64, 0.00245735
hold409, 63.82, 168.64, 0.00245735
FILLER_0_57_122, 63.82, 168.64, 0.00245735
FILLER_0_58_128, 63.82, 168.64, 0.00245735
_16372_, 63.82, 163.2, 0.00237845
_18854_, 63.82, 163.2, 0.00237845
_09139_, 63.82, 157.76, 0.00231911
_13927_, 63.82, 157.76, 0.00231911
_13928_, 63.82, 157.76, 0.00231911
_18085_, 63.82, 157.76, 0.00231911
clkbuf_4_1__f_i_clk, 63.82, 157.76, 0.00231911
FILLER_0_54_120, 63.82, 157.76, 0.00231911
_09138_, 63.82, 152.32, 0.00223194
_09691_, 63.82, 152.32, 0.00223194
_09697_, 63.82, 152.32, 0.00223194
_09677_, 63.82, 146.88, 0.00214505
_09692_, 63.82, 146.88, 0.00214505
_11928_, 63.82, 146.88, 0.00214505
hold437, 63.82, 146.88, 0.00214505
FILLER_0_50_131, 63.82, 146.88, 0.00214505
_09617_, 63.82, 141.44, 0.00208915
_11853_, 63.82, 141.44, 0.00208915
FILLER_0_47_125, 63.82, 141.44, 0.00208915
FILLER_0_48_133, 63.82, 141.44, 0.00208915
_09612_, 63.82, 136, 0.00197538
_11848_, 63.82, 136, 0.00197538
_14223_, 63.82, 136, 0.00197538
_14225_, 63.82, 136, 0.00197538
_16624_, 63.82, 136, 0.00197538
_18732_, 63.82, 136, 0.00197538
_18733_, 63.82, 136, 0.00197538
FILLER_0_45_122, 63.82, 136, 0.00197538
FILLER_0_46_130, 63.82, 136, 0.00197538
FILLER_0_44_131, 63.82, 130.56, 0.0018831
_14580_, 63.82, 125.12, 0.00180533
_18566_, 63.82, 125.12, 0.00180533
FILLER_0_43_140, 63.82, 125.12, 0.00180533
_14571_, 63.82, 119.68, 0.0017215
_14579_, 63.82, 119.68, 0.0017215
_16440_, 63.82, 119.68, 0.0017215
FILLER_0_40_137, 63.82, 119.68, 0.0017215
FILLER_0_41_138, 63.82, 119.68, 0.0017215
_14442_, 63.82, 114.24, 0.00174423
_18573_, 63.82, 114.24, 0.00174423
_18630_, 63.82, 114.24, 0.00174423
FILLER_0_38_122, 63.82, 114.24, 0.00174423
FILLER_0_39_128, 63.82, 114.24, 0.00174423
FILLER_0_39_136, 63.82, 114.24, 0.00174423
_14441_, 63.82, 108.8, 0.00175598
_16049_, 63.82, 108.8, 0.00175598
_16439_, 63.82, 108.8, 0.00175598
_16510_, 63.82, 108.8, 0.00175598
FILLER_0_36_120, 63.82, 108.8, 0.00175598
_15362_, 63.82, 103.36, 0.0017871
_15363_, 63.82, 103.36, 0.0017871
FILLER_0_33_122, 63.82, 103.36, 0.0017871
FILLER_0_35_129, 63.82, 103.36, 0.0017871
_09676_, 63.82, 97.92, 0.0018155
_09693_, 63.82, 97.92, 0.0018155
_11912_, 63.82, 97.92, 0.0018155
_18214_, 63.82, 97.92, 0.0018155
FILLER_0_32_129, 63.82, 97.92, 0.0018155
_11930_, 63.82, 92.48, 0.00183475
_14884_, 63.82, 92.48, 0.00183475
_16298_, 63.82, 92.48, 0.00183475
FILLER_0_29_120, 63.82, 92.48, 0.00183475
FILLER_0_30_137, 63.82, 92.48, 0.00183475
FILLER_0_31_129, 63.82, 92.48, 0.00183475
FILLER_0_31_137, 63.82, 92.48, 0.00183475
_09616_, 63.82, 87.04, 0.00186891
_11852_, 63.82, 87.04, 0.00186891
clkbuf_leaf_3_i_clk, 63.82, 87.04, 0.00186891
_15354_, 63.82, 81.6, 0.00187779
_16053_, 63.82, 81.6, 0.00187779
_16150_, 63.82, 81.6, 0.00187779
FILLER_0_25_125, 63.82, 81.6, 0.00187779
_16155_, 63.82, 76.16, 0.00192849
_18310_, 63.82, 76.16, 0.00192849
clkbuf_4_0__f_i_clk, 63.82, 76.16, 0.00192849
FILLER_0_23_121, 63.82, 76.16, 0.00192849
FILLER_0_24_137, 63.82, 76.16, 0.00192849
_09615_, 63.82, 70.72, 0.00193004
_13448_, 63.82, 70.72, 0.00193004
_15158_, 63.82, 70.72, 0.00193004
FILLER_0_22_132, 63.82, 70.72, 0.00193004
_11911_, 63.82, 65.28, 0.00194083
_13447_, 63.82, 65.28, 0.00194083
FILLER_0_20_131, 63.82, 65.28, 0.00194083
FILLER_0_21_134, 63.82, 65.28, 0.00194083
_09694_, 63.82, 59.84, 0.0019541
_13445_, 63.82, 59.84, 0.0019541
_13446_, 63.82, 59.84, 0.0019541
_17009_, 63.82, 59.84, 0.0019541
_19079_, 63.82, 59.84, 0.0019541
FILLER_0_17_121, 63.82, 59.84, 0.0019541
FILLER_0_19_134, 63.82, 59.84, 0.0019541
_09674_, 63.82, 54.4, 0.0019684
_15294_, 63.82, 54.4, 0.0019684
FILLER_0_15_122, 63.82, 54.4, 0.0019684
FILLER_0_16_127, 63.82, 54.4, 0.0019684
_15155_, 63.82, 48.96, 0.00198368
_15295_, 63.82, 48.96, 0.00198368
_16085_, 63.82, 48.96, 0.00198368
_16156_, 63.82, 48.96, 0.00198368
FILLER_0_13_124, 63.82, 48.96, 0.00198368
FILLER_0_14_134, 63.82, 48.96, 0.00198368
FILLER_0_15_134, 63.82, 48.96, 0.00198368
_18246_, 63.82, 43.52, 0.00199173
_16121_, 63.82, 38.08, 0.00200064
_18278_, 63.82, 38.08, 0.00200064
FILLER_0_11_137, 63.82, 38.08, 0.00200064
_15226_, 63.82, 32.64, 0.00199937
_15227_, 63.82, 32.64, 0.00199937
FILLER_0_8_136, 63.82, 32.64, 0.00199937
FILLER_0_9_139, 63.82, 32.64, 0.00199937
FILLER_0_6_133, 63.82, 27.2, 0.0020037
FILLER_0_4_133, 63.82, 21.76, 0.00200888
FILLER_0_2_133, 63.82, 16.32, 0.00201176
ANTENNA_85, 63.82, 10.88, 0.00201516
FILLER_0_0_135, 63.82, 10.88, 0.00201516
ANTENNA_88, 38.82, 484.16, 0.00456971
FILLER_0_174_79, 38.82, 484.16, 0.00456971
FILLER_0_172_77, 38.82, 478.72, 0.00456649
FILLER_0_170_77, 38.82, 473.28, 0.00456582
FILLER_0_168_77, 38.82, 467.84, 0.00456406
FILLER_0_166_77, 38.82, 462.4, 0.00456017
FILLER_0_164_77, 38.82, 456.96, 0.00455451
FILLER_0_162_77, 38.82, 451.52, 0.00454935
FILLER_0_160_77, 38.82, 446.08, 0.00454394
FILLER_0_158_77, 38.82, 440.64, 0.00453602
FILLER_0_156_77, 38.82, 435.2, 0.00452737
FILLER_0_154_77, 38.82, 429.76, 0.00451695
FILLER_0_152_77, 38.82, 424.32, 0.00450706
FILLER_0_150_77, 38.82, 418.88, 0.00449674
FILLER_0_148_77, 38.82, 413.44, 0.00448271
_09153_, 38.82, 408, 0.00446899
FILLER_0_146_77, 38.82, 408, 0.00446899
_18078_, 38.82, 402.56, 0.00446226
_18081_, 38.82, 402.56, 0.00446226
_19634_, 38.82, 402.56, 0.00446226
FILLER_0_143_69, 38.82, 402.56, 0.00446226
_09164_, 38.82, 397.12, 0.00444846
_09165_, 38.82, 397.12, 0.00444846
_16610_, 38.82, 397.12, 0.00444846
_18720_, 38.82, 397.12, 0.00444846
_09826_, 38.82, 391.68, 0.00442382
_14249_, 38.82, 391.68, 0.00442382
_14250_, 38.82, 391.68, 0.00442382
hold358, 38.82, 391.68, 0.00442382
FILLER_0_139_72, 38.82, 391.68, 0.00442382
FILLER_0_140_60, 38.82, 391.68, 0.00442382
FILLER_0_140_78, 38.82, 391.68, 0.00442382
_09846_, 38.82, 386.24, 0.00441187
_13938_, 38.82, 386.24, 0.00441187
_13941_, 38.82, 386.24, 0.00441187
_16753_, 38.82, 386.24, 0.00441187
FILLER_0_138_64, 38.82, 386.24, 0.00441187
FILLER_0_138_75, 38.82, 386.24, 0.00441187
_09827_, 38.82, 380.8, 0.00438852
_12063_, 38.82, 380.8, 0.00438852
_13939_, 38.82, 380.8, 0.00438852
FILLER_0_136_85, 38.82, 380.8, 0.00438852
FILLER_0_137_78, 38.82, 380.8, 0.00438852
_09786_, 38.82, 375.36, 0.0043656
_09787_, 38.82, 375.36, 0.0043656
_12022_, 38.82, 375.36, 0.0043656
FILLER_0_133_65, 38.82, 375.36, 0.0043656
FILLER_0_134_76, 38.82, 375.36, 0.0043656
FILLER_0_135_81, 38.82, 375.36, 0.0043656
_09807_, 38.82, 369.92, 0.00434568
_12023_, 38.82, 369.92, 0.00434568
_13934_, 38.82, 369.92, 0.00434568
_13935_, 38.82, 369.92, 0.00434568
_18851_, 38.82, 369.92, 0.00434568
FILLER_0_131_66, 38.82, 369.92, 0.00434568
FILLER_0_132_64, 38.82, 369.92, 0.00434568
_09806_, 38.82, 364.48, 0.00431683
_12042_, 38.82, 364.48, 0.00431683
_12043_, 38.82, 364.48, 0.00431683
_13936_, 38.82, 364.48, 0.00431683
_13937_, 38.82, 364.48, 0.00431683
_16754_, 38.82, 364.48, 0.00431683
_18850_, 38.82, 364.48, 0.00431683
FILLER_0_129_66, 38.82, 364.48, 0.00431683
FILLER_0_130_66, 38.82, 364.48, 0.00431683
_16859_, 38.82, 359.04, 0.00428977
_18944_, 38.82, 359.04, 0.00428977
FILLER_0_128_77, 38.82, 359.04, 0.00428977
_13735_, 38.82, 353.6, 0.00427032
_13736_, 38.82, 353.6, 0.00427032
FILLER_0_125_69, 38.82, 353.6, 0.00427032
FILLER_0_126_78, 38.82, 353.6, 0.00427032
_09825_, 38.82, 348.16, 0.00424898
_09845_, 38.82, 348.16, 0.00424898
_12048_, 38.82, 348.16, 0.00424898
_12061_, 38.82, 348.16, 0.00424898
_12068_, 38.82, 348.16, 0.00424898
_12081_, 38.82, 348.16, 0.00424898
FILLER_0_124_70, 38.82, 348.16, 0.00424898
FILLER_0_125_82, 38.82, 348.16, 0.00424898
_09812_, 38.82, 342.72, 0.00421882
_09832_, 38.82, 342.72, 0.00421882
_12041_, 38.82, 342.72, 0.00421882
_14826_, 38.82, 342.72, 0.00421882
_14827_, 38.82, 342.72, 0.00421882
_18465_, 38.82, 342.72, 0.00421882
FILLER_0_121_65, 38.82, 342.72, 0.00421882
FILLER_0_123_77, 38.82, 342.72, 0.00421882
_14828_, 38.82, 337.28, 0.00418519
_14829_, 38.82, 337.28, 0.00418519
_18464_, 38.82, 337.28, 0.00418519
FILLER_0_120_69, 38.82, 337.28, 0.00418519
_12021_, 38.82, 331.84, 0.00413301
FILLER_0_118_73, 38.82, 331.84, 0.00413301
FILLER_0_118_81, 38.82, 331.84, 0.00413301
_09792_, 38.82, 326.4, 0.00410722
_12028_, 38.82, 326.4, 0.00410722
_14452_, 38.82, 326.4, 0.00410722
FILLER_0_115_69, 38.82, 326.4, 0.00410722
FILLER_0_116_80, 38.82, 326.4, 0.00410722
FILLER_0_117_73, 38.82, 326.4, 0.00410722
_14453_, 38.82, 320.96, 0.00406694
_16504_, 38.82, 320.96, 0.00406694
_18625_, 38.82, 320.96, 0.00406694
FILLER_0_113_69, 38.82, 320.96, 0.00406694
_12064_, 38.82, 315.52, 0.00402377
_14454_, 38.82, 315.52, 0.00402377
_14455_, 38.82, 315.52, 0.00402377
_16330_, 38.82, 315.52, 0.00402377
_18624_, 38.82, 315.52, 0.00402377
FILLER_0_112_74, 38.82, 315.52, 0.00402377
FILLER_0_112_80, 38.82, 315.52, 0.00402377
_09828_, 38.82, 310.08, 0.00398361
_09831_, 38.82, 310.08, 0.00398361
_09851_, 38.82, 310.08, 0.00398361
_12067_, 38.82, 310.08, 0.00398361
_12084_, 38.82, 310.08, 0.00398361
_16043_, 38.82, 310.08, 0.00398361
FILLER_0_111_77, 38.82, 310.08, 0.00398361
_09788_, 38.82, 304.64, 0.00394482
_09791_, 38.82, 304.64, 0.00394482
_09848_, 38.82, 304.64, 0.00394482
_12024_, 38.82, 304.64, 0.00394482
_15376_, 38.82, 304.64, 0.00394482
FILLER_0_109_77, 38.82, 304.64, 0.00394482
_12027_, 38.82, 299.2, 0.00389625
_12044_, 38.82, 299.2, 0.00389625
_18208_, 38.82, 299.2, 0.00389625
FILLER_0_106_74, 38.82, 299.2, 0.00389625
_09808_, 38.82, 293.76, 0.0038553
_09811_, 38.82, 293.76, 0.0038553
_12047_, 38.82, 293.76, 0.0038553
FILLER_0_104_64, 38.82, 293.76, 0.0038553
_11990_, 38.82, 288.32, 0.00380394
_14820_, 38.82, 288.32, 0.00380394
_15371_, 38.82, 288.32, 0.00380394
_15372_, 38.82, 288.32, 0.00380394
_18210_, 38.82, 288.32, 0.00380394
FILLER_0_102_69, 38.82, 288.32, 0.00380394
FILLER_0_102_81, 38.82, 288.32, 0.00380394
_11996_, 38.82, 282.88, 0.00376319
_12008_, 38.82, 282.88, 0.00376319
_13933_, 38.82, 282.88, 0.00376319
FILLER_0_100_70, 38.82, 282.88, 0.00376319
FILLER_0_100_80, 38.82, 282.88, 0.00376319
_09759_, 38.82, 277.44, 0.00371523
_09771_, 38.82, 277.44, 0.00371523
_13932_, 38.82, 277.44, 0.00371523
_18852_, 38.82, 277.44, 0.00371523
FILLER_0_98_65, 38.82, 277.44, 0.00371523
_12007_, 38.82, 272, 0.00365835
_15367_, 38.82, 272, 0.00365835
_16046_, 38.82, 272, 0.00365835
FILLER_0_96_74, 38.82, 272, 0.00365835
_09763_, 38.82, 266.56, 0.00360758
_09770_, 38.82, 266.56, 0.00360758
_12000_, 38.82, 266.56, 0.00360758
FILLER_0_93_69, 38.82, 266.56, 0.00360758
FILLER_0_94_80, 38.82, 266.56, 0.00360758
_13461_, 38.82, 261.12, 0.00356686
_17001_, 38.82, 261.12, 0.00356686
_19072_, 38.82, 261.12, 0.00356686
FILLER_0_91_66, 38.82, 261.12, 0.00356686
_09830_, 38.82, 255.68, 0.00350465
_09850_, 38.82, 255.68, 0.00350465
_13460_, 38.82, 255.68, 0.00350465
clkbuf_leaf_41_i_clk, 38.82, 255.68, 0.00350465
FILLER_0_90_81, 38.82, 255.68, 0.00350465
FILLER_0_91_82, 38.82, 255.68, 0.00350465
_12066_, 38.82, 250.24, 0.00344287
_12086_, 38.82, 250.24, 0.00344287
_15169_, 38.82, 250.24, 0.00344287
_15170_, 38.82, 250.24, 0.00344287
_18305_, 38.82, 250.24, 0.00344287
FILLER_0_88_60, 38.82, 250.24, 0.00344287
FILLER_0_88_76, 38.82, 250.24, 0.00344287
FILLER_0_89_73, 38.82, 250.24, 0.00344287
_09790_, 38.82, 244.8, 0.00338706
_15168_, 38.82, 244.8, 0.00338706
_18304_, 38.82, 244.8, 0.00338706
FILLER_0_86_75, 38.82, 244.8, 0.00338706
_12006_, 38.82, 239.36, 0.00332467
_12026_, 38.82, 239.36, 0.00332467
_09769_, 38.82, 233.92, 0.00327043
_09810_, 38.82, 233.92, 0.00327043
_12046_, 38.82, 233.92, 0.00327043
_13456_, 38.82, 233.92, 0.00327043
_13457_, 38.82, 233.92, 0.00327043
_19074_, 38.82, 233.92, 0.00327043
FILLER_0_82_63, 38.82, 233.92, 0.00327043
FILLER_0_82_85, 38.82, 233.92, 0.00327043
FILLER_0_79_69, 38.82, 228.48, 0.00321508
FILLER_0_80_75, 38.82, 228.48, 0.00321508
_15162_, 38.82, 223.04, 0.00314429
_15163_, 38.82, 223.04, 0.00314429
_15164_, 38.82, 223.04, 0.00314429
_15166_, 38.82, 223.04, 0.00314429
_15167_, 38.82, 223.04, 0.00314429
_18267_, 38.82, 223.04, 0.00314429
_16152_, 38.82, 217.6, 0.00308332
_16153_, 38.82, 217.6, 0.00308332
_18306_, 38.82, 217.6, 0.00308332
FILLER_0_76_80, 38.82, 217.6, 0.00308332
_16369_, 38.82, 212.16, 0.00301298
FILLER_0_73_69, 38.82, 212.16, 0.00301298
FILLER_0_74_77, 38.82, 212.16, 0.00301298
_14731_, 38.82, 206.72, 0.00295652
_16336_, 38.82, 206.72, 0.00295652
_18471_, 38.82, 206.72, 0.00295652
_18503_, 38.82, 206.72, 0.00295652
FILLER_0_72_69, 38.82, 206.72, 0.00295652
_14732_, 38.82, 201.28, 0.00289748
_14806_, 38.82, 201.28, 0.00289748
_14814_, 38.82, 201.28, 0.00289748
clkbuf_leaf_11_i_clk, 38.82, 201.28, 0.00289748
FILLER_0_69_60, 38.82, 201.28, 0.00289748
FILLER_0_70_74, 38.82, 201.28, 0.00289748
_16338_, 38.82, 195.84, 0.00282667
_18475_, 38.82, 195.84, 0.00282667
_18507_, 38.82, 195.84, 0.00282667
_14719_, 38.82, 190.4, 0.00274968
_14720_, 38.82, 190.4, 0.00274968
_14805_, 38.82, 190.4, 0.00274968
_16864_, 38.82, 190.4, 0.00274968
FILLER_0_66_64, 38.82, 190.4, 0.00274968
_09710_, 38.82, 184.96, 0.00268273
_11885_, 38.82, 184.96, 0.00268273
FILLER_0_64_79, 38.82, 184.96, 0.00268273
FILLER_0_64_85, 38.82, 184.96, 0.00268273
_09650_, 38.82, 179.52, 0.00262206
_11886_, 38.82, 179.52, 0.00262206
_11948_, 38.82, 179.52, 0.00262206
_18951_, 38.82, 179.52, 0.00262206
FILLER_0_62_79, 38.82, 179.52, 0.00262206
_09630_, 38.82, 174.08, 0.00254499
_11825_, 38.82, 174.08, 0.00254499
_11866_, 38.82, 174.08, 0.00254499
FILLER_0_61_84, 38.82, 174.08, 0.00254499
_09590_, 38.82, 168.64, 0.00247891
_11826_, 38.82, 168.64, 0.00247891
_13713_, 38.82, 168.64, 0.00247891
_16868_, 38.82, 168.64, 0.00247891
_16870_, 38.82, 168.64, 0.00247891
_18955_, 38.82, 168.64, 0.00247891
FILLER_0_57_66, 38.82, 168.64, 0.00247891
_13712_, 38.82, 163.2, 0.0024059
hold377, 38.82, 163.2, 0.0024059
_13929_, 38.82, 157.76, 0.00234303
_13930_, 38.82, 157.76, 0.00234303
_16757_, 38.82, 157.76, 0.00234303
FILLER_0_53_64, 38.82, 157.76, 0.00234303
FILLER_0_53_72, 38.82, 157.76, 0.00234303
FILLER_0_54_60, 38.82, 157.76, 0.00234303
FILLER_0_54_76, 38.82, 157.76, 0.00234303
FILLER_0_54_85, 38.82, 157.76, 0.00234303
FILLER_0_55_81, 38.82, 157.76, 0.00234303
_09712_, 38.82, 152.32, 0.00228006
_09717_, 38.82, 152.32, 0.00228006
_11950_, 38.82, 152.32, 0.00228006
_19641_, 38.82, 152.32, 0.00228006
FILLER_0_51_64, 38.82, 152.32, 0.00228006
FILLER_0_51_72, 38.82, 152.32, 0.00228006
FILLER_0_52_85, 38.82, 152.32, 0.00228006
_11955_, 38.82, 146.88, 0.00220822
FILLER_0_49_69, 38.82, 146.88, 0.00220822
FILLER_0_50_79, 38.82, 146.88, 0.00220822
_09632_, 38.82, 141.44, 0.00217588
_09637_, 38.82, 141.44, 0.00217588
_09657_, 38.82, 141.44, 0.00217588
_11868_, 38.82, 141.44, 0.00217588
_11873_, 38.82, 141.44, 0.00217588
_11893_, 38.82, 141.44, 0.00217588
FILLER_0_47_64, 38.82, 141.44, 0.00217588
FILLER_0_48_63, 38.82, 141.44, 0.00217588
_09591_, 38.82, 136, 0.0020705
_09592_, 38.82, 136, 0.0020705
_09652_, 38.82, 136, 0.0020705
_11827_, 38.82, 136, 0.0020705
_11828_, 38.82, 136, 0.0020705
_11888_, 38.82, 136, 0.0020705
FILLER_0_46_77, 38.82, 136, 0.0020705
_13918_, 38.82, 130.56, 0.00200106
FILLER_0_43_69, 38.82, 130.56, 0.00200106
FILLER_0_44_67, 38.82, 130.56, 0.00200106
FILLER_0_44_75, 38.82, 130.56, 0.00200106
FILLER_0_44_81, 38.82, 130.56, 0.00200106
_13917_, 38.82, 125.12, 0.00194536
_13923_, 38.82, 125.12, 0.00194536
_13924_, 38.82, 125.12, 0.00194536
_18856_, 38.82, 125.12, 0.00194536
_18859_, 38.82, 125.12, 0.00194536
FILLER_0_42_65, 38.82, 125.12, 0.00194536
_13922_, 38.82, 119.68, 0.00188274
_16762_, 38.82, 119.68, 0.00188274
_18857_, 38.82, 119.68, 0.00188274
FILLER_0_39_66, 38.82, 119.68, 0.00188274
FILLER_0_40_60, 38.82, 119.68, 0.00188274
_16442_, 38.82, 114.24, 0.00188135
FILLER_0_38_77, 38.82, 114.24, 0.00188135
FILLER_0_38_85, 38.82, 114.24, 0.00188135
_16047_, 38.82, 108.8, 0.0018795
_18213_, 38.82, 108.8, 0.0018795
hold417, 38.82, 108.8, 0.0018795
FILLER_0_36_65, 38.82, 108.8, 0.0018795
FILLER_0_36_73, 38.82, 108.8, 0.0018795
FILLER_0_36_81, 38.82, 108.8, 0.0018795
FILLER_0_37_81, 38.82, 108.8, 0.0018795
_15364_, 38.82, 103.36, 0.00188767
_15365_, 38.82, 103.36, 0.00188767
_16513_, 38.82, 103.36, 0.00188767
_18635_, 38.82, 103.36, 0.00188767
FILLER_0_33_69, 38.82, 103.36, 0.00188767
FILLER_0_34_79, 38.82, 103.36, 0.00188767
_09713_, 38.82, 97.92, 0.00189065
_09716_, 38.82, 97.92, 0.00189065
_11869_, 38.82, 97.92, 0.00189065
_11951_, 38.82, 97.92, 0.00189065
_11954_, 38.82, 97.92, 0.00189065
FILLER_0_32_65, 38.82, 97.92, 0.00189065
_09633_, 38.82, 92.48, 0.00189786
_09636_, 38.82, 92.48, 0.00189786
_09653_, 38.82, 92.48, 0.00189786
_11872_, 38.82, 92.48, 0.00189786
FILLER_0_30_59, 38.82, 92.48, 0.00189786
FILLER_0_30_67, 38.82, 92.48, 0.00189786
FILLER_0_30_77, 38.82, 92.48, 0.00189786
FILLER_0_30_85, 38.82, 92.48, 0.00189786
_09656_, 38.82, 87.04, 0.00191533
_11889_, 38.82, 87.04, 0.00191533
_11892_, 38.82, 87.04, 0.00191533
_15356_, 38.82, 87.04, 0.00191533
_15357_, 38.82, 87.04, 0.00191533
_18217_, 38.82, 87.04, 0.00191533
FILLER_0_28_79, 38.82, 87.04, 0.00191533
FILLER_0_28_85, 38.82, 87.04, 0.00191533
_15358_, 38.82, 81.6, 0.00191712
_15359_, 38.82, 81.6, 0.00191712
_16052_, 38.82, 81.6, 0.00191712
_18216_, 38.82, 81.6, 0.00191712
FILLER_0_26_61, 38.82, 81.6, 0.00191712
_11953_, 38.82, 76.16, 0.00193586
_16051_, 38.82, 76.16, 0.00193586
FILLER_0_23_66, 38.82, 76.16, 0.00193586
FILLER_0_25_84, 38.82, 76.16, 0.00193586
_09714_, 38.82, 70.72, 0.00194699
_09715_, 38.82, 70.72, 0.00194699
_11952_, 38.82, 70.72, 0.00194699
_13438_, 38.82, 70.72, 0.00194699
_17013_, 38.82, 70.72, 0.00194699
_19083_, 38.82, 70.72, 0.00194699
FILLER_0_22_72, 38.82, 70.72, 0.00194699
FILLER_0_22_80, 38.82, 70.72, 0.00194699
_09655_, 38.82, 65.28, 0.00195236
_11891_, 38.82, 65.28, 0.00195236
_13437_, 38.82, 65.28, 0.00195236
FILLER_0_19_69, 38.82, 65.28, 0.00195236
FILLER_0_20_66, 38.82, 65.28, 0.00195236
FILLER_0_20_80, 38.82, 65.28, 0.00195236
_09635_, 38.82, 59.84, 0.00196158
_09654_, 38.82, 59.84, 0.00196158
_11890_, 38.82, 59.84, 0.00196158
FILLER_0_18_81, 38.82, 59.84, 0.00196158
FILLER_0_18_85, 38.82, 59.84, 0.00196158
_09634_, 38.82, 54.4, 0.00197304
_11830_, 38.82, 54.4, 0.00197304
_11870_, 38.82, 54.4, 0.00197304
_11871_, 38.82, 54.4, 0.00197304
_15288_, 38.82, 54.4, 0.00197304
FILLER_0_15_60, 38.82, 54.4, 0.00197304
FILLER_0_16_78, 38.82, 54.4, 0.00197304
_15284_, 38.82, 48.96, 0.00197871
_15285_, 38.82, 48.96, 0.00197871
_16087_, 38.82, 48.96, 0.00197871
_16089_, 38.82, 48.96, 0.00197871
FILLER_0_13_66, 38.82, 48.96, 0.00197871
FILLER_0_14_81, 38.82, 48.96, 0.00197871
FILLER_0_15_75, 38.82, 48.96, 0.00197871
_15216_, 38.82, 43.52, 0.00198617
_15220_, 38.82, 43.52, 0.00198617
_18251_, 38.82, 43.52, 0.00198617
FILLER_0_11_70, 38.82, 43.52, 0.00198617
_16125_, 38.82, 38.08, 0.00199857
_18283_, 38.82, 38.08, 0.00199857
clkbuf_leaf_185_i_clk, 38.82, 38.08, 0.00199857
FILLER_0_10_61, 38.82, 38.08, 0.00199857
_15217_, 38.82, 32.64, 0.00199204
_16123_, 38.82, 32.64, 0.00199204
FILLER_0_8_79, 38.82, 32.64, 0.00199204
FILLER_0_9_80, 38.82, 32.64, 0.00199204
FILLER_0_6_77, 38.82, 27.2, 0.00199412
FILLER_0_4_77, 38.82, 21.76, 0.00199729
FILLER_0_2_77, 38.82, 16.32, 0.00199941
FILLER_0_0_81, 38.82, 10.88, 0.00200402
_15923_, 13.82, 484.16, 0.00456107
FILLER_0_174_18, 13.82, 484.16, 0.00456107
ANTENNA_100, 13.82, 467.84, 0.00455458
FILLER_0_156_21, 13.82, 435.2, 0.00452017
ANTENNA_71, 13.82, 408, 0.00445868
FILLER_0_143_27, 13.82, 397.12, 0.00443589
_18721_, 13.82, 391.68, 0.00441443
FILLER_0_138_29, 13.82, 386.24, 0.00439445
FILLER_0_139_27, 13.82, 386.24, 0.00439445
_14590_, 13.82, 380.8, 0.00438023
_14591_, 13.82, 380.8, 0.00438023
_18560_, 13.82, 380.8, 0.00438023
FILLER_0_137_27, 13.82, 380.8, 0.00438023
_14586_, 13.82, 375.36, 0.00436449
_14587_, 13.82, 375.36, 0.00436449
_16434_, 13.82, 375.36, 0.00436449
clkbuf_leaf_53_i_clk, 13.82, 375.36, 0.00436449
FILLER_0_133_14, 13.82, 375.36, 0.00436449
FILLER_0_134_21, 13.82, 375.36, 0.00436449
FILLER_0_135_24, 13.82, 375.36, 0.00436449
_16435_, 13.82, 369.92, 0.00433379
_14246_, 13.82, 364.48, 0.00430797
_14588_, 13.82, 364.48, 0.00430797
_14589_, 13.82, 364.48, 0.00430797
_16436_, 13.82, 364.48, 0.00430797
_18722_, 13.82, 364.48, 0.00430797
FILLER_0_130_11, 13.82, 364.48, 0.00430797
_14520_, 13.82, 359.04, 0.00427632
_14521_, 13.82, 359.04, 0.00427632
_14522_, 13.82, 353.6, 0.00425964
_16469_, 13.82, 353.6, 0.00425964
FILLER_0_127_31, 13.82, 353.6, 0.00425964
_14751_, 13.82, 348.16, 0.00422872
_14754_, 13.82, 348.16, 0.00422872
_16470_, 13.82, 348.16, 0.00422872
_18592_, 13.82, 348.16, 0.00422872
FILLER_0_124_29, 13.82, 348.16, 0.00422872
_14750_, 13.82, 342.72, 0.00419591
_14519_, 13.82, 337.28, 0.00416603
_14753_, 13.82, 337.28, 0.00416603
_16362_, 13.82, 337.28, 0.00416603
_16363_, 13.82, 337.28, 0.00416603
FILLER_0_119_18, 13.82, 337.28, 0.00416603
FILLER_0_120_25, 13.82, 337.28, 0.00416603
FILLER_0_120_29, 13.82, 337.28, 0.00416603
_14518_, 13.82, 331.84, 0.00412403
_16471_, 13.82, 331.84, 0.00412403
_14747_, 13.82, 326.4, 0.00408969
_14748_, 13.82, 326.4, 0.00408969
_16364_, 13.82, 326.4, 0.00408969
FILLER_0_115_15, 13.82, 326.4, 0.00408969
FILLER_0_116_14, 13.82, 326.4, 0.00408969
FILLER_0_117_28, 13.82, 326.4, 0.00408969
_14744_, 13.82, 320.96, 0.00406384
_14745_, 13.82, 320.96, 0.00406384
clkbuf_leaf_45_i_clk, 13.82, 320.96, 0.00406384
_14896_, 13.82, 315.52, 0.0040123
_14897_, 13.82, 315.52, 0.0040123
_16290_, 13.82, 315.52, 0.0040123
_16365_, 13.82, 315.52, 0.0040123
_18433_, 13.82, 315.52, 0.0040123
FILLER_0_112_11, 13.82, 315.52, 0.0040123
FILLER_0_113_22, 13.82, 315.52, 0.0040123
FILLER_0_113_30, 13.82, 315.52, 0.0040123
_16291_, 13.82, 310.08, 0.00396994
_14448_, 13.82, 304.64, 0.003933
_14449_, 13.82, 304.64, 0.003933
_14891_, 13.82, 304.64, 0.003933
FILLER_0_108_15, 13.82, 304.64, 0.003933
_14451_, 13.82, 299.2, 0.00388907
_14890_, 13.82, 299.2, 0.00388907
_16507_, 13.82, 299.2, 0.00388907
_18435_, 13.82, 299.2, 0.00388907
FILLER_0_106_20, 13.82, 299.2, 0.00388907
_14450_, 13.82, 293.76, 0.00385691
_14892_, 13.82, 293.76, 0.00385691
_14893_, 13.82, 293.76, 0.00385691
clkbuf_leaf_43_i_clk, 13.82, 293.76, 0.00385691
_16292_, 13.82, 288.32, 0.00379269
_16506_, 13.82, 288.32, 0.00379269
FILLER_0_101_15, 13.82, 288.32, 0.00379269
FILLER_0_102_29, 13.82, 288.32, 0.00379269
_14742_, 13.82, 282.88, 0.00374802
_16366_, 13.82, 282.88, 0.00374802
_14584_, 13.82, 277.44, 0.00370521
_14741_, 13.82, 277.44, 0.00370521
_16437_, 13.82, 277.44, 0.00370521
_18724_, 13.82, 277.44, 0.00370521
ANTENNA_1, 13.82, 277.44, 0.00370521
_14447_, 13.82, 272, 0.00364878
_14516_, 13.82, 272, 0.00364878
FILLER_0_96_15, 13.82, 272, 0.00364878
FILLER_0_97_26, 13.82, 272, 0.00364878
_14446_, 13.82, 266.56, 0.00360958
_14517_, 13.82, 266.56, 0.00360958
_16508_, 13.82, 266.56, 0.00360958
clkbuf_leaf_42_i_clk, 13.82, 266.56, 0.00360958
FILLER_0_93_14, 13.82, 266.56, 0.00360958
FILLER_0_94_25, 13.82, 266.56, 0.00360958
FILLER_0_95_29, 13.82, 266.56, 0.00360958
_15308_, 13.82, 261.12, 0.00354909
_18240_, 13.82, 261.12, 0.00354909
FILLER_0_92_15, 13.82, 261.12, 0.00354909
FILLER_0_92_29, 13.82, 261.12, 0.00354909
_15240_, 13.82, 255.68, 0.00348872
_16077_, 13.82, 255.68, 0.00348872
FILLER_0_90_25, 13.82, 255.68, 0.00348872
_15238_, 13.82, 250.24, 0.00343654
_15239_, 13.82, 250.24, 0.00343654
_15306_, 13.82, 250.24, 0.00343654
_18241_, 13.82, 250.24, 0.00343654
_16114_, 13.82, 244.8, 0.00338127
FILLER_0_86_21, 13.82, 244.8, 0.00338127
FILLER_0_86_29, 13.82, 244.8, 0.00338127
_15302_, 13.82, 239.36, 0.00331894
_16080_, 13.82, 239.36, 0.00331894
_18243_, 13.82, 239.36, 0.00331894
FILLER_0_84_15, 13.82, 239.36, 0.00331894
FILLER_0_85_27, 13.82, 239.36, 0.00331894
_15233_, 13.82, 233.92, 0.00326066
_15234_, 13.82, 233.92, 0.00326066
_16116_, 13.82, 233.92, 0.00326066
FILLER_0_81_15, 13.82, 233.92, 0.00326066
FILLER_0_82_17, 13.82, 233.92, 0.00326066
FILLER_0_82_25, 13.82, 233.92, 0.00326066
FILLER_0_82_29, 13.82, 233.92, 0.00326066
_15235_, 13.82, 228.48, 0.00321082
_15236_, 13.82, 228.48, 0.00321082
_16115_, 13.82, 228.48, 0.00321082
_18242_, 13.82, 228.48, 0.00321082
FILLER_0_80_29, 13.82, 228.48, 0.00321082
_14888_, 13.82, 223.04, 0.00314034
_14889_, 13.82, 223.04, 0.00314034
_15300_, 13.82, 223.04, 0.00314034
_18244_, 13.82, 223.04, 0.00314034
FILLER_0_77_13, 13.82, 223.04, 0.00314034
FILLER_0_79_24, 13.82, 223.04, 0.00314034
_15231_, 13.82, 217.6, 0.003081
_15232_, 13.82, 217.6, 0.003081
_16473_, 13.82, 217.6, 0.003081
_18276_, 13.82, 217.6, 0.003081
ANTENNA_130, 13.82, 217.6, 0.003081
FILLER_0_76_23, 13.82, 217.6, 0.003081
_16371_, 13.82, 212.16, 0.0030124
FILLER_0_75_30, 13.82, 212.16, 0.0030124
_14726_, 13.82, 206.72, 0.00295201
_14738_, 13.82, 206.72, 0.00295201
_16367_, 13.82, 206.72, 0.00295201
FILLER_0_71_15, 13.82, 206.72, 0.00295201
_14725_, 13.82, 201.28, 0.00289854
_14737_, 13.82, 201.28, 0.00289854
_16370_, 13.82, 201.28, 0.00289854
_18501_, 13.82, 201.28, 0.00289854
clkbuf_leaf_12_i_clk, 13.82, 201.28, 0.00289854
_14728_, 13.82, 195.84, 0.00282629
_14729_, 13.82, 195.84, 0.00282629
_18597_, 13.82, 195.84, 0.00282629
_14511_, 13.82, 190.4, 0.00275476
_14513_, 13.82, 190.4, 0.00275476
_14514_, 13.82, 190.4, 0.00275476
_16475_, 13.82, 190.4, 0.00275476
ANTENNA_132, 13.82, 190.4, 0.00275476
_14509_, 13.82, 184.96, 0.00268935
_14510_, 13.82, 184.96, 0.00268935
_14512_, 13.82, 184.96, 0.00268935
_16476_, 13.82, 184.96, 0.00268935
_16477_, 13.82, 184.96, 0.00268935
FILLER_0_64_14, 13.82, 184.96, 0.00268935
_14507_, 13.82, 179.52, 0.00263213
_14508_, 13.82, 179.52, 0.00263213
_18600_, 13.82, 179.52, 0.00263213
_14504_, 13.82, 174.08, 0.00255187
_16479_, 13.82, 174.08, 0.00255187
FILLER_0_60_20, 13.82, 174.08, 0.00255187
FILLER_0_61_27, 13.82, 174.08, 0.00255187
_14501_, 13.82, 168.64, 0.00249346
_14502_, 13.82, 168.64, 0.00249346
_14503_, 13.82, 168.64, 0.00249346
_14505_, 13.82, 168.64, 0.00249346
_14506_, 13.82, 168.64, 0.00249346
_16478_, 13.82, 168.64, 0.00249346
_16480_, 13.82, 168.64, 0.00249346
_18601_, 13.82, 168.64, 0.00249346
FILLER_0_57_13, 13.82, 168.64, 0.00249346
FILLER_0_55_15, 13.82, 163.2, 0.00242257
FILLER_0_56_23, 13.82, 163.2, 0.00242257
_14237_, 13.82, 157.76, 0.00236252
_14582_, 13.82, 157.76, 0.00236252
_16438_, 13.82, 157.76, 0.00236252
_18565_, 13.82, 157.76, 0.00236252
FILLER_0_54_14, 13.82, 157.76, 0.00236252
FILLER_0_54_29, 13.82, 157.76, 0.00236252
FILLER_0_55_23, 13.82, 157.76, 0.00236252
_14236_, 13.82, 152.32, 0.0022997
ANTENNA_92, 13.82, 152.32, 0.0022997
FILLER_0_52_13, 13.82, 152.32, 0.0022997
FILLER_0_52_29, 13.82, 152.32, 0.0022997
_16617_, 13.82, 146.88, 0.0022469
_16618_, 13.82, 146.88, 0.0022469
clkbuf_leaf_9_i_clk, 13.82, 146.88, 0.0022469
FILLER_0_50_29, 13.82, 146.88, 0.0022469
_14230_, 13.82, 141.44, 0.00218184
_14231_, 13.82, 141.44, 0.00218184
FILLER_0_49_30, 13.82, 141.44, 0.00218184
_14226_, 13.82, 136, 0.00211594
_14227_, 13.82, 136, 0.00211594
_16620_, 13.82, 136, 0.00211594
_16622_, 13.82, 136, 0.00211594
FILLER_0_46_25, 13.82, 136, 0.00211594
FILLER_0_46_29, 13.82, 136, 0.00211594
_14232_, 13.82, 130.56, 0.00205677
_14233_, 13.82, 130.56, 0.00205677
FILLER_0_44_29, 13.82, 130.56, 0.00205677
FILLER_0_45_26, 13.82, 130.56, 0.00205677
_14228_, 13.82, 125.12, 0.00200709
_16619_, 13.82, 119.68, 0.00195523
_16621_, 13.82, 119.68, 0.00195523
ANTENNA_62, 13.82, 119.68, 0.00195523
ANTENNA_63, 13.82, 119.68, 0.00195523
FILLER_0_40_20, 13.82, 119.68, 0.00195523
FILLER_0_41_29, 13.82, 119.68, 0.00195523
_14438_, 13.82, 114.24, 0.00195298
_16512_, 13.82, 114.24, 0.00195298
_16514_, 13.82, 114.24, 0.00195298
clkbuf_leaf_1_i_clk, 13.82, 114.24, 0.00195298
FILLER_0_38_23, 13.82, 114.24, 0.00195298
FILLER_0_38_29, 13.82, 114.24, 0.00195298
_14433_, 13.82, 108.8, 0.00194113
_14437_, 13.82, 108.8, 0.00194113
FILLER_0_35_15, 13.82, 108.8, 0.00194113
_16295_, 13.82, 103.36, 0.0019326
_16511_, 13.82, 103.36, 0.0019326
FILLER_0_34_21, 13.82, 103.36, 0.0019326
FILLER_0_34_29, 13.82, 103.36, 0.0019326
FILLER_0_35_27, 13.82, 103.36, 0.0019326
_14439_, 13.82, 97.92, 0.0019286
_14440_, 13.82, 97.92, 0.0019286
FILLER_0_33_27, 13.82, 97.92, 0.0019286
_14874_, 13.82, 92.48, 0.00192993
_14877_, 13.82, 92.48, 0.00192993
_14878_, 13.82, 92.48, 0.00192993
_14880_, 13.82, 92.48, 0.00192993
_16300_, 13.82, 92.48, 0.00192993
FILLER_0_29_11, 13.82, 92.48, 0.00192993
FILLER_0_30_21, 13.82, 92.48, 0.00192993
FILLER_0_30_29, 13.82, 92.48, 0.00192993
_14873_, 13.82, 87.04, 0.00194615
_16302_, 13.82, 87.04, 0.00194615
clkbuf_leaf_0_i_clk, 13.82, 87.04, 0.00194615
_14879_, 13.82, 81.6, 0.00193702
_16154_, 13.82, 81.6, 0.00193702
FILLER_0_25_15, 13.82, 81.6, 0.00193702
_15160_, 13.82, 76.16, 0.00194916
FILLER_0_23_11, 13.82, 76.16, 0.00194916
FILLER_0_23_17, 13.82, 76.16, 0.00194916
FILLER_0_24_29, 13.82, 76.16, 0.00194916
_15150_, 13.82, 70.72, 0.00195012
_15159_, 13.82, 70.72, 0.00195012
FILLER_0_22_19, 13.82, 70.72, 0.00195012
FILLER_0_23_29, 13.82, 70.72, 0.00195012
_15149_, 13.82, 65.28, 0.00195829
_15153_, 13.82, 65.28, 0.00195829
_15154_, 13.82, 65.28, 0.00195829
_16159_, 13.82, 65.28, 0.00195829
FILLER_0_20_29, 13.82, 65.28, 0.00195829
_15148_, 13.82, 59.84, 0.0019685
_15151_, 13.82, 59.84, 0.0019685
_15152_, 13.82, 59.84, 0.0019685
_16157_, 13.82, 59.84, 0.0019685
_16158_, 13.82, 59.84, 0.0019685
ANTENNA_82, 13.82, 59.84, 0.0019685
ANTENNA_83, 13.82, 59.84, 0.0019685
FILLER_0_17_18, 13.82, 59.84, 0.0019685
_15147_, 13.82, 54.4, 0.00198352
_18315_, 13.82, 54.4, 0.00198352
clkbuf_leaf_186_i_clk, 13.82, 54.4, 0.00198352
_16160_, 13.82, 48.96, 0.00197645
FILLER_0_14_15, 13.82, 48.96, 0.00197645
FILLER_0_14_24, 13.82, 48.96, 0.00197645
FILLER_0_12_29, 13.82, 43.52, 0.00198105
ANTENNA_93, 13.82, 32.64, 0.00198872
ANTENNA_94, 13.82, 32.64, 0.00198872
ANTENNA_87, 13.82, 10.88, 0.00200035
FILLER_0_0_25, 13.82, 10.88, 0.00200035
PHY_346, 5.52, 484.16, 0.00456116
PHY_348, 5.52, 484.16, 0.00456116
input1, 5.52, 484.16, 0.00456116
PHY_347, 494.04, 484.16, 0.0053642
PHY_349, 494.04, 484.16, 0.0053642
output46, 26.32, 484.16, 0.00456797
FILLER_0_174_53, 26.32, 484.16, 0.00456797
FILLER_0_174_109, 51.32, 484.16, 0.00457989
FILLER_0_174_165, 76.32, 484.16, 0.00460467
FILLER_0_174_221, 101.32, 484.16, 0.00463845
output61, 151.32, 484.16, 0.00473634
FILLER_0_174_305, 151.32, 484.16, 0.00473634
FILLER_0_174_327, 151.32, 484.16, 0.00473634
output13, 176.32, 484.16, 0.00479821
FILLER_0_174_361, 176.32, 484.16, 0.00479821
output2, 201.32, 484.16, 0.00486596
FILLER_0_174_417, 201.32, 484.16, 0.00486596
FILLER_0_174_433, 201.32, 484.16, 0.00486596
FILLER_0_174_473, 226.32, 484.16, 0.00493575
_12398_, 251.32, 484.16, 0.0050114
_12566_, 251.32, 484.16, 0.0050114
_12568_, 251.32, 484.16, 0.0050114
FILLER_0_174_527, 251.32, 484.16, 0.0050114
FILLER_0_174_533, 251.32, 484.16, 0.0050114
_12411_, 276.32, 484.16, 0.00508358
_12413_, 276.32, 484.16, 0.00508358
hold108, 276.32, 484.16, 0.00508358
FILLER_0_174_581, 276.32, 484.16, 0.00508358
FILLER_0_174_589, 276.32, 484.16, 0.00508358
FILLER_0_174_599, 276.32, 484.16, 0.00508358
_12418_, 301.32, 484.16, 0.00515132
_12424_, 301.32, 484.16, 0.00515132
_19176_, 301.32, 484.16, 0.00515132
FILLER_0_173_634, 301.32, 484.16, 0.00515132
FILLER_0_174_645, 301.32, 484.16, 0.00515132
FILLER_0_174_656, 301.32, 484.16, 0.00515132
_13058_, 326.32, 484.16, 0.0052115
_13061_, 326.32, 484.16, 0.0052115
_17123_, 326.32, 484.16, 0.0052115
hold237, 326.32, 484.16, 0.0052115
hold302, 326.32, 484.16, 0.0052115
hold303, 326.32, 484.16, 0.0052115
hold338, 326.32, 484.16, 0.0052115
_12440_, 351.32, 484.16, 0.00525679
output40, 351.32, 484.16, 0.00525679
FILLER_0_174_748, 351.32, 484.16, 0.00525679
_12439_, 376.32, 484.16, 0.00529851
_12525_, 376.32, 484.16, 0.00529851
_12538_, 376.32, 484.16, 0.00529851
FILLER_0_174_793, 376.32, 484.16, 0.00529851
FILLER_0_174_813, 376.32, 484.16, 0.00529851
_12429_, 401.32, 484.16, 0.00532727
_12547_, 401.32, 484.16, 0.00532727
FILLER_0_174_865, 401.32, 484.16, 0.00532727
FILLER_0_174_921, 426.32, 484.16, 0.00534427
FILLER_0_174_971, 451.32, 484.16, 0.00535555
output41, 476.32, 484.16, 0.00536435
FILLER_0_174_1029, 476.32, 484.16, 0.00536435
PHY_342, 5.52, 478.72, 0.00455702
PHY_344, 5.52, 478.72, 0.00455702
FILLER_0_173_3, 5.52, 478.72, 0.00455702
PHY_343, 494.04, 478.72, 0.00535987
PHY_345, 494.04, 478.72, 0.00535987
FILLER_0_173_46, 26.32, 478.72, 0.00456176
FILLER_0_173_105, 51.32, 478.72, 0.00457616
FILLER_0_173_161, 76.32, 478.72, 0.00460033
FILLER_0_173_217, 101.32, 478.72, 0.00463412
FILLER_0_173_273, 126.32, 478.72, 0.00467743
FILLER_0_173_329, 151.32, 478.72, 0.00473025
FILLER_0_172_413, 201.32, 478.72, 0.00486369
_19171_, 226.32, 478.72, 0.00494519
hold156, 226.32, 478.72, 0.00494519
hold254, 226.32, 478.72, 0.00494519
FILLER_0_171_475, 226.32, 478.72, 0.00494519
FILLER_0_172_469, 226.32, 478.72, 0.00494519
FILLER_0_172_477, 226.32, 478.72, 0.00494519
FILLER_0_173_485, 226.32, 478.72, 0.00494519
_12399_, 251.32, 478.72, 0.00502374
_12400_, 251.32, 478.72, 0.00502374
_12402_, 251.32, 478.72, 0.00502374
_12406_, 251.32, 478.72, 0.00502374
_12570_, 251.32, 478.72, 0.00502374
hold117, 251.32, 478.72, 0.00502374
FILLER_0_172_533, 251.32, 478.72, 0.00502374
_12559_, 276.32, 478.72, 0.00509488
_13064_, 276.32, 478.72, 0.00509488
_13065_, 276.32, 478.72, 0.00509488
_13067_, 276.32, 478.72, 0.00509488
_17114_, 276.32, 478.72, 0.00509488
hold107, 276.32, 478.72, 0.00509488
_12416_, 301.32, 478.72, 0.00516266
_12421_, 301.32, 478.72, 0.00516266
_12426_, 301.32, 478.72, 0.00516266
_13063_, 301.32, 478.72, 0.00516266
_19177_, 301.32, 478.72, 0.00516266
hold135, 301.32, 478.72, 0.00516266
_17122_, 326.32, 478.72, 0.00521721
_19178_, 326.32, 478.72, 0.00521721
_19180_, 326.32, 478.72, 0.00521721
FILLER_0_172_701, 326.32, 478.72, 0.00521721
_12450_, 351.32, 478.72, 0.00526768
_12517_, 351.32, 478.72, 0.00526768
_12527_, 351.32, 478.72, 0.00526768
_12528_, 351.32, 478.72, 0.00526768
_12531_, 351.32, 478.72, 0.00526768
_17365_, 351.32, 478.72, 0.00526768
hold197, 351.32, 478.72, 0.00526768
FILLER_0_172_739, 351.32, 478.72, 0.00526768
FILLER_0_172_750, 351.32, 478.72, 0.00526768
_12435_, 376.32, 478.72, 0.00530843
_12535_, 376.32, 478.72, 0.00530843
_12536_, 376.32, 478.72, 0.00530843
_12537_, 376.32, 478.72, 0.00530843
_19336_, 376.32, 478.72, 0.00530843
FILLER_0_172_806, 376.32, 478.72, 0.00530843
FILLER_0_173_810, 376.32, 478.72, 0.00530843
_12543_, 401.32, 478.72, 0.00533583
_12545_, 401.32, 478.72, 0.00533583
_12548_, 401.32, 478.72, 0.00533583
_19334_, 401.32, 478.72, 0.00533583
hold273, 401.32, 478.72, 0.00533583
FILLER_0_172_863, 401.32, 478.72, 0.00533583
FILLER_0_172_916, 426.32, 478.72, 0.00534553
_17328_, 451.32, 478.72, 0.00536315
clkbuf_leaf_101_i_clk, 451.32, 478.72, 0.00536315
FILLER_0_172_961, 451.32, 478.72, 0.00536315
FILLER_0_172_969, 451.32, 478.72, 0.00536315
FILLER_0_172_977, 451.32, 478.72, 0.00536315
FILLER_0_172_1029, 476.32, 478.72, 0.00536012
PHY_338, 5.52, 473.28, 0.00455634
PHY_340, 5.52, 473.28, 0.00455634
PHY_339, 494.04, 473.28, 0.00536054
PHY_341, 494.04, 473.28, 0.00536054
FILLER_0_171_51, 26.32, 473.28, 0.00456108
FILLER_0_171_105, 51.32, 473.28, 0.00457548
FILLER_0_171_161, 76.32, 473.28, 0.00459963
FILLER_0_171_217, 101.32, 473.28, 0.00463344
FILLER_0_171_273, 126.32, 473.28, 0.00467681
FILLER_0_171_329, 151.32, 473.28, 0.00472981
_17285_, 201.32, 473.28, 0.00486696
_18020_, 201.32, 473.28, 0.00486696
_19587_, 201.32, 473.28, 0.00486696
hold206, 201.32, 473.28, 0.00486696
FILLER_0_170_413, 201.32, 473.28, 0.00486696
FILLER_0_170_433, 201.32, 473.28, 0.00486696
_13070_, 226.32, 473.28, 0.00494398
_19172_, 226.32, 473.28, 0.00494398
hold67, 226.32, 473.28, 0.00494398
_12403_, 251.32, 473.28, 0.00501857
_12404_, 251.32, 473.28, 0.00501857
_12408_, 251.32, 473.28, 0.00501857
_12565_, 251.32, 473.28, 0.00501857
_12567_, 251.32, 473.28, 0.00501857
FILLER_0_169_529, 251.32, 473.28, 0.00501857
FILLER_0_170_529, 251.32, 473.28, 0.00501857
_12410_, 276.32, 473.28, 0.0050965
_12412_, 276.32, 473.28, 0.0050965
_12425_, 276.32, 473.28, 0.0050965
_12562_, 276.32, 473.28, 0.0050965
_13056_, 276.32, 473.28, 0.0050965
_19330_, 276.32, 473.28, 0.0050965
FILLER_0_170_582, 276.32, 473.28, 0.0050965
_12419_, 301.32, 473.28, 0.00515786
_12422_, 301.32, 473.28, 0.00515786
_12552_, 301.32, 473.28, 0.00515786
_12553_, 301.32, 473.28, 0.00515786
_12554_, 301.32, 473.28, 0.00515786
hold370, 301.32, 473.28, 0.00515786
_13059_, 326.32, 473.28, 0.00521151
_17124_, 326.32, 473.28, 0.00521151
_19179_, 326.32, 473.28, 0.00521151
hold202, 326.32, 473.28, 0.00521151
FILLER_0_170_697, 326.32, 473.28, 0.00521151
FILLER_0_170_708, 326.32, 473.28, 0.00521151
FILLER_0_171_702, 326.32, 473.28, 0.00521151
_12441_, 351.32, 473.28, 0.00526531
_12445_, 351.32, 473.28, 0.00526531
_12448_, 351.32, 473.28, 0.00526531
_12449_, 351.32, 473.28, 0.00526531
_12451_, 351.32, 473.28, 0.00526531
_12529_, 351.32, 473.28, 0.00526531
FILLER_0_169_749, 351.32, 473.28, 0.00526531
FILLER_0_170_741, 351.32, 473.28, 0.00526531
FILLER_0_170_751, 351.32, 473.28, 0.00526531
FILLER_0_170_765, 351.32, 473.28, 0.00526531
_12434_, 376.32, 473.28, 0.00530638
_12438_, 376.32, 473.28, 0.00530638
_12539_, 376.32, 473.28, 0.00530638
_17363_, 376.32, 473.28, 0.00530638
hold283, 376.32, 473.28, 0.00530638
FILLER_0_170_807, 376.32, 473.28, 0.00530638
_12427_, 401.32, 473.28, 0.00533735
_12544_, 401.32, 473.28, 0.00533735
_12546_, 401.32, 473.28, 0.00533735
_19335_, 401.32, 473.28, 0.00533735
hold309, 401.32, 473.28, 0.00533735
_17330_, 426.32, 473.28, 0.00535618
_19306_, 426.32, 473.28, 0.00535618
hold371, 426.32, 473.28, 0.00535618
FILLER_0_170_921, 426.32, 473.28, 0.00535618
FILLER_0_170_925, 426.32, 473.28, 0.00535618
FILLER_0_171_921, 426.32, 473.28, 0.00535618
_12655_, 451.32, 473.28, 0.0053692
_19304_, 451.32, 473.28, 0.0053692
_19305_, 451.32, 473.28, 0.0053692
FILLER_0_169_961, 451.32, 473.28, 0.0053692
FILLER_0_170_1026, 476.32, 473.28, 0.00536196
PHY_334, 5.52, 467.84, 0.00455458
PHY_336, 5.52, 467.84, 0.00455458
PHY_335, 494.04, 467.84, 0.00536412
PHY_337, 494.04, 467.84, 0.00536412
FILLER_0_169_51, 26.32, 467.84, 0.00455932
FILLER_0_169_105, 51.32, 467.84, 0.0045737
FILLER_0_169_161, 76.32, 467.84, 0.00459787
FILLER_0_169_217, 101.32, 467.84, 0.00463175
FILLER_0_169_273, 126.32, 467.84, 0.0046754
FILLER_0_169_329, 151.32, 467.84, 0.00472941
FILLER_0_168_377, 176.32, 467.84, 0.00479636
_17284_, 201.32, 467.84, 0.00487829
_18019_, 201.32, 467.84, 0.00487829
_19278_, 201.32, 467.84, 0.00487829
hold65, 201.32, 467.84, 0.00487829
FILLER_0_167_418, 201.32, 467.84, 0.00487829
_17522_, 226.32, 467.84, 0.00496016
_19170_, 226.32, 467.84, 0.00496016
_19402_, 226.32, 467.84, 0.00496016
hold2, 226.32, 467.84, 0.00496016
FILLER_0_168_471, 226.32, 467.84, 0.00496016
FILLER_0_168_486, 226.32, 467.84, 0.00496016
_12405_, 251.32, 467.84, 0.00501825
_12564_, 251.32, 467.84, 0.00501825
_12569_, 251.32, 467.84, 0.00501825
FILLER_0_167_532, 251.32, 467.84, 0.00501825
FILLER_0_168_521, 251.32, 467.84, 0.00501825
FILLER_0_168_529, 251.32, 467.84, 0.00501825
FILLER_0_168_533, 251.32, 467.84, 0.00501825
FILLER_0_169_540, 251.32, 467.84, 0.00501825
_12558_, 276.32, 467.84, 0.00508605
_13054_, 276.32, 467.84, 0.00508605
_13068_, 276.32, 467.84, 0.00508605
_17352_, 276.32, 467.84, 0.00508605
_17355_, 276.32, 467.84, 0.00508605
hold347, 276.32, 467.84, 0.00508605
FILLER_0_168_584, 276.32, 467.84, 0.00508605
FILLER_0_169_593, 276.32, 467.84, 0.00508605
_17358_, 301.32, 467.84, 0.00514732
_17359_, 301.32, 467.84, 0.00514732
FILLER_0_168_631, 301.32, 467.84, 0.00514732
_12530_, 326.32, 467.84, 0.00522129
_17125_, 326.32, 467.84, 0.00522129
clkbuf_leaf_91_i_clk, 326.32, 467.84, 0.00522129
FILLER_0_168_694, 326.32, 467.84, 0.00522129
FILLER_0_168_707, 326.32, 467.84, 0.00522129
_12518_, 351.32, 467.84, 0.00526905
_12520_, 351.32, 467.84, 0.00526905
_12523_, 351.32, 467.84, 0.00526905
_12524_, 351.32, 467.84, 0.00526905
_19340_, 351.32, 467.84, 0.00526905
_19341_, 351.32, 467.84, 0.00526905
FILLER_0_168_757, 351.32, 467.84, 0.00526905
_12490_, 376.32, 467.84, 0.00529801
_12846_, 376.32, 467.84, 0.00529801
FILLER_0_167_799, 376.32, 467.84, 0.00529801
FILLER_0_168_807, 376.32, 467.84, 0.00529801
_12868_, 401.32, 467.84, 0.00533754
_12875_, 401.32, 467.84, 0.00533754
clkbuf_leaf_99_i_clk, 401.32, 467.84, 0.00533754
FILLER_0_168_861, 401.32, 467.84, 0.00533754
_12648_, 426.32, 467.84, 0.00535289
_12649_, 426.32, 467.84, 0.00535289
_12730_, 426.32, 467.84, 0.00535289
FILLER_0_168_916, 426.32, 467.84, 0.00535289
_12652_, 451.32, 467.84, 0.00536559
_12653_, 451.32, 467.84, 0.00536559
_12657_, 451.32, 467.84, 0.00536559
FILLER_0_168_962, 451.32, 467.84, 0.00536559
FILLER_0_168_974, 451.32, 467.84, 0.00536559
FILLER_0_169_979, 451.32, 467.84, 0.00536559
_12663_, 476.32, 467.84, 0.00537007
_17325_, 476.32, 467.84, 0.00537007
_19302_, 476.32, 467.84, 0.00537007
FILLER_0_168_1017, 476.32, 467.84, 0.00537007
FILLER_0_168_1028, 476.32, 467.84, 0.00537007
PHY_330, 5.52, 462.4, 0.00455649
PHY_332, 5.52, 462.4, 0.00455649
output64, 5.52, 462.4, 0.00455649
PHY_331, 494.04, 462.4, 0.00536953
PHY_333, 494.04, 462.4, 0.00536953
FILLER_0_167_49, 26.32, 462.4, 0.00455664
FILLER_0_167_105, 51.32, 462.4, 0.00456953
FILLER_0_167_161, 76.32, 462.4, 0.00459336
FILLER_0_167_217, 101.32, 462.4, 0.00462723
FILLER_0_167_273, 126.32, 462.4, 0.00467094
FILLER_0_167_329, 151.32, 462.4, 0.0047249
_17297_, 176.32, 462.4, 0.00479094
FILLER_0_166_377, 176.32, 462.4, 0.00479094
FILLER_0_167_373, 176.32, 462.4, 0.00479094
_17434_, 201.32, 462.4, 0.00486724
_17508_, 201.32, 462.4, 0.00486724
_19371_, 201.32, 462.4, 0.00486724
hold139, 201.32, 462.4, 0.00486724
FILLER_0_166_421, 201.32, 462.4, 0.00486724
_17108_, 226.32, 462.4, 0.00493794
hold140, 226.32, 462.4, 0.00493794
FILLER_0_166_489, 226.32, 462.4, 0.00493794
FILLER_0_167_485, 226.32, 462.4, 0.00493794
_12381_, 251.32, 462.4, 0.0050172
_12385_, 251.32, 462.4, 0.0050172
_12387_, 251.32, 462.4, 0.0050172
_12390_, 251.32, 462.4, 0.0050172
_12391_, 251.32, 462.4, 0.0050172
_12407_, 251.32, 462.4, 0.0050172
_12563_, 251.32, 462.4, 0.0050172
FILLER_0_166_524, 251.32, 462.4, 0.0050172
FILLER_0_166_533, 251.32, 462.4, 0.0050172
_17351_, 276.32, 462.4, 0.00509085
_19326_, 276.32, 462.4, 0.00509085
_19331_, 276.32, 462.4, 0.00509085
hold346, 276.32, 462.4, 0.00509085
FILLER_0_167_596, 276.32, 462.4, 0.00509085
_13049_, 301.32, 462.4, 0.005151
_19185_, 301.32, 462.4, 0.005151
_19186_, 301.32, 462.4, 0.005151
FILLER_0_166_641, 301.32, 462.4, 0.005151
FILLER_0_166_645, 301.32, 462.4, 0.005151
FILLER_0_167_646, 301.32, 462.4, 0.005151
_12454_, 326.32, 462.4, 0.00520672
_12455_, 326.32, 462.4, 0.00520672
_12456_, 326.32, 462.4, 0.00520672
_12512_, 326.32, 462.4, 0.00520672
FILLER_0_166_692, 326.32, 462.4, 0.00520672
_17367_, 351.32, 462.4, 0.00525621
hold279, 351.32, 462.4, 0.00525621
FILLER_0_166_744, 351.32, 462.4, 0.00525621
FILLER_0_167_761, 351.32, 462.4, 0.00525621
_12744_, 376.32, 462.4, 0.0053054
_12746_, 376.32, 462.4, 0.0053054
_12747_, 376.32, 462.4, 0.0053054
_12839_, 376.32, 462.4, 0.0053054
_12847_, 376.32, 462.4, 0.0053054
_12848_, 376.32, 462.4, 0.0053054
FILLER_0_165_801, 376.32, 462.4, 0.0053054
_12838_, 401.32, 462.4, 0.0053445
_12851_, 401.32, 462.4, 0.0053445
_12852_, 401.32, 462.4, 0.0053445
_12869_, 401.32, 462.4, 0.0053445
_12874_, 401.32, 462.4, 0.0053445
_12876_, 401.32, 462.4, 0.0053445
FILLER_0_165_857, 401.32, 462.4, 0.0053445
FILLER_0_166_865, 401.32, 462.4, 0.0053445
FILLER_0_167_862, 401.32, 462.4, 0.0053445
FILLER_0_167_870, 401.32, 462.4, 0.0053445
_12865_, 426.32, 462.4, 0.00535671
_12866_, 426.32, 462.4, 0.00535671
_12872_, 426.32, 462.4, 0.00535671
FILLER_0_166_914, 426.32, 462.4, 0.00535671
FILLER_0_166_925, 426.32, 462.4, 0.00535671
FILLER_0_167_923, 426.32, 462.4, 0.00535671
_12281_, 451.32, 462.4, 0.00537303
_12282_, 451.32, 462.4, 0.00537303
_12283_, 451.32, 462.4, 0.00537303
_12285_, 451.32, 462.4, 0.00537303
_12287_, 451.32, 462.4, 0.00537303
_12294_, 451.32, 462.4, 0.00537303
_12656_, 451.32, 462.4, 0.00537303
FILLER_0_165_965, 451.32, 462.4, 0.00537303
FILLER_0_166_956, 451.32, 462.4, 0.00537303
_12660_, 476.32, 462.4, 0.00537697
_12661_, 476.32, 462.4, 0.00537697
_17326_, 476.32, 462.4, 0.00537697
_19303_, 476.32, 462.4, 0.00537697
FILLER_0_165_1015, 476.32, 462.4, 0.00537697
FILLER_0_166_1019, 476.32, 462.4, 0.00537697
FILLER_0_166_1033, 476.32, 462.4, 0.00537697
PHY_326, 5.52, 456.96, 0.00454502
PHY_328, 5.52, 456.96, 0.00454502
PHY_327, 494.04, 456.96, 0.00536216
PHY_329, 494.04, 456.96, 0.00536216
FILLER_0_165_51, 26.32, 456.96, 0.00454977
FILLER_0_165_105, 51.32, 456.96, 0.00456417
FILLER_0_165_161, 76.32, 456.96, 0.0045884
FILLER_0_165_217, 101.32, 456.96, 0.00462245
FILLER_0_165_273, 126.32, 456.96, 0.00466639
FILLER_0_165_329, 151.32, 456.96, 0.00472087
_17435_, 201.32, 456.96, 0.00486942
_17509_, 201.32, 456.96, 0.00486942
_19399_, 201.32, 456.96, 0.00486942
hold83, 201.32, 456.96, 0.00486942
_13073_, 226.32, 456.96, 0.00493991
_17204_, 226.32, 456.96, 0.00493991
_19168_, 226.32, 456.96, 0.00493991
hold8, 226.32, 456.96, 0.00493991
FILLER_0_164_486, 226.32, 456.96, 0.00493991
_12389_, 251.32, 456.96, 0.00500744
_12581_, 251.32, 456.96, 0.00500744
_12582_, 251.32, 456.96, 0.00500744
_12583_, 251.32, 456.96, 0.00500744
_12585_, 251.32, 456.96, 0.00500744
_17356_, 276.32, 456.96, 0.00507075
FILLER_0_164_583, 276.32, 456.96, 0.00507075
_17128_, 301.32, 456.96, 0.00513936
hold122, 301.32, 456.96, 0.00513936
hold200, 301.32, 456.96, 0.00513936
FILLER_0_163_640, 301.32, 456.96, 0.00513936
FILLER_0_164_637, 301.32, 456.96, 0.00513936
_12459_, 326.32, 456.96, 0.0052042
_12464_, 326.32, 456.96, 0.0052042
_12509_, 326.32, 456.96, 0.0052042
_17372_, 326.32, 456.96, 0.0052042
hold345, 326.32, 456.96, 0.0052042
FILLER_0_165_699, 326.32, 456.96, 0.0052042
FILLER_0_165_707, 326.32, 456.96, 0.0052042
_12742_, 351.32, 456.96, 0.00525588
_12772_, 351.32, 456.96, 0.00525588
FILLER_0_163_742, 351.32, 456.96, 0.00525588
FILLER_0_164_752, 351.32, 456.96, 0.00525588
FILLER_0_164_757, 351.32, 456.96, 0.00525588
FILLER_0_165_761, 351.32, 456.96, 0.00525588
_12840_, 376.32, 456.96, 0.00529871
_12854_, 376.32, 456.96, 0.00529871
_12883_, 376.32, 456.96, 0.00529871
_12889_, 376.32, 456.96, 0.00529871
FILLER_0_163_797, 376.32, 456.96, 0.00529871
FILLER_0_164_803, 376.32, 456.96, 0.00529871
_17357_, 401.32, 456.96, 0.00532564
FILLER_0_164_861, 401.32, 456.96, 0.00532564
FILLER_0_165_873, 401.32, 456.96, 0.00532564
_17332_, 426.32, 456.96, 0.00535223
_19309_, 426.32, 456.96, 0.00535223
FILLER_0_164_917, 426.32, 456.96, 0.00535223
FILLER_0_164_925, 426.32, 456.96, 0.00535223
_12284_, 451.32, 456.96, 0.00536389
_12286_, 451.32, 456.96, 0.00536389
_12291_, 451.32, 456.96, 0.00536389
_17324_, 451.32, 456.96, 0.00536389
FILLER_0_164_977, 451.32, 456.96, 0.00536389
FILLER_0_165_980, 451.32, 456.96, 0.00536389
_12669_, 476.32, 456.96, 0.00536477
FILLER_0_164_1029, 476.32, 456.96, 0.00536477
PHY_322, 5.52, 451.52, 0.00453982
PHY_324, 5.52, 451.52, 0.00453982
PHY_323, 494.04, 451.52, 0.005372
PHY_325, 494.04, 451.52, 0.005372
FILLER_0_163_51, 26.32, 451.52, 0.00454458
FILLER_0_163_105, 51.32, 451.52, 0.00455903
FILLER_0_163_161, 76.32, 451.52, 0.00458332
FILLER_0_163_217, 101.32, 451.52, 0.00461751
FILLER_0_163_273, 126.32, 451.52, 0.00466186
FILLER_0_163_329, 151.32, 451.52, 0.00471772
_19588_, 176.32, 451.52, 0.00479083
FILLER_0_162_377, 176.32, 451.52, 0.00479083
_19283_, 201.32, 451.52, 0.00486753
_19396_, 201.32, 451.52, 0.00486753
_17517_, 226.32, 451.52, 0.00493964
_19167_, 226.32, 451.52, 0.00493964
_19400_, 226.32, 451.52, 0.00493964
hold137, 226.32, 451.52, 0.00493964
hold201, 226.32, 451.52, 0.00493964
FILLER_0_162_477, 226.32, 451.52, 0.00493964
FILLER_0_163_490, 226.32, 451.52, 0.00493964
_12378_, 251.32, 451.52, 0.00500458
_12384_, 251.32, 451.52, 0.00500458
_12386_, 251.32, 451.52, 0.00500458
_12586_, 251.32, 451.52, 0.00500458
_17350_, 251.32, 451.52, 0.00500458
FILLER_0_163_538, 251.32, 451.52, 0.00500458
_12597_, 276.32, 451.52, 0.00507583
_17347_, 276.32, 451.52, 0.00507583
FILLER_0_162_580, 276.32, 451.52, 0.00507583
FILLER_0_163_597, 276.32, 451.52, 0.00507583
_19187_, 301.32, 451.52, 0.00515956
_19188_, 301.32, 451.52, 0.00515956
clkbuf_leaf_90_i_clk, 301.32, 451.52, 0.00515956
FILLER_0_161_640, 301.32, 451.52, 0.00515956
FILLER_0_162_638, 301.32, 451.52, 0.00515956
_12232_, 326.32, 451.52, 0.00520982
_12462_, 326.32, 451.52, 0.00520982
_12507_, 326.32, 451.52, 0.00520982
_12508_, 326.32, 451.52, 0.00520982
_12513_, 326.32, 451.52, 0.00520982
FILLER_0_161_691, 326.32, 451.52, 0.00520982
FILLER_0_162_695, 326.32, 451.52, 0.00520982
FILLER_0_162_709, 326.32, 451.52, 0.00520982
_12741_, 351.32, 451.52, 0.00525798
_12913_, 351.32, 451.52, 0.00525798
_12920_, 351.32, 451.52, 0.00525798
_12927_, 351.32, 451.52, 0.00525798
_12935_, 351.32, 451.52, 0.00525798
FILLER_0_161_741, 351.32, 451.52, 0.00525798
FILLER_0_162_745, 351.32, 451.52, 0.00525798
FILLER_0_162_753, 351.32, 451.52, 0.00525798
FILLER_0_163_753, 351.32, 451.52, 0.00525798
_12748_, 376.32, 451.52, 0.00530141
_12816_, 376.32, 451.52, 0.00530141
_12817_, 376.32, 451.52, 0.00530141
_12825_, 376.32, 451.52, 0.00530141
_12826_, 376.32, 451.52, 0.00530141
_12831_, 376.32, 451.52, 0.00530141
FILLER_0_162_795, 376.32, 451.52, 0.00530141
_12822_, 401.32, 451.52, 0.00533513
_12823_, 401.32, 451.52, 0.00533513
_19310_, 401.32, 451.52, 0.00533513
FILLER_0_161_857, 401.32, 451.52, 0.00533513
FILLER_0_162_863, 401.32, 451.52, 0.00533513
_12640_, 426.32, 451.52, 0.0053583
_12641_, 426.32, 451.52, 0.0053583
_12729_, 426.32, 451.52, 0.0053583
_12886_, 426.32, 451.52, 0.0053583
FILLER_0_161_913, 426.32, 451.52, 0.0053583
FILLER_0_162_914, 426.32, 451.52, 0.0053583
_17313_, 451.32, 451.52, 0.00537503
_19301_, 451.32, 451.52, 0.00537503
hold252, 451.32, 451.52, 0.00537503
FILLER_0_163_982, 451.32, 451.52, 0.00537503
_12233_, 476.32, 451.52, 0.00538466
_12668_, 476.32, 451.52, 0.00538466
clkbuf_leaf_102_i_clk, 476.32, 451.52, 0.00538466
PHY_318, 5.52, 446.08, 0.00453437
PHY_320, 5.52, 446.08, 0.00453437
PHY_319, 494.04, 446.08, 0.00537089
PHY_321, 494.04, 446.08, 0.00537089
FILLER_0_161_51, 26.32, 446.08, 0.00453916
FILLER_0_161_105, 51.32, 446.08, 0.00455364
FILLER_0_161_161, 76.32, 446.08, 0.00457795
FILLER_0_161_217, 101.32, 446.08, 0.00461213
FILLER_0_161_273, 126.32, 446.08, 0.00465624
FILLER_0_161_329, 151.32, 446.08, 0.00471084
_17287_, 176.32, 446.08, 0.00477854
_19279_, 176.32, 446.08, 0.00477854
FILLER_0_160_377, 176.32, 446.08, 0.00477854
_17303_, 201.32, 446.08, 0.00485635
_18032_, 201.32, 446.08, 0.00485635
_19284_, 201.32, 446.08, 0.00485635
_19593_, 201.32, 446.08, 0.00485635
hold21, 201.32, 446.08, 0.00485635
hold164, 201.32, 446.08, 0.00485635
FILLER_0_160_416, 201.32, 446.08, 0.00485635
FILLER_0_161_429, 201.32, 446.08, 0.00485635
_17513_, 226.32, 446.08, 0.0049364
_19166_, 226.32, 446.08, 0.0049364
_19401_, 226.32, 446.08, 0.0049364
hold103, 226.32, 446.08, 0.0049364
FILLER_0_160_467, 226.32, 446.08, 0.0049364
FILLER_0_160_489, 226.32, 446.08, 0.0049364
_12371_, 251.32, 446.08, 0.00500443
_12372_, 251.32, 446.08, 0.00500443
_12373_, 251.32, 446.08, 0.00500443
_12388_, 251.32, 446.08, 0.00500443
_17349_, 251.32, 446.08, 0.00500443
hold102, 251.32, 446.08, 0.00500443
_12360_, 276.32, 446.08, 0.005073
_12361_, 276.32, 446.08, 0.005073
_12362_, 276.32, 446.08, 0.005073
_12363_, 276.32, 446.08, 0.005073
hold116, 276.32, 446.08, 0.005073
FILLER_0_160_585, 276.32, 446.08, 0.005073
FILLER_0_160_589, 276.32, 446.08, 0.005073
_17344_, 301.32, 446.08, 0.005138
_19189_, 301.32, 446.08, 0.005138
hold148, 301.32, 446.08, 0.005138
FILLER_0_160_637, 301.32, 446.08, 0.005138
FILLER_0_160_645, 301.32, 446.08, 0.005138
FILLER_0_160_656, 301.32, 446.08, 0.005138
_12496_, 326.32, 446.08, 0.00519882
_17371_, 326.32, 446.08, 0.00519882
_19344_, 326.32, 446.08, 0.00519882
FILLER_0_160_692, 326.32, 446.08, 0.00519882
FILLER_0_160_701, 326.32, 446.08, 0.00519882
_12934_, 351.32, 446.08, 0.00525508
_12941_, 351.32, 446.08, 0.00525508
_12942_, 351.32, 446.08, 0.00525508
FILLER_0_159_741, 351.32, 446.08, 0.00525508
_12807_, 376.32, 446.08, 0.00531274
_12808_, 376.32, 446.08, 0.00531274
_12809_, 376.32, 446.08, 0.00531274
_12818_, 376.32, 446.08, 0.00531274
_12830_, 376.32, 446.08, 0.00531274
_12832_, 376.32, 446.08, 0.00531274
FILLER_0_159_794, 376.32, 446.08, 0.00531274
FILLER_0_160_805, 376.32, 446.08, 0.00531274
_12633_, 401.32, 446.08, 0.00534157
_19311_, 401.32, 446.08, 0.00534157
FILLER_0_160_865, 401.32, 446.08, 0.00534157
_12304_, 426.32, 446.08, 0.0053634
_12305_, 426.32, 446.08, 0.0053634
_12313_, 426.32, 446.08, 0.0053634
_12894_, 426.32, 446.08, 0.0053634
FILLER_0_160_919, 426.32, 446.08, 0.0053634
FILLER_0_161_921, 426.32, 446.08, 0.0053634
_13168_, 451.32, 446.08, 0.00537117
_17085_, 451.32, 446.08, 0.00537117
_17323_, 451.32, 446.08, 0.00537117
FILLER_0_159_965, 451.32, 446.08, 0.00537117
FILLER_0_160_969, 451.32, 446.08, 0.00537117
_12274_, 476.32, 446.08, 0.00538208
_12276_, 476.32, 446.08, 0.00538208
_12671_, 476.32, 446.08, 0.00538208
_12674_, 476.32, 446.08, 0.00538208
_19299_, 476.32, 446.08, 0.00538208
FILLER_0_159_1023, 476.32, 446.08, 0.00538208
PHY_314, 5.52, 440.64, 0.00452644
PHY_316, 5.52, 440.64, 0.00452644
PHY_315, 494.04, 440.64, 0.00536621
PHY_317, 494.04, 440.64, 0.00536621
FILLER_0_159_51, 26.32, 440.64, 0.00453123
FILLER_0_159_105, 51.32, 440.64, 0.00454573
FILLER_0_159_161, 76.32, 440.64, 0.00457011
FILLER_0_159_217, 101.32, 440.64, 0.00460441
FILLER_0_159_273, 126.32, 440.64, 0.00464874
FILLER_0_159_329, 151.32, 440.64, 0.00470382
_19280_, 176.32, 440.64, 0.00477307
FILLER_0_157_361, 176.32, 440.64, 0.00477307
_17446_, 201.32, 440.64, 0.00485333
_17447_, 201.32, 440.64, 0.00485333
_17520_, 201.32, 440.64, 0.00485333
_19377_, 201.32, 440.64, 0.00485333
hold215, 201.32, 440.64, 0.00485333
FILLER_0_157_417, 201.32, 440.64, 0.00485333
_17440_, 226.32, 440.64, 0.00494013
_19397_, 226.32, 440.64, 0.00494013
clkbuf_leaf_62_i_clk, 226.32, 440.64, 0.00494013
hold222, 226.32, 440.64, 0.00494013
FILLER_0_158_473, 226.32, 440.64, 0.00494013
FILLER_0_158_485, 226.32, 440.64, 0.00494013
_12590_, 251.32, 440.64, 0.00499855
_19323_, 251.32, 440.64, 0.00499855
FILLER_0_158_533, 251.32, 440.64, 0.00499855
_17103_, 276.32, 440.64, 0.00506549
_19163_, 276.32, 440.64, 0.00506549
hold115, 276.32, 440.64, 0.00506549
hold203, 276.32, 440.64, 0.00506549
FILLER_0_159_602, 276.32, 440.64, 0.00506549
_12593_, 301.32, 440.64, 0.0051313
hold143, 301.32, 440.64, 0.0051313
FILLER_0_157_635, 301.32, 440.64, 0.0051313
FILLER_0_158_635, 301.32, 440.64, 0.0051313
FILLER_0_158_645, 301.32, 440.64, 0.0051313
_12471_, 326.32, 440.64, 0.00519996
_12493_, 326.32, 440.64, 0.00519996
_12495_, 326.32, 440.64, 0.00519996
_12500_, 326.32, 440.64, 0.00519996
_19346_, 326.32, 440.64, 0.00519996
hold225, 326.32, 440.64, 0.00519996
FILLER_0_158_701, 326.32, 440.64, 0.00519996
FILLER_0_159_699, 326.32, 440.64, 0.00519996
FILLER_0_159_707, 326.32, 440.64, 0.00519996
_12740_, 351.32, 440.64, 0.0052536
_12948_, 351.32, 440.64, 0.0052536
_12949_, 351.32, 440.64, 0.0052536
_12956_, 351.32, 440.64, 0.0052536
_12963_, 351.32, 440.64, 0.0052536
FILLER_0_158_746, 351.32, 440.64, 0.0052536
FILLER_0_158_753, 351.32, 440.64, 0.0052536
_12800_, 376.32, 440.64, 0.00530141
_12810_, 376.32, 440.64, 0.00530141
_12836_, 376.32, 440.64, 0.00530141
FILLER_0_157_797, 376.32, 440.64, 0.00530141
FILLER_0_158_807, 376.32, 440.64, 0.00530141
_12319_, 401.32, 440.64, 0.00533618
_12320_, 401.32, 440.64, 0.00533618
_12631_, 401.32, 440.64, 0.00533618
_12632_, 401.32, 440.64, 0.00533618
FILLER_0_158_864, 401.32, 440.64, 0.00533618
_12728_, 426.32, 440.64, 0.00535723
_12904_, 426.32, 440.64, 0.00535723
FILLER_0_158_915, 426.32, 440.64, 0.00535723
_13163_, 451.32, 440.64, 0.00537327
_13167_, 451.32, 440.64, 0.00537327
_13173_, 451.32, 440.64, 0.00537327
_19147_, 451.32, 440.64, 0.00537327
_19148_, 451.32, 440.64, 0.00537327
_12273_, 476.32, 440.64, 0.00537243
_12672_, 476.32, 440.64, 0.00537243
_12673_, 476.32, 440.64, 0.00537243
_12678_, 476.32, 440.64, 0.00537243
hold219, 476.32, 440.64, 0.00537243
FILLER_0_158_1016, 476.32, 440.64, 0.00537243
FILLER_0_158_1027, 476.32, 440.64, 0.00537243
PHY_310, 5.52, 435.2, 0.00452355
PHY_312, 5.52, 435.2, 0.00452355
output14, 5.52, 435.2, 0.00452355
PHY_311, 494.04, 435.2, 0.0053726
PHY_313, 494.04, 435.2, 0.0053726
FILLER_0_157_51, 26.32, 435.2, 0.00452377
FILLER_0_157_105, 51.32, 435.2, 0.00453681
FILLER_0_157_161, 76.32, 435.2, 0.00456089
FILLER_0_157_217, 101.32, 435.2, 0.00459521
FILLER_0_157_273, 126.32, 435.2, 0.00463956
FILLER_0_157_329, 151.32, 435.2, 0.00469426
_17291_, 176.32, 435.2, 0.00476136
_19373_, 176.32, 435.2, 0.00476136
FILLER_0_156_365, 176.32, 435.2, 0.00476136
FILLER_0_156_378, 176.32, 435.2, 0.00476136
_17302_, 201.32, 435.2, 0.00483229
_18031_, 201.32, 435.2, 0.00483229
hold191, 201.32, 435.2, 0.00483229
FILLER_0_156_417, 201.32, 435.2, 0.00483229
FILLER_0_156_432, 201.32, 435.2, 0.00483229
_18026_, 226.32, 435.2, 0.00490983
_19398_, 226.32, 435.2, 0.00490983
hold76, 226.32, 435.2, 0.00490983
FILLER_0_155_469, 226.32, 435.2, 0.00490983
FILLER_0_156_473, 226.32, 435.2, 0.00490983
FILLER_0_156_477, 226.32, 435.2, 0.00490983
FILLER_0_157_493, 226.32, 435.2, 0.00490983
_17410_, 251.32, 435.2, 0.00497558
hold229, 251.32, 435.2, 0.00497558
_12352_, 276.32, 435.2, 0.00505169
_12353_, 276.32, 435.2, 0.00505169
_13078_, 276.32, 435.2, 0.00505169
_17102_, 276.32, 435.2, 0.00505169
FILLER_0_156_580, 276.32, 435.2, 0.00505169
FILLER_0_156_596, 276.32, 435.2, 0.00505169
FILLER_0_157_601, 276.32, 435.2, 0.00505169
_12356_, 301.32, 435.2, 0.00513026
_12357_, 301.32, 435.2, 0.00513026
_12358_, 301.32, 435.2, 0.00513026
_13045_, 301.32, 435.2, 0.00513026
_19190_, 301.32, 435.2, 0.00513026
_12231_, 326.32, 435.2, 0.00519565
_12472_, 326.32, 435.2, 0.00519565
_12494_, 326.32, 435.2, 0.00519565
_19347_, 326.32, 435.2, 0.00519565
FILLER_0_156_686, 326.32, 435.2, 0.00519565
_12969_, 351.32, 435.2, 0.00525436
_12970_, 351.32, 435.2, 0.00525436
FILLER_0_156_750, 351.32, 435.2, 0.00525436
_12802_, 376.32, 435.2, 0.00531253
_19228_, 376.32, 435.2, 0.00531253
hold444, 376.32, 435.2, 0.00531253
FILLER_0_155_804, 376.32, 435.2, 0.00531253
FILLER_0_156_803, 376.32, 435.2, 0.00531253
FILLER_0_156_813, 376.32, 435.2, 0.00531253
_12329_, 401.32, 435.2, 0.00535345
_12623_, 401.32, 435.2, 0.00535345
_12624_, 401.32, 435.2, 0.00535345
_12629_, 401.32, 435.2, 0.00535345
clkbuf_leaf_98_i_clk, 401.32, 435.2, 0.00535345
FILLER_0_155_855, 401.32, 435.2, 0.00535345
FILLER_0_156_858, 401.32, 435.2, 0.00535345
_12903_, 426.32, 435.2, 0.00536434
_12911_, 426.32, 435.2, 0.00536434
_19150_, 426.32, 435.2, 0.00536434
FILLER_0_156_913, 426.32, 435.2, 0.00536434
FILLER_0_156_921, 426.32, 435.2, 0.00536434
FILLER_0_156_925, 426.32, 435.2, 0.00536434
_13161_, 451.32, 435.2, 0.00537235
_13166_, 451.32, 435.2, 0.00537235
_13172_, 451.32, 435.2, 0.00537235
_17086_, 451.32, 435.2, 0.00537235
_12268_, 476.32, 435.2, 0.00537975
_12676_, 476.32, 435.2, 0.00537975
_12677_, 476.32, 435.2, 0.00537975
_17320_, 476.32, 435.2, 0.00537975
_19297_, 476.32, 435.2, 0.00537975
FILLER_0_155_1019, 476.32, 435.2, 0.00537975
FILLER_0_156_1027, 476.32, 435.2, 0.00537975
PHY_306, 5.52, 429.76, 0.00450728
PHY_308, 5.52, 429.76, 0.00450728
PHY_307, 494.04, 429.76, 0.00536503
PHY_309, 494.04, 429.76, 0.00536503
FILLER_0_155_51, 26.32, 429.76, 0.00451211
FILLER_0_155_105, 51.32, 429.76, 0.00452671
FILLER_0_155_161, 76.32, 429.76, 0.00455121
FILLER_0_155_217, 101.32, 429.76, 0.00458571
FILLER_0_155_273, 126.32, 429.76, 0.00463015
FILLER_0_155_329, 151.32, 429.76, 0.0046846
_17290_, 176.32, 429.76, 0.00475017
FILLER_0_155_373, 176.32, 429.76, 0.00475017
_17255_, 201.32, 429.76, 0.00483015
_17487_, 201.32, 429.76, 0.00483015
_19363_, 201.32, 429.76, 0.00483015
FILLER_0_154_413, 201.32, 429.76, 0.00483015
FILLER_0_154_421, 201.32, 429.76, 0.00483015
FILLER_0_155_438, 201.32, 429.76, 0.00483015
_17408_, 226.32, 429.76, 0.0049213
_17502_, 226.32, 429.76, 0.0049213
_17504_, 226.32, 429.76, 0.0049213
_19360_, 226.32, 429.76, 0.0049213
_19448_, 226.32, 429.76, 0.0049213
hold5, 226.32, 429.76, 0.0049213
FILLER_0_155_485, 226.32, 429.76, 0.0049213
_19417_, 251.32, 429.76, 0.00498408
hold55, 251.32, 429.76, 0.00498408
FILLER_0_154_529, 251.32, 429.76, 0.00498408
_17101_, 276.32, 429.76, 0.00507359
_17551_, 276.32, 429.76, 0.00507359
clkbuf_leaf_87_i_clk, 276.32, 429.76, 0.00507359
hold118, 276.32, 429.76, 0.00507359
hold119, 276.32, 429.76, 0.00507359
FILLER_0_153_586, 276.32, 429.76, 0.00507359
_17133_, 301.32, 429.76, 0.0051304
_17342_, 301.32, 429.76, 0.0051304
_19192_, 301.32, 429.76, 0.0051304
hold129, 301.32, 429.76, 0.0051304
FILLER_0_154_631, 301.32, 429.76, 0.0051304
_12473_, 326.32, 429.76, 0.00520093
_12474_, 326.32, 429.76, 0.00520093
_12489_, 326.32, 429.76, 0.00520093
clkbuf_leaf_93_i_clk, 326.32, 429.76, 0.00520093
FILLER_0_155_703, 326.32, 429.76, 0.00520093
_12988_, 351.32, 429.76, 0.00524998
FILLER_0_153_746, 351.32, 429.76, 0.00524998
FILLER_0_154_746, 351.32, 429.76, 0.00524998
_17174_, 376.32, 429.76, 0.00529937
FILLER_0_154_808, 376.32, 429.76, 0.00529937
FILLER_0_155_812, 376.32, 429.76, 0.00529937
FILLER_0_155_818, 376.32, 429.76, 0.00529937
_12327_, 401.32, 429.76, 0.00534272
_12328_, 401.32, 429.76, 0.00534272
_12331_, 401.32, 429.76, 0.00534272
_12332_, 401.32, 429.76, 0.00534272
_12626_, 401.32, 429.76, 0.00534272
_12628_, 401.32, 429.76, 0.00534272
FILLER_0_154_864, 401.32, 429.76, 0.00534272
_12727_, 426.32, 429.76, 0.00535869
_13146_, 426.32, 429.76, 0.00535869
_17089_, 426.32, 429.76, 0.00535869
_19152_, 426.32, 429.76, 0.00535869
FILLER_0_154_905, 426.32, 429.76, 0.00535869
FILLER_0_154_917, 426.32, 429.76, 0.00535869
_17315_, 451.32, 429.76, 0.00536793
_19293_, 451.32, 429.76, 0.00536793
FILLER_0_154_963, 451.32, 429.76, 0.00536793
FILLER_0_154_975, 451.32, 429.76, 0.00536793
FILLER_0_154_981, 451.32, 429.76, 0.00536793
_12267_, 476.32, 429.76, 0.00537338
_12269_, 476.32, 429.76, 0.00537338
_12271_, 476.32, 429.76, 0.00537338
_12680_, 476.32, 429.76, 0.00537338
_12683_, 476.32, 429.76, 0.00537338
_12688_, 476.32, 429.76, 0.00537338
FILLER_0_154_1024, 476.32, 429.76, 0.00537338
FILLER_0_154_1033, 476.32, 429.76, 0.00537338
PHY_302, 5.52, 424.32, 0.00449728
PHY_304, 5.52, 424.32, 0.00449728
PHY_303, 494.04, 424.32, 0.00536416
PHY_305, 494.04, 424.32, 0.00536416
FILLER_0_153_51, 26.32, 424.32, 0.00450217
FILLER_0_153_105, 51.32, 424.32, 0.00451692
FILLER_0_153_161, 76.32, 424.32, 0.00454183
FILLER_0_153_217, 101.32, 424.32, 0.00457788
_13528_, 126.32, 424.32, 0.00462824
_19041_, 126.32, 424.32, 0.00462824
FILLER_0_152_253, 126.32, 424.32, 0.00462824
FILLER_0_153_273, 126.32, 424.32, 0.00462824
_13533_, 151.32, 424.32, 0.00468977
_13534_, 151.32, 424.32, 0.00468977
_16963_, 151.32, 424.32, 0.00468977
_19038_, 151.32, 424.32, 0.00468977
FILLER_0_151_306, 151.32, 424.32, 0.00468977
_17258_, 176.32, 424.32, 0.0047562
_17419_, 176.32, 424.32, 0.0047562
_17489_, 176.32, 424.32, 0.0047562
_19271_, 176.32, 424.32, 0.0047562
_19364_, 176.32, 424.32, 0.0047562
FILLER_0_151_366, 176.32, 424.32, 0.0047562
FILLER_0_152_365, 176.32, 424.32, 0.0047562
FILLER_0_153_373, 176.32, 424.32, 0.0047562
_17416_, 201.32, 424.32, 0.00482399
_17417_, 201.32, 424.32, 0.00482399
_17523_, 201.32, 424.32, 0.00482399
_19270_, 201.32, 424.32, 0.00482399
_19387_, 201.32, 424.32, 0.00482399
_17625_, 226.32, 424.32, 0.00489854
_19403_, 226.32, 424.32, 0.00489854
hold15, 226.32, 424.32, 0.00489854
hold170, 226.32, 424.32, 0.00489854
FILLER_0_152_477, 226.32, 424.32, 0.00489854
FILLER_0_153_487, 226.32, 424.32, 0.00489854
_17559_, 251.32, 424.32, 0.00497746
_17560_, 251.32, 424.32, 0.00497746
_17634_, 251.32, 424.32, 0.00497746
_19380_, 251.32, 424.32, 0.00497746
_19452_, 251.32, 424.32, 0.00497746
hold158, 251.32, 424.32, 0.00497746
FILLER_0_153_539, 251.32, 424.32, 0.00497746
_13079_, 276.32, 424.32, 0.00505303
_17467_, 276.32, 424.32, 0.00505303
_17552_, 276.32, 424.32, 0.00505303
_17638_, 276.32, 424.32, 0.00505303
_19454_, 276.32, 424.32, 0.00505303
hold61, 276.32, 424.32, 0.00505303
hold253, 276.32, 424.32, 0.00505303
_12343_, 301.32, 424.32, 0.00511925
_12349_, 301.32, 424.32, 0.00511925
_19191_, 301.32, 424.32, 0.00511925
FILLER_0_151_638, 301.32, 424.32, 0.00511925
FILLER_0_152_636, 301.32, 424.32, 0.00511925
_12476_, 326.32, 424.32, 0.00519006
_12481_, 326.32, 424.32, 0.00519006
_12491_, 326.32, 424.32, 0.00519006
_19348_, 326.32, 424.32, 0.00519006
FILLER_0_153_708, 326.32, 424.32, 0.00519006
_12752_, 351.32, 424.32, 0.00525833
_12936_, 351.32, 424.32, 0.00525833
_12943_, 351.32, 424.32, 0.00525833
FILLER_0_151_748, 351.32, 424.32, 0.00525833
FILLER_0_152_746, 351.32, 424.32, 0.00525833
FILLER_0_152_757, 351.32, 424.32, 0.00525833
_12794_, 376.32, 424.32, 0.00531703
_19231_, 376.32, 424.32, 0.00531703
FILLER_0_151_797, 376.32, 424.32, 0.00531703
FILLER_0_152_808, 376.32, 424.32, 0.00531703
_12322_, 401.32, 424.32, 0.00535441
_12323_, 401.32, 424.32, 0.00535441
_12326_, 401.32, 424.32, 0.00535441
_13141_, 401.32, 424.32, 0.00535441
_19153_, 401.32, 424.32, 0.00535441
hold194, 401.32, 424.32, 0.00535441
FILLER_0_153_866, 401.32, 424.32, 0.00535441
_12499_, 426.32, 424.32, 0.00536759
_12925_, 426.32, 424.32, 0.00536759
_12932_, 426.32, 424.32, 0.00536759
_12939_, 426.32, 424.32, 0.00536759
_13145_, 426.32, 424.32, 0.00536759
_12257_, 451.32, 424.32, 0.00537197
_12700_, 451.32, 424.32, 0.00537197
_12701_, 451.32, 424.32, 0.00537197
FILLER_0_151_965, 451.32, 424.32, 0.00537197
FILLER_0_152_961, 451.32, 424.32, 0.00537197
_12261_, 476.32, 424.32, 0.00537682
_12684_, 476.32, 424.32, 0.00537682
_12685_, 476.32, 424.32, 0.00537682
_12687_, 476.32, 424.32, 0.00537682
_12691_, 476.32, 424.32, 0.00537682
_19295_, 476.32, 424.32, 0.00537682
hold330, 476.32, 424.32, 0.00537682
hold335, 476.32, 424.32, 0.00537682
PHY_298, 5.52, 418.88, 0.00448685
PHY_300, 5.52, 418.88, 0.00448685
PHY_299, 494.04, 418.88, 0.00536042
PHY_301, 494.04, 418.88, 0.00536042
FILLER_0_151_51, 26.32, 418.88, 0.0044918
FILLER_0_151_105, 51.32, 418.88, 0.00450671
FILLER_0_151_161, 76.32, 418.88, 0.00453215
FILLER_0_151_217, 101.32, 418.88, 0.0045703
_13527_, 126.32, 418.88, 0.00462274
_13666_, 126.32, 418.88, 0.00462274
_16966_, 126.32, 418.88, 0.00462274
_18977_, 126.32, 418.88, 0.00462274
FILLER_0_149_254, 126.32, 418.88, 0.00462274
FILLER_0_150_253, 126.32, 418.88, 0.00462274
_13536_, 151.32, 418.88, 0.00468804
_13672_, 151.32, 418.88, 0.00468804
_18974_, 151.32, 418.88, 0.00468804
clkbuf_leaf_57_i_clk, 151.32, 418.88, 0.00468804
FILLER_0_150_309, 151.32, 418.88, 0.00468804
FILLER_0_150_318, 151.32, 418.88, 0.00468804
FILLER_0_151_322, 151.32, 418.88, 0.00468804
_19388_, 176.32, 418.88, 0.00474207
FILLER_0_150_360, 176.32, 418.88, 0.00474207
FILLER_0_150_377, 176.32, 418.88, 0.00474207
_17254_, 201.32, 418.88, 0.00481956
_17486_, 201.32, 418.88, 0.00481956
clkbuf_leaf_63_i_clk, 201.32, 418.88, 0.00481956
FILLER_0_149_423, 201.32, 418.88, 0.00481956
FILLER_0_150_417, 201.32, 418.88, 0.00481956
FILLER_0_150_421, 201.32, 418.88, 0.00481956
_17398_, 226.32, 418.88, 0.00488695
_17618_, 226.32, 418.88, 0.00488695
_19445_, 226.32, 418.88, 0.00488695
_17553_, 251.32, 418.88, 0.00497471
_17554_, 251.32, 418.88, 0.00497471
_17566_, 251.32, 418.88, 0.00497471
_17600_, 251.32, 418.88, 0.00497471
_19436_, 251.32, 418.88, 0.00497471
FILLER_0_150_527, 251.32, 418.88, 0.00497471
FILLER_0_150_539, 251.32, 418.88, 0.00497471
_17468_, 276.32, 418.88, 0.00503986
_17570_, 276.32, 418.88, 0.00503986
_17604_, 276.32, 418.88, 0.00503986
_17637_, 276.32, 418.88, 0.00503986
_19382_, 276.32, 418.88, 0.00503986
_19438_, 276.32, 418.88, 0.00503986
_12342_, 301.32, 418.88, 0.00511016
_12348_, 301.32, 418.88, 0.00511016
_12351_, 301.32, 418.88, 0.00511016
_12611_, 301.32, 418.88, 0.00511016
hold282, 301.32, 418.88, 0.00511016
FILLER_0_151_645, 301.32, 418.88, 0.00511016
_12338_, 326.32, 418.88, 0.00517997
_12619_, 326.32, 418.88, 0.00517997
_17375_, 326.32, 418.88, 0.00517997
_17376_, 326.32, 418.88, 0.00517997
FILLER_0_149_688, 326.32, 418.88, 0.00517997
_12754_, 351.32, 418.88, 0.00525368
_12755_, 351.32, 418.88, 0.00525368
_12767_, 351.32, 418.88, 0.00525368
_12773_, 351.32, 418.88, 0.00525368
_12774_, 351.32, 418.88, 0.00525368
_12776_, 351.32, 418.88, 0.00525368
_12777_, 351.32, 418.88, 0.00525368
FILLER_0_149_746, 351.32, 418.88, 0.00525368
FILLER_0_150_753, 351.32, 418.88, 0.00525368
FILLER_0_151_758, 351.32, 418.88, 0.00525368
_12795_, 376.32, 418.88, 0.00531307
_12811_, 376.32, 418.88, 0.00531307
_12812_, 376.32, 418.88, 0.00531307
_19233_, 376.32, 418.88, 0.00531307
_12324_, 401.32, 418.88, 0.0053442
_12330_, 401.32, 418.88, 0.0053442
_13130_, 401.32, 418.88, 0.0053442
_13136_, 401.32, 418.88, 0.0053442
_17091_, 401.32, 418.88, 0.0053442
FILLER_0_149_852, 401.32, 418.88, 0.0053442
FILLER_0_150_869, 401.32, 418.88, 0.0053442
FILLER_0_151_868, 401.32, 418.88, 0.0053442
_13144_, 426.32, 418.88, 0.00536093
_12236_, 451.32, 418.88, 0.00538376
_12260_, 451.32, 418.88, 0.00538376
_12693_, 451.32, 418.88, 0.00538376
_12694_, 451.32, 418.88, 0.00538376
_12705_, 451.32, 418.88, 0.00538376
_12706_, 451.32, 418.88, 0.00538376
clkbuf_leaf_103_i_clk, 451.32, 418.88, 0.00538376
FILLER_0_150_963, 451.32, 418.88, 0.00538376
FILLER_0_150_971, 451.32, 418.88, 0.00538376
_12265_, 476.32, 418.88, 0.00537416
_12689_, 476.32, 418.88, 0.00537416
_12690_, 476.32, 418.88, 0.00537416
_12692_, 476.32, 418.88, 0.00537416
_17317_, 476.32, 418.88, 0.00537416
_19296_, 476.32, 418.88, 0.00537416
PHY_294, 5.52, 413.44, 0.00447281
PHY_296, 5.52, 413.44, 0.00447281
PHY_295, 494.04, 413.44, 0.00535045
PHY_297, 494.04, 413.44, 0.00535045
FILLER_0_149_51, 26.32, 413.44, 0.00447776
FILLER_0_149_105, 51.32, 413.44, 0.00449258
FILLER_0_149_161, 76.32, 413.44, 0.00451742
FILLER_0_148_221, 101.32, 413.44, 0.00455306
FILLER_0_149_217, 101.32, 413.44, 0.00455306
_09819_, 126.32, 413.44, 0.00460006
_12075_, 126.32, 413.44, 0.00460006
_13665_, 126.32, 413.44, 0.00460006
_16896_, 126.32, 413.44, 0.00460006
FILLER_0_149_275, 126.32, 413.44, 0.00460006
_09859_, 151.32, 413.44, 0.00465678
_13671_, 151.32, 413.44, 0.00465678
_16892_, 151.32, 413.44, 0.00465678
_16893_, 151.32, 413.44, 0.00465678
FILLER_0_147_312, 151.32, 413.44, 0.00465678
FILLER_0_148_312, 151.32, 413.44, 0.00465678
FILLER_0_149_330, 151.32, 413.44, 0.00465678
_09919_, 176.32, 413.44, 0.00472504
_12155_, 176.32, 413.44, 0.00472504
_13675_, 176.32, 413.44, 0.00472504
_16890_, 176.32, 413.44, 0.00472504
_19366_, 176.32, 413.44, 0.00472504
FILLER_0_148_374, 176.32, 413.44, 0.00472504
_17275_, 201.32, 413.44, 0.00479914
_17431_, 201.32, 413.44, 0.00479914
_17500_, 201.32, 413.44, 0.00479914
_19394_, 201.32, 413.44, 0.00479914
hold196, 201.32, 413.44, 0.00479914
hold224, 201.32, 413.44, 0.00479914
FILLER_0_148_417, 201.32, 413.44, 0.00479914
_17529_, 226.32, 413.44, 0.00488141
_17547_, 226.32, 413.44, 0.00488141
_17548_, 226.32, 413.44, 0.00488141
_17584_, 226.32, 413.44, 0.00488141
_17619_, 226.32, 413.44, 0.00488141
hold6, 226.32, 413.44, 0.00488141
hold207, 226.32, 413.44, 0.00488141
FILLER_0_148_468, 226.32, 413.44, 0.00488141
hold48, 251.32, 413.44, 0.00495415
hold216, 251.32, 413.44, 0.00495415
FILLER_0_149_547, 251.32, 413.44, 0.00495415
_17603_, 276.32, 413.44, 0.00507588
clkbuf_leaf_86_i_clk, 276.32, 413.44, 0.00507588
clkbuf_4_13__f_i_clk, 276.32, 413.44, 0.00507588
hold192, 276.32, 413.44, 0.00507588
FILLER_0_148_589, 276.32, 413.44, 0.00507588
_12341_, 301.32, 413.44, 0.00512671
_12609_, 301.32, 413.44, 0.00512671
_12610_, 301.32, 413.44, 0.00512671
_12612_, 301.32, 413.44, 0.00512671
_12614_, 301.32, 413.44, 0.00512671
_19316_, 301.32, 413.44, 0.00512671
hold284, 301.32, 413.44, 0.00512671
_12334_, 326.32, 413.44, 0.00520114
_12615_, 326.32, 413.44, 0.00520114
_12621_, 326.32, 413.44, 0.00520114
_19314_, 326.32, 413.44, 0.00520114
clkbuf_leaf_94_i_clk, 326.32, 413.44, 0.00520114
_12957_, 351.32, 413.44, 0.00526011
_12964_, 351.32, 413.44, 0.00526011
FILLER_0_147_741, 351.32, 413.44, 0.00526011
FILLER_0_148_752, 351.32, 413.44, 0.00526011
_17177_, 376.32, 413.44, 0.00532844
_17179_, 376.32, 413.44, 0.00532844
clkbuf_leaf_96_i_clk, 376.32, 413.44, 0.00532844
FILLER_0_148_802, 376.32, 413.44, 0.00532844
FILLER_0_148_816, 376.32, 413.44, 0.00532844
_13128_, 401.32, 413.44, 0.00539219
_13129_, 401.32, 413.44, 0.00539219
_19154_, 401.32, 413.44, 0.00539219
clkbuf_4_15__f_i_clk, 401.32, 413.44, 0.00539219
FILLER_0_148_865, 401.32, 413.44, 0.00539219
_12726_, 426.32, 413.44, 0.0053833
_12946_, 426.32, 413.44, 0.0053833
_19290_, 426.32, 413.44, 0.0053833
_19291_, 426.32, 413.44, 0.0053833
FILLER_0_148_915, 426.32, 413.44, 0.0053833
FILLER_0_149_924, 426.32, 413.44, 0.0053833
_12704_, 451.32, 413.44, 0.00537129
_19292_, 451.32, 413.44, 0.00537129
hold363, 451.32, 413.44, 0.00537129
FILLER_0_148_956, 451.32, 413.44, 0.00537129
_12234_, 476.32, 413.44, 0.00535585
_17080_, 476.32, 413.44, 0.00535585
FILLER_0_147_1014, 476.32, 413.44, 0.00535585
FILLER_0_147_1022, 476.32, 413.44, 0.00535585
FILLER_0_148_1028, 476.32, 413.44, 0.00535585
PHY_290, 5.52, 408, 0.00445868
PHY_292, 5.52, 408, 0.00445868
PHY_291, 494.04, 408, 0.00535521
PHY_293, 494.04, 408, 0.00535521
FILLER_0_147_51, 26.32, 408, 0.00446384
FILLER_0_147_105, 51.32, 408, 0.00447902
FILLER_0_147_161, 76.32, 408, 0.00450519
_13524_, 101.32, 408, 0.00454644
_16968_, 101.32, 408, 0.00454644
_18979_, 101.32, 408, 0.00454644
_19043_, 101.32, 408, 0.00454644
FILLER_0_146_197, 101.32, 408, 0.00454644
FILLER_0_146_204, 101.32, 408, 0.00454644
FILLER_0_147_217, 101.32, 408, 0.00454644
_12076_, 126.32, 408, 0.00458755
FILLER_0_147_273, 126.32, 408, 0.00458755
_09879_, 151.32, 408, 0.00464161
_12115_, 151.32, 408, 0.00464161
_14114_, 151.32, 408, 0.00464161
_16679_, 151.32, 408, 0.00464161
FILLER_0_146_361, 176.32, 408, 0.00470649
FILLER_0_146_377, 176.32, 408, 0.00470649
FILLER_0_147_378, 176.32, 408, 0.00470649
_17533_, 201.32, 408, 0.00479359
_17542_, 201.32, 408, 0.00479359
_19277_, 201.32, 408, 0.00479359
_19370_, 201.32, 408, 0.00479359
FILLER_0_145_420, 201.32, 408, 0.00479359
_17395_, 226.32, 408, 0.00487489
_17396_, 226.32, 408, 0.00487489
_17546_, 226.32, 408, 0.00487489
_19413_, 226.32, 408, 0.00487489
hold32, 226.32, 408, 0.00487489
FILLER_0_146_477, 226.32, 408, 0.00487489
FILLER_0_146_490, 226.32, 408, 0.00487489
FILLER_0_147_481, 226.32, 408, 0.00487489
_17561_, 251.32, 408, 0.00494775
_17562_, 251.32, 408, 0.00494775
_17594_, 251.32, 408, 0.00494775
_19379_, 251.32, 408, 0.00494775
_19451_, 251.32, 408, 0.00494775
_17563_, 276.32, 408, 0.00502081
_17567_, 276.32, 408, 0.00502081
_17568_, 276.32, 408, 0.00502081
_19437_, 276.32, 408, 0.00502081
hold57, 276.32, 408, 0.00502081
hold58, 276.32, 408, 0.00502081
FILLER_0_147_590, 276.32, 408, 0.00502081
_12346_, 301.32, 408, 0.00509043
FILLER_0_146_640, 301.32, 408, 0.00509043
_12336_, 326.32, 408, 0.00517436
_12337_, 326.32, 408, 0.00517436
_12492_, 326.32, 408, 0.00517436
_12617_, 326.32, 408, 0.00517436
_17338_, 326.32, 408, 0.00517436
_12950_, 351.32, 408, 0.00525262
_12971_, 351.32, 408, 0.00525262
FILLER_0_146_739, 351.32, 408, 0.00525262
FILLER_0_146_757, 351.32, 408, 0.00525262
_12829_, 376.32, 408, 0.00532137
_12850_, 376.32, 408, 0.00532137
_17172_, 376.32, 408, 0.00532137
_19226_, 376.32, 408, 0.00532137
_19229_, 376.32, 408, 0.00532137
hold446, 376.32, 408, 0.00532137
FILLER_0_146_793, 376.32, 408, 0.00532137
FILLER_0_146_806, 376.32, 408, 0.00532137
_13123_, 401.32, 408, 0.0053653
_13135_, 401.32, 408, 0.0053653
clkbuf_leaf_97_i_clk, 401.32, 408, 0.0053653
FILLER_0_146_860, 401.32, 408, 0.0053653
_12713_, 426.32, 408, 0.00537299
hold342, 426.32, 408, 0.00537299
FILLER_0_146_903, 426.32, 408, 0.00537299
FILLER_0_146_918, 426.32, 408, 0.00537299
FILLER_0_146_925, 426.32, 408, 0.00537299
_12237_, 451.32, 408, 0.00537237
_12238_, 451.32, 408, 0.00537237
_12254_, 451.32, 408, 0.00537237
_12255_, 451.32, 408, 0.00537237
_12703_, 451.32, 408, 0.00537237
_17082_, 451.32, 408, 0.00537237
FILLER_0_146_969, 451.32, 408, 0.00537237
FILLER_0_146_977, 451.32, 408, 0.00537237
FILLER_0_147_982, 451.32, 408, 0.00537237
_13188_, 476.32, 408, 0.0053656
_13195_, 476.32, 408, 0.0053656
_13199_, 476.32, 408, 0.0053656
_17079_, 476.32, 408, 0.0053656
_19143_, 476.32, 408, 0.0053656
FILLER_0_147_1028, 476.32, 408, 0.0053656
PHY_286, 5.52, 402.56, 0.00445538
PHY_288, 5.52, 402.56, 0.00445538
output23, 5.52, 402.56, 0.00445538
PHY_287, 494.04, 402.56, 0.00535378
PHY_289, 494.04, 402.56, 0.00535378
_19635_, 26.32, 402.56, 0.00446188
_19637_, 26.32, 402.56, 0.00446188
hold432, 26.32, 402.56, 0.00446188
FILLER_0_144_41, 26.32, 402.56, 0.00446188
FILLER_0_145_49, 26.32, 402.56, 0.00446188
_19633_, 51.32, 402.56, 0.00447419
hold390, 51.32, 402.56, 0.00447419
FILLER_0_144_88, 51.32, 402.56, 0.00447419
FILLER_0_144_111, 51.32, 402.56, 0.00447419
FILLER_0_145_104, 51.32, 402.56, 0.00447419
_09177_, 76.32, 402.56, 0.00449939
_14257_, 76.32, 402.56, 0.00449939
_14258_, 76.32, 402.56, 0.00449939
_19631_, 76.32, 402.56, 0.00449939
FILLER_0_144_153, 76.32, 402.56, 0.00449939
FILLER_0_145_158, 76.32, 402.56, 0.00449939
_13523_, 101.32, 402.56, 0.00453546
_13662_, 101.32, 402.56, 0.00453546
FILLER_0_144_197, 101.32, 402.56, 0.00453546
FILLER_0_145_220, 101.32, 402.56, 0.00453546
_09840_, 126.32, 402.56, 0.00458178
_14179_, 126.32, 402.56, 0.00458178
_14180_, 126.32, 402.56, 0.00458178
_16645_, 126.32, 402.56, 0.00458178
_16681_, 126.32, 402.56, 0.00458178
_18785_, 126.32, 402.56, 0.00458178
FILLER_0_145_272, 126.32, 402.56, 0.00458178
_12116_, 151.32, 402.56, 0.00463353
_14115_, 151.32, 402.56, 0.00463353
_14185_, 151.32, 402.56, 0.00463353
_18750_, 151.32, 402.56, 0.00463353
_18782_, 151.32, 402.56, 0.00463353
_12156_, 176.32, 402.56, 0.00469283
_14118_, 176.32, 402.56, 0.00469283
_16641_, 176.32, 402.56, 0.00469283
_16677_, 176.32, 402.56, 0.00469283
_17501_, 201.32, 402.56, 0.00476425
_17541_, 201.32, 402.56, 0.00476425
hold189, 201.32, 402.56, 0.00476425
hold239, 201.32, 402.56, 0.00476425
FILLER_0_145_439, 201.32, 402.56, 0.00476425
_19444_, 226.32, 402.56, 0.00483928
hold177, 226.32, 402.56, 0.00483928
_17631_, 251.32, 402.56, 0.00492504
_17632_, 251.32, 402.56, 0.00492504
_19418_, 251.32, 402.56, 0.00492504
_19419_, 251.32, 402.56, 0.00492504
hold49, 251.32, 402.56, 0.00492504
FILLER_0_144_526, 251.32, 402.56, 0.00492504
FILLER_0_144_541, 251.32, 402.56, 0.00492504
_17636_, 276.32, 402.56, 0.00500314
_19381_, 276.32, 402.56, 0.00500314
_19453_, 276.32, 402.56, 0.00500314
FILLER_0_145_595, 276.32, 402.56, 0.00500314
_13043_, 301.32, 402.56, 0.00508493
_13104_, 301.32, 402.56, 0.00508493
_17099_, 301.32, 402.56, 0.00508493
FILLER_0_143_630, 301.32, 402.56, 0.00508493
FILLER_0_143_641, 301.32, 402.56, 0.00508493
_12485_, 326.32, 402.56, 0.00517334
_17095_, 326.32, 402.56, 0.00517334
_19237_, 326.32, 402.56, 0.00517334
FILLER_0_144_691, 326.32, 402.56, 0.00517334
FILLER_0_144_701, 326.32, 402.56, 0.00517334
FILLER_0_145_709, 326.32, 402.56, 0.00517334
_17135_, 351.32, 402.56, 0.00526079
_19193_, 351.32, 402.56, 0.00526079
_19235_, 351.32, 402.56, 0.00526079
FILLER_0_144_746, 351.32, 402.56, 0.00526079
FILLER_0_144_752, 351.32, 402.56, 0.00526079
FILLER_0_144_757, 351.32, 402.56, 0.00526079
FILLER_0_145_753, 351.32, 402.56, 0.00526079
_12820_, 376.32, 402.56, 0.00532643
_12821_, 376.32, 402.56, 0.00532643
_12849_, 376.32, 402.56, 0.00532643
_17176_, 376.32, 402.56, 0.00532643
_19227_, 376.32, 402.56, 0.00532643
_12981_, 401.32, 402.56, 0.0053636
_12982_, 401.32, 402.56, 0.0053636
FILLER_0_144_854, 401.32, 402.56, 0.0053636
FILLER_0_144_862, 401.32, 402.56, 0.0053636
FILLER_0_145_871, 401.32, 402.56, 0.0053636
_12242_, 426.32, 402.56, 0.00538108
_12248_, 426.32, 402.56, 0.00538108
_12714_, 426.32, 402.56, 0.00538108
_12715_, 426.32, 402.56, 0.00538108
_12717_, 426.32, 402.56, 0.00538108
_17310_, 426.32, 402.56, 0.00538108
FILLER_0_144_914, 426.32, 402.56, 0.00538108
FILLER_0_145_924, 426.32, 402.56, 0.00538108
_12488_, 451.32, 402.56, 0.00537754
_13133_, 451.32, 402.56, 0.00537754
_13187_, 451.32, 402.56, 0.00537754
FILLER_0_144_966, 451.32, 402.56, 0.00537754
FILLER_0_144_975, 451.32, 402.56, 0.00537754
FILLER_0_144_981, 451.32, 402.56, 0.00537754
_13194_, 476.32, 402.56, 0.00536974
_13206_, 476.32, 402.56, 0.00536974
_17077_, 476.32, 402.56, 0.00536974
clkbuf_leaf_104_i_clk, 476.32, 402.56, 0.00536974
FILLER_0_143_1021, 476.32, 402.56, 0.00536974
PHY_282, 5.52, 397.12, 0.00443589
PHY_284, 5.52, 397.12, 0.00443589
PHY_283, 494.04, 397.12, 0.00533815
PHY_285, 494.04, 397.12, 0.00533815
_09152_, 26.32, 397.12, 0.00444983
_09160_, 26.32, 397.12, 0.00444983
_09161_, 26.32, 397.12, 0.00444983
clkbuf_leaf_54_i_clk, 26.32, 397.12, 0.00444983
FILLER_0_142_41, 26.32, 397.12, 0.00444983
_09168_, 51.32, 397.12, 0.00445992
_09169_, 51.32, 397.12, 0.00445992
_18077_, 51.32, 397.12, 0.00445992
_18719_, 51.32, 397.12, 0.00445992
FILLER_0_142_94, 51.32, 397.12, 0.00445992
FILLER_0_142_105, 51.32, 397.12, 0.00445992
_09181_, 76.32, 397.12, 0.0044855
_14256_, 76.32, 397.12, 0.0044855
_16606_, 76.32, 397.12, 0.0044855
_18716_, 76.32, 397.12, 0.0044855
_18717_, 76.32, 397.12, 0.0044855
FILLER_0_142_164, 76.32, 397.12, 0.0044855
FILLER_0_143_159, 76.32, 397.12, 0.0044855
_13525_, 101.32, 397.12, 0.00451687
_13526_, 101.32, 397.12, 0.00451687
_16967_, 101.32, 397.12, 0.00451687
_18978_, 101.32, 397.12, 0.00451687
FILLER_0_141_208, 101.32, 397.12, 0.00451687
FILLER_0_143_217, 101.32, 397.12, 0.00451687
_09780_, 126.32, 397.12, 0.00455863
_12016_, 126.32, 397.12, 0.00455863
_09860_, 151.32, 397.12, 0.00461301
_14184_, 151.32, 397.12, 0.00461301
_09920_, 176.32, 397.12, 0.0046894
_14188_, 176.32, 397.12, 0.0046894
clkbuf_leaf_67_i_clk, 176.32, 397.12, 0.0046894
FILLER_0_142_374, 176.32, 397.12, 0.0046894
FILLER_0_143_382, 176.32, 397.12, 0.0046894
_17499_, 201.32, 397.12, 0.00475068
_17539_, 201.32, 397.12, 0.00475068
_19369_, 201.32, 397.12, 0.00475068
hold73, 201.32, 397.12, 0.00475068
FILLER_0_142_415, 201.32, 397.12, 0.00475068
FILLER_0_142_421, 201.32, 397.12, 0.00475068
FILLER_0_143_429, 201.32, 397.12, 0.00475068
_17545_, 226.32, 397.12, 0.00482338
_17549_, 226.32, 397.12, 0.00482338
_17582_, 226.32, 397.12, 0.00482338
_17616_, 226.32, 397.12, 0.00482338
hold210, 226.32, 397.12, 0.00482338
clkbuf_leaf_85_i_clk, 251.32, 397.12, 0.0049117
hold70, 251.32, 397.12, 0.0049117
hold176, 251.32, 397.12, 0.0049117
FILLER_0_141_531, 251.32, 397.12, 0.0049117
FILLER_0_142_529, 251.32, 397.12, 0.0049117
_17571_, 276.32, 397.12, 0.00498887
_17601_, 276.32, 397.12, 0.00498887
_17608_, 276.32, 397.12, 0.00498887
_17635_, 276.32, 397.12, 0.00498887
_17639_, 276.32, 397.12, 0.00498887
_13105_, 301.32, 397.12, 0.00508402
_19159_, 301.32, 397.12, 0.00508402
_19198_, 301.32, 397.12, 0.00508402
FILLER_0_142_637, 301.32, 397.12, 0.00508402
FILLER_0_142_645, 301.32, 397.12, 0.00508402
_13108_, 326.32, 397.12, 0.00517452
_13119_, 326.32, 397.12, 0.00517452
_13120_, 326.32, 397.12, 0.00517452
_17096_, 326.32, 397.12, 0.00517452
_19157_, 326.32, 397.12, 0.00517452
FILLER_0_141_684, 326.32, 397.12, 0.00517452
FILLER_0_142_697, 326.32, 397.12, 0.00517452
FILLER_0_142_710, 326.32, 397.12, 0.00517452
_12902_, 351.32, 397.12, 0.00525408
_12965_, 351.32, 397.12, 0.00525408
_12966_, 351.32, 397.12, 0.00525408
wire93, 351.32, 397.12, 0.00525408
hold454, 351.32, 397.12, 0.00525408
_12843_, 376.32, 397.12, 0.00532335
_13040_, 376.32, 397.12, 0.00532335
_13041_, 376.32, 397.12, 0.00532335
_17164_, 376.32, 397.12, 0.00532335
FILLER_0_142_801, 376.32, 397.12, 0.00532335
FILLER_0_142_809, 376.32, 397.12, 0.00532335
FILLER_0_142_813, 376.32, 397.12, 0.00532335
FILLER_0_143_812, 376.32, 397.12, 0.00532335
_12723_, 401.32, 397.12, 0.00536518
_17307_, 401.32, 397.12, 0.00536518
hold366, 401.32, 397.12, 0.00536518
FILLER_0_141_850, 401.32, 397.12, 0.00536518
FILLER_0_143_868, 401.32, 397.12, 0.00536518
_12241_, 426.32, 397.12, 0.00537274
_12243_, 426.32, 397.12, 0.00537274
_12249_, 426.32, 397.12, 0.00537274
_12718_, 426.32, 397.12, 0.00537274
_17309_, 426.32, 397.12, 0.00537274
FILLER_0_143_917, 426.32, 397.12, 0.00537274
_13230_, 451.32, 397.12, 0.00536395
_13231_, 451.32, 397.12, 0.00536395
_13235_, 451.32, 397.12, 0.00536395
_19136_, 451.32, 397.12, 0.00536395
FILLER_0_142_959, 451.32, 397.12, 0.00536395
FILLER_0_142_972, 451.32, 397.12, 0.00536395
FILLER_0_143_971, 451.32, 397.12, 0.00536395
_13203_, 476.32, 397.12, 0.00535007
_13205_, 476.32, 397.12, 0.00535007
_17074_, 476.32, 397.12, 0.00535007
_19141_, 476.32, 397.12, 0.00535007
FILLER_0_141_1021, 476.32, 397.12, 0.00535007
PHY_278, 5.52, 391.68, 0.00441443
PHY_280, 5.52, 391.68, 0.00441443
PHY_279, 494.04, 391.68, 0.00533907
PHY_281, 494.04, 391.68, 0.00533907
_14247_, 26.32, 391.68, 0.00442002
_14248_, 26.32, 391.68, 0.00442002
_16611_, 26.32, 391.68, 0.00442002
_18079_, 26.32, 391.68, 0.00442002
hold415, 26.32, 391.68, 0.00442002
FILLER_0_141_51, 26.32, 391.68, 0.00442002
_12082_, 51.32, 391.68, 0.00443408
_14251_, 51.32, 391.68, 0.00443408
_14252_, 51.32, 391.68, 0.00443408
_16609_, 51.32, 391.68, 0.00443408
FILLER_0_139_94, 51.32, 391.68, 0.00443408
FILLER_0_141_113, 51.32, 391.68, 0.00443408
_12142_, 76.32, 391.68, 0.00445872
_14255_, 76.32, 391.68, 0.00445872
FILLER_0_140_153, 76.32, 391.68, 0.00445872
_13664_, 101.32, 391.68, 0.00449594
_13871_, 101.32, 391.68, 0.00449594
_18787_, 101.32, 391.68, 0.00449594
FILLER_0_141_221, 101.32, 391.68, 0.00449594
_14174_, 126.32, 391.68, 0.00454307
_16648_, 126.32, 391.68, 0.00454307
_18755_, 126.32, 391.68, 0.00454307
FILLER_0_140_276, 126.32, 391.68, 0.00454307
FILLER_0_141_269, 126.32, 391.68, 0.00454307
_12096_, 151.32, 391.68, 0.00459539
_13876_, 151.32, 391.68, 0.00459539
_14117_, 151.32, 391.68, 0.00459539
_16644_, 151.32, 391.68, 0.00459539
FILLER_0_140_329, 151.32, 391.68, 0.00459539
_09900_, 176.32, 391.68, 0.00465466
_16642_, 176.32, 391.68, 0.00465466
FILLER_0_140_380, 176.32, 391.68, 0.00465466
FILLER_0_141_377, 176.32, 391.68, 0.00465466
_17273_, 201.32, 391.68, 0.00472797
_17429_, 201.32, 391.68, 0.00472797
_19276_, 201.32, 391.68, 0.00472797
_19393_, 201.32, 391.68, 0.00472797
FILLER_0_140_417, 201.32, 391.68, 0.00472797
_17621_, 226.32, 391.68, 0.00480771
_19358_, 226.32, 391.68, 0.00480771
_19446_, 226.32, 391.68, 0.00480771
hold33, 226.32, 391.68, 0.00480771
hold162, 226.32, 391.68, 0.00480771
FILLER_0_141_488, 226.32, 391.68, 0.00480771
_17476_, 251.32, 391.68, 0.00488756
_17622_, 251.32, 391.68, 0.00488756
_17642_, 251.32, 391.68, 0.00488756
_19384_, 251.32, 391.68, 0.00488756
_19440_, 251.32, 391.68, 0.00488756
hold153, 251.32, 391.68, 0.00488756
FILLER_0_140_528, 251.32, 391.68, 0.00488756
_17471_, 276.32, 391.68, 0.00497377
_17572_, 276.32, 391.68, 0.00497377
_19455_, 276.32, 391.68, 0.00497377
hold9, 276.32, 391.68, 0.00497377
hold244, 276.32, 391.68, 0.00497377
FILLER_0_140_584, 276.32, 391.68, 0.00497377
_12994_, 301.32, 391.68, 0.00506432
_13016_, 301.32, 391.68, 0.00506432
_13019_, 301.32, 391.68, 0.00506432
_17140_, 301.32, 391.68, 0.00506432
_17141_, 301.32, 391.68, 0.00506432
hold43, 301.32, 391.68, 0.00506432
FILLER_0_139_635, 301.32, 391.68, 0.00506432
_12482_, 326.32, 391.68, 0.00516006
_13112_, 326.32, 391.68, 0.00516006
FILLER_0_140_701, 326.32, 391.68, 0.00516006
FILLER_0_141_707, 326.32, 391.68, 0.00516006
_12944_, 351.32, 391.68, 0.00525981
_19219_, 351.32, 391.68, 0.00525981
hold447, 351.32, 391.68, 0.00525981
FILLER_0_140_753, 351.32, 391.68, 0.00525981
FILLER_0_140_757, 351.32, 391.68, 0.00525981
_12856_, 376.32, 391.68, 0.00534055
_12857_, 376.32, 391.68, 0.00534055
_12893_, 376.32, 391.68, 0.00534055
_17163_, 376.32, 391.68, 0.00534055
_19225_, 376.32, 391.68, 0.00534055
FILLER_0_140_803, 376.32, 391.68, 0.00534055
FILLER_0_140_809, 376.32, 391.68, 0.00534055
FILLER_0_140_813, 376.32, 391.68, 0.00534055
FILLER_0_141_819, 376.32, 391.68, 0.00534055
_12245_, 401.32, 391.68, 0.00537778
_12722_, 401.32, 391.68, 0.00537778
_17308_, 401.32, 391.68, 0.00537778
_19287_, 401.32, 391.68, 0.00537778
FILLER_0_139_853, 401.32, 391.68, 0.00537778
FILLER_0_140_861, 401.32, 391.68, 0.00537778
FILLER_0_140_872, 401.32, 391.68, 0.00537778
FILLER_0_141_863, 401.32, 391.68, 0.00537778
_13247_, 426.32, 391.68, 0.00537818
_17060_, 426.32, 391.68, 0.00537818
_17216_, 426.32, 391.68, 0.00537818
FILLER_0_140_913, 426.32, 391.68, 0.00537818
FILLER_0_140_921, 426.32, 391.68, 0.00537818
FILLER_0_141_916, 426.32, 391.68, 0.00537818
_13229_, 451.32, 391.68, 0.00537003
_13234_, 451.32, 391.68, 0.00537003
_13236_, 451.32, 391.68, 0.00537003
_17069_, 451.32, 391.68, 0.00537003
_19135_, 451.32, 391.68, 0.00537003
FILLER_0_140_981, 451.32, 391.68, 0.00537003
_13210_, 476.32, 391.68, 0.00535819
_13216_, 476.32, 391.68, 0.00535819
_13221_, 476.32, 391.68, 0.00535819
_19138_, 476.32, 391.68, 0.00535819
_19139_, 476.32, 391.68, 0.00535819
_19140_, 476.32, 391.68, 0.00535819
FILLER_0_139_1021, 476.32, 391.68, 0.00535819
PHY_274, 5.52, 386.24, 0.00439445
PHY_276, 5.52, 386.24, 0.00439445
PHY_275, 494.04, 386.24, 0.00531805
PHY_277, 494.04, 386.24, 0.00531805
_12062_, 26.32, 386.24, 0.00440354
_14593_, 26.32, 386.24, 0.00440354
FILLER_0_139_48, 26.32, 386.24, 0.00440354
_09866_, 51.32, 386.24, 0.00443671
_12102_, 51.32, 386.24, 0.00443671
_18848_, 51.32, 386.24, 0.00443671
clkbuf_leaf_52_i_clk, 51.32, 386.24, 0.00443671
FILLER_0_138_94, 51.32, 386.24, 0.00443671
FILLER_0_139_102, 51.32, 386.24, 0.00443671
_09906_, 76.32, 386.24, 0.00446044
_09926_, 76.32, 386.24, 0.00446044
_16750_, 76.32, 386.24, 0.00446044
clkbuf_leaf_51_i_clk, 76.32, 386.24, 0.00446044
FILLER_0_137_144, 76.32, 386.24, 0.00446044
FILLER_0_138_153, 76.32, 386.24, 0.00446044
FILLER_0_139_158, 76.32, 386.24, 0.00446044
_13865_, 101.32, 386.24, 0.00447982
_16788_, 101.32, 386.24, 0.00447982
_18880_, 101.32, 386.24, 0.00447982
_12036_, 126.32, 386.24, 0.00451948
FILLER_0_139_273, 126.32, 386.24, 0.00451948
_18878_, 151.32, 386.24, 0.00457283
FILLER_0_137_313, 151.32, 386.24, 0.00457283
FILLER_0_139_330, 151.32, 386.24, 0.00457283
_13879_, 176.32, 386.24, 0.00463696
_13880_, 176.32, 386.24, 0.00463696
_16784_, 176.32, 386.24, 0.00463696
_18876_, 176.32, 386.24, 0.00463696
FILLER_0_137_365, 176.32, 386.24, 0.00463696
_17428_, 201.32, 386.24, 0.00471967
clkbuf_leaf_66_i_clk, 201.32, 386.24, 0.00471967
hold74, 201.32, 386.24, 0.00471967
hold236, 201.32, 386.24, 0.00471967
FILLER_0_138_421, 201.32, 386.24, 0.00471967
_17401_, 226.32, 386.24, 0.00478577
_17402_, 226.32, 386.24, 0.00478577
_17543_, 226.32, 386.24, 0.00478577
_17586_, 226.32, 386.24, 0.00478577
_17620_, 226.32, 386.24, 0.00478577
hold173, 226.32, 386.24, 0.00478577
FILLER_0_137_475, 226.32, 386.24, 0.00478577
FILLER_0_138_480, 226.32, 386.24, 0.00478577
_17556_, 251.32, 386.24, 0.00487083
_19456_, 251.32, 386.24, 0.00487083
hold71, 251.32, 386.24, 0.00487083
hold227, 251.32, 386.24, 0.00487083
_17640_, 276.32, 386.24, 0.00495949
_19383_, 276.32, 386.24, 0.00495949
_19423_, 276.32, 386.24, 0.00495949
_19439_, 276.32, 386.24, 0.00495949
FILLER_0_138_585, 276.32, 386.24, 0.00495949
FILLER_0_138_589, 276.32, 386.24, 0.00495949
_12995_, 301.32, 386.24, 0.00505135
_13008_, 301.32, 386.24, 0.00505135
_13017_, 301.32, 386.24, 0.00505135
hold86, 301.32, 386.24, 0.00505135
hold110, 301.32, 386.24, 0.00505135
hold246, 301.32, 386.24, 0.00505135
FILLER_0_138_641, 301.32, 386.24, 0.00505135
FILLER_0_139_656, 301.32, 386.24, 0.00505135
_12480_, 326.32, 386.24, 0.00515835
_12980_, 326.32, 386.24, 0.00515835
_13107_, 326.32, 386.24, 0.00515835
_19207_, 326.32, 386.24, 0.00515835
hold84, 326.32, 386.24, 0.00515835
FILLER_0_138_701, 326.32, 386.24, 0.00515835
FILLER_0_139_698, 326.32, 386.24, 0.00515835
_12951_, 351.32, 386.24, 0.00525709
_12952_, 351.32, 386.24, 0.00525709
_17154_, 351.32, 386.24, 0.00525709
_17157_, 351.32, 386.24, 0.00525709
_19218_, 351.32, 386.24, 0.00525709
FILLER_0_138_739, 351.32, 386.24, 0.00525709
FILLER_0_138_750, 351.32, 386.24, 0.00525709
FILLER_0_139_754, 351.32, 386.24, 0.00525709
_12884_, 376.32, 386.24, 0.005342
_12885_, 376.32, 386.24, 0.005342
_17165_, 376.32, 386.24, 0.005342
_17170_, 376.32, 386.24, 0.005342
_19222_, 376.32, 386.24, 0.005342
hold90, 376.32, 386.24, 0.005342
_13116_, 401.32, 386.24, 0.00538318
_13117_, 401.32, 386.24, 0.00538318
_13122_, 401.32, 386.24, 0.00538318
FILLER_0_137_859, 401.32, 386.24, 0.00538318
_13252_, 426.32, 386.24, 0.00538027
_13253_, 426.32, 386.24, 0.00538027
_19132_, 426.32, 386.24, 0.00538027
FILLER_0_138_917, 426.32, 386.24, 0.00538027
_13239_, 451.32, 386.24, 0.00535395
_17070_, 451.32, 386.24, 0.00535395
FILLER_0_137_961, 451.32, 386.24, 0.00535395
FILLER_0_138_971, 451.32, 386.24, 0.00535395
_13211_, 476.32, 386.24, 0.00532982
_13214_, 476.32, 386.24, 0.00532982
FILLER_0_138_1029, 476.32, 386.24, 0.00532982
_18561_, 5.52, 380.8, 0.00438287
PHY_270, 5.52, 380.8, 0.00438287
PHY_272, 5.52, 380.8, 0.00438287
FILLER_0_136_3, 5.52, 380.8, 0.00438287
PHY_271, 494.04, 380.8, 0.00531346
PHY_273, 494.04, 380.8, 0.00531346
_14592_, 26.32, 380.8, 0.00438839
_16433_, 26.32, 380.8, 0.00438839
_16613_, 26.32, 380.8, 0.00438839
_18723_, 26.32, 380.8, 0.00438839
_18849_, 26.32, 380.8, 0.00438839
FILLER_0_135_32, 26.32, 380.8, 0.00438839
FILLER_0_136_54, 26.32, 380.8, 0.00438839
FILLER_0_137_50, 26.32, 380.8, 0.00438839
_09847_, 51.32, 380.8, 0.00440061
_12083_, 51.32, 380.8, 0.00440061
_13940_, 51.32, 380.8, 0.00440061
_16752_, 51.32, 380.8, 0.00440061
_18847_, 51.32, 380.8, 0.00440061
FILLER_0_137_109, 51.32, 380.8, 0.00440061
_12123_, 76.32, 380.8, 0.0044246
_13949_, 76.32, 380.8, 0.0044246
_14601_, 76.32, 380.8, 0.0044246
_18556_, 76.32, 380.8, 0.0044246
FILLER_0_135_149, 76.32, 380.8, 0.0044246
FILLER_0_136_141, 76.32, 380.8, 0.0044246
FILLER_0_137_157, 76.32, 380.8, 0.0044246
_14655_, 101.32, 380.8, 0.00445836
_14657_, 101.32, 380.8, 0.00445836
_16790_, 101.32, 380.8, 0.00445836
_18530_, 101.32, 380.8, 0.00445836
_18531_, 101.32, 380.8, 0.00445836
FILLER_0_136_200, 101.32, 380.8, 0.00445836
FILLER_0_137_221, 101.32, 380.8, 0.00445836
_09800_, 126.32, 380.8, 0.00449647
_13874_, 126.32, 380.8, 0.00449647
_14176_, 126.32, 380.8, 0.00449647
_14177_, 126.32, 380.8, 0.00449647
_16647_, 126.32, 380.8, 0.00449647
_18754_, 126.32, 380.8, 0.00449647
FILLER_0_136_276, 126.32, 380.8, 0.00449647
FILLER_0_137_271, 126.32, 380.8, 0.00449647
_13875_, 151.32, 380.8, 0.00454505
FILLER_0_137_326, 151.32, 380.8, 0.00454505
_14669_, 176.32, 380.8, 0.00461204
_18524_, 176.32, 380.8, 0.00461204
FILLER_0_136_381, 176.32, 380.8, 0.00461204
_17424_, 201.32, 380.8, 0.00468733
_17425_, 201.32, 380.8, 0.00468733
_17494_, 201.32, 380.8, 0.00468733
_17495_, 201.32, 380.8, 0.00468733
_19367_, 201.32, 380.8, 0.00468733
hold211, 201.32, 380.8, 0.00468733
FILLER_0_136_416, 201.32, 380.8, 0.00468733
_17544_, 226.32, 380.8, 0.00477427
_17614_, 226.32, 380.8, 0.00477427
_17615_, 226.32, 380.8, 0.00477427
clkbuf_leaf_65_i_clk, 226.32, 380.8, 0.00477427
hold146, 226.32, 380.8, 0.00477427
hold230, 226.32, 380.8, 0.00477427
_17484_, 251.32, 380.8, 0.00484306
_17579_, 251.32, 380.8, 0.00484306
_17645_, 251.32, 380.8, 0.00484306
_17646_, 251.32, 380.8, 0.00484306
max_cap68, 251.32, 380.8, 0.00484306
FILLER_0_136_533, 251.32, 380.8, 0.00484306
_17480_, 276.32, 380.8, 0.00493663
_17605_, 276.32, 380.8, 0.00493663
_17644_, 276.32, 380.8, 0.00493663
max_cap67, 276.32, 380.8, 0.00493663
hold4, 276.32, 380.8, 0.00493663
hold51, 276.32, 380.8, 0.00493663
FILLER_0_136_583, 276.32, 380.8, 0.00493663
FILLER_0_136_594, 276.32, 380.8, 0.00493663
_13009_, 301.32, 380.8, 0.00503831
_13010_, 301.32, 380.8, 0.00503831
_13011_, 301.32, 380.8, 0.00503831
_17142_, 301.32, 380.8, 0.00503831
_19201_, 301.32, 380.8, 0.00503831
_13106_, 326.32, 380.8, 0.00515447
_13111_, 326.32, 380.8, 0.00515447
_19208_, 326.32, 380.8, 0.00515447
clkbuf_leaf_82_i_clk, 326.32, 380.8, 0.00515447
_12917_, 351.32, 380.8, 0.00525852
_17156_, 351.32, 380.8, 0.00525852
FILLER_0_135_750, 351.32, 380.8, 0.00525852
FILLER_0_136_757, 351.32, 380.8, 0.00525852
_12863_, 376.32, 380.8, 0.00536653
_17166_, 376.32, 380.8, 0.00536653
_19224_, 376.32, 380.8, 0.00536653
clkbuf_3_7_0_i_clk, 376.32, 380.8, 0.00536653
hold445, 376.32, 380.8, 0.00536653
FILLER_0_136_813, 376.32, 380.8, 0.00536653
FILLER_0_137_818, 376.32, 380.8, 0.00536653
_13098_, 401.32, 380.8, 0.00540654
_13099_, 401.32, 380.8, 0.00540654
_13121_, 401.32, 380.8, 0.00540654
_13126_, 401.32, 380.8, 0.00540654
_13127_, 401.32, 380.8, 0.00540654
_13131_, 401.32, 380.8, 0.00540654
_13132_, 401.32, 380.8, 0.00540654
FILLER_0_135_853, 401.32, 380.8, 0.00540654
FILLER_0_137_867, 401.32, 380.8, 0.00540654
_13251_, 426.32, 380.8, 0.00539176
_13258_, 426.32, 380.8, 0.00539176
_17066_, 426.32, 380.8, 0.00539176
FILLER_0_136_918, 426.32, 380.8, 0.00539176
_13091_, 451.32, 380.8, 0.00536236
_13092_, 451.32, 380.8, 0.00536236
_13159_, 451.32, 380.8, 0.00536236
_13160_, 451.32, 380.8, 0.00536236
_13164_, 451.32, 380.8, 0.00536236
_13165_, 451.32, 380.8, 0.00536236
_13174_, 451.32, 380.8, 0.00536236
FILLER_0_135_959, 451.32, 380.8, 0.00536236
FILLER_0_135_969, 451.32, 380.8, 0.00536236
FILLER_0_136_967, 451.32, 380.8, 0.00536236
FILLER_0_137_982, 451.32, 380.8, 0.00536236
_13185_, 476.32, 380.8, 0.00533082
_13191_, 476.32, 380.8, 0.00533082
_13197_, 476.32, 380.8, 0.00533082
_13202_, 476.32, 380.8, 0.00533082
PHY_266, 5.52, 375.36, 0.00436788
PHY_268, 5.52, 375.36, 0.00436788
output9, 5.52, 375.36, 0.00436788
PHY_267, 494.04, 375.36, 0.00531145
PHY_269, 494.04, 375.36, 0.00531145
_14243_, 26.32, 375.36, 0.00436549
_14244_, 26.32, 375.36, 0.00436549
FILLER_0_134_58, 26.32, 375.36, 0.00436549
_12103_, 51.32, 375.36, 0.00437607
_13942_, 51.32, 375.36, 0.00437607
_13943_, 51.32, 375.36, 0.00437607
_16755_, 51.32, 375.36, 0.00437607
FILLER_0_133_99, 51.32, 375.36, 0.00437607
FILLER_0_134_109, 51.32, 375.36, 0.00437607
FILLER_0_135_102, 51.32, 375.36, 0.00437607
_14600_, 76.32, 375.36, 0.00440031
_16429_, 76.32, 375.36, 0.00440031
_16431_, 76.32, 375.36, 0.00440031
_18844_, 76.32, 375.36, 0.00440031
FILLER_0_134_156, 76.32, 375.36, 0.00440031
_13867_, 101.32, 375.36, 0.00442941
_14654_, 101.32, 375.36, 0.00442941
FILLER_0_133_199, 101.32, 375.36, 0.00442941
_14026_, 126.32, 375.36, 0.00447379
_18527_, 126.32, 375.36, 0.00447379
FILLER_0_134_265, 126.32, 375.36, 0.00447379
FILLER_0_134_273, 126.32, 375.36, 0.00447379
FILLER_0_135_276, 126.32, 375.36, 0.00447379
_09877_, 151.32, 375.36, 0.00452754
_12113_, 151.32, 375.36, 0.00452754
_14041_, 151.32, 375.36, 0.00452754
_14664_, 151.32, 375.36, 0.00452754
_14665_, 151.32, 375.36, 0.00452754
_18814_, 151.32, 375.36, 0.00452754
FILLER_0_133_310, 151.32, 375.36, 0.00452754
FILLER_0_134_312, 151.32, 375.36, 0.00452754
_14668_, 176.32, 375.36, 0.00458689
_16392_, 176.32, 375.36, 0.00458689
_16393_, 176.32, 375.36, 0.00458689
FILLER_0_135_382, 176.32, 375.36, 0.00458689
_19274_, 201.32, 375.36, 0.00466368
_19391_, 201.32, 375.36, 0.00466368
FILLER_0_134_416, 201.32, 375.36, 0.00466368
FILLER_0_134_421, 201.32, 375.36, 0.00466368
_17392_, 226.32, 375.36, 0.00474545
_17393_, 226.32, 375.36, 0.00474545
_17580_, 226.32, 375.36, 0.00474545
_19412_, 226.32, 375.36, 0.00474545
_19443_, 226.32, 375.36, 0.00474545
_19386_, 251.32, 375.36, 0.00482965
_19458_, 251.32, 375.36, 0.00482965
FILLER_0_134_525, 251.32, 375.36, 0.00482965
_17454_, 276.32, 375.36, 0.00492436
_17612_, 276.32, 375.36, 0.00492436
_17630_, 276.32, 375.36, 0.00492436
_17643_, 276.32, 375.36, 0.00492436
_19457_, 276.32, 375.36, 0.00492436
FILLER_0_133_586, 276.32, 375.36, 0.00492436
_12997_, 301.32, 375.36, 0.00502749
_13002_, 301.32, 375.36, 0.00502749
_13003_, 301.32, 375.36, 0.00502749
_13005_, 301.32, 375.36, 0.00502749
_13012_, 301.32, 375.36, 0.00502749
_17143_, 301.32, 375.36, 0.00502749
hold25, 301.32, 375.36, 0.00502749
FILLER_0_134_630, 301.32, 375.36, 0.00502749
FILLER_0_135_654, 301.32, 375.36, 0.00502749
_12478_, 326.32, 375.36, 0.00515653
_12762_, 326.32, 375.36, 0.00515653
_12992_, 326.32, 375.36, 0.00515653
_13007_, 326.32, 375.36, 0.00515653
_17029_, 326.32, 375.36, 0.00515653
clkbuf_3_6_0_i_clk, 326.32, 375.36, 0.00515653
FILLER_0_134_704, 326.32, 375.36, 0.00515653
FILLER_0_135_706, 326.32, 375.36, 0.00515653
_12938_, 351.32, 375.36, 0.00527172
_12958_, 351.32, 375.36, 0.00527172
_19217_, 351.32, 375.36, 0.00527172
hold28, 351.32, 375.36, 0.00527172
hold120, 351.32, 375.36, 0.00527172
FILLER_0_134_765, 351.32, 375.36, 0.00527172
_12864_, 376.32, 375.36, 0.00537867
hold87, 376.32, 375.36, 0.00537867
FILLER_0_134_800, 376.32, 375.36, 0.00537867
_13096_, 401.32, 375.36, 0.00543473
_13097_, 401.32, 375.36, 0.00543473
clkbuf_leaf_107_i_clk, 401.32, 375.36, 0.00543473
FILLER_0_134_864, 401.32, 375.36, 0.00543473
FILLER_0_135_865, 401.32, 375.36, 0.00543473
_13095_, 426.32, 375.36, 0.00540186
_13142_, 426.32, 375.36, 0.00540186
_13143_, 426.32, 375.36, 0.00540186
_13256_, 426.32, 375.36, 0.00540186
FILLER_0_133_906, 426.32, 375.36, 0.00540186
FILLER_0_134_916, 426.32, 375.36, 0.00540186
_13089_, 451.32, 375.36, 0.00535859
_13090_, 451.32, 375.36, 0.00535859
FILLER_0_134_971, 451.32, 375.36, 0.00535859
_10543_, 476.32, 375.36, 0.00534164
_13085_, 476.32, 375.36, 0.00534164
_13086_, 476.32, 375.36, 0.00534164
_13201_, 476.32, 375.36, 0.00534164
_13207_, 476.32, 375.36, 0.00534164
_13208_, 476.32, 375.36, 0.00534164
_13213_, 476.32, 375.36, 0.00534164
FILLER_0_133_1023, 476.32, 375.36, 0.00534164
_18563_, 5.52, 369.92, 0.00433664
PHY_262, 5.52, 369.92, 0.00433664
PHY_264, 5.52, 369.92, 0.00433664
FILLER_0_133_3, 5.52, 369.92, 0.00433664
PHY_263, 494.04, 369.92, 0.00528843
PHY_265, 494.04, 369.92, 0.00528843
_09156_, 26.32, 369.92, 0.00434273
_09157_, 26.32, 369.92, 0.00434273
_16612_, 26.32, 369.92, 0.00434273
_19636_, 26.32, 369.92, 0.00434273
hold408, 26.32, 369.92, 0.00434273
FILLER_0_133_57, 26.32, 369.92, 0.00434273
_14594_, 51.32, 369.92, 0.00435634
_14595_, 51.32, 369.92, 0.00435634
_16432_, 51.32, 369.92, 0.00435634
_18559_, 51.32, 369.92, 0.00435634
FILLER_0_132_94, 51.32, 369.92, 0.00435634
_13947_, 76.32, 369.92, 0.00438127
_14598_, 76.32, 369.92, 0.00438127
_14599_, 76.32, 369.92, 0.00438127
_18557_, 76.32, 369.92, 0.00438127
FILLER_0_132_141, 76.32, 369.92, 0.00438127
FILLER_0_132_153, 76.32, 369.92, 0.00438127
_13869_, 101.32, 369.92, 0.00442255
_14661_, 101.32, 369.92, 0.00442255
_16789_, 101.32, 369.92, 0.00442255
_18528_, 101.32, 369.92, 0.00442255
clkbuf_leaf_50_i_clk, 101.32, 369.92, 0.00442255
_14025_, 126.32, 369.92, 0.0044572
_16720_, 126.32, 369.92, 0.0044572
_18819_, 126.32, 369.92, 0.0044572
FILLER_0_131_259, 126.32, 369.92, 0.0044572
FILLER_0_132_273, 126.32, 369.92, 0.0044572
_14040_, 151.32, 369.92, 0.00451638
_16715_, 151.32, 369.92, 0.00451638
clkbuf_leaf_68_i_clk, 151.32, 369.92, 0.00451638
FILLER_0_132_309, 151.32, 369.92, 0.00451638
_09917_, 176.32, 369.92, 0.00456722
_12153_, 176.32, 369.92, 0.00456722
_14047_, 176.32, 369.92, 0.00456722
FILLER_0_131_358, 176.32, 369.92, 0.00456722
FILLER_0_131_366, 176.32, 369.92, 0.00456722
FILLER_0_132_365, 176.32, 369.92, 0.00456722
_17267_, 201.32, 369.92, 0.00464701
_17301_, 201.32, 369.92, 0.00464701
_19405_, 201.32, 369.92, 0.00464701
hold54, 201.32, 369.92, 0.00464701
FILLER_0_133_429, 201.32, 369.92, 0.00464701
FILLER_0_133_436, 201.32, 369.92, 0.00464701
_17282_, 226.32, 369.92, 0.00472384
_19411_, 226.32, 369.92, 0.00472384
hold63, 226.32, 369.92, 0.00472384
hold64, 226.32, 369.92, 0.00472384
FILLER_0_133_481, 226.32, 369.92, 0.00472384
_17735_, 251.32, 369.92, 0.00480659
_17233_, 276.32, 369.92, 0.00491994
_17280_, 276.32, 369.92, 0.00491994
_17576_, 276.32, 369.92, 0.00491994
_17609_, 276.32, 369.92, 0.00491994
_19441_, 276.32, 369.92, 0.00491994
hold52, 276.32, 369.92, 0.00491994
FILLER_0_132_597, 276.32, 369.92, 0.00491994
_13004_, 301.32, 369.92, 0.00501398
_17145_, 301.32, 369.92, 0.00501398
_19203_, 301.32, 369.92, 0.00501398
_19204_, 301.32, 369.92, 0.00501398
FILLER_0_132_639, 301.32, 369.92, 0.00501398
FILLER_0_132_645, 301.32, 369.92, 0.00501398
FILLER_0_133_647, 301.32, 369.92, 0.00501398
_12477_, 326.32, 369.92, 0.00513645
_12761_, 326.32, 369.92, 0.00513645
_12999_, 326.32, 369.92, 0.00513645
_19206_, 326.32, 369.92, 0.00513645
_19209_, 326.32, 369.92, 0.00513645
FILLER_0_131_697, 326.32, 369.92, 0.00513645
FILLER_0_132_695, 326.32, 369.92, 0.00513645
FILLER_0_132_701, 326.32, 369.92, 0.00513645
_12937_, 351.32, 369.92, 0.00526772
_17155_, 351.32, 369.92, 0.00526772
_17159_, 351.32, 369.92, 0.00526772
_19215_, 351.32, 369.92, 0.00526772
_15867_, 376.32, 369.92, 0.00540292
_17206_, 376.32, 369.92, 0.00540292
_19256_, 376.32, 369.92, 0.00540292
hold18, 376.32, 369.92, 0.00540292
FILLER_0_131_793, 376.32, 369.92, 0.00540292
FILLER_0_133_812, 376.32, 369.92, 0.00540292
_13403_, 401.32, 369.92, 0.00544321
_13404_, 401.32, 369.92, 0.00544321
_17030_, 401.32, 369.92, 0.00544321
_19098_, 401.32, 369.92, 0.00544321
FILLER_0_132_852, 401.32, 369.92, 0.00544321
FILLER_0_132_872, 401.32, 369.92, 0.00544321
_13000_, 426.32, 369.92, 0.00541284
_13001_, 426.32, 369.92, 0.00541284
_13250_, 426.32, 369.92, 0.00541284
_13254_, 426.32, 369.92, 0.00541284
_13255_, 426.32, 369.92, 0.00541284
FILLER_0_131_907, 426.32, 369.92, 0.00541284
FILLER_0_132_907, 426.32, 369.92, 0.00541284
_13184_, 451.32, 369.92, 0.00535636
_13217_, 451.32, 369.92, 0.00535636
_13223_, 451.32, 369.92, 0.00535636
_13227_, 451.32, 369.92, 0.00535636
_13228_, 451.32, 369.92, 0.00535636
FILLER_0_132_965, 451.32, 369.92, 0.00535636
_13212_, 476.32, 369.92, 0.00531133
_13344_, 476.32, 369.92, 0.00531133
_13345_, 476.32, 369.92, 0.00531133
_17043_, 476.32, 369.92, 0.00531133
hold265, 476.32, 369.92, 0.00531133
FILLER_0_131_1013, 476.32, 369.92, 0.00531133
_18562_, 5.52, 364.48, 0.00431061
PHY_258, 5.52, 364.48, 0.00431061
PHY_260, 5.52, 364.48, 0.00431061
FILLER_0_130_3, 5.52, 364.48, 0.00431061
FILLER_0_131_3, 5.52, 364.48, 0.00431061
PHY_259, 494.04, 364.48, 0.00527115
PHY_261, 494.04, 364.48, 0.00527115
_14245_, 26.32, 364.48, 0.00431267
_18080_, 26.32, 364.48, 0.00431267
FILLER_0_130_54, 26.32, 364.48, 0.00431267
FILLER_0_129_91, 51.32, 364.48, 0.00432601
FILLER_0_131_102, 51.32, 364.48, 0.00432601
_16430_, 76.32, 364.48, 0.00435195
_16748_, 76.32, 364.48, 0.00435195
_18845_, 76.32, 364.48, 0.00435195
FILLER_0_130_141, 76.32, 364.48, 0.00435195
FILLER_0_130_149, 76.32, 364.48, 0.00435195
_14379_, 101.32, 364.48, 0.00438594
_16397_, 101.32, 364.48, 0.00438594
_16398_, 101.32, 364.48, 0.00438594
_18529_, 101.32, 364.48, 0.00438594
FILLER_0_130_206, 101.32, 364.48, 0.00438594
FILLER_0_131_211, 101.32, 364.48, 0.00438594
_12014_, 126.32, 364.48, 0.00443534
_12054_, 126.32, 364.48, 0.00443534
_14032_, 126.32, 364.48, 0.00443534
_18817_, 126.32, 364.48, 0.00443534
FILLER_0_129_251, 126.32, 364.48, 0.00443534
_09858_, 151.32, 364.48, 0.00452288
_09878_, 151.32, 364.48, 0.00452288
_12114_, 151.32, 364.48, 0.00452288
_14390_, 151.32, 364.48, 0.00452288
_18654_, 151.32, 364.48, 0.00452288
clkbuf_4_7__f_i_clk, 151.32, 364.48, 0.00452288
_14046_, 176.32, 364.48, 0.00455794
_14394_, 176.32, 364.48, 0.00455794
_16713_, 176.32, 364.48, 0.00455794
_18652_, 176.32, 364.48, 0.00455794
_18812_, 176.32, 364.48, 0.00455794
FILLER_0_129_364, 176.32, 364.48, 0.00455794
FILLER_0_130_365, 176.32, 364.48, 0.00455794
_17224_, 201.32, 364.48, 0.00462953
_17268_, 201.32, 364.48, 0.00462953
_17279_, 201.32, 364.48, 0.00462953
_19408_, 201.32, 364.48, 0.00462953
FILLER_0_130_416, 201.32, 364.48, 0.00462953
FILLER_0_130_421, 201.32, 364.48, 0.00462953
_17223_, 226.32, 364.48, 0.00470175
_17397_, 226.32, 364.48, 0.00470175
_17400_, 226.32, 364.48, 0.00470175
_17745_, 226.32, 364.48, 0.00470175
FILLER_0_130_473, 226.32, 364.48, 0.00470175
FILLER_0_130_477, 226.32, 364.48, 0.00470175
FILLER_0_131_488, 226.32, 364.48, 0.00470175
_17730_, 251.32, 364.48, 0.00478101
_17732_, 251.32, 364.48, 0.00478101
_17733_, 251.32, 364.48, 0.00478101
_17734_, 251.32, 364.48, 0.00478101
_17779_, 251.32, 364.48, 0.00478101
max_cap72, 251.32, 364.48, 0.00478101
_17281_, 276.32, 364.48, 0.00488941
_17575_, 276.32, 364.48, 0.00488941
_17795_, 276.32, 364.48, 0.00488941
_12993_, 301.32, 364.48, 0.00499435
_17136_, 301.32, 364.48, 0.00499435
_17139_, 301.32, 364.48, 0.00499435
_17147_, 301.32, 364.48, 0.00499435
_19205_, 301.32, 364.48, 0.00499435
hold350, 301.32, 364.48, 0.00499435
FILLER_0_129_637, 301.32, 364.48, 0.00499435
_17368_, 326.32, 364.48, 0.00513198
_19242_, 326.32, 364.48, 0.00513198
_17158_, 351.32, 364.48, 0.00528006
_17201_, 351.32, 364.48, 0.00528006
hold93, 351.32, 364.48, 0.00528006
hold337, 351.32, 364.48, 0.00528006
FILLER_0_130_748, 351.32, 364.48, 0.00528006
FILLER_0_130_765, 351.32, 364.48, 0.00528006
_15869_, 376.32, 364.48, 0.00542417
_17196_, 376.32, 364.48, 0.00542417
_19258_, 376.32, 364.48, 0.00542417
FILLER_0_130_799, 376.32, 364.48, 0.00542417
_13261_, 401.32, 364.48, 0.00546536
_13398_, 401.32, 364.48, 0.00546536
_13402_, 401.32, 364.48, 0.00546536
_19099_, 401.32, 364.48, 0.00546536
FILLER_0_130_851, 401.32, 364.48, 0.00546536
FILLER_0_130_869, 401.32, 364.48, 0.00546536
_13248_, 426.32, 364.48, 0.00541935
_13249_, 426.32, 364.48, 0.00541935
_13397_, 426.32, 364.48, 0.00541935
_17037_, 426.32, 364.48, 0.00541935
FILLER_0_130_921, 426.32, 364.48, 0.00541935
_13035_, 451.32, 364.48, 0.00535483
_13150_, 451.32, 364.48, 0.00535483
_13218_, 451.32, 364.48, 0.00535483
_13222_, 451.32, 364.48, 0.00535483
_13257_, 451.32, 364.48, 0.00535483
_13290_, 451.32, 364.48, 0.00535483
FILLER_0_129_965, 451.32, 364.48, 0.00535483
FILLER_0_130_976, 451.32, 364.48, 0.00535483
FILLER_0_131_971, 451.32, 364.48, 0.00535483
FILLER_0_131_978, 451.32, 364.48, 0.00535483
_13342_, 476.32, 364.48, 0.00529951
_13347_, 476.32, 364.48, 0.00529951
_17044_, 476.32, 364.48, 0.00529951
_19111_, 476.32, 364.48, 0.00529951
_19112_, 476.32, 364.48, 0.00529951
FILLER_0_131_1031, 476.32, 364.48, 0.00529951
PHY_254, 5.52, 359.04, 0.00427632
PHY_256, 5.52, 359.04, 0.00427632
PHY_255, 494.04, 359.04, 0.0052481
PHY_257, 494.04, 359.04, 0.0052481
_14524_, 26.32, 359.04, 0.00428325
_13738_, 51.32, 359.04, 0.00430391
_16857_, 51.32, 359.04, 0.00430391
_16858_, 51.32, 359.04, 0.00430391
_18591_, 51.32, 359.04, 0.00430391
_18943_, 51.32, 359.04, 0.00430391
FILLER_0_129_104, 51.32, 359.04, 0.00430391
FILLER_0_129_113, 51.32, 359.04, 0.00430391
_14528_, 76.32, 359.04, 0.00432598
_14530_, 76.32, 359.04, 0.00432598
_18589_, 76.32, 359.04, 0.00432598
_14383_, 101.32, 359.04, 0.00435346
_14659_, 101.32, 359.04, 0.00435346
_16541_, 101.32, 359.04, 0.00435346
_16543_, 101.32, 359.04, 0.00435346
FILLER_0_129_221, 101.32, 359.04, 0.00435346
_09818_, 126.32, 359.04, 0.00439329
_14031_, 126.32, 359.04, 0.00439329
FILLER_0_128_253, 126.32, 359.04, 0.00439329
FILLER_0_129_275, 126.32, 359.04, 0.00439329
_14389_, 151.32, 359.04, 0.00444353
_16536_, 151.32, 359.04, 0.00444353
_16537_, 151.32, 359.04, 0.00444353
FILLER_0_128_314, 151.32, 359.04, 0.00444353
_14393_, 176.32, 359.04, 0.00450486
_16534_, 176.32, 359.04, 0.00450486
_16535_, 176.32, 359.04, 0.00450486
FILLER_0_128_365, 176.32, 359.04, 0.00450486
_17274_, 201.32, 359.04, 0.00458022
FILLER_0_129_435, 201.32, 359.04, 0.00458022
_17278_, 226.32, 359.04, 0.00467033
_17386_, 226.32, 359.04, 0.00467033
_17691_, 226.32, 359.04, 0.00467033
_17697_, 226.32, 359.04, 0.00467033
_17706_, 226.32, 359.04, 0.00467033
_17748_, 226.32, 359.04, 0.00467033
FILLER_0_127_473, 226.32, 359.04, 0.00467033
FILLER_0_128_473, 226.32, 359.04, 0.00467033
FILLER_0_128_490, 226.32, 359.04, 0.00467033
FILLER_0_129_489, 226.32, 359.04, 0.00467033
_17719_, 251.32, 359.04, 0.00474929
_17738_, 251.32, 359.04, 0.00474929
_17760_, 251.32, 359.04, 0.00474929
_17773_, 251.32, 359.04, 0.00474929
_17783_, 251.32, 359.04, 0.00474929
FILLER_0_128_522, 251.32, 359.04, 0.00474929
_17452_, 276.32, 359.04, 0.00485671
_17457_, 276.32, 359.04, 0.00485671
_17469_, 276.32, 359.04, 0.00485671
_17470_, 276.32, 359.04, 0.00485671
_17474_, 276.32, 359.04, 0.00485671
_17477_, 276.32, 359.04, 0.00485671
FILLER_0_127_584, 276.32, 359.04, 0.00485671
FILLER_0_128_589, 276.32, 359.04, 0.00485671
FILLER_0_129_590, 276.32, 359.04, 0.00485671
_12757_, 301.32, 359.04, 0.00497777
_17137_, 301.32, 359.04, 0.00497777
_11215_, 326.32, 359.04, 0.00512918
_17994_, 326.32, 359.04, 0.00512918
FILLER_0_128_696, 326.32, 359.04, 0.00512918
FILLER_0_128_709, 326.32, 359.04, 0.00512918
FILLER_0_129_704, 326.32, 359.04, 0.00512918
_15793_, 351.32, 359.04, 0.0053453
_15818_, 351.32, 359.04, 0.0053453
_15862_, 351.32, 359.04, 0.0053453
_19253_, 351.32, 359.04, 0.0053453
FILLER_0_127_749, 351.32, 359.04, 0.0053453
FILLER_0_128_741, 351.32, 359.04, 0.0053453
_19261_, 376.32, 359.04, 0.0054715
FILLER_0_128_808, 376.32, 359.04, 0.0054715
FILLER_0_128_813, 376.32, 359.04, 0.0054715
FILLER_0_129_808, 376.32, 359.04, 0.0054715
_13038_, 401.32, 359.04, 0.00551558
_13260_, 401.32, 359.04, 0.00551558
_13399_, 401.32, 359.04, 0.00551558
_17031_, 401.32, 359.04, 0.00551558
clkbuf_leaf_108_i_clk, 401.32, 359.04, 0.00551558
FILLER_0_127_853, 401.32, 359.04, 0.00551558
FILLER_0_128_865, 401.32, 359.04, 0.00551558
FILLER_0_128_869, 401.32, 359.04, 0.00551558
_13371_, 426.32, 359.04, 0.00543739
_13376_, 426.32, 359.04, 0.00543739
_17033_, 426.32, 359.04, 0.00543739
_17034_, 426.32, 359.04, 0.00543739
_17036_, 426.32, 359.04, 0.00543739
_19105_, 426.32, 359.04, 0.00543739
hold50, 426.32, 359.04, 0.00543739
FILLER_0_128_917, 426.32, 359.04, 0.00543739
FILLER_0_129_915, 426.32, 359.04, 0.00543739
_17038_, 451.32, 359.04, 0.00533793
_19108_, 451.32, 359.04, 0.00533793
hold292, 451.32, 359.04, 0.00533793
FILLER_0_127_957, 451.32, 359.04, 0.00533793
FILLER_0_128_977, 451.32, 359.04, 0.00533793
FILLER_0_128_981, 451.32, 359.04, 0.00533793
FILLER_0_129_978, 451.32, 359.04, 0.00533793
_13343_, 476.32, 359.04, 0.00527648
_13348_, 476.32, 359.04, 0.00527648
_19113_, 476.32, 359.04, 0.00527648
hold285, 476.32, 359.04, 0.00527648
_14523_, 5.52, 353.6, 0.00426259
_18593_, 5.52, 353.6, 0.00426259
PHY_250, 5.52, 353.6, 0.00426259
PHY_252, 5.52, 353.6, 0.00426259
FILLER_0_127_3, 5.52, 353.6, 0.00426259
PHY_251, 494.04, 353.6, 0.00521826
PHY_253, 494.04, 353.6, 0.00521826
_13733_, 26.32, 353.6, 0.00427605
_13734_, 26.32, 353.6, 0.00427605
_14525_, 26.32, 353.6, 0.00427605
_16468_, 26.32, 353.6, 0.00427605
_18945_, 26.32, 353.6, 0.00427605
clkbuf_leaf_46_i_clk, 26.32, 353.6, 0.00427605
FILLER_0_127_52, 26.32, 353.6, 0.00427605
_12088_, 51.32, 353.6, 0.00428473
_13737_, 51.32, 353.6, 0.00428473
_14526_, 51.32, 353.6, 0.00428473
_14527_, 51.32, 353.6, 0.00428473
_16467_, 51.32, 353.6, 0.00428473
FILLER_0_126_94, 51.32, 353.6, 0.00428473
_13742_, 76.32, 353.6, 0.00430135
_14531_, 76.32, 353.6, 0.00430135
_16465_, 76.32, 353.6, 0.00430135
_18941_, 76.32, 353.6, 0.00430135
FILLER_0_126_141, 76.32, 353.6, 0.00430135
FILLER_0_126_154, 76.32, 353.6, 0.00430135
_14381_, 101.32, 353.6, 0.00432766
_14382_, 101.32, 353.6, 0.00432766
_18658_, 101.32, 353.6, 0.00432766
FILLER_0_126_197, 101.32, 353.6, 0.00432766
FILLER_0_126_205, 101.32, 353.6, 0.00432766
FILLER_0_127_219, 101.32, 353.6, 0.00432766
_09798_, 126.32, 353.6, 0.00436814
_15571_, 126.32, 353.6, 0.00436814
_18114_, 126.32, 353.6, 0.00436814
FILLER_0_126_261, 126.32, 353.6, 0.00436814
FILLER_0_127_267, 126.32, 353.6, 0.00436814
_12099_, 151.32, 353.6, 0.00442091
_15577_, 151.32, 353.6, 0.00442091
_18111_, 151.32, 353.6, 0.00442091
hold319, 151.32, 353.6, 0.00442091
FILLER_0_126_305, 151.32, 353.6, 0.00442091
_12139_, 176.32, 353.6, 0.00448377
_15581_, 176.32, 353.6, 0.00448377
hold329, 176.32, 353.6, 0.00448377
FILLER_0_126_358, 176.32, 353.6, 0.00448377
FILLER_0_126_383, 176.32, 353.6, 0.00448377
_19467_, 201.32, 353.6, 0.00456419
FILLER_0_126_421, 201.32, 353.6, 0.00456419
_17654_, 226.32, 353.6, 0.00464826
_17696_, 226.32, 353.6, 0.00464826
_19509_, 226.32, 353.6, 0.00464826
FILLER_0_126_477, 226.32, 353.6, 0.00464826
FILLER_0_127_482, 226.32, 353.6, 0.00464826
_17690_, 251.32, 353.6, 0.00472737
_15598_, 276.32, 353.6, 0.00483131
_17465_, 276.32, 353.6, 0.00483131
_17466_, 276.32, 353.6, 0.00483131
_17473_, 276.32, 353.6, 0.00483131
_17772_, 276.32, 353.6, 0.00483131
FILLER_0_125_585, 276.32, 353.6, 0.00483131
FILLER_0_126_579, 276.32, 353.6, 0.00483131
FILLER_0_126_589, 276.32, 353.6, 0.00483131
_13026_, 301.32, 353.6, 0.00494942
_13027_, 301.32, 353.6, 0.00494942
_13028_, 301.32, 353.6, 0.00494942
_17027_, 301.32, 353.6, 0.00494942
FILLER_0_126_641, 301.32, 353.6, 0.00494942
FILLER_0_126_645, 301.32, 353.6, 0.00494942
_11214_, 326.32, 353.6, 0.00511664
_11232_, 326.32, 353.6, 0.00511664
_11233_, 326.32, 353.6, 0.00511664
_11247_, 326.32, 353.6, 0.00511664
_17993_, 326.32, 353.6, 0.00511664
_19565_, 326.32, 353.6, 0.00511664
FILLER_0_125_687, 326.32, 353.6, 0.00511664
FILLER_0_125_695, 326.32, 353.6, 0.00511664
_15798_, 351.32, 353.6, 0.00530779
_15799_, 351.32, 353.6, 0.00530779
FILLER_0_126_749, 351.32, 353.6, 0.00530779
_15819_, 376.32, 353.6, 0.00547657
_17195_, 376.32, 353.6, 0.00547657
_17205_, 376.32, 353.6, 0.00547657
FILLER_0_126_800, 376.32, 353.6, 0.00547657
FILLER_0_126_807, 376.32, 353.6, 0.00547657
FILLER_0_125_853, 401.32, 353.6, 0.00552565
FILLER_0_126_861, 401.32, 353.6, 0.00552565
FILLER_0_126_869, 401.32, 353.6, 0.00552565
_13375_, 426.32, 353.6, 0.00544844
_13381_, 426.32, 353.6, 0.00544844
_13385_, 426.32, 353.6, 0.00544844
_19104_, 426.32, 353.6, 0.00544844
FILLER_0_126_917, 426.32, 353.6, 0.00544844
_13361_, 451.32, 353.6, 0.00533484
_17039_, 451.32, 353.6, 0.00533484
_17040_, 451.32, 353.6, 0.00533484
clkbuf_leaf_110_i_clk, 451.32, 353.6, 0.00533484
hold294, 451.32, 353.6, 0.00533484
_13331_, 476.32, 353.6, 0.00524639
FILLER_0_125_1018, 476.32, 353.6, 0.00524639
FILLER_0_126_1025, 476.32, 353.6, 0.00524639
FILLER_0_126_1037, 476.32, 353.6, 0.00524639
_18594_, 5.52, 348.16, 0.00423133
PHY_246, 5.52, 348.16, 0.00423133
PHY_248, 5.52, 348.16, 0.00423133
FILLER_0_125_3, 5.52, 348.16, 0.00423133
PHY_247, 494.04, 348.16, 0.0052091
PHY_249, 494.04, 348.16, 0.0052091
_09824_, 26.32, 348.16, 0.00423952
_12060_, 26.32, 348.16, 0.00423952
_12080_, 26.32, 348.16, 0.00423952
FILLER_0_123_43, 26.32, 348.16, 0.00423952
FILLER_0_124_37, 26.32, 348.16, 0.00423952
FILLER_0_125_50, 26.32, 348.16, 0.00423952
_09852_, 51.32, 348.16, 0.00426432
_09864_, 51.32, 348.16, 0.00426432
_09865_, 51.32, 348.16, 0.00426432
_12100_, 51.32, 348.16, 0.00426432
FILLER_0_124_93, 51.32, 348.16, 0.00426432
FILLER_0_125_108, 51.32, 348.16, 0.00426432
FILLER_0_125_113, 51.32, 348.16, 0.00426432
_09885_, 76.32, 348.16, 0.00429739
_09892_, 76.32, 348.16, 0.00429739
_09904_, 76.32, 348.16, 0.00429739
_12128_, 76.32, 348.16, 0.00429739
FILLER_0_124_155, 76.32, 348.16, 0.00429739
FILLER_0_124_165, 76.32, 348.16, 0.00429739
FILLER_0_125_158, 76.32, 348.16, 0.00429739
_14385_, 101.32, 348.16, 0.00431491
_14386_, 101.32, 348.16, 0.00431491
_16540_, 101.32, 348.16, 0.00431491
_18656_, 101.32, 348.16, 0.00431491
FILLER_0_124_221, 101.32, 348.16, 0.00431491
_09803_, 126.32, 348.16, 0.00435534
_09838_, 126.32, 348.16, 0.00435534
_12039_, 126.32, 348.16, 0.00435534
_12049_, 126.32, 348.16, 0.00435534
_12089_, 126.32, 348.16, 0.00435534
_18112_, 126.32, 348.16, 0.00435534
FILLER_0_125_264, 126.32, 348.16, 0.00435534
_09863_, 151.32, 348.16, 0.00440535
_09873_, 151.32, 348.16, 0.00440535
_12109_, 151.32, 348.16, 0.00440535
_15578_, 151.32, 348.16, 0.00440535
_15580_, 151.32, 348.16, 0.00440535
_15934_, 151.32, 348.16, 0.00440535
_15936_, 151.32, 348.16, 0.00440535
FILLER_0_124_326, 151.32, 348.16, 0.00440535
_09814_, 176.32, 348.16, 0.00448151
_09913_, 176.32, 348.16, 0.00448151
_12149_, 176.32, 348.16, 0.00448151
_15582_, 176.32, 348.16, 0.00448151
_15932_, 176.32, 348.16, 0.00448151
clkbuf_leaf_69_i_clk, 176.32, 348.16, 0.00448151
FILLER_0_124_358, 176.32, 348.16, 0.00448151
FILLER_0_124_374, 176.32, 348.16, 0.00448151
FILLER_0_125_380, 176.32, 348.16, 0.00448151
_09834_, 201.32, 348.16, 0.0045464
_12070_, 201.32, 348.16, 0.0045464
_12090_, 201.32, 348.16, 0.0045464
_17653_, 201.32, 348.16, 0.0045464
_17657_, 201.32, 348.16, 0.0045464
_19466_, 201.32, 348.16, 0.0045464
FILLER_0_124_424, 201.32, 348.16, 0.0045464
_17222_, 226.32, 348.16, 0.00462032
_17277_, 226.32, 348.16, 0.00462032
_17707_, 226.32, 348.16, 0.00462032
_17708_, 226.32, 348.16, 0.00462032
_17763_, 226.32, 348.16, 0.00462032
FILLER_0_124_486, 226.32, 348.16, 0.00462032
FILLER_0_125_481, 226.32, 348.16, 0.00462032
_09187_, 251.32, 348.16, 0.00473051
_17774_, 251.32, 348.16, 0.00473051
_17775_, 251.32, 348.16, 0.00473051
_17777_, 251.32, 348.16, 0.00473051
_17778_, 251.32, 348.16, 0.00473051
_17859_, 251.32, 348.16, 0.00473051
_19511_, 251.32, 348.16, 0.00473051
FILLER_0_124_541, 251.32, 348.16, 0.00473051
_19516_, 276.32, 348.16, 0.00485232
_19520_, 276.32, 348.16, 0.00485232
clkbuf_leaf_79_i_clk, 276.32, 348.16, 0.00485232
FILLER_0_124_585, 276.32, 348.16, 0.00485232
_13030_, 301.32, 348.16, 0.0049642
_13034_, 301.32, 348.16, 0.0049642
_17028_, 301.32, 348.16, 0.0049642
FILLER_0_124_634, 301.32, 348.16, 0.0049642
_11231_, 326.32, 348.16, 0.00520157
_11265_, 326.32, 348.16, 0.00520157
_19245_, 326.32, 348.16, 0.00520157
FILLER_0_123_693, 326.32, 348.16, 0.00520157
FILLER_0_124_690, 326.32, 348.16, 0.00520157
FILLER_0_124_701, 326.32, 348.16, 0.00520157
_15792_, 351.32, 348.16, 0.00571126
_15809_, 351.32, 348.16, 0.00571126
_15810_, 351.32, 348.16, 0.00571126
_17200_, 351.32, 348.16, 0.00571126
FILLER_0_123_742, 351.32, 348.16, 0.00571126
FILLER_0_124_740, 351.32, 348.16, 0.00571126
FILLER_0_124_757, 351.32, 348.16, 0.00571126
FILLER_0_125_757, 351.32, 348.16, 0.00571126
_15714_, 376.32, 348.16, 0.00718435
_15715_, 376.32, 348.16, 0.00718435
_15795_, 376.32, 348.16, 0.00718435
_15806_, 376.32, 348.16, 0.00718435
_15820_, 376.32, 348.16, 0.00718435
_15824_, 376.32, 348.16, 0.00718435
_15825_, 376.32, 348.16, 0.00718435
_15749_, 401.32, 348.16, 0.00820298
_15752_, 401.32, 348.16, 0.00820298
_15769_, 401.32, 348.16, 0.00820298
_15770_, 401.32, 348.16, 0.00820298
FILLER_0_124_861, 401.32, 348.16, 0.00820298
_13379_, 426.32, 348.16, 0.00612828
_13384_, 426.32, 348.16, 0.00612828
_19103_, 426.32, 348.16, 0.00612828
clkbuf_leaf_109_i_clk, 426.32, 348.16, 0.00612828
hold306, 426.32, 348.16, 0.00612828
_13313_, 451.32, 348.16, 0.00547489
_13357_, 451.32, 348.16, 0.00547489
_13360_, 451.32, 348.16, 0.00547489
FILLER_0_124_970, 451.32, 348.16, 0.00547489
_13330_, 476.32, 348.16, 0.005268
_17051_, 476.32, 348.16, 0.005268
_19114_, 476.32, 348.16, 0.005268
_19115_, 476.32, 348.16, 0.005268
FILLER_0_125_1026, 476.32, 348.16, 0.005268
_18496_, 5.52, 342.72, 0.00419799
PHY_242, 5.52, 342.72, 0.00419799
PHY_244, 5.52, 342.72, 0.00419799
FILLER_0_122_3, 5.52, 342.72, 0.00419799
FILLER_0_123_3, 5.52, 342.72, 0.00419799
PHY_243, 494.04, 342.72, 0.00516955
PHY_245, 494.04, 342.72, 0.00516955
_09804_, 26.32, 342.72, 0.00420827
_09805_, 26.32, 342.72, 0.00420827
_09844_, 26.32, 342.72, 0.00420827
_12040_, 26.32, 342.72, 0.00420827
FILLER_0_121_37, 26.32, 342.72, 0.00420827
FILLER_0_122_38, 26.32, 342.72, 0.00420827
FILLER_0_122_50, 26.32, 342.72, 0.00420827
FILLER_0_123_57, 26.32, 342.72, 0.00420827
_16327_, 51.32, 342.72, 0.00423339
clkbuf_leaf_47_i_clk, 51.32, 342.72, 0.00423339
FILLER_0_121_94, 51.32, 342.72, 0.00423339
FILLER_0_122_103, 51.32, 342.72, 0.00423339
FILLER_0_123_108, 51.32, 342.72, 0.00423339
FILLER_0_123_113, 51.32, 342.72, 0.00423339
_12140_, 76.32, 342.72, 0.00424645
_18461_, 76.32, 342.72, 0.00424645
_18493_, 76.32, 342.72, 0.00424645
FILLER_0_123_154, 76.32, 342.72, 0.00424645
FILLER_0_123_165, 76.32, 342.72, 0.00424645
_14313_, 101.32, 342.72, 0.00426978
_14314_, 101.32, 342.72, 0.00426978
FILLER_0_123_215, 101.32, 342.72, 0.00426978
_09813_, 126.32, 342.72, 0.00430858
_09843_, 126.32, 342.72, 0.00430858
_12078_, 126.32, 342.72, 0.00430858
FILLER_0_121_261, 126.32, 342.72, 0.00430858
FILLER_0_122_253, 126.32, 342.72, 0.00430858
FILLER_0_122_263, 126.32, 342.72, 0.00430858
_09883_, 151.32, 342.72, 0.00435683
FILLER_0_122_305, 151.32, 342.72, 0.00435683
FILLER_0_123_323, 151.32, 342.72, 0.00435683
_09874_, 176.32, 342.72, 0.00442964
_19601_, 176.32, 342.72, 0.00442964
_19604_, 176.32, 342.72, 0.00442964
FILLER_0_121_363, 176.32, 342.72, 0.00442964
FILLER_0_122_365, 176.32, 342.72, 0.00442964
_09854_, 201.32, 342.72, 0.00450271
_19602_, 201.32, 342.72, 0.00450271
_19603_, 201.32, 342.72, 0.00450271
hold178, 201.32, 342.72, 0.00450271
FILLER_0_122_413, 201.32, 342.72, 0.00450271
FILLER_0_123_426, 201.32, 342.72, 0.00450271
_09188_, 226.32, 342.72, 0.00457878
_17828_, 226.32, 342.72, 0.00457878
_17833_, 226.32, 342.72, 0.00457878
_17851_, 226.32, 342.72, 0.00457878
FILLER_0_121_470, 226.32, 342.72, 0.00457878
FILLER_0_122_471, 226.32, 342.72, 0.00457878
FILLER_0_123_485, 226.32, 342.72, 0.00457878
_17817_, 251.32, 342.72, 0.00466618
_17829_, 251.32, 342.72, 0.00466618
_17830_, 251.32, 342.72, 0.00466618
FILLER_0_122_542, 251.32, 342.72, 0.00466618
_19505_, 276.32, 342.72, 0.00478683
FILLER_0_122_583, 276.32, 342.72, 0.00478683
_10142_, 301.32, 342.72, 0.00495681
_13032_, 301.32, 342.72, 0.00495681
_13101_, 301.32, 342.72, 0.00495681
_13102_, 301.32, 342.72, 0.00495681
_15759_, 301.32, 342.72, 0.00495681
_19561_, 301.32, 342.72, 0.00495681
FILLER_0_121_635, 301.32, 342.72, 0.00495681
_10331_, 326.32, 342.72, 0.00524061
_10335_, 326.32, 342.72, 0.00524061
_10394_, 326.32, 342.72, 0.00524061
_10395_, 326.32, 342.72, 0.00524061
_19244_, 326.32, 342.72, 0.00524061
FILLER_0_123_706, 326.32, 342.72, 0.00524061
_15789_, 351.32, 342.72, 0.00577581
_15800_, 351.32, 342.72, 0.00577581
_15804_, 351.32, 342.72, 0.00577581
_15805_, 351.32, 342.72, 0.00577581
_15807_, 351.32, 342.72, 0.00577581
_15855_, 351.32, 342.72, 0.00577581
_17198_, 351.32, 342.72, 0.00577581
FILLER_0_121_742, 351.32, 342.72, 0.00577581
_15773_, 376.32, 342.72, 0.00652386
FILLER_0_122_809, 376.32, 342.72, 0.00652386
FILLER_0_122_813, 376.32, 342.72, 0.00652386
_15747_, 401.32, 342.72, 0.00703794
_15748_, 401.32, 342.72, 0.00703794
_15751_, 401.32, 342.72, 0.00703794
_15772_, 401.32, 342.72, 0.00703794
_13378_, 426.32, 342.72, 0.00578737
FILLER_0_122_920, 426.32, 342.72, 0.00578737
_10560_, 451.32, 342.72, 0.00538755
_13083_, 451.32, 342.72, 0.00538755
_13310_, 451.32, 342.72, 0.00538755
_19119_, 451.32, 342.72, 0.00538755
FILLER_0_123_975, 451.32, 342.72, 0.00538755
_13318_, 476.32, 342.72, 0.00522904
_13322_, 476.32, 342.72, 0.00522904
_13325_, 476.32, 342.72, 0.00522904
_13326_, 476.32, 342.72, 0.00522904
_19116_, 476.32, 342.72, 0.00522904
clkbuf_leaf_111_i_clk, 476.32, 342.72, 0.00522904
FILLER_0_122_1029, 476.32, 342.72, 0.00522904
_18497_, 5.52, 337.28, 0.00417161
PHY_238, 5.52, 337.28, 0.00417161
PHY_240, 5.52, 337.28, 0.00417161
output39, 5.52, 337.28, 0.00417161
FILLER_0_120_9, 5.52, 337.28, 0.00417161
FILLER_0_121_3, 5.52, 337.28, 0.00417161
PHY_239, 494.04, 337.28, 0.00512982
PHY_241, 494.04, 337.28, 0.00512982
_13732_, 26.32, 337.28, 0.00417754
_18946_, 26.32, 337.28, 0.00417754
FILLER_0_119_36, 26.32, 337.28, 0.00417754
FILLER_0_121_50, 26.32, 337.28, 0.00417754
FILLER_0_121_57, 26.32, 337.28, 0.00417754
_14831_, 51.32, 337.28, 0.00421872
_16325_, 51.32, 337.28, 0.00421872
_16326_, 51.32, 337.28, 0.00421872
_18463_, 51.32, 337.28, 0.00421872
_18494_, 51.32, 337.28, 0.00421872
clkbuf_4_5__f_i_clk, 51.32, 337.28, 0.00421872
_13744_, 76.32, 337.28, 0.00421217
_14762_, 76.32, 337.28, 0.00421217
_14763_, 76.32, 337.28, 0.00421217
_16358_, 76.32, 337.28, 0.00421217
_18940_, 76.32, 337.28, 0.00421217
FILLER_0_120_141, 76.32, 337.28, 0.00421217
FILLER_0_121_163, 76.32, 337.28, 0.00421217
_16575_, 101.32, 337.28, 0.00423927
_18690_, 101.32, 337.28, 0.00423927
_19008_, 101.32, 337.28, 0.00423927
FILLER_0_121_213, 101.32, 337.28, 0.00423927
FILLER_0_121_221, 101.32, 337.28, 0.00423927
_09842_, 126.32, 337.28, 0.0042776
_09853_, 126.32, 337.28, 0.0042776
_12038_, 126.32, 337.28, 0.0042776
_15570_, 126.32, 337.28, 0.0042776
FILLER_0_120_272, 126.32, 337.28, 0.0042776
_14319_, 151.32, 337.28, 0.00432815
_14321_, 151.32, 337.28, 0.00432815
_14322_, 151.32, 337.28, 0.00432815
_18686_, 151.32, 337.28, 0.00432815
_19006_, 151.32, 337.28, 0.00432815
FILLER_0_120_309, 151.32, 337.28, 0.00432815
_14324_, 176.32, 337.28, 0.00438034
_19599_, 176.32, 337.28, 0.00438034
_15926_, 201.32, 337.28, 0.00443912
_17658_, 201.32, 337.28, 0.00443912
_18043_, 201.32, 337.28, 0.00443912
_18044_, 201.32, 337.28, 0.00443912
FILLER_0_120_421, 201.32, 337.28, 0.00443912
_17832_, 226.32, 337.28, 0.00452036
_17854_, 226.32, 337.28, 0.00452036
_17855_, 226.32, 337.28, 0.00452036
FILLER_0_120_473, 226.32, 337.28, 0.00452036
FILLER_0_120_477, 226.32, 337.28, 0.00452036
FILLER_0_120_493, 226.32, 337.28, 0.00452036
_17831_, 251.32, 337.28, 0.00462177
_17878_, 251.32, 337.28, 0.00462177
_17879_, 251.32, 337.28, 0.00462177
FILLER_0_119_526, 251.32, 337.28, 0.00462177
FILLER_0_120_523, 251.32, 337.28, 0.00462177
FILLER_0_121_540, 251.32, 337.28, 0.00462177
_15839_, 276.32, 337.28, 0.00477379
_17384_, 276.32, 337.28, 0.00477379
_17792_, 276.32, 337.28, 0.00477379
_17800_, 276.32, 337.28, 0.00477379
_19519_, 276.32, 337.28, 0.00477379
FILLER_0_119_585, 276.32, 337.28, 0.00477379
FILLER_0_120_585, 276.32, 337.28, 0.00477379
FILLER_0_121_589, 276.32, 337.28, 0.00477379
_09193_, 301.32, 337.28, 0.00492619
_10132_, 301.32, 337.28, 0.00492619
_10133_, 301.32, 337.28, 0.00492619
_10141_, 301.32, 337.28, 0.00492619
_17387_, 301.32, 337.28, 0.00492619
_17718_, 301.32, 337.28, 0.00492619
FILLER_0_119_639, 301.32, 337.28, 0.00492619
FILLER_0_120_651, 301.32, 337.28, 0.00492619
_10320_, 326.32, 337.28, 0.00508366
_10336_, 326.32, 337.28, 0.00508366
_10402_, 326.32, 337.28, 0.00508366
_17717_, 326.32, 337.28, 0.00508366
FILLER_0_119_690, 326.32, 337.28, 0.00508366
FILLER_0_120_697, 326.32, 337.28, 0.00508366
_15788_, 351.32, 337.28, 0.00538038
_15803_, 351.32, 337.28, 0.00538038
_17199_, 351.32, 337.28, 0.00538038
FILLER_0_120_753, 351.32, 337.28, 0.00538038
FILLER_0_120_757, 351.32, 337.28, 0.00538038
_15850_, 376.32, 337.28, 0.00600469
_15851_, 376.32, 337.28, 0.00600469
_15852_, 376.32, 337.28, 0.00600469
_15858_, 376.32, 337.28, 0.00600469
FILLER_0_119_804, 376.32, 337.28, 0.00600469
FILLER_0_120_794, 376.32, 337.28, 0.00600469
FILLER_0_120_807, 376.32, 337.28, 0.00600469
_15738_, 401.32, 337.28, 0.00641772
_15746_, 401.32, 337.28, 0.00641772
FILLER_0_120_859, 401.32, 337.28, 0.00641772
_10390_, 426.32, 337.28, 0.00597211
_13268_, 426.32, 337.28, 0.00597211
_13294_, 426.32, 337.28, 0.00597211
_13373_, 426.32, 337.28, 0.00597211
_13377_, 426.32, 337.28, 0.00597211
_13382_, 426.32, 337.28, 0.00597211
FILLER_0_120_904, 426.32, 337.28, 0.00597211
FILLER_0_120_913, 426.32, 337.28, 0.00597211
FILLER_0_120_925, 426.32, 337.28, 0.00597211
FILLER_0_121_925, 426.32, 337.28, 0.00597211
_10324_, 451.32, 337.28, 0.00540176
_10403_, 451.32, 337.28, 0.00540176
_10559_, 451.32, 337.28, 0.00540176
_13307_, 451.32, 337.28, 0.00540176
_13358_, 451.32, 337.28, 0.00540176
_13359_, 451.32, 337.28, 0.00540176
_10630_, 476.32, 337.28, 0.00519737
_13321_, 476.32, 337.28, 0.00519737
_13324_, 476.32, 337.28, 0.00519737
_17050_, 476.32, 337.28, 0.00519737
hold40, 476.32, 337.28, 0.00519737
FILLER_0_120_1021, 476.32, 337.28, 0.00519737
_18595_, 5.52, 331.84, 0.00412676
PHY_234, 5.52, 331.84, 0.00412676
PHY_236, 5.52, 331.84, 0.00412676
FILLER_0_118_3, 5.52, 331.84, 0.00412676
PHY_235, 494.04, 331.84, 0.00504963
PHY_237, 494.04, 331.84, 0.00504963
_09784_, 26.32, 331.84, 0.00413111
_12020_, 26.32, 331.84, 0.00413111
_13731_, 26.32, 331.84, 0.00413111
_16861_, 26.32, 331.84, 0.00413111
_18947_, 26.32, 331.84, 0.00413111
FILLER_0_118_38, 26.32, 331.84, 0.00413111
_14756_, 51.32, 331.84, 0.00414366
_14830_, 51.32, 331.84, 0.00414366
_18495_, 51.32, 331.84, 0.00414366
FILLER_0_117_86, 51.32, 331.84, 0.00414366
FILLER_0_118_97, 51.32, 331.84, 0.00414366
FILLER_0_119_113, 51.32, 331.84, 0.00414366
_14533_, 76.32, 331.84, 0.00416595
FILLER_0_119_157, 76.32, 331.84, 0.00416595
FILLER_0_119_165, 76.32, 331.84, 0.00416595
_14317_, 101.32, 331.84, 0.00420221
_16577_, 101.32, 331.84, 0.00420221
FILLER_0_118_197, 101.32, 331.84, 0.00420221
FILLER_0_119_216, 101.32, 331.84, 0.00420221
_09783_, 126.32, 331.84, 0.00424754
_09802_, 126.32, 331.84, 0.00424754
_12019_, 126.32, 331.84, 0.00424754
_12029_, 126.32, 331.84, 0.00424754
_15569_, 126.32, 331.84, 0.00424754
_18115_, 126.32, 331.84, 0.00424754
_12098_, 151.32, 331.84, 0.00428756
_13602_, 151.32, 331.84, 0.00428756
_13603_, 151.32, 331.84, 0.00428756
_16573_, 151.32, 331.84, 0.00428756
_09902_, 176.32, 331.84, 0.00434365
_09914_, 176.32, 331.84, 0.00434365
_16571_, 176.32, 331.84, 0.00434365
FILLER_0_118_365, 176.32, 331.84, 0.00434365
FILLER_0_118_384, 176.32, 331.84, 0.00434365
_09174_, 201.32, 331.84, 0.00440593
_17866_, 201.32, 331.84, 0.00440593
_19527_, 201.32, 331.84, 0.00440593
FILLER_0_119_435, 201.32, 331.84, 0.00440593
_17814_, 226.32, 331.84, 0.00447815
_17904_, 226.32, 331.84, 0.00447815
_17905_, 226.32, 331.84, 0.00447815
_17908_, 226.32, 331.84, 0.00447815
_17909_, 226.32, 331.84, 0.00447815
_17912_, 226.32, 331.84, 0.00447815
_17913_, 226.32, 331.84, 0.00447815
FILLER_0_117_469, 226.32, 331.84, 0.00447815
FILLER_0_118_472, 226.32, 331.84, 0.00447815
FILLER_0_118_477, 226.32, 331.84, 0.00447815
_17867_, 251.32, 331.84, 0.00457665
_17876_, 251.32, 331.84, 0.00457665
_17880_, 251.32, 331.84, 0.00457665
_17881_, 251.32, 331.84, 0.00457665
_17889_, 251.32, 331.84, 0.00457665
_17890_, 251.32, 331.84, 0.00457665
FILLER_0_118_528, 251.32, 331.84, 0.00457665
FILLER_0_118_541, 251.32, 331.84, 0.00457665
FILLER_0_119_540, 251.32, 331.84, 0.00457665
_17806_, 276.32, 331.84, 0.00470963
_19503_, 276.32, 331.84, 0.00470963
_19521_, 276.32, 331.84, 0.00470963
FILLER_0_118_577, 276.32, 331.84, 0.00470963
_17711_, 301.32, 331.84, 0.00484182
_17712_, 301.32, 331.84, 0.00484182
_19350_, 301.32, 331.84, 0.00484182
FILLER_0_117_634, 301.32, 331.84, 0.00484182
_10225_, 326.32, 331.84, 0.00509102
_10349_, 326.32, 331.84, 0.00509102
_10350_, 326.32, 331.84, 0.00509102
FILLER_0_118_701, 326.32, 331.84, 0.00509102
_15817_, 351.32, 331.84, 0.00554632
_15849_, 351.32, 331.84, 0.00554632
_15861_, 351.32, 331.84, 0.00554632
FILLER_0_117_749, 351.32, 331.84, 0.00554632
FILLER_0_118_748, 351.32, 331.84, 0.00554632
FILLER_0_118_762, 351.32, 331.84, 0.00554632
FILLER_0_119_753, 351.32, 331.84, 0.00554632
_15782_, 376.32, 331.84, 0.00654119
_15783_, 376.32, 331.84, 0.00654119
_15811_, 376.32, 331.84, 0.00654119
_15859_, 376.32, 331.84, 0.00654119
hold364, 376.32, 331.84, 0.00654119
FILLER_0_117_797, 376.32, 331.84, 0.00654119
FILLER_0_118_809, 376.32, 331.84, 0.00654119
FILLER_0_118_813, 376.32, 331.84, 0.00654119
FILLER_0_119_812, 376.32, 331.84, 0.00654119
_15737_, 401.32, 331.84, 0.00612331
FILLER_0_118_863, 401.32, 331.84, 0.00612331
FILLER_0_119_871, 401.32, 331.84, 0.00612331
_10160_, 426.32, 331.84, 0.00554225
_10337_, 426.32, 331.84, 0.00554225
_10391_, 426.32, 331.84, 0.00554225
_10392_, 426.32, 331.84, 0.00554225
_11218_, 426.32, 331.84, 0.00554225
FILLER_0_117_909, 426.32, 331.84, 0.00554225
FILLER_0_118_909, 426.32, 331.84, 0.00554225
FILLER_0_118_919, 426.32, 331.84, 0.00554225
FILLER_0_119_918, 426.32, 331.84, 0.00554225
_10161_, 451.32, 331.84, 0.00524825
_10323_, 451.32, 331.84, 0.00524825
_10325_, 451.32, 331.84, 0.00524825
_10326_, 451.32, 331.84, 0.00524825
_10404_, 451.32, 331.84, 0.00524825
_10405_, 451.32, 331.84, 0.00524825
_10407_, 451.32, 331.84, 0.00524825
FILLER_0_117_964, 451.32, 331.84, 0.00524825
FILLER_0_119_981, 451.32, 331.84, 0.00524825
_13292_, 476.32, 331.84, 0.00509873
_13297_, 476.32, 331.84, 0.00509873
_13298_, 476.32, 331.84, 0.00509873
_13299_, 476.32, 331.84, 0.00509873
_17054_, 476.32, 331.84, 0.00509873
_19121_, 476.32, 331.84, 0.00509873
FILLER_0_117_1018, 476.32, 331.84, 0.00509873
FILLER_0_118_1023, 476.32, 331.84, 0.00509873
_18498_, 5.52, 326.4, 0.00409185
PHY_230, 5.52, 326.4, 0.00409185
PHY_232, 5.52, 326.4, 0.00409185
FILLER_0_116_3, 5.52, 326.4, 0.00409185
PHY_231, 494.04, 326.4, 0.00499116
PHY_233, 494.04, 326.4, 0.00499116
_09785_, 26.32, 326.4, 0.00409941
_13729_, 26.32, 326.4, 0.00409941
_13730_, 26.32, 326.4, 0.00409941
_14825_, 26.32, 326.4, 0.00409941
_16862_, 26.32, 326.4, 0.00409941
FILLER_0_115_39, 26.32, 326.4, 0.00409941
FILLER_0_116_41, 26.32, 326.4, 0.00409941
_14757_, 51.32, 326.4, 0.00411573
_16360_, 51.32, 326.4, 0.00411573
FILLER_0_116_97, 51.32, 326.4, 0.00411573
_12160_, 76.32, 326.4, 0.00414945
_14532_, 76.32, 326.4, 0.00414945
_18492_, 76.32, 326.4, 0.00414945
clkbuf_leaf_48_i_clk, 76.32, 326.4, 0.00414945
FILLER_0_117_164, 76.32, 326.4, 0.00414945
_14315_, 101.32, 326.4, 0.00417455
_14316_, 101.32, 326.4, 0.00417455
_18689_, 101.32, 326.4, 0.00417455
FILLER_0_116_197, 101.32, 326.4, 0.00417455
FILLER_0_117_221, 101.32, 326.4, 0.00417455
_09793_, 126.32, 326.4, 0.00421767
_09822_, 126.32, 326.4, 0.00421767
_12018_, 126.32, 326.4, 0.00421767
FILLER_0_117_276, 126.32, 326.4, 0.00421767
_09171_, 151.32, 326.4, 0.00427752
_09861_, 151.32, 326.4, 0.00427752
_14036_, 151.32, 326.4, 0.00427752
_14039_, 151.32, 326.4, 0.00427752
_14758_, 151.32, 326.4, 0.00427752
FILLER_0_116_315, 151.32, 326.4, 0.00427752
_09894_, 176.32, 326.4, 0.00431904
_14326_, 176.32, 326.4, 0.00431904
_16926_, 176.32, 326.4, 0.00431904
_18684_, 176.32, 326.4, 0.00431904
FILLER_0_116_368, 176.32, 326.4, 0.00431904
FILLER_0_116_376, 176.32, 326.4, 0.00431904
_09170_, 201.32, 326.4, 0.00438066
_19528_, 201.32, 326.4, 0.00438066
clkbuf_leaf_70_i_clk, 201.32, 326.4, 0.00438066
FILLER_0_115_413, 201.32, 326.4, 0.00438066
FILLER_0_115_421, 201.32, 326.4, 0.00438066
FILLER_0_116_417, 201.32, 326.4, 0.00438066
_17838_, 226.32, 326.4, 0.00443479
_17841_, 226.32, 326.4, 0.00443479
_17887_, 226.32, 326.4, 0.00443479
FILLER_0_115_470, 226.32, 326.4, 0.00443479
FILLER_0_115_477, 226.32, 326.4, 0.00443479
FILLER_0_116_477, 226.32, 326.4, 0.00443479
FILLER_0_116_489, 226.32, 326.4, 0.00443479
FILLER_0_117_484, 226.32, 326.4, 0.00443479
_17736_, 251.32, 326.4, 0.00452936
_17877_, 251.32, 326.4, 0.00452936
_17885_, 251.32, 326.4, 0.00452936
_17915_, 251.32, 326.4, 0.00452936
FILLER_0_116_522, 251.32, 326.4, 0.00452936
FILLER_0_116_533, 251.32, 326.4, 0.00452936
_10179_, 276.32, 326.4, 0.00462863
_10183_, 301.32, 326.4, 0.00476303
_15720_, 301.32, 326.4, 0.00476303
_15900_, 301.32, 326.4, 0.00476303
_15907_, 301.32, 326.4, 0.00476303
_19351_, 301.32, 326.4, 0.00476303
_11315_, 326.32, 326.4, 0.00496476
_11316_, 326.32, 326.4, 0.00496476
_11317_, 326.32, 326.4, 0.00496476
_11335_, 326.32, 326.4, 0.00496476
_11336_, 326.32, 326.4, 0.00496476
_19559_, 326.32, 326.4, 0.00496476
_15812_, 351.32, 326.4, 0.00531867
_15816_, 351.32, 326.4, 0.00531867
_15856_, 351.32, 326.4, 0.00531867
_17185_, 351.32, 326.4, 0.00531867
FILLER_0_115_746, 351.32, 326.4, 0.00531867
FILLER_0_116_749, 351.32, 326.4, 0.00531867
FILLER_0_116_757, 351.32, 326.4, 0.00531867
FILLER_0_117_762, 351.32, 326.4, 0.00531867
_15844_, 376.32, 326.4, 0.00602803
_15845_, 376.32, 326.4, 0.00602803
_15741_, 401.32, 326.4, 0.00662453
_15743_, 401.32, 326.4, 0.00662453
_15744_, 401.32, 326.4, 0.00662453
FILLER_0_116_863, 401.32, 326.4, 0.00662453
_10333_, 426.32, 326.4, 0.00575289
_10338_, 426.32, 326.4, 0.00575289
_10339_, 426.32, 326.4, 0.00575289
_10393_, 426.32, 326.4, 0.00575289
FILLER_0_116_906, 426.32, 326.4, 0.00575289
FILLER_0_117_919, 426.32, 326.4, 0.00575289
_10327_, 451.32, 326.4, 0.00523768
_10409_, 451.32, 326.4, 0.00523768
FILLER_0_116_974, 451.32, 326.4, 0.00523768
_13291_, 476.32, 326.4, 0.00504734
_13296_, 476.32, 326.4, 0.00504734
ANTENNA_57, 476.32, 326.4, 0.00504734
FILLER_0_115_1018, 476.32, 326.4, 0.00504734
FILLER_0_116_1029, 476.32, 326.4, 0.00504734
_18499_, 5.52, 320.96, 0.00406604
PHY_226, 5.52, 320.96, 0.00406604
PHY_228, 5.52, 320.96, 0.00406604
FILLER_0_114_3, 5.52, 320.96, 0.00406604
PHY_227, 494.04, 320.96, 0.00493484
PHY_229, 494.04, 320.96, 0.00493484
_14822_, 26.32, 320.96, 0.00406849
_14823_, 26.32, 320.96, 0.00406849
_14824_, 26.32, 320.96, 0.00406849
_18467_, 26.32, 320.96, 0.00406849
FILLER_0_114_56, 26.32, 320.96, 0.00406849
FILLER_0_115_47, 26.32, 320.96, 0.00406849
_16503_, 51.32, 320.96, 0.00407726
_18623_, 51.32, 320.96, 0.00407726
FILLER_0_113_96, 51.32, 320.96, 0.00407726
FILLER_0_114_88, 51.32, 320.96, 0.00407726
FILLER_0_115_108, 51.32, 320.96, 0.00407726
_09924_, 76.32, 320.96, 0.0040988
_14765_, 76.32, 320.96, 0.0040988
hold428, 76.32, 320.96, 0.0040988
FILLER_0_113_149, 76.32, 320.96, 0.0040988
FILLER_0_114_141, 76.32, 320.96, 0.0040988
FILLER_0_115_164, 76.32, 320.96, 0.0040988
_13593_, 101.32, 320.96, 0.00413535
_14311_, 101.32, 320.96, 0.00413535
_14312_, 101.32, 320.96, 0.00413535
_16576_, 101.32, 320.96, 0.00413535
_16578_, 101.32, 320.96, 0.00413535
_18691_, 101.32, 320.96, 0.00413535
FILLER_0_114_220, 101.32, 320.96, 0.00413535
FILLER_0_115_218, 101.32, 320.96, 0.00413535
_09781_, 126.32, 320.96, 0.00417621
_09782_, 126.32, 320.96, 0.00417621
_09821_, 126.32, 320.96, 0.00417621
_12017_, 126.32, 320.96, 0.00417621
_12057_, 126.32, 320.96, 0.00417621
_12058_, 126.32, 320.96, 0.00417621
_09881_, 151.32, 320.96, 0.0042235
_15514_, 151.32, 320.96, 0.0042235
_15969_, 151.32, 320.96, 0.0042235
_18142_, 151.32, 320.96, 0.0042235
hold405, 151.32, 320.96, 0.0042235
FILLER_0_113_311, 151.32, 320.96, 0.0042235
_09179_, 176.32, 320.96, 0.0042812
_09923_, 176.32, 320.96, 0.0042812
_14045_, 176.32, 320.96, 0.0042812
_14325_, 176.32, 320.96, 0.0042812
_14764_, 176.32, 320.96, 0.0042812
_16570_, 176.32, 320.96, 0.0042812
FILLER_0_114_359, 176.32, 320.96, 0.0042812
FILLER_0_114_376, 176.32, 320.96, 0.0042812
FILLER_0_115_384, 176.32, 320.96, 0.0042812
_09158_, 201.32, 320.96, 0.00432418
_09178_, 226.32, 320.96, 0.00439782
_17837_, 226.32, 320.96, 0.00439782
_17840_, 226.32, 320.96, 0.00439782
_17848_, 226.32, 320.96, 0.00439782
_17893_, 226.32, 320.96, 0.00439782
hold157, 226.32, 320.96, 0.00439782
FILLER_0_114_477, 226.32, 320.96, 0.00439782
FILLER_0_114_489, 226.32, 320.96, 0.00439782
_17704_, 251.32, 320.96, 0.00448779
_17727_, 251.32, 320.96, 0.00448779
_17743_, 251.32, 320.96, 0.00448779
_17786_, 251.32, 320.96, 0.00448779
_17916_, 251.32, 320.96, 0.00448779
_17917_, 251.32, 320.96, 0.00448779
FILLER_0_113_524, 251.32, 320.96, 0.00448779
FILLER_0_115_537, 251.32, 320.96, 0.00448779
FILLER_0_115_544, 251.32, 320.96, 0.00448779
_17251_, 276.32, 320.96, 0.00459868
_17809_, 276.32, 320.96, 0.00459868
_17920_, 276.32, 320.96, 0.00459868
_19517_, 276.32, 320.96, 0.00459868
_19522_, 276.32, 320.96, 0.00459868
FILLER_0_114_589, 276.32, 320.96, 0.00459868
FILLER_0_114_597, 276.32, 320.96, 0.00459868
_10188_, 301.32, 320.96, 0.00468441
_10195_, 301.32, 320.96, 0.00468441
FILLER_0_114_641, 301.32, 320.96, 0.00468441
FILLER_0_114_645, 301.32, 320.96, 0.00468441
_10356_, 326.32, 320.96, 0.0048552
_15594_, 326.32, 320.96, 0.0048552
_17987_, 326.32, 320.96, 0.0048552
FILLER_0_113_685, 326.32, 320.96, 0.0048552
FILLER_0_113_695, 326.32, 320.96, 0.0048552
FILLER_0_114_686, 326.32, 320.96, 0.0048552
FILLER_0_115_708, 326.32, 320.96, 0.0048552
_15728_, 351.32, 320.96, 0.00515389
_15753_, 351.32, 320.96, 0.00515389
_15784_, 351.32, 320.96, 0.00515389
_15785_, 351.32, 320.96, 0.00515389
_15813_, 351.32, 320.96, 0.00515389
_15814_, 351.32, 320.96, 0.00515389
FILLER_0_114_740, 351.32, 320.96, 0.00515389
FILLER_0_114_747, 351.32, 320.96, 0.00515389
_15680_, 376.32, 320.96, 0.00549261
_15681_, 376.32, 320.96, 0.00549261
_15682_, 376.32, 320.96, 0.00549261
FILLER_0_115_811, 376.32, 320.96, 0.00549261
_15742_, 401.32, 320.96, 0.00570516
_15771_, 401.32, 320.96, 0.00570516
max_cap66, 401.32, 320.96, 0.00570516
FILLER_0_114_864, 401.32, 320.96, 0.00570516
_13276_, 426.32, 320.96, 0.00536534
_17061_, 426.32, 320.96, 0.00536534
_19126_, 426.32, 320.96, 0.00536534
FILLER_0_114_920, 426.32, 320.96, 0.00536534
_10329_, 451.32, 320.96, 0.00518445
_10421_, 451.32, 320.96, 0.00518445
_10422_, 451.32, 320.96, 0.00518445
_11177_, 451.32, 320.96, 0.00518445
_11199_, 451.32, 320.96, 0.00518445
_11212_, 451.32, 320.96, 0.00518445
_11221_, 451.32, 320.96, 0.00518445
FILLER_0_113_960, 451.32, 320.96, 0.00518445
FILLER_0_115_972, 451.32, 320.96, 0.00518445
_13287_, 476.32, 320.96, 0.00500056
_13288_, 476.32, 320.96, 0.00500056
_19123_, 476.32, 320.96, 0.00500056
clkbuf_leaf_112_i_clk, 476.32, 320.96, 0.00500056
FILLER_0_113_1021, 476.32, 320.96, 0.00500056
PHY_222, 5.52, 315.52, 0.0040123
PHY_224, 5.52, 315.52, 0.0040123
FILLER_0_112_3, 5.52, 315.52, 0.0040123
PHY_223, 494.04, 315.52, 0.00484842
PHY_225, 494.04, 315.52, 0.00484842
_14894_, 26.32, 315.52, 0.00402021
_18466_, 26.32, 315.52, 0.00402021
FILLER_0_111_41, 26.32, 315.52, 0.00402021
FILLER_0_112_32, 26.32, 315.52, 0.00402021
_14456_, 51.32, 315.52, 0.00403357
_14457_, 51.32, 315.52, 0.00403357
_16502_, 51.32, 315.52, 0.00403357
FILLER_0_113_106, 51.32, 315.52, 0.00403357
_14460_, 76.32, 315.52, 0.00406249
_14461_, 76.32, 315.52, 0.00406249
_16288_, 76.32, 315.52, 0.00406249
_18620_, 76.32, 315.52, 0.00406249
_18621_, 76.32, 315.52, 0.00406249
FILLER_0_111_150, 76.32, 315.52, 0.00406249
FILLER_0_112_141, 76.32, 315.52, 0.00406249
clkbuf_leaf_36_i_clk, 101.32, 315.52, 0.004101
FILLER_0_113_214, 101.32, 315.52, 0.004101
_09159_, 126.32, 315.52, 0.00413648
_12077_, 126.32, 315.52, 0.00413648
_14749_, 126.32, 315.52, 0.00413648
FILLER_0_111_259, 126.32, 315.52, 0.00413648
_12117_, 151.32, 315.52, 0.00416507
_15515_, 151.32, 315.52, 0.00416507
_15516_, 151.32, 315.52, 0.00416507
_15968_, 151.32, 315.52, 0.00416507
_09922_, 176.32, 315.52, 0.00421409
_12157_, 176.32, 315.52, 0.00421409
FILLER_0_112_365, 176.32, 315.52, 0.00421409
FILLER_0_112_381, 176.32, 315.52, 0.00421409
_15927_, 201.32, 315.52, 0.00427505
_17884_, 201.32, 315.52, 0.00427505
_17888_, 201.32, 315.52, 0.00427505
_18039_, 201.32, 315.52, 0.00427505
_19531_, 201.32, 315.52, 0.00427505
hold39, 201.32, 315.52, 0.00427505
FILLER_0_111_415, 201.32, 315.52, 0.00427505
FILLER_0_112_421, 201.32, 315.52, 0.00427505
_17849_, 226.32, 315.52, 0.00434097
hold69, 226.32, 315.52, 0.00434097
FILLER_0_112_469, 226.32, 315.52, 0.00434097
FILLER_0_112_477, 226.32, 315.52, 0.00434097
FILLER_0_112_489, 226.32, 315.52, 0.00434097
FILLER_0_113_491, 226.32, 315.52, 0.00434097
_17761_, 251.32, 315.52, 0.00442787
_17766_, 251.32, 315.52, 0.00442787
_17787_, 251.32, 315.52, 0.00442787
_17948_, 251.32, 315.52, 0.00442787
FILLER_0_112_525, 251.32, 315.52, 0.00442787
FILLER_0_113_536, 251.32, 315.52, 0.00442787
FILLER_0_113_543, 251.32, 315.52, 0.00442787
_17505_, 276.32, 315.52, 0.0045303
_17684_, 276.32, 315.52, 0.0045303
_17793_, 276.32, 315.52, 0.0045303
FILLER_0_112_594, 276.32, 315.52, 0.0045303
FILLER_0_113_602, 276.32, 315.52, 0.0045303
_09198_, 301.32, 315.52, 0.00463126
_10023_, 301.32, 315.52, 0.00463126
_10176_, 301.32, 315.52, 0.00463126
_10193_, 301.32, 315.52, 0.00463126
FILLER_0_112_633, 301.32, 315.52, 0.00463126
FILLER_0_113_646, 301.32, 315.52, 0.00463126
_11299_, 326.32, 315.52, 0.00477531
_15591_, 326.32, 315.52, 0.00477531
_15592_, 326.32, 315.52, 0.00477531
_15722_, 326.32, 315.52, 0.00477531
_15727_, 326.32, 315.52, 0.00477531
_19560_, 326.32, 315.52, 0.00477531
FILLER_0_112_695, 326.32, 315.52, 0.00477531
FILLER_0_113_710, 326.32, 315.52, 0.00477531
_15754_, 351.32, 315.52, 0.00505997
_15755_, 351.32, 315.52, 0.00505997
_15775_, 351.32, 315.52, 0.00505997
_15791_, 351.32, 315.52, 0.00505997
FILLER_0_111_740, 351.32, 315.52, 0.00505997
FILLER_0_112_739, 351.32, 315.52, 0.00505997
FILLER_0_112_747, 351.32, 315.52, 0.00505997
FILLER_0_113_753, 351.32, 315.52, 0.00505997
_15729_, 376.32, 315.52, 0.0055059
FILLER_0_113_812, 376.32, 315.52, 0.0055059
_15667_, 401.32, 315.52, 0.00620188
_15762_, 401.32, 315.52, 0.00620188
_15778_, 401.32, 315.52, 0.00620188
FILLER_0_111_849, 401.32, 315.52, 0.00620188
FILLER_0_112_858, 401.32, 315.52, 0.00620188
_13275_, 426.32, 315.52, 0.00544833
_17062_, 426.32, 315.52, 0.00544833
hold255, 426.32, 315.52, 0.00544833
ANTENNA_56, 426.32, 315.52, 0.00544833
FILLER_0_111_909, 426.32, 315.52, 0.00544833
_10420_, 451.32, 315.52, 0.00505265
FILLER_0_112_971, 451.32, 315.52, 0.00505265
_13283_, 476.32, 315.52, 0.00490528
_13286_, 476.32, 315.52, 0.00490528
_13346_, 476.32, 315.52, 0.00490528
_13350_, 476.32, 315.52, 0.00490528
_17059_, 476.32, 315.52, 0.00490528
FILLER_0_111_1017, 476.32, 315.52, 0.00490528
FILLER_0_112_1023, 476.32, 315.52, 0.00490528
FILLER_0_113_1029, 476.32, 315.52, 0.00490528
_14895_, 5.52, 310.08, 0.00397214
_18432_, 5.52, 310.08, 0.00397214
PHY_218, 5.52, 310.08, 0.00397214
PHY_220, 5.52, 310.08, 0.00397214
FILLER_0_110_3, 5.52, 310.08, 0.00397214
FILLER_0_111_3, 5.52, 310.08, 0.00397214
PHY_219, 494.04, 310.08, 0.00475206
PHY_221, 494.04, 310.08, 0.00475206
_16329_, 26.32, 310.08, 0.00397681
FILLER_0_109_45, 26.32, 310.08, 0.00397681
_12087_, 51.32, 310.08, 0.00399653
_14898_, 51.32, 310.08, 0.00399653
_14899_, 51.32, 310.08, 0.00399653
_16289_, 51.32, 310.08, 0.00399653
_18431_, 51.32, 310.08, 0.00399653
_09891_, 76.32, 310.08, 0.00402066
_12124_, 76.32, 310.08, 0.00402066
_12127_, 76.32, 310.08, 0.00402066
_14900_, 76.32, 310.08, 0.00402066
_16500_, 76.32, 310.08, 0.00402066
_18428_, 76.32, 310.08, 0.00402066
FILLER_0_110_157, 76.32, 310.08, 0.00402066
FILLER_0_111_163, 76.32, 310.08, 0.00402066
_15442_, 101.32, 310.08, 0.00405356
_18176_, 101.32, 310.08, 0.00405356
_18177_, 101.32, 310.08, 0.00405356
FILLER_0_110_197, 101.32, 310.08, 0.00405356
FILLER_0_111_214, 101.32, 310.08, 0.00405356
_09801_, 126.32, 310.08, 0.00408599
_09841_, 126.32, 310.08, 0.00408599
_15505_, 126.32, 310.08, 0.00408599
_18147_, 126.32, 310.08, 0.00408599
FILLER_0_109_259, 126.32, 310.08, 0.00408599
FILLER_0_110_260, 126.32, 310.08, 0.00408599
FILLER_0_111_267, 126.32, 310.08, 0.00408599
_15447_, 151.32, 310.08, 0.00412329
_15448_, 151.32, 310.08, 0.00412329
_16005_, 151.32, 310.08, 0.00412329
FILLER_0_111_329, 151.32, 310.08, 0.00412329
_09921_, 176.32, 310.08, 0.00417871
_12158_, 176.32, 310.08, 0.00417871
_12159_, 176.32, 310.08, 0.00417871
_13606_, 176.32, 310.08, 0.00417871
_13607_, 176.32, 310.08, 0.00417871
_15966_, 176.32, 310.08, 0.00417871
_19004_, 176.32, 310.08, 0.00417871
FILLER_0_109_361, 176.32, 310.08, 0.00417871
_17660_, 201.32, 310.08, 0.00422693
_17914_, 201.32, 310.08, 0.00422693
FILLER_0_109_424, 201.32, 310.08, 0.00422693
FILLER_0_110_421, 201.32, 310.08, 0.00422693
FILLER_0_111_438, 201.32, 310.08, 0.00422693
_17891_, 226.32, 310.08, 0.00429462
_17927_, 226.32, 310.08, 0.00429462
_17939_, 226.32, 310.08, 0.00429462
FILLER_0_111_482, 226.32, 310.08, 0.00429462
_17694_, 251.32, 310.08, 0.00438428
_17762_, 251.32, 310.08, 0.00438428
_17780_, 251.32, 310.08, 0.00438428
_17784_, 251.32, 310.08, 0.00438428
_17785_, 251.32, 310.08, 0.00438428
_17945_, 251.32, 310.08, 0.00438428
_19506_, 251.32, 310.08, 0.00438428
FILLER_0_109_533, 251.32, 310.08, 0.00438428
_10109_, 276.32, 310.08, 0.00444609
_10113_, 276.32, 310.08, 0.00444609
_10118_, 276.32, 310.08, 0.00444609
_17689_, 276.32, 310.08, 0.00444609
FILLER_0_109_580, 276.32, 310.08, 0.00444609
FILLER_0_110_580, 276.32, 310.08, 0.00444609
FILLER_0_111_590, 276.32, 310.08, 0.00444609
_09199_, 301.32, 310.08, 0.00453387
_10022_, 301.32, 310.08, 0.00453387
_10192_, 301.32, 310.08, 0.00453387
_13033_, 301.32, 310.08, 0.00453387
_15905_, 301.32, 310.08, 0.00453387
_15906_, 301.32, 310.08, 0.00453387
_15909_, 301.32, 310.08, 0.00453387
FILLER_0_110_636, 301.32, 310.08, 0.00453387
FILLER_0_110_645, 301.32, 310.08, 0.00453387
FILLER_0_110_656, 301.32, 310.08, 0.00453387
_09035_, 326.32, 310.08, 0.00465531
_11300_, 326.32, 310.08, 0.00465531
_17989_, 326.32, 310.08, 0.00465531
FILLER_0_110_692, 326.32, 310.08, 0.00465531
_15717_, 351.32, 310.08, 0.00485521
_15758_, 351.32, 310.08, 0.00485521
_15802_, 351.32, 310.08, 0.00485521
_15853_, 351.32, 310.08, 0.00485521
_17187_, 351.32, 310.08, 0.00485521
ANTENNA_37, 351.32, 310.08, 0.00485521
FILLER_0_109_744, 351.32, 310.08, 0.00485521
FILLER_0_110_744, 351.32, 310.08, 0.00485521
FILLER_0_110_752, 351.32, 310.08, 0.00485521
FILLER_0_110_765, 351.32, 310.08, 0.00485521
FILLER_0_111_760, 351.32, 310.08, 0.00485521
_15672_, 376.32, 310.08, 0.00508925
_15673_, 376.32, 310.08, 0.00508925
hold356, 376.32, 310.08, 0.00508925
FILLER_0_110_804, 376.32, 310.08, 0.00508925
_15666_, 401.32, 310.08, 0.00524587
_15777_, 401.32, 310.08, 0.00524587
FILLER_0_110_858, 401.32, 310.08, 0.00524587
_10343_, 426.32, 310.08, 0.00504309
_13274_, 426.32, 310.08, 0.00504309
_13278_, 426.32, 310.08, 0.00504309
FILLER_0_110_921, 426.32, 310.08, 0.00504309
FILLER_0_110_925, 426.32, 310.08, 0.00504309
_11193_, 451.32, 310.08, 0.00493873
_11208_, 451.32, 310.08, 0.00493873
_11216_, 451.32, 310.08, 0.00493873
_11391_, 451.32, 310.08, 0.00493873
FILLER_0_110_959, 451.32, 310.08, 0.00493873
FILLER_0_110_971, 451.32, 310.08, 0.00493873
FILLER_0_111_977, 451.32, 310.08, 0.00493873
_10428_, 476.32, 310.08, 0.00480204
_13279_, 476.32, 310.08, 0.00480204
_13280_, 476.32, 310.08, 0.00480204
_13282_, 476.32, 310.08, 0.00480204
_19125_, 476.32, 310.08, 0.00480204
FILLER_0_110_1020, 476.32, 310.08, 0.00480204
PHY_214, 5.52, 304.64, 0.00393638
PHY_216, 5.52, 304.64, 0.00393638
output8, 5.52, 304.64, 0.00393638
FILLER_0_108_3, 5.52, 304.64, 0.00393638
PHY_215, 494.04, 304.64, 0.0046602
PHY_217, 494.04, 304.64, 0.0046602
_15373_, 26.32, 304.64, 0.00394217
_15374_, 26.32, 304.64, 0.00394217
_16293_, 26.32, 304.64, 0.00394217
_18209_, 26.32, 304.64, 0.00394217
FILLER_0_107_43, 26.32, 304.64, 0.00394217
FILLER_0_108_36, 26.32, 304.64, 0.00394217
FILLER_0_109_53, 26.32, 304.64, 0.00394217
_15375_, 51.32, 304.64, 0.00396276
_16042_, 51.32, 304.64, 0.00396276
_18207_, 51.32, 304.64, 0.00396276
clkbuf_leaf_44_i_clk, 51.32, 304.64, 0.00396276
FILLER_0_107_86, 51.32, 304.64, 0.00396276
FILLER_0_108_95, 51.32, 304.64, 0.00396276
FILLER_0_109_102, 51.32, 304.64, 0.00396276
_16040_, 76.32, 304.64, 0.00397147
_15384_, 101.32, 304.64, 0.0040116
_15444_, 101.32, 304.64, 0.0040116
_16007_, 101.32, 304.64, 0.0040116
clkbuf_3_2_0_i_clk, 101.32, 304.64, 0.0040116
FILLER_0_108_216, 101.32, 304.64, 0.0040116
_12037_, 126.32, 304.64, 0.00404942
_15506_, 126.32, 304.64, 0.00404942
_15507_, 126.32, 304.64, 0.00404942
_15508_, 126.32, 304.64, 0.00404942
_15974_, 126.32, 304.64, 0.00404942
_18146_, 126.32, 304.64, 0.00404942
FILLER_0_107_253, 126.32, 304.64, 0.00404942
FILLER_0_109_271, 126.32, 304.64, 0.00404942
_15449_, 151.32, 304.64, 0.00410202
_15450_, 151.32, 304.64, 0.00410202
_16004_, 151.32, 304.64, 0.00410202
_18173_, 151.32, 304.64, 0.00410202
_18174_, 151.32, 304.64, 0.00410202
clkbuf_3_3_0_i_clk, 151.32, 304.64, 0.00410202
FILLER_0_107_305, 151.32, 304.64, 0.00410202
_16925_, 176.32, 304.64, 0.00413159
_09162_, 201.32, 304.64, 0.00418747
_09720_, 201.32, 304.64, 0.00418747
_17911_, 201.32, 304.64, 0.00418747
_19537_, 201.32, 304.64, 0.00418747
ANTENNA_99, 201.32, 304.64, 0.00418747
ANTENNA_131, 201.32, 304.64, 0.00418747
FILLER_0_107_422, 201.32, 304.64, 0.00418747
_09154_, 226.32, 304.64, 0.0042479
_17892_, 226.32, 304.64, 0.0042479
_19525_, 226.32, 304.64, 0.0042479
hold47, 226.32, 304.64, 0.0042479
FILLER_0_108_471, 226.32, 304.64, 0.0042479
FILLER_0_108_493, 226.32, 304.64, 0.0042479
_17813_, 251.32, 304.64, 0.00434155
_19494_, 251.32, 304.64, 0.00434155
_19514_, 251.32, 304.64, 0.00434155
clkbuf_leaf_76_i_clk, 251.32, 304.64, 0.00434155
FILLER_0_107_525, 251.32, 304.64, 0.00434155
FILLER_0_108_525, 251.32, 304.64, 0.00434155
FILLER_0_108_533, 251.32, 304.64, 0.00434155
_10110_, 276.32, 304.64, 0.00444206
_10115_, 276.32, 304.64, 0.00444206
_10119_, 276.32, 304.64, 0.00444206
_10120_, 276.32, 304.64, 0.00444206
FILLER_0_108_584, 276.32, 304.64, 0.00444206
_10018_, 301.32, 304.64, 0.00448034
_13036_, 301.32, 304.64, 0.00448034
_15882_, 301.32, 304.64, 0.00448034
_15887_, 301.32, 304.64, 0.00448034
_15899_, 301.32, 304.64, 0.00448034
_15908_, 301.32, 304.64, 0.00448034
_15914_, 301.32, 304.64, 0.00448034
hold160, 301.32, 304.64, 0.00448034
FILLER_0_107_634, 301.32, 304.64, 0.00448034
_17229_, 326.32, 304.64, 0.00460845
clkbuf_leaf_115_i_clk, 326.32, 304.64, 0.00460845
wire2, 326.32, 304.64, 0.00460845
FILLER_0_108_701, 326.32, 304.64, 0.00460845
_15618_, 351.32, 304.64, 0.00486191
_15619_, 351.32, 304.64, 0.00486191
_15801_, 351.32, 304.64, 0.00486191
_15831_, 351.32, 304.64, 0.00486191
FILLER_0_108_748, 351.32, 304.64, 0.00486191
FILLER_0_109_765, 351.32, 304.64, 0.00486191
_15663_, 376.32, 304.64, 0.00523902
_15674_, 376.32, 304.64, 0.00523902
_15707_, 376.32, 304.64, 0.00523902
FILLER_0_108_813, 376.32, 304.64, 0.00523902
FILLER_0_109_807, 376.32, 304.64, 0.00523902
_15678_, 401.32, 304.64, 0.0052476
FILLER_0_108_865, 401.32, 304.64, 0.0052476
FILLER_0_109_865, 401.32, 304.64, 0.0052476
_13270_, 426.32, 304.64, 0.00490651
_13271_, 426.32, 304.64, 0.00490651
hold29, 426.32, 304.64, 0.00490651
hold277, 426.32, 304.64, 0.00490651
FILLER_0_108_925, 426.32, 304.64, 0.00490651
_11235_, 451.32, 304.64, 0.00476597
_11237_, 451.32, 304.64, 0.00476597
_11392_, 451.32, 304.64, 0.00476597
_11393_, 451.32, 304.64, 0.00476597
FILLER_0_107_966, 451.32, 304.64, 0.00476597
FILLER_0_108_975, 451.32, 304.64, 0.00476597
FILLER_0_108_981, 451.32, 304.64, 0.00476597
_10318_, 476.32, 304.64, 0.00469605
_10426_, 476.32, 304.64, 0.00469605
_10430_, 476.32, 304.64, 0.00469605
FILLER_0_108_1028, 476.32, 304.64, 0.00469605
_18627_, 5.52, 299.2, 0.0038923
PHY_210, 5.52, 299.2, 0.0038923
PHY_212, 5.52, 299.2, 0.0038923
FILLER_0_106_3, 5.52, 299.2, 0.0038923
PHY_211, 494.04, 299.2, 0.00460513
PHY_213, 494.04, 299.2, 0.00460513
_15369_, 26.32, 299.2, 0.00389462
_15370_, 26.32, 299.2, 0.00389462
_16045_, 26.32, 299.2, 0.00389462
_18211_, 26.32, 299.2, 0.00389462
FILLER_0_106_40, 26.32, 299.2, 0.00389462
_15377_, 51.32, 299.2, 0.00390452
_15378_, 51.32, 299.2, 0.00390452
_15379_, 76.32, 299.2, 0.00392968
_18429_, 76.32, 299.2, 0.00392968
FILLER_0_105_148, 76.32, 299.2, 0.00392968
FILLER_0_107_164, 76.32, 299.2, 0.00392968
_16037_, 101.32, 299.2, 0.00396856
_16969_, 101.32, 299.2, 0.00396856
clkbuf_leaf_37_i_clk, 101.32, 299.2, 0.00396856
FILLER_0_105_201, 101.32, 299.2, 0.00396856
FILLER_0_106_202, 101.32, 299.2, 0.00396856
FILLER_0_106_210, 101.32, 299.2, 0.00396856
FILLER_0_107_218, 101.32, 299.2, 0.00396856
_15973_, 126.32, 299.2, 0.00398915
FILLER_0_105_260, 126.32, 299.2, 0.00398915
_15445_, 151.32, 299.2, 0.00402646
_15503_, 151.32, 299.2, 0.00402646
FILLER_0_107_329, 151.32, 299.2, 0.00402646
_13609_, 176.32, 299.2, 0.00407853
_14048_, 176.32, 299.2, 0.00407853
_14328_, 176.32, 299.2, 0.00407853
_16569_, 176.32, 299.2, 0.00407853
FILLER_0_106_375, 176.32, 299.2, 0.00407853
FILLER_0_106_383, 176.32, 299.2, 0.00407853
FILLER_0_107_381, 176.32, 299.2, 0.00407853
_17902_, 201.32, 299.2, 0.00412807
_17906_, 201.32, 299.2, 0.00412807
_17907_, 201.32, 299.2, 0.00412807
_17910_, 201.32, 299.2, 0.00412807
_19535_, 201.32, 299.2, 0.00412807
hold77, 201.32, 299.2, 0.00412807
hold78, 201.32, 299.2, 0.00412807
hold81, 201.32, 299.2, 0.00412807
_09144_, 226.32, 299.2, 0.00418338
_09182_, 226.32, 299.2, 0.00418338
_17842_, 226.32, 299.2, 0.00418338
FILLER_0_105_474, 226.32, 299.2, 0.00418338
FILLER_0_106_477, 226.32, 299.2, 0.00418338
_17705_, 251.32, 299.2, 0.00423565
FILLER_0_105_529, 251.32, 299.2, 0.00423565
FILLER_0_106_526, 251.32, 299.2, 0.00423565
FILLER_0_106_533, 251.32, 299.2, 0.00423565
_10031_, 276.32, 299.2, 0.00430056
_15911_, 276.32, 299.2, 0.00430056
_15912_, 276.32, 299.2, 0.00430056
FILLER_0_106_582, 276.32, 299.2, 0.00430056
FILLER_0_106_589, 276.32, 299.2, 0.00430056
FILLER_0_107_595, 276.32, 299.2, 0.00430056
_10016_, 301.32, 299.2, 0.00437477
_10019_, 301.32, 299.2, 0.00437477
_10020_, 301.32, 299.2, 0.00437477
hold165, 301.32, 299.2, 0.00437477
FILLER_0_107_654, 301.32, 299.2, 0.00437477
_10614_, 326.32, 299.2, 0.00447636
_11355_, 326.32, 299.2, 0.00447636
_11356_, 326.32, 299.2, 0.00447636
_19557_, 326.32, 299.2, 0.00447636
hold404, 326.32, 299.2, 0.00447636
FILLER_0_105_685, 326.32, 299.2, 0.00447636
_15609_, 351.32, 299.2, 0.00467071
_15808_, 351.32, 299.2, 0.00467071
FILLER_0_105_741, 351.32, 299.2, 0.00467071
_15664_, 376.32, 299.2, 0.00508698
_15684_, 376.32, 299.2, 0.00508698
FILLER_0_106_808, 376.32, 299.2, 0.00508698
FILLER_0_106_813, 376.32, 299.2, 0.00508698
_15688_, 401.32, 299.2, 0.00539041
_15698_, 401.32, 299.2, 0.00539041
FILLER_0_106_869, 401.32, 299.2, 0.00539041
FILLER_0_107_865, 401.32, 299.2, 0.00539041
_10346_, 426.32, 299.2, 0.00502195
_10347_, 426.32, 299.2, 0.00502195
FILLER_0_105_906, 426.32, 299.2, 0.00502195
FILLER_0_106_921, 426.32, 299.2, 0.00502195
FILLER_0_106_925, 426.32, 299.2, 0.00502195
_11211_, 451.32, 299.2, 0.00478021
_11230_, 451.32, 299.2, 0.00478021
_11236_, 451.32, 299.2, 0.00478021
_11245_, 451.32, 299.2, 0.00478021
_11387_, 451.32, 299.2, 0.00478021
_11388_, 451.32, 299.2, 0.00478021
FILLER_0_106_965, 451.32, 299.2, 0.00478021
_10319_, 476.32, 299.2, 0.00469309
_10429_, 476.32, 299.2, 0.00469309
_10431_, 476.32, 299.2, 0.00469309
_10435_, 476.32, 299.2, 0.00469309
_11158_, 476.32, 299.2, 0.00469309
_11161_, 476.32, 299.2, 0.00469309
_11173_, 476.32, 299.2, 0.00469309
FILLER_0_105_1017, 476.32, 299.2, 0.00469309
FILLER_0_106_1015, 476.32, 299.2, 0.00469309
_18434_, 5.52, 293.76, 0.00386218
_18626_, 5.52, 293.76, 0.00386218
PHY_206, 5.52, 293.76, 0.00386218
PHY_208, 5.52, 293.76, 0.00386218
FILLER_0_104_3, 5.52, 293.76, 0.00386218
FILLER_0_105_3, 5.52, 293.76, 0.00386218
PHY_207, 494.04, 293.76, 0.00446009
PHY_209, 494.04, 293.76, 0.00446009
_13728_, 26.32, 293.76, 0.00385805
_18948_, 26.32, 293.76, 0.00385805
FILLER_0_103_33, 26.32, 293.76, 0.00385805
FILLER_0_105_47, 26.32, 293.76, 0.00385805
_16044_, 51.32, 293.76, 0.00386309
_18491_, 51.32, 293.76, 0.00386309
FILLER_0_103_97, 51.32, 293.76, 0.00386309
FILLER_0_104_92, 51.32, 293.76, 0.00386309
FILLER_0_105_101, 51.32, 293.76, 0.00386309
FILLER_0_105_109, 51.32, 293.76, 0.00386309
_09944_, 76.32, 293.76, 0.00387953
_09945_, 76.32, 293.76, 0.00387953
_14903_, 76.32, 293.76, 0.00387953
_16287_, 76.32, 293.76, 0.00387953
FILLER_0_105_164, 76.32, 293.76, 0.00387953
_13522_, 101.32, 293.76, 0.00390886
_16038_, 101.32, 293.76, 0.00390886
_16544_, 101.32, 293.76, 0.00390886
_19044_, 101.32, 293.76, 0.00390886
FILLER_0_103_196, 101.32, 293.76, 0.00390886
_09738_, 126.32, 293.76, 0.00394802
_15436_, 126.32, 293.76, 0.00394802
_16011_, 126.32, 293.76, 0.00394802
_18180_, 126.32, 293.76, 0.00394802
hold381, 126.32, 293.76, 0.00394802
FILLER_0_105_268, 126.32, 293.76, 0.00394802
_15975_, 151.32, 293.76, 0.00399437
_18148_, 151.32, 293.76, 0.00399437
_18171_, 151.32, 293.76, 0.00399437
_18779_, 151.32, 293.76, 0.00399437
FILLER_0_105_327, 151.32, 293.76, 0.00399437
_12177_, 176.32, 293.76, 0.00403725
_13608_, 176.32, 293.76, 0.00403725
_14327_, 176.32, 293.76, 0.00403725
_14767_, 176.32, 293.76, 0.00403725
_19003_, 176.32, 293.76, 0.00403725
FILLER_0_104_360, 176.32, 293.76, 0.00403725
_19536_, 201.32, 293.76, 0.00407163
FILLER_0_104_413, 201.32, 293.76, 0.00407163
_17900_, 226.32, 293.76, 0.00411884
_17928_, 226.32, 293.76, 0.00411884
_19534_, 226.32, 293.76, 0.00411884
FILLER_0_103_470, 226.32, 293.76, 0.00411884
FILLER_0_104_477, 226.32, 293.76, 0.00411884
FILLER_0_105_486, 226.32, 293.76, 0.00411884
_17725_, 251.32, 293.76, 0.00418264
_17726_, 251.32, 293.76, 0.00418264
_17949_, 251.32, 293.76, 0.00418264
_17950_, 251.32, 293.76, 0.00418264
_19496_, 251.32, 293.76, 0.00418264
_19546_, 251.32, 293.76, 0.00418264
FILLER_0_104_536, 251.32, 293.76, 0.00418264
_10034_, 276.32, 293.76, 0.00423363
_10041_, 276.32, 293.76, 0.00423363
_10044_, 276.32, 293.76, 0.00423363
_10498_, 276.32, 293.76, 0.00423363
_15890_, 276.32, 293.76, 0.00423363
_15894_, 276.32, 293.76, 0.00423363
_15895_, 276.32, 293.76, 0.00423363
_15897_, 276.32, 293.76, 0.00423363
hold186, 276.32, 293.76, 0.00423363
FILLER_0_105_589, 276.32, 293.76, 0.00423363
_09037_, 301.32, 293.76, 0.00428011
_17380_, 301.32, 293.76, 0.00428011
FILLER_0_104_635, 301.32, 293.76, 0.00428011
FILLER_0_105_645, 301.32, 293.76, 0.00428011
FILLER_0_105_655, 301.32, 293.76, 0.00428011
_11196_, 326.32, 293.76, 0.00435576
_17985_, 326.32, 293.76, 0.00435576
ANTENNA_36, 326.32, 293.76, 0.00435576
FILLER_0_103_692, 326.32, 293.76, 0.00435576
FILLER_0_104_687, 326.32, 293.76, 0.00435576
FILLER_0_104_707, 326.32, 293.76, 0.00435576
_15606_, 351.32, 293.76, 0.00452029
_15659_, 351.32, 293.76, 0.00452029
_17996_, 351.32, 293.76, 0.00452029
FILLER_0_104_751, 351.32, 293.76, 0.00452029
_15694_, 376.32, 293.76, 0.00474029
_15695_, 376.32, 293.76, 0.00474029
FILLER_0_103_797, 376.32, 293.76, 0.00474029
FILLER_0_104_805, 376.32, 293.76, 0.00474029
_15687_, 401.32, 293.76, 0.00494769
_15739_, 401.32, 293.76, 0.00494769
_15740_, 401.32, 293.76, 0.00494769
FILLER_0_104_859, 401.32, 293.76, 0.00494769
_10348_, 426.32, 293.76, 0.00469736
_10388_, 426.32, 293.76, 0.00469736
_11264_, 426.32, 293.76, 0.00469736
_13387_, 426.32, 293.76, 0.00469736
_11200_, 451.32, 293.76, 0.00456202
_11201_, 451.32, 293.76, 0.00456202
_11217_, 451.32, 293.76, 0.00456202
_11219_, 451.32, 293.76, 0.00456202
_11229_, 451.32, 293.76, 0.00456202
FILLER_0_104_972, 451.32, 293.76, 0.00456202
_11138_, 476.32, 293.76, 0.00449905
_11139_, 476.32, 293.76, 0.00449905
FILLER_0_104_1026, 476.32, 293.76, 0.00449905
PHY_202, 5.52, 288.32, 0.00379269
PHY_204, 5.52, 288.32, 0.00379269
FILLER_0_103_3, 5.52, 288.32, 0.00379269
PHY_203, 494.04, 288.32, 0.00437111
PHY_205, 494.04, 288.32, 0.00437111
_14821_, 26.32, 288.32, 0.00380053
_16331_, 26.32, 288.32, 0.00380053
_16863_, 26.32, 288.32, 0.00380053
_18468_, 26.32, 288.32, 0.00380053
FILLER_0_101_34, 26.32, 288.32, 0.00380053
_14768_, 51.32, 288.32, 0.00381427
_14769_, 51.32, 288.32, 0.00381427
_18459_, 51.32, 288.32, 0.00381427
FILLER_0_101_98, 51.32, 288.32, 0.00381427
FILLER_0_103_109, 51.32, 288.32, 0.00381427
_12181_, 76.32, 288.32, 0.00383336
_13745_, 76.32, 288.32, 0.00383336
_13951_, 76.32, 288.32, 0.00383336
_18843_, 76.32, 288.32, 0.00383336
FILLER_0_101_149, 76.32, 288.32, 0.00383336
FILLER_0_102_150, 76.32, 288.32, 0.00383336
FILLER_0_103_161, 76.32, 288.32, 0.00383336
_13521_, 101.32, 288.32, 0.00385853
_14377_, 101.32, 288.32, 0.00385853
_18660_, 101.32, 288.32, 0.00385853
FILLER_0_103_219, 101.32, 288.32, 0.00385853
_11975_, 126.32, 288.32, 0.00389574
_11981_, 126.32, 288.32, 0.00389574
_14020_, 126.32, 288.32, 0.00389574
_15435_, 126.32, 288.32, 0.00389574
FILLER_0_102_272, 126.32, 288.32, 0.00389574
_14120_, 151.32, 288.32, 0.00393254
_14121_, 151.32, 288.32, 0.00393254
_16676_, 151.32, 288.32, 0.00393254
FILLER_0_102_305, 151.32, 288.32, 0.00393254
FILLER_0_102_309, 151.32, 288.32, 0.00393254
_09742_, 176.32, 288.32, 0.00398511
_09743_, 176.32, 288.32, 0.00398511
_09942_, 176.32, 288.32, 0.00398511
_11979_, 176.32, 288.32, 0.00398511
_12178_, 176.32, 288.32, 0.00398511
FILLER_0_102_359, 176.32, 288.32, 0.00398511
_17659_, 201.32, 288.32, 0.00401734
FILLER_0_102_436, 201.32, 288.32, 0.00401734
_09145_, 226.32, 288.32, 0.00406797
_17929_, 226.32, 288.32, 0.00406797
_19538_, 226.32, 288.32, 0.00406797
_17749_, 251.32, 288.32, 0.00411376
_17946_, 251.32, 288.32, 0.00411376
_17947_, 251.32, 288.32, 0.00411376
_18104_, 251.32, 288.32, 0.00411376
_19545_, 251.32, 288.32, 0.00411376
FILLER_0_101_527, 251.32, 288.32, 0.00411376
FILLER_0_102_529, 251.32, 288.32, 0.00411376
FILLER_0_103_547, 251.32, 288.32, 0.00411376
_10038_, 276.32, 288.32, 0.00415763
_10499_, 276.32, 288.32, 0.00415763
_10500_, 276.32, 288.32, 0.00415763
_15920_, 276.32, 288.32, 0.00415763
FILLER_0_102_583, 276.32, 288.32, 0.00415763
FILLER_0_102_601, 276.32, 288.32, 0.00415763
FILLER_0_103_591, 276.32, 288.32, 0.00415763
_10006_, 301.32, 288.32, 0.00420189
_15921_, 301.32, 288.32, 0.00420189
_15922_, 301.32, 288.32, 0.00420189
_17226_, 301.32, 288.32, 0.00420189
_17381_, 301.32, 288.32, 0.00420189
_19354_, 301.32, 288.32, 0.00420189
FILLER_0_102_640, 301.32, 288.32, 0.00420189
FILLER_0_102_651, 301.32, 288.32, 0.00420189
FILLER_0_103_645, 301.32, 288.32, 0.00420189
_10021_, 326.32, 288.32, 0.00426483
_10374_, 326.32, 288.32, 0.00426483
_10375_, 326.32, 288.32, 0.00426483
_11441_, 326.32, 288.32, 0.00426483
FILLER_0_102_694, 326.32, 288.32, 0.00426483
_11155_, 351.32, 288.32, 0.00443325
_15607_, 351.32, 288.32, 0.00443325
_15610_, 351.32, 288.32, 0.00443325
ANTENNA_81, 351.32, 288.32, 0.00443325
FILLER_0_102_747, 351.32, 288.32, 0.00443325
_15652_, 376.32, 288.32, 0.00477842
_15653_, 376.32, 288.32, 0.00477842
_15706_, 376.32, 288.32, 0.00477842
FILLER_0_102_806, 376.32, 288.32, 0.00477842
FILLER_0_102_813, 376.32, 288.32, 0.00477842
FILLER_0_103_809, 376.32, 288.32, 0.00477842
_15656_, 401.32, 288.32, 0.00482845
_15665_, 401.32, 288.32, 0.00482845
FILLER_0_102_862, 401.32, 288.32, 0.00482845
FILLER_0_102_869, 401.32, 288.32, 0.00482845
_10385_, 426.32, 288.32, 0.00449064
_11289_, 426.32, 288.32, 0.00449064
_11296_, 426.32, 288.32, 0.00449064
FILLER_0_101_913, 426.32, 288.32, 0.00449064
FILLER_0_102_914, 426.32, 288.32, 0.00449064
FILLER_0_103_921, 426.32, 288.32, 0.00449064
_11284_, 451.32, 288.32, 0.0043986
FILLER_0_102_973, 451.32, 288.32, 0.0043986
FILLER_0_102_981, 451.32, 288.32, 0.0043986
_10288_, 476.32, 288.32, 0.00440787
_10307_, 476.32, 288.32, 0.00440787
_10518_, 476.32, 288.32, 0.00440787
_13341_, 476.32, 288.32, 0.00440787
FILLER_0_101_1015, 476.32, 288.32, 0.00440787
FILLER_0_103_1033, 476.32, 288.32, 0.00440787
_18500_, 5.52, 282.88, 0.00375016
PHY_198, 5.52, 282.88, 0.00375016
PHY_200, 5.52, 282.88, 0.00375016
FILLER_0_100_3, 5.52, 282.88, 0.00375016
PHY_199, 494.04, 282.88, 0.00424802
PHY_201, 494.04, 282.88, 0.00424802
_09752_, 26.32, 282.88, 0.0037566
_09753_, 26.32, 282.88, 0.0037566
_11989_, 26.32, 282.88, 0.0037566
_13727_, 26.32, 282.88, 0.0037566
FILLER_0_100_41, 26.32, 282.88, 0.0037566
_14838_, 51.32, 282.88, 0.00377602
_14839_, 51.32, 282.88, 0.00377602
_16321_, 51.32, 282.88, 0.00377602
_16756_, 51.32, 282.88, 0.00377602
FILLER_0_101_109, 51.32, 282.88, 0.00377602
_09751_, 76.32, 282.88, 0.00381179
_09952_, 76.32, 282.88, 0.00381179
_11988_, 76.32, 282.88, 0.00381179
_12188_, 76.32, 282.88, 0.00381179
_14740_, 76.32, 282.88, 0.00381179
FILLER_0_99_141, 76.32, 282.88, 0.00381179
FILLER_0_100_141, 76.32, 282.88, 0.00381179
FILLER_0_100_164, 76.32, 282.88, 0.00381179
FILLER_0_101_157, 76.32, 282.88, 0.00381179
_13864_, 101.32, 282.88, 0.00381494
_18884_, 101.32, 282.88, 0.00381494
FILLER_0_100_209, 101.32, 282.88, 0.00381494
_11970_, 126.32, 282.88, 0.00384575
_18788_, 126.32, 282.88, 0.00384575
FILLER_0_100_273, 126.32, 282.88, 0.00384575
FILLER_0_101_272, 126.32, 282.88, 0.00384575
_14190_, 151.32, 282.88, 0.00389716
_14191_, 151.32, 282.88, 0.00389716
_18747_, 151.32, 282.88, 0.00389716
FILLER_0_99_305, 151.32, 282.88, 0.00389716
FILLER_0_99_313, 151.32, 282.88, 0.00389716
FILLER_0_100_305, 151.32, 282.88, 0.00389716
FILLER_0_100_321, 151.32, 282.88, 0.00389716
FILLER_0_101_325, 151.32, 282.88, 0.00389716
_11978_, 176.32, 282.88, 0.00395726
_11980_, 176.32, 282.88, 0.00395726
_16711_, 176.32, 282.88, 0.00395726
clkbuf_leaf_30_i_clk, 176.32, 282.88, 0.00395726
FILLER_0_100_360, 176.32, 282.88, 0.00395726
FILLER_0_100_375, 176.32, 282.88, 0.00395726
_09774_, 201.32, 282.88, 0.003993
_15930_, 201.32, 282.88, 0.003993
_18047_, 201.32, 282.88, 0.003993
_19606_, 201.32, 282.88, 0.003993
clkbuf_leaf_29_i_clk, 201.32, 282.88, 0.003993
hold321, 201.32, 282.88, 0.003993
FILLER_0_100_421, 201.32, 282.88, 0.003993
_17919_, 226.32, 282.88, 0.00401693
_17924_, 226.32, 282.88, 0.00401693
FILLER_0_99_472, 226.32, 282.88, 0.00401693
FILLER_0_100_468, 226.32, 282.88, 0.00401693
FILLER_0_100_477, 226.32, 282.88, 0.00401693
FILLER_0_101_481, 226.32, 282.88, 0.00401693
FILLER_0_101_490, 226.32, 282.88, 0.00401693
_17737_, 251.32, 282.88, 0.00405399
_17797_, 251.32, 282.88, 0.00405399
FILLER_0_99_524, 251.32, 282.88, 0.00405399
_10037_, 276.32, 282.88, 0.00408972
_10090_, 276.32, 282.88, 0.00408972
_10091_, 276.32, 282.88, 0.00408972
_10121_, 276.32, 282.88, 0.00408972
_10155_, 276.32, 282.88, 0.00408972
FILLER_0_100_579, 276.32, 282.88, 0.00408972
FILLER_0_101_596, 276.32, 282.88, 0.00408972
_10136_, 301.32, 282.88, 0.0041234
_17382_, 301.32, 282.88, 0.0041234
FILLER_0_100_633, 301.32, 282.88, 0.0041234
FILLER_0_100_641, 301.32, 282.88, 0.0041234
FILLER_0_101_654, 301.32, 282.88, 0.0041234
_10376_, 326.32, 282.88, 0.00416867
_10579_, 326.32, 282.88, 0.00416867
_10617_, 326.32, 282.88, 0.00416867
_11442_, 326.32, 282.88, 0.00416867
_11443_, 326.32, 282.88, 0.00416867
FILLER_0_100_697, 326.32, 282.88, 0.00416867
_11156_, 351.32, 282.88, 0.00423124
_15611_, 351.32, 282.88, 0.00423124
FILLER_0_99_749, 351.32, 282.88, 0.00423124
FILLER_0_100_751, 351.32, 282.88, 0.00423124
FILLER_0_101_752, 351.32, 282.88, 0.00423124
_15636_, 376.32, 282.88, 0.00433612
_15637_, 376.32, 282.88, 0.00433612
FILLER_0_100_807, 376.32, 282.88, 0.00433612
_15644_, 401.32, 282.88, 0.00456169
_15645_, 401.32, 282.88, 0.00456169
_15646_, 401.32, 282.88, 0.00456169
_15654_, 401.32, 282.88, 0.00456169
FILLER_0_101_861, 401.32, 282.88, 0.00456169
_10354_, 426.32, 282.88, 0.0043524
_10386_, 426.32, 282.88, 0.0043524
_10387_, 426.32, 282.88, 0.0043524
_11301_, 426.32, 282.88, 0.0043524
_11333_, 426.32, 282.88, 0.0043524
_10433_, 451.32, 282.88, 0.00430867
_10625_, 451.32, 282.88, 0.00430867
_11376_, 451.32, 282.88, 0.00430867
_11385_, 451.32, 282.88, 0.00430867
_11389_, 451.32, 282.88, 0.00430867
_11400_, 451.32, 282.88, 0.00430867
FILLER_0_100_970, 451.32, 282.88, 0.00430867
FILLER_0_101_972, 451.32, 282.88, 0.00430867
FILLER_0_101_981, 451.32, 282.88, 0.00430867
_10163_, 476.32, 282.88, 0.00426322
_10289_, 476.32, 282.88, 0.00426322
_10299_, 476.32, 282.88, 0.00426322
_10306_, 476.32, 282.88, 0.00426322
_10308_, 476.32, 282.88, 0.00426322
FILLER_0_100_1012, 476.32, 282.88, 0.00426322
FILLER_0_100_1027, 476.32, 282.88, 0.00426322
_18564_, 5.52, 277.44, 0.00371128
PHY_194, 5.52, 277.44, 0.00371128
PHY_196, 5.52, 277.44, 0.00371128
output24, 5.52, 277.44, 0.00371128
FILLER_0_99_9, 5.52, 277.44, 0.00371128
PHY_195, 494.04, 277.44, 0.00410651
PHY_197, 494.04, 277.44, 0.00410651
_09758_, 26.32, 277.44, 0.00371083
_14241_, 26.32, 277.44, 0.00371083
_14242_, 26.32, 277.44, 0.00371083
_16614_, 26.32, 277.44, 0.00371083
FILLER_0_98_52, 26.32, 277.44, 0.00371083
FILLER_0_99_52, 26.32, 277.44, 0.00371083
_14906_, 51.32, 277.44, 0.00372206
_14907_, 51.32, 277.44, 0.00372206
_16285_, 51.32, 277.44, 0.00372206
_18427_, 51.32, 277.44, 0.00372206
FILLER_0_97_89, 51.32, 277.44, 0.00372206
FILLER_0_98_94, 51.32, 277.44, 0.00372206
FILLER_0_99_102, 51.32, 277.44, 0.00372206
FILLER_0_99_113, 51.32, 277.44, 0.00372206
_09947_, 76.32, 277.44, 0.00373944
_12182_, 76.32, 277.44, 0.00373944
_12183_, 76.32, 277.44, 0.00373944
_18073_, 76.32, 277.44, 0.00373944
_09747_, 101.32, 277.44, 0.00377583
_13863_, 101.32, 277.44, 0.00377583
_14653_, 101.32, 277.44, 0.00377583
_16036_, 101.32, 277.44, 0.00377583
_16792_, 101.32, 277.44, 0.00377583
_18532_, 101.32, 277.44, 0.00377583
FILLER_0_98_203, 101.32, 277.44, 0.00377583
_09739_, 126.32, 277.44, 0.00379575
_14102_, 126.32, 277.44, 0.00379575
_14103_, 126.32, 277.44, 0.00379575
_16686_, 126.32, 277.44, 0.00379575
_13677_, 151.32, 277.44, 0.00383385
_13678_, 151.32, 277.44, 0.00383385
_16889_, 151.32, 277.44, 0.00383385
_18971_, 151.32, 277.44, 0.00383385
FILLER_0_97_306, 151.32, 277.44, 0.00383385
_09938_, 176.32, 277.44, 0.00387464
_12174_, 176.32, 277.44, 0.00387464
_12179_, 176.32, 277.44, 0.00387464
_14049_, 176.32, 277.44, 0.00387464
hold438, 176.32, 277.44, 0.00387464
FILLER_0_99_373, 176.32, 277.44, 0.00387464
_14021_, 201.32, 277.44, 0.00391613
_15588_, 201.32, 277.44, 0.00391613
_15929_, 201.32, 277.44, 0.00391613
_19474_, 201.32, 277.44, 0.00391613
FILLER_0_98_430, 201.32, 277.44, 0.00391613
FILLER_0_98_438, 201.32, 277.44, 0.00391613
_17925_, 226.32, 277.44, 0.003948
_17926_, 226.32, 277.44, 0.003948
_17932_, 226.32, 277.44, 0.003948
_17934_, 226.32, 277.44, 0.003948
_19539_, 226.32, 277.44, 0.003948
FILLER_0_97_476, 226.32, 277.44, 0.003948
FILLER_0_98_468, 226.32, 277.44, 0.003948
FILLER_0_99_489, 226.32, 277.44, 0.003948
_17767_, 251.32, 277.44, 0.0040037
_19498_, 251.32, 277.44, 0.0040037
_19518_, 251.32, 277.44, 0.0040037
_10088_, 276.32, 277.44, 0.00404447
_10106_, 276.32, 277.44, 0.00404447
_10122_, 276.32, 277.44, 0.00404447
_10124_, 276.32, 277.44, 0.00404447
_10156_, 276.32, 277.44, 0.00404447
FILLER_0_98_583, 276.32, 277.44, 0.00404447
FILLER_0_99_589, 276.32, 277.44, 0.00404447
_10026_, 301.32, 277.44, 0.00408851
_10123_, 301.32, 277.44, 0.00408851
_10135_, 301.32, 277.44, 0.00408851
max_cap94, 301.32, 277.44, 0.00408851
FILLER_0_97_641, 301.32, 277.44, 0.00408851
FILLER_0_99_647, 301.32, 277.44, 0.00408851
_17715_, 326.32, 277.44, 0.00404367
_17983_, 326.32, 277.44, 0.00404367
hold372, 326.32, 277.44, 0.00404367
FILLER_0_98_704, 326.32, 277.44, 0.00404367
FILLER_0_99_707, 326.32, 277.44, 0.00404367
_15615_, 351.32, 277.44, 0.00412688
_15630_, 351.32, 277.44, 0.00412688
FILLER_0_98_747, 351.32, 277.44, 0.00412688
FILLER_0_98_757, 351.32, 277.44, 0.00412688
_15623_, 376.32, 277.44, 0.00428576
_15634_, 376.32, 277.44, 0.00428576
FILLER_0_98_809, 376.32, 277.44, 0.00428576
FILLER_0_98_813, 376.32, 277.44, 0.00428576
_10305_, 401.32, 277.44, 0.004162
_13285_, 401.32, 277.44, 0.004162
wire74, 401.32, 277.44, 0.004162
ANTENNA_32, 401.32, 277.44, 0.004162
FILLER_0_97_859, 401.32, 277.44, 0.004162
FILLER_0_98_869, 401.32, 277.44, 0.004162
FILLER_0_99_868, 401.32, 277.44, 0.004162
_10353_, 426.32, 277.44, 0.00407493
FILLER_0_98_904, 426.32, 277.44, 0.00407493
FILLER_0_98_925, 426.32, 277.44, 0.00407493
FILLER_0_99_922, 426.32, 277.44, 0.00407493
_10467_, 451.32, 277.44, 0.00408349
_11210_, 451.32, 277.44, 0.00408349
_11427_, 451.32, 277.44, 0.00408349
FILLER_0_98_957, 451.32, 277.44, 0.00408349
_10457_, 476.32, 277.44, 0.00410398
_11401_, 476.32, 277.44, 0.00410398
ANTENNA_31, 476.32, 277.44, 0.00410398
_14585_, 5.52, 272, 0.00364908
PHY_190, 5.52, 272, 0.00364908
PHY_192, 5.52, 272, 0.00364908
FILLER_0_96_3, 5.52, 272, 0.00364908
FILLER_0_97_3, 5.52, 272, 0.00364908
PHY_191, 494.04, 272, 0.00401505
PHY_193, 494.04, 272, 0.00401505
_11995_, 26.32, 272, 0.00365735
_15368_, 26.32, 272, 0.00365735
_18212_, 26.32, 272, 0.00365735
_19638_, 26.32, 272, 0.00365735
FILLER_0_96_41, 26.32, 272, 0.00365735
FILLER_0_97_47, 26.32, 272, 0.00365735
_16498_, 51.32, 272, 0.00366976
_18619_, 51.32, 272, 0.00366976
FILLER_0_96_97, 51.32, 272, 0.00366976
_09184_, 76.32, 272, 0.00369441
_09757_, 76.32, 272, 0.00369441
_09946_, 76.32, 272, 0.00369441
_11994_, 76.32, 272, 0.00369441
_14259_, 76.32, 272, 0.00369441
_18715_, 76.32, 272, 0.00369441
FILLER_0_95_145, 76.32, 272, 0.00369441
FILLER_0_96_160, 76.32, 272, 0.00369441
_15385_, 101.32, 272, 0.0037157
_16426_, 101.32, 272, 0.0037157
_14173_, 126.32, 272, 0.00373912
_18756_, 126.32, 272, 0.00373912
hold441, 126.32, 272, 0.00373912
FILLER_0_96_265, 126.32, 272, 0.00373912
FILLER_0_97_276, 126.32, 272, 0.00373912
_09939_, 151.32, 272, 0.00377196
_12175_, 151.32, 272, 0.00377196
hold378, 151.32, 272, 0.00377196
_09736_, 176.32, 272, 0.00382356
_09937_, 176.32, 272, 0.00382356
_14376_, 176.32, 272, 0.00382356
_14671_, 176.32, 272, 0.00382356
_16533_, 176.32, 272, 0.00382356
_18523_, 176.32, 272, 0.00382356
FILLER_0_96_361, 176.32, 272, 0.00382356
FILLER_0_96_365, 176.32, 272, 0.00382356
FILLER_0_96_380, 176.32, 272, 0.00382356
FILLER_0_97_382, 176.32, 272, 0.00382356
_09132_, 201.32, 272, 0.0038748
_11895_, 201.32, 272, 0.0038748
_15587_, 201.32, 272, 0.0038748
_19473_, 201.32, 272, 0.0038748
FILLER_0_95_418, 201.32, 272, 0.0038748
_09189_, 226.32, 272, 0.00390744
_17933_, 226.32, 272, 0.00390744
_19541_, 226.32, 272, 0.00390744
FILLER_0_95_477, 226.32, 272, 0.00390744
FILLER_0_96_468, 226.32, 272, 0.00390744
FILLER_0_96_477, 226.32, 272, 0.00390744
FILLER_0_97_483, 226.32, 272, 0.00390744
clkbuf_leaf_75_i_clk, 251.32, 272, 0.00397554
FILLER_0_96_529, 251.32, 272, 0.00397554
_10094_, 276.32, 272, 0.00405583
_10111_, 276.32, 272, 0.00405583
_15896_, 276.32, 272, 0.00405583
_10046_, 301.32, 272, 0.00403053
_10047_, 301.32, 272, 0.00403053
_10052_, 301.32, 272, 0.00403053
_10134_, 301.32, 272, 0.00403053
_10146_, 301.32, 272, 0.00403053
clkbuf_leaf_118_i_clk, 301.32, 272, 0.00403053
_10062_, 326.32, 272, 0.00392648
_10145_, 326.32, 272, 0.00392648
_10363_, 326.32, 272, 0.00392648
_11136_, 326.32, 272, 0.00392648
FILLER_0_95_689, 326.32, 272, 0.00392648
_15604_, 351.32, 272, 0.00384853
_15614_, 351.32, 272, 0.00384853
FILLER_0_96_745, 351.32, 272, 0.00384853
FILLER_0_96_753, 351.32, 272, 0.00384853
FILLER_0_96_757, 351.32, 272, 0.00384853
_15622_, 376.32, 272, 0.00379411
_15642_, 376.32, 272, 0.00379411
FILLER_0_95_804, 376.32, 272, 0.00379411
FILLER_0_96_807, 376.32, 272, 0.00379411
_10095_, 401.32, 272, 0.00377729
_10259_, 401.32, 272, 0.00377729
_10260_, 401.32, 272, 0.00377729
_15686_, 401.32, 272, 0.00377729
FILLER_0_95_860, 401.32, 272, 0.00377729
FILLER_0_96_854, 401.32, 272, 0.00377729
FILLER_0_96_862, 401.32, 272, 0.00377729
_10159_, 426.32, 272, 0.00390139
_10351_, 426.32, 272, 0.00390139
_10352_, 426.32, 272, 0.00390139
_10381_, 426.32, 272, 0.00390139
_10593_, 426.32, 272, 0.00390139
FILLER_0_96_914, 426.32, 272, 0.00390139
FILLER_0_97_926, 426.32, 272, 0.00390139
_10466_, 451.32, 272, 0.00399525
_10468_, 451.32, 272, 0.00399525
_10475_, 451.32, 272, 0.00399525
_11260_, 451.32, 272, 0.00399525
_11379_, 451.32, 272, 0.00399525
_11426_, 451.32, 272, 0.00399525
_13308_, 451.32, 272, 0.00399525
_10280_, 476.32, 272, 0.00403653
_10444_, 476.32, 272, 0.00403653
_10455_, 476.32, 272, 0.00403653
_10458_, 476.32, 272, 0.00403653
_11402_, 476.32, 272, 0.00403653
_11403_, 476.32, 272, 0.00403653
_13319_, 476.32, 272, 0.00403653
FILLER_0_96_1010, 476.32, 272, 0.00403653
_18596_, 5.52, 266.56, 0.0036156
_18628_, 5.52, 266.56, 0.0036156
PHY_186, 5.52, 266.56, 0.0036156
PHY_188, 5.52, 266.56, 0.0036156
FILLER_0_95_3, 5.52, 266.56, 0.0036156
PHY_187, 494.04, 266.56, 0.00387766
PHY_189, 494.04, 266.56, 0.00387766
_09148_, 26.32, 266.56, 0.00360918
_09149_, 26.32, 266.56, 0.00360918
_18083_, 26.32, 266.56, 0.00360918
FILLER_0_94_58, 26.32, 266.56, 0.00360918
FILLER_0_95_57, 26.32, 266.56, 0.00360918
_13463_, 51.32, 266.56, 0.00361662
_19071_, 51.32, 266.56, 0.00361662
_14260_, 76.32, 266.56, 0.00364056
_14515_, 76.32, 266.56, 0.00364056
FILLER_0_94_141, 76.32, 266.56, 0.00364056
FILLER_0_94_154, 76.32, 266.56, 0.00364056
_13798_, 101.32, 266.56, 0.00366892
_13804_, 101.32, 266.56, 0.00366892
_15366_, 101.32, 266.56, 0.00366892
_16604_, 101.32, 266.56, 0.00366892
_16826_, 101.32, 266.56, 0.00366892
_18912_, 101.32, 266.56, 0.00366892
_18915_, 101.32, 266.56, 0.00366892
FILLER_0_95_215, 101.32, 266.56, 0.00366892
_09776_, 126.32, 266.56, 0.00368823
_09836_, 126.32, 266.56, 0.00368823
_12012_, 126.32, 266.56, 0.00368823
_12072_, 126.32, 266.56, 0.00368823
_14958_, 126.32, 266.56, 0.00368823
FILLER_0_95_274, 126.32, 266.56, 0.00368823
_09856_, 151.32, 266.56, 0.00372013
_14966_, 151.32, 266.56, 0.00372013
_16254_, 151.32, 266.56, 0.00372013
_18909_, 151.32, 266.56, 0.00372013
FILLER_0_94_318, 151.32, 266.56, 0.00372013
FILLER_0_95_326, 151.32, 266.56, 0.00372013
_09731_, 176.32, 266.56, 0.00375876
_12173_, 176.32, 266.56, 0.00375876
_14670_, 176.32, 266.56, 0.00375876
_16391_, 176.32, 266.56, 0.00375876
hold442, 176.32, 266.56, 0.00375876
FILLER_0_93_365, 176.32, 266.56, 0.00375876
FILLER_0_94_358, 176.32, 266.56, 0.00375876
_11915_, 201.32, 266.56, 0.00381161
_17648_, 201.32, 266.56, 0.00381161
clkbuf_leaf_28_i_clk, 201.32, 266.56, 0.00381161
FILLER_0_95_430, 201.32, 266.56, 0.00381161
_09116_, 226.32, 266.56, 0.0038553
_09120_, 226.32, 266.56, 0.0038553
_09128_, 226.32, 266.56, 0.0038553
ANTENNA_84, 226.32, 266.56, 0.0038553
ANTENNA_126, 226.32, 266.56, 0.0038553
FILLER_0_94_468, 226.32, 266.56, 0.0038553
FILLER_0_94_477, 226.32, 266.56, 0.0038553
_17753_, 251.32, 266.56, 0.00390518
_17782_, 251.32, 266.56, 0.00390518
_19508_, 251.32, 266.56, 0.00390518
_19513_, 251.32, 266.56, 0.00390518
FILLER_0_93_528, 251.32, 266.56, 0.00390518
_10089_, 276.32, 266.56, 0.00393021
_10097_, 276.32, 266.56, 0.00393021
_10100_, 276.32, 266.56, 0.00393021
_10101_, 276.32, 266.56, 0.00393021
_10030_, 301.32, 266.56, 0.0038717
_10049_, 301.32, 266.56, 0.0038717
_10055_, 301.32, 266.56, 0.0038717
_10056_, 301.32, 266.56, 0.0038717
_10066_, 301.32, 266.56, 0.0038717
_10143_, 301.32, 266.56, 0.0038717
_10153_, 301.32, 266.56, 0.0038717
FILLER_0_93_636, 301.32, 266.56, 0.0038717
_11373_, 326.32, 266.56, 0.00379918
_11375_, 326.32, 266.56, 0.00379918
_19569_, 326.32, 266.56, 0.00379918
clkbuf_leaf_117_i_clk, 326.32, 266.56, 0.00379918
FILLER_0_94_689, 326.32, 266.56, 0.00379918
FILLER_0_94_697, 326.32, 266.56, 0.00379918
_15608_, 351.32, 266.56, 0.00371496
_15613_, 351.32, 266.56, 0.00371496
_15641_, 376.32, 266.56, 0.00355174
_15683_, 376.32, 266.56, 0.00355174
_15705_, 376.32, 266.56, 0.00355174
FILLER_0_94_808, 376.32, 266.56, 0.00355174
_10169_, 401.32, 266.56, 0.00350803
_10254_, 401.32, 266.56, 0.00350803
_10261_, 401.32, 266.56, 0.00350803
_10486_, 401.32, 266.56, 0.00350803
FILLER_0_93_850, 401.32, 266.56, 0.00350803
FILLER_0_94_859, 401.32, 266.56, 0.00350803
_10379_, 426.32, 266.56, 0.00369877
_10380_, 426.32, 266.56, 0.00369877
_10383_, 426.32, 266.56, 0.00369877
_10553_, 426.32, 266.56, 0.00369877
_10806_, 426.32, 266.56, 0.00369877
_11338_, 426.32, 266.56, 0.00369877
FILLER_0_95_919, 426.32, 266.56, 0.00369877
_11325_, 451.32, 266.56, 0.00378887
_11380_, 451.32, 266.56, 0.00378887
FILLER_0_94_981, 451.32, 266.56, 0.00378887
FILLER_0_95_981, 451.32, 266.56, 0.00378887
_10456_, 476.32, 266.56, 0.003871
_10568_, 476.32, 266.56, 0.003871
FILLER_0_93_1021, 476.32, 266.56, 0.003871
FILLER_0_94_1023, 476.32, 266.56, 0.003871
FILLER_0_95_1030, 476.32, 266.56, 0.003871
PHY_182, 5.52, 261.12, 0.00354909
PHY_184, 5.52, 261.12, 0.00354909
FILLER_0_93_3, 5.52, 261.12, 0.00354909
PHY_183, 494.04, 261.12, 0.0037987
PHY_185, 494.04, 261.12, 0.0037987
_13459_, 26.32, 261.12, 0.0035607
_15307_, 26.32, 261.12, 0.0035607
_17002_, 26.32, 261.12, 0.0035607
_19073_, 26.32, 261.12, 0.0035607
FILLER_0_92_48, 26.32, 261.12, 0.0035607
FILLER_0_92_57, 26.32, 261.12, 0.0035607
FILLER_0_93_48, 26.32, 261.12, 0.0035607
_15310_, 51.32, 261.12, 0.00359863
_18239_, 51.32, 261.12, 0.00359863
clkbuf_4_4__f_i_clk, 51.32, 261.12, 0.00359863
FILLER_0_92_89, 51.32, 261.12, 0.00359863
FILLER_0_92_97, 51.32, 261.12, 0.00359863
FILLER_0_93_113, 51.32, 261.12, 0.00359863
_15311_, 76.32, 261.12, 0.00358954
_15313_, 76.32, 261.12, 0.00358954
_15314_, 76.32, 261.12, 0.00358954
_16999_, 76.32, 261.12, 0.00358954
_18237_, 76.32, 261.12, 0.00358954
FILLER_0_91_145, 76.32, 261.12, 0.00358954
FILLER_0_92_150, 76.32, 261.12, 0.00358954
_16823_, 101.32, 261.12, 0.00360083
_18913_, 101.32, 261.12, 0.00360083
FILLER_0_92_209, 101.32, 261.12, 0.00360083
_16255_, 126.32, 261.12, 0.00362586
_18401_, 126.32, 261.12, 0.00362586
FILLER_0_91_258, 126.32, 261.12, 0.00362586
FILLER_0_92_256, 126.32, 261.12, 0.00362586
FILLER_0_92_264, 126.32, 261.12, 0.00362586
_13807_, 151.32, 261.12, 0.00366373
_13809_, 151.32, 261.12, 0.00366373
_16821_, 151.32, 261.12, 0.00366373
FILLER_0_92_305, 151.32, 261.12, 0.00366373
FILLER_0_92_323, 151.32, 261.12, 0.00366373
_09916_, 176.32, 261.12, 0.00371247
_11968_, 176.32, 261.12, 0.00371247
_13812_, 176.32, 261.12, 0.00371247
_14171_, 176.32, 261.12, 0.00371247
_18908_, 176.32, 261.12, 0.00371247
FILLER_0_91_359, 176.32, 261.12, 0.00371247
FILLER_0_92_369, 176.32, 261.12, 0.00371247
FILLER_0_92_383, 176.32, 261.12, 0.00371247
_09136_, 201.32, 261.12, 0.00376447
_09140_, 201.32, 261.12, 0.00376447
_09217_, 201.32, 261.12, 0.00376447
_09265_, 201.32, 261.12, 0.00376447
_14651_, 201.32, 261.12, 0.00376447
ANTENNA_125, 201.32, 261.12, 0.00376447
FILLER_0_91_413, 201.32, 261.12, 0.00376447
FILLER_0_92_430, 201.32, 261.12, 0.00376447
FILLER_0_93_428, 201.32, 261.12, 0.00376447
_09102_, 226.32, 261.12, 0.00379272
_09124_, 226.32, 261.12, 0.00379272
_11450_, 226.32, 261.12, 0.00379272
FILLER_0_91_477, 226.32, 261.12, 0.00379272
FILLER_0_92_477, 226.32, 261.12, 0.00379272
FILLER_0_92_487, 226.32, 261.12, 0.00379272
_12230_, 251.32, 261.12, 0.00379621
_17744_, 251.32, 261.12, 0.00379621
_17938_, 251.32, 261.12, 0.00379621
_19459_, 251.32, 261.12, 0.00379621
_19500_, 251.32, 261.12, 0.00379621
FILLER_0_92_529, 251.32, 261.12, 0.00379621
_10092_, 276.32, 261.12, 0.00377492
_10093_, 276.32, 261.12, 0.00377492
_17977_, 276.32, 261.12, 0.00377492
FILLER_0_92_576, 276.32, 261.12, 0.00377492
FILLER_0_92_601, 276.32, 261.12, 0.00377492
_10057_, 301.32, 261.12, 0.00377768
_10058_, 301.32, 261.12, 0.00377768
_10060_, 301.32, 261.12, 0.00377768
_10067_, 301.32, 261.12, 0.00377768
_10073_, 301.32, 261.12, 0.00377768
_10149_, 301.32, 261.12, 0.00377768
_10154_, 301.32, 261.12, 0.00377768
_10237_, 301.32, 261.12, 0.00377768
FILLER_0_92_637, 301.32, 261.12, 0.00377768
FILLER_0_92_645, 301.32, 261.12, 0.00377768
FILLER_0_92_651, 301.32, 261.12, 0.00377768
_11374_, 326.32, 261.12, 0.00359886
_17984_, 326.32, 261.12, 0.00359886
FILLER_0_93_707, 326.32, 261.12, 0.00359886
_11118_, 351.32, 261.12, 0.00343568
_15605_, 351.32, 261.12, 0.00343568
max_cap88, 351.32, 261.12, 0.00343568
FILLER_0_91_741, 351.32, 261.12, 0.00343568
_10175_, 376.32, 261.12, 0.00322863
_15704_, 376.32, 261.12, 0.00322863
wire69, 376.32, 261.12, 0.00322863
FILLER_0_92_808, 376.32, 261.12, 0.00322863
_10170_, 401.32, 261.12, 0.00327156
_10171_, 401.32, 261.12, 0.00327156
_10253_, 401.32, 261.12, 0.00327156
_10256_, 401.32, 261.12, 0.00327156
_13281_, 401.32, 261.12, 0.00327156
_13289_, 401.32, 261.12, 0.00327156
FILLER_0_92_847, 401.32, 261.12, 0.00327156
_10371_, 426.32, 261.12, 0.00352017
_10638_, 426.32, 261.12, 0.00352017
_11339_, 426.32, 261.12, 0.00352017
_11340_, 426.32, 261.12, 0.00352017
_11346_, 426.32, 261.12, 0.00352017
_11326_, 451.32, 261.12, 0.00369366
_11327_, 451.32, 261.12, 0.00369366
_11347_, 451.32, 261.12, 0.00369366
_11349_, 451.32, 261.12, 0.00369366
_11377_, 451.32, 261.12, 0.00369366
_11381_, 451.32, 261.12, 0.00369366
FILLER_0_92_981, 451.32, 261.12, 0.00369366
_10302_, 476.32, 261.12, 0.00379846
_10309_, 476.32, 261.12, 0.00379846
_10310_, 476.32, 261.12, 0.00379846
_10437_, 476.32, 261.12, 0.00379846
_10567_, 476.32, 261.12, 0.00379846
_10998_, 476.32, 261.12, 0.00379846
_11107_, 476.32, 261.12, 0.00379846
FILLER_0_91_1021, 476.32, 261.12, 0.00379846
FILLER_0_92_1024, 476.32, 261.12, 0.00379846
PHY_178, 5.52, 255.68, 0.00348872
PHY_180, 5.52, 255.68, 0.00348872
FILLER_0_90_3, 5.52, 255.68, 0.00348872
PHY_179, 494.04, 255.68, 0.00369906
PHY_181, 494.04, 255.68, 0.00369906
_09849_, 26.32, 255.68, 0.00349847
_12085_, 26.32, 255.68, 0.00349847
_13458_, 26.32, 255.68, 0.00349847
_15305_, 26.32, 255.68, 0.00349847
FILLER_0_89_43, 26.32, 255.68, 0.00349847
FILLER_0_90_33, 26.32, 255.68, 0.00349847
_12106_, 51.32, 255.68, 0.00350893
_13462_, 51.32, 255.68, 0.00350893
_15309_, 51.32, 255.68, 0.00350893
_16076_, 51.32, 255.68, 0.00350893
_17000_, 51.32, 255.68, 0.00350893
FILLER_0_89_96, 51.32, 255.68, 0.00350893
FILLER_0_90_93, 51.32, 255.68, 0.00350893
_09890_, 76.32, 255.68, 0.00351954
_09909_, 76.32, 255.68, 0.00351954
_12145_, 76.32, 255.68, 0.00351954
FILLER_0_90_149, 76.32, 255.68, 0.00351954
_13802_, 101.32, 255.68, 0.00353741
_16824_, 101.32, 255.68, 0.00353741
FILLER_0_90_209, 101.32, 255.68, 0.00353741
FILLER_0_90_217, 101.32, 255.68, 0.00353741
_09796_, 126.32, 255.68, 0.00356774
_12052_, 126.32, 255.68, 0.00356774
_14960_, 126.32, 255.68, 0.00356774
_14962_, 126.32, 255.68, 0.00356774
_14963_, 126.32, 255.68, 0.00356774
hold365, 126.32, 255.68, 0.00356774
_09876_, 151.32, 255.68, 0.00360316
_12112_, 151.32, 255.68, 0.00360316
_14968_, 151.32, 255.68, 0.00360316
_14969_, 151.32, 255.68, 0.00360316
_18398_, 151.32, 255.68, 0.00360316
FILLER_0_89_306, 151.32, 255.68, 0.00360316
_09737_, 176.32, 255.68, 0.00363921
_12152_, 176.32, 255.68, 0.00363921
_13811_, 176.32, 255.68, 0.00363921
_16819_, 176.32, 255.68, 0.00363921
FILLER_0_89_359, 176.32, 255.68, 0.00363921
FILLER_0_89_367, 176.32, 255.68, 0.00363921
FILLER_0_90_359, 176.32, 255.68, 0.00363921
FILLER_0_90_365, 176.32, 255.68, 0.00363921
_09108_, 201.32, 255.68, 0.00368667
_09248_, 201.32, 255.68, 0.00368667
FILLER_0_90_416, 201.32, 255.68, 0.00368667
FILLER_0_91_429, 201.32, 255.68, 0.00368667
_11465_, 226.32, 255.68, 0.00375179
_11468_, 226.32, 255.68, 0.00375179
_11489_, 226.32, 255.68, 0.00375179
_11493_, 226.32, 255.68, 0.00375179
_11498_, 226.32, 255.68, 0.00375179
_11520_, 226.32, 255.68, 0.00375179
FILLER_0_90_470, 226.32, 255.68, 0.00375179
FILLER_0_90_477, 226.32, 255.68, 0.00375179
_09059_, 251.32, 255.68, 0.00373095
_17952_, 251.32, 255.68, 0.00373095
_17954_, 251.32, 255.68, 0.00373095
FILLER_0_89_528, 251.32, 255.68, 0.00373095
FILLER_0_90_527, 251.32, 255.68, 0.00373095
FILLER_0_90_533, 251.32, 255.68, 0.00373095
FILLER_0_91_543, 251.32, 255.68, 0.00373095
_10084_, 276.32, 255.68, 0.00374441
_10086_, 276.32, 255.68, 0.00374441
_17961_, 276.32, 255.68, 0.00374441
FILLER_0_90_601, 276.32, 255.68, 0.00374441
FILLER_0_91_593, 276.32, 255.68, 0.00374441
_10068_, 301.32, 255.68, 0.00369676
_10074_, 301.32, 255.68, 0.00369676
_10077_, 301.32, 255.68, 0.00369676
FILLER_0_90_636, 301.32, 255.68, 0.00369676
FILLER_0_91_650, 301.32, 255.68, 0.00369676
_11098_, 326.32, 255.68, 0.00348512
_11099_, 326.32, 255.68, 0.00348512
_19571_, 326.32, 255.68, 0.00348512
hold369, 326.32, 255.68, 0.00348512
FILLER_0_90_696, 326.32, 255.68, 0.00348512
FILLER_0_91_709, 326.32, 255.68, 0.00348512
_11097_, 351.32, 255.68, 0.00328743
_15627_, 351.32, 255.68, 0.00328743
_15628_, 351.32, 255.68, 0.00328743
_19575_, 351.32, 255.68, 0.00328743
FILLER_0_89_739, 351.32, 255.68, 0.00328743
FILLER_0_90_751, 351.32, 255.68, 0.00328743
FILLER_0_91_755, 351.32, 255.68, 0.00328743
_10197_, 376.32, 255.68, 0.00293886
_10603_, 376.32, 255.68, 0.00293886
FILLER_0_90_803, 376.32, 255.68, 0.00293886
FILLER_0_91_817, 376.32, 255.68, 0.00293886
_10255_, 401.32, 255.68, 0.00295138
_10529_, 401.32, 255.68, 0.00295138
_10684_, 401.32, 255.68, 0.00295138
FILLER_0_89_850, 401.32, 255.68, 0.00295138
FILLER_0_90_855, 401.32, 255.68, 0.00295138
FILLER_0_90_863, 401.32, 255.68, 0.00295138
FILLER_0_90_869, 401.32, 255.68, 0.00295138
_10373_, 426.32, 255.68, 0.00328796
_10606_, 426.32, 255.68, 0.00328796
_10611_, 426.32, 255.68, 0.00328796
_11361_, 426.32, 255.68, 0.00328796
FILLER_0_89_909, 426.32, 255.68, 0.00328796
FILLER_0_90_906, 426.32, 255.68, 0.00328796
FILLER_0_91_926, 426.32, 255.68, 0.00328796
_10768_, 451.32, 255.68, 0.00355296
_10821_, 451.32, 255.68, 0.00355296
_10974_, 451.32, 255.68, 0.00355296
_11348_, 451.32, 255.68, 0.00355296
_11350_, 451.32, 255.68, 0.00355296
_11378_, 451.32, 255.68, 0.00355296
_11106_, 476.32, 255.68, 0.00368613
_11108_, 476.32, 255.68, 0.00368613
_11121_, 476.32, 255.68, 0.00368613
_15237_, 5.52, 250.24, 0.00343892
_16113_, 5.52, 250.24, 0.00343892
_18272_, 5.52, 250.24, 0.00343892
PHY_174, 5.52, 250.24, 0.00343892
PHY_176, 5.52, 250.24, 0.00343892
PHY_175, 494.04, 250.24, 0.0035755
PHY_177, 494.04, 250.24, 0.0035755
_09829_, 26.32, 250.24, 0.00344057
_12065_, 26.32, 250.24, 0.00344057
_16078_, 26.32, 250.24, 0.00344057
_09869_, 51.32, 250.24, 0.00344783
_12105_, 51.32, 250.24, 0.00344783
_16149_, 51.32, 250.24, 0.00344783
FILLER_0_88_94, 51.32, 250.24, 0.00344783
_15245_, 76.32, 250.24, 0.00346056
_15246_, 76.32, 250.24, 0.00346056
FILLER_0_88_141, 76.32, 250.24, 0.00346056
FILLER_0_89_158, 76.32, 250.24, 0.00346056
_16145_, 101.32, 250.24, 0.00348275
_18914_, 101.32, 250.24, 0.00348275
FILLER_0_87_207, 101.32, 250.24, 0.00348275
FILLER_0_88_212, 101.32, 250.24, 0.00348275
FILLER_0_89_215, 101.32, 250.24, 0.00348275
_12032_, 126.32, 250.24, 0.00350884
_14957_, 126.32, 250.24, 0.00350884
_16257_, 126.32, 250.24, 0.00350884
_18404_, 126.32, 250.24, 0.00350884
FILLER_0_89_269, 126.32, 250.24, 0.00350884
_09875_, 151.32, 250.24, 0.00353898
hold374, 151.32, 250.24, 0.00353898
FILLER_0_87_310, 151.32, 250.24, 0.00353898
_09936_, 176.32, 250.24, 0.0035789
_12172_, 176.32, 250.24, 0.0035789
_13814_, 176.32, 250.24, 0.0035789
_18907_, 176.32, 250.24, 0.0035789
FILLER_0_87_366, 176.32, 250.24, 0.0035789
_09112_, 201.32, 250.24, 0.00361744
_09206_, 201.32, 250.24, 0.00361744
_09263_, 201.32, 250.24, 0.00361744
_15964_, 201.32, 250.24, 0.00361744
_16782_, 201.32, 250.24, 0.00361744
_11445_, 226.32, 250.24, 0.00365278
_11453_, 226.32, 250.24, 0.00365278
_11479_, 226.32, 250.24, 0.00365278
_11522_, 226.32, 250.24, 0.00365278
_11524_, 226.32, 250.24, 0.00365278
FILLER_0_88_477, 226.32, 250.24, 0.00365278
_17953_, 251.32, 250.24, 0.00366573
_19554_, 251.32, 250.24, 0.00366573
clkbuf_0_i_clk, 251.32, 250.24, 0.00366573
FILLER_0_87_534, 251.32, 250.24, 0.00366573
FILLER_0_88_521, 251.32, 250.24, 0.00366573
FILLER_0_88_529, 251.32, 250.24, 0.00366573
FILLER_0_89_536, 251.32, 250.24, 0.00366573
_17962_, 276.32, 250.24, 0.00359786
_17965_, 276.32, 250.24, 0.00359786
_17969_, 276.32, 250.24, 0.00359786
_19549_, 276.32, 250.24, 0.00359786
FILLER_0_88_581, 276.32, 250.24, 0.00359786
FILLER_0_89_598, 276.32, 250.24, 0.00359786
_10061_, 301.32, 250.24, 0.00350913
_10075_, 301.32, 250.24, 0.00350913
_10076_, 301.32, 250.24, 0.00350913
FILLER_0_88_637, 301.32, 250.24, 0.00350913
_10284_, 326.32, 250.24, 0.00330061
_17241_, 326.32, 250.24, 0.00330061
_17242_, 326.32, 250.24, 0.00330061
_18001_, 326.32, 250.24, 0.00330061
FILLER_0_87_688, 326.32, 250.24, 0.00330061
_10983_, 351.32, 250.24, 0.0030215
_11011_, 351.32, 250.24, 0.0030215
_18005_, 351.32, 250.24, 0.0030215
ANTENNA_90, 351.32, 250.24, 0.0030215
FILLER_0_87_750, 351.32, 250.24, 0.0030215
FILLER_0_88_757, 351.32, 250.24, 0.0030215
_10513_, 376.32, 250.24, 0.00266459
_10604_, 376.32, 250.24, 0.00266459
_11423_, 376.32, 250.24, 0.00266459
FILLER_0_87_797, 376.32, 250.24, 0.00266459
_10605_, 401.32, 250.24, 0.00264836
_10682_, 401.32, 250.24, 0.00264836
_10683_, 401.32, 250.24, 0.00264836
_11412_, 401.32, 250.24, 0.00264836
_11428_, 401.32, 250.24, 0.00264836
FILLER_0_88_861, 401.32, 250.24, 0.00264836
FILLER_0_89_865, 401.32, 250.24, 0.00264836
_10610_, 426.32, 250.24, 0.00303013
FILLER_0_87_909, 426.32, 250.24, 0.00303013
FILLER_0_88_915, 426.32, 250.24, 0.00303013
FILLER_0_89_922, 426.32, 250.24, 0.00303013
_10609_, 451.32, 250.24, 0.00337189
_10621_, 451.32, 250.24, 0.00337189
_11368_, 451.32, 250.24, 0.00337189
_11437_, 451.32, 250.24, 0.00337189
FILLER_0_87_964, 451.32, 250.24, 0.00337189
FILLER_0_88_961, 451.32, 250.24, 0.00337189
FILLER_0_88_969, 451.32, 250.24, 0.00337189
FILLER_0_88_977, 451.32, 250.24, 0.00337189
_10283_, 476.32, 250.24, 0.00354502
_11012_, 476.32, 250.24, 0.00354502
_11080_, 476.32, 250.24, 0.00354502
FILLER_0_88_1030, 476.32, 250.24, 0.00354502
FILLER_0_88_1037, 476.32, 250.24, 0.00354502
_18273_, 5.52, 244.8, 0.00338687
PHY_170, 5.52, 244.8, 0.00338687
PHY_172, 5.52, 244.8, 0.00338687
output21, 5.52, 244.8, 0.00338687
PHY_171, 494.04, 244.8, 0.00349606
PHY_173, 494.04, 244.8, 0.00349606
_13455_, 26.32, 244.8, 0.00338708
_15301_, 26.32, 244.8, 0.00338708
_17004_, 26.32, 244.8, 0.00338708
_19075_, 26.32, 244.8, 0.00338708
FILLER_0_86_48, 26.32, 244.8, 0.00338708
FILLER_0_86_56, 26.32, 244.8, 0.00338708
FILLER_0_87_51, 26.32, 244.8, 0.00338708
_15171_, 51.32, 244.8, 0.00339449
_15241_, 51.32, 244.8, 0.00339449
_15242_, 51.32, 244.8, 0.00339449
_16112_, 51.32, 244.8, 0.00339449
_16148_, 51.32, 244.8, 0.00339449
_18271_, 51.32, 244.8, 0.00339449
FILLER_0_85_86, 51.32, 244.8, 0.00339449
FILLER_0_87_105, 51.32, 244.8, 0.00339449
FILLER_0_87_113, 51.32, 244.8, 0.00339449
_16110_, 76.32, 244.8, 0.00340912
_19068_, 76.32, 244.8, 0.00340912
FILLER_0_86_141, 76.32, 244.8, 0.00340912
FILLER_0_86_149, 76.32, 244.8, 0.00340912
FILLER_0_87_159, 76.32, 244.8, 0.00340912
_15031_, 101.32, 244.8, 0.00343273
_15033_, 101.32, 244.8, 0.00343273
_16144_, 101.32, 244.8, 0.00343273
_18368_, 101.32, 244.8, 0.00343273
_18369_, 101.32, 244.8, 0.00343273
FILLER_0_85_201, 101.32, 244.8, 0.00343273
FILLER_0_86_200, 101.32, 244.8, 0.00343273
FILLER_0_87_216, 101.32, 244.8, 0.00343273
_09815_, 126.32, 244.8, 0.00345462
_12051_, 126.32, 244.8, 0.00345462
_12071_, 126.32, 244.8, 0.00345462
hold412, 126.32, 244.8, 0.00345462
FILLER_0_85_260, 126.32, 244.8, 0.00345462
FILLER_0_86_260, 126.32, 244.8, 0.00345462
_12111_, 151.32, 244.8, 0.00348753
_15036_, 151.32, 244.8, 0.00348753
_15105_, 151.32, 244.8, 0.00348753
_18333_, 151.32, 244.8, 0.00348753
FILLER_0_85_308, 151.32, 244.8, 0.00348753
_09915_, 176.32, 244.8, 0.00351884
_09935_, 176.32, 244.8, 0.00351884
_11974_, 176.32, 244.8, 0.00351884
_12151_, 176.32, 244.8, 0.00351884
_13813_, 176.32, 244.8, 0.00351884
FILLER_0_86_381, 176.32, 244.8, 0.00351884
_09214_, 201.32, 244.8, 0.00354688
_09261_, 201.32, 244.8, 0.00354688
_09271_, 201.32, 244.8, 0.00354688
FILLER_0_86_421, 201.32, 244.8, 0.00354688
FILLER_0_87_426, 201.32, 244.8, 0.00354688
_11451_, 226.32, 244.8, 0.00356353
_11471_, 226.32, 244.8, 0.00356353
_11473_, 226.32, 244.8, 0.00356353
_11481_, 226.32, 244.8, 0.00356353
FILLER_0_85_470, 226.32, 244.8, 0.00356353
FILLER_0_86_477, 226.32, 244.8, 0.00356353
FILLER_0_87_487, 226.32, 244.8, 0.00356353
_19477_, 251.32, 244.8, 0.00355108
_19547_, 251.32, 244.8, 0.00355108
FILLER_0_86_522, 251.32, 244.8, 0.00355108
_17968_, 276.32, 244.8, 0.00348748
_17970_, 276.32, 244.8, 0.00348748
_09050_, 301.32, 244.8, 0.00336716
_17679_, 301.32, 244.8, 0.00336716
_17680_, 301.32, 244.8, 0.00336716
FILLER_0_86_635, 301.32, 244.8, 0.00336716
FILLER_0_86_645, 301.32, 244.8, 0.00336716
_10986_, 326.32, 244.8, 0.00314524
_19576_, 326.32, 244.8, 0.00314524
FILLER_0_86_692, 326.32, 244.8, 0.00314524
_10615_, 351.32, 244.8, 0.0027898
_11010_, 351.32, 244.8, 0.0027898
_11055_, 351.32, 244.8, 0.0027898
FILLER_0_86_749, 351.32, 244.8, 0.0027898
FILLER_0_86_757, 351.32, 244.8, 0.0027898
FILLER_0_86_765, 351.32, 244.8, 0.0027898
_10514_, 376.32, 244.8, 0.00233764
_11420_, 376.32, 244.8, 0.00233764
_11421_, 376.32, 244.8, 0.00233764
FILLER_0_86_802, 376.32, 244.8, 0.00233764
FILLER_0_86_813, 376.32, 244.8, 0.00233764
_10488_, 401.32, 244.8, 0.00234635
_10675_, 401.32, 244.8, 0.00234635
_10685_, 401.32, 244.8, 0.00234635
_10690_, 401.32, 244.8, 0.00234635
_10914_, 401.32, 244.8, 0.00234635
FILLER_0_85_853, 401.32, 244.8, 0.00234635
FILLER_0_86_861, 401.32, 244.8, 0.00234635
_10469_, 426.32, 244.8, 0.00284229
_10942_, 426.32, 244.8, 0.00284229
_11258_, 426.32, 244.8, 0.00284229
_11263_, 426.32, 244.8, 0.00284229
FILLER_0_85_905, 426.32, 244.8, 0.00284229
FILLER_0_86_906, 426.32, 244.8, 0.00284229
FILLER_0_86_917, 426.32, 244.8, 0.00284229
_10516_, 451.32, 244.8, 0.00326603
_10577_, 451.32, 244.8, 0.00326603
_10607_, 451.32, 244.8, 0.00326603
_10622_, 451.32, 244.8, 0.00326603
_11365_, 451.32, 244.8, 0.00326603
_11367_, 451.32, 244.8, 0.00326603
FILLER_0_86_977, 451.32, 244.8, 0.00326603
_10450_, 476.32, 244.8, 0.00349429
_10459_, 476.32, 244.8, 0.00349429
_10463_, 476.32, 244.8, 0.00349429
_10517_, 476.32, 244.8, 0.00349429
_10988_, 476.32, 244.8, 0.00349429
_11014_, 476.32, 244.8, 0.00349429
_11081_, 476.32, 244.8, 0.00349429
FILLER_0_87_1026, 476.32, 244.8, 0.00349429
PHY_166, 5.52, 239.36, 0.00331894
PHY_168, 5.52, 239.36, 0.00331894
PHY_167, 494.04, 239.36, 0.00345982
PHY_169, 494.04, 239.36, 0.00345982
_09789_, 26.32, 239.36, 0.00332262
_13454_, 26.32, 239.36, 0.00332262
FILLER_0_84_58, 26.32, 239.36, 0.00332262
_18270_, 51.32, 239.36, 0.00333187
FILLER_0_83_96, 51.32, 239.36, 0.00333187
FILLER_0_85_107, 51.32, 239.36, 0.00333187
_12165_, 76.32, 239.36, 0.00334851
_13469_, 76.32, 239.36, 0.00334851
_15247_, 76.32, 239.36, 0.00334851
_15315_, 76.32, 239.36, 0.00334851
_15316_, 76.32, 239.36, 0.00334851
_18236_, 76.32, 239.36, 0.00334851
FILLER_0_83_142, 76.32, 239.36, 0.00334851
FILLER_0_84_141, 76.32, 239.36, 0.00334851
FILLER_0_85_165, 76.32, 239.36, 0.00334851
_16220_, 101.32, 239.36, 0.00336524
FILLER_0_84_209, 101.32, 239.36, 0.00336524
_09795_, 126.32, 239.36, 0.00339503
_12031_, 126.32, 239.36, 0.00339503
_15099_, 126.32, 239.36, 0.00339503
_15100_, 126.32, 239.36, 0.00339503
_16184_, 126.32, 239.36, 0.00339503
_16185_, 126.32, 239.36, 0.00339503
_18337_, 126.32, 239.36, 0.00339503
FILLER_0_85_274, 126.32, 239.36, 0.00339503
_15106_, 151.32, 239.36, 0.00342671
_18334_, 151.32, 239.36, 0.00342671
FILLER_0_83_305, 151.32, 239.36, 0.00342671
FILLER_0_83_314, 151.32, 239.36, 0.00342671
FILLER_0_84_329, 151.32, 239.36, 0.00342671
FILLER_0_85_322, 151.32, 239.36, 0.00342671
_11961_, 176.32, 239.36, 0.00346758
_11962_, 176.32, 239.36, 0.00346758
_11973_, 176.32, 239.36, 0.00346758
_16179_, 176.32, 239.36, 0.00346758
FILLER_0_84_368, 176.32, 239.36, 0.00346758
FILLER_0_84_384, 176.32, 239.36, 0.00346758
_09205_, 201.32, 239.36, 0.00350822
_09242_, 201.32, 239.36, 0.00350822
_09254_, 201.32, 239.36, 0.00350822
_12197_, 201.32, 239.36, 0.00350822
_12198_, 201.32, 239.36, 0.00350822
_18038_, 201.32, 239.36, 0.00350822
FILLER_0_84_414, 201.32, 239.36, 0.00350822
FILLER_0_84_421, 201.32, 239.36, 0.00350822
FILLER_0_84_432, 201.32, 239.36, 0.00350822
FILLER_0_85_432, 201.32, 239.36, 0.00350822
_11457_, 226.32, 239.36, 0.00352345
_11459_, 226.32, 239.36, 0.00352345
_11461_, 226.32, 239.36, 0.00352345
_11483_, 226.32, 239.36, 0.00352345
_11512_, 226.32, 239.36, 0.00352345
FILLER_0_84_487, 226.32, 239.36, 0.00352345
_11855_, 251.32, 239.36, 0.00350867
_19480_, 251.32, 239.36, 0.00350867
_17966_, 276.32, 239.36, 0.0034551
_17973_, 276.32, 239.36, 0.0034551
_19550_, 276.32, 239.36, 0.0034551
_19551_, 276.32, 239.36, 0.0034551
FILLER_0_84_585, 276.32, 239.36, 0.0034551
_11580_, 301.32, 239.36, 0.00334746
_17677_, 301.32, 239.36, 0.00334746
_19486_, 301.32, 239.36, 0.00334746
_19489_, 301.32, 239.36, 0.00334746
FILLER_0_84_645, 301.32, 239.36, 0.00334746
_10464_, 326.32, 239.36, 0.00315466
_10618_, 326.32, 239.36, 0.00315466
_10985_, 326.32, 239.36, 0.00315466
_10987_, 326.32, 239.36, 0.00315466
_18006_, 326.32, 239.36, 0.00315466
FILLER_0_84_697, 326.32, 239.36, 0.00315466
_11034_, 351.32, 239.36, 0.00286431
_11035_, 351.32, 239.36, 0.00286431
_15601_, 351.32, 239.36, 0.00286431
_15612_, 351.32, 239.36, 0.00286431
FILLER_0_84_740, 351.32, 239.36, 0.00286431
FILLER_0_84_748, 351.32, 239.36, 0.00286431
FILLER_0_85_752, 351.32, 239.36, 0.00286431
_10681_, 376.32, 239.36, 0.00245812
_10778_, 376.32, 239.36, 0.00245812
_11417_, 376.32, 239.36, 0.00245812
_17207_, 376.32, 239.36, 0.00245812
FILLER_0_84_806, 376.32, 239.36, 0.00245812
_10487_, 401.32, 239.36, 0.00246479
_10493_, 401.32, 239.36, 0.00246479
_10738_, 401.32, 239.36, 0.00246479
_10915_, 401.32, 239.36, 0.00246479
_10916_, 401.32, 239.36, 0.00246479
FILLER_0_84_857, 401.32, 239.36, 0.00246479
FILLER_0_84_865, 401.32, 239.36, 0.00246479
FILLER_0_84_872, 401.32, 239.36, 0.00246479
_10479_, 426.32, 239.36, 0.0029111
_10930_, 426.32, 239.36, 0.0029111
_10946_, 426.32, 239.36, 0.0029111
_10947_, 426.32, 239.36, 0.0029111
_10962_, 426.32, 239.36, 0.0029111
FILLER_0_83_909, 426.32, 239.36, 0.0029111
FILLER_0_84_902, 426.32, 239.36, 0.0029111
FILLER_0_84_919, 426.32, 239.36, 0.0029111
_10599_, 451.32, 239.36, 0.00323215
_10822_, 451.32, 239.36, 0.00323215
_11429_, 451.32, 239.36, 0.00323215
_11434_, 451.32, 239.36, 0.00323215
_11435_, 451.32, 239.36, 0.00323215
FILLER_0_84_962, 451.32, 239.36, 0.00323215
FILLER_0_84_974, 451.32, 239.36, 0.00323215
FILLER_0_85_981, 451.32, 239.36, 0.00323215
_10448_, 476.32, 239.36, 0.00342592
_10542_, 476.32, 239.36, 0.00342592
_11013_, 476.32, 239.36, 0.00342592
_11037_, 476.32, 239.36, 0.00342592
FILLER_0_84_1027, 476.32, 239.36, 0.00342592
FILLER_0_85_1029, 476.32, 239.36, 0.00342592
_18275_, 5.52, 233.92, 0.00326284
PHY_162, 5.52, 233.92, 0.00326284
PHY_164, 5.52, 233.92, 0.00326284
FILLER_0_82_3, 5.52, 233.92, 0.00326284
PHY_163, 494.04, 233.92, 0.00340966
PHY_165, 494.04, 233.92, 0.00340966
_09809_, 26.32, 233.92, 0.00326692
_12025_, 26.32, 233.92, 0.00326692
_15303_, 26.32, 233.92, 0.00326692
_16079_, 26.32, 233.92, 0.00326692
FILLER_0_82_37, 26.32, 233.92, 0.00326692
FILLER_0_82_49, 26.32, 233.92, 0.00326692
_15173_, 51.32, 233.92, 0.00327866
_16147_, 51.32, 233.92, 0.00327866
_17003_, 51.32, 233.92, 0.00327866
_18303_, 51.32, 233.92, 0.00327866
_19067_, 51.32, 233.92, 0.00327866
FILLER_0_81_92, 51.32, 233.92, 0.00327866
FILLER_0_83_105, 51.32, 233.92, 0.00327866
FILLER_0_83_113, 51.32, 233.92, 0.00327866
_12004_, 76.32, 233.92, 0.00329452
_15248_, 76.32, 233.92, 0.00329452
_16073_, 76.32, 233.92, 0.00329452
_16109_, 76.32, 233.92, 0.00329452
_18268_, 76.32, 233.92, 0.00329452
FILLER_0_81_148, 76.32, 233.92, 0.00329452
FILLER_0_82_161, 76.32, 233.92, 0.00329452
_14262_, 101.32, 233.92, 0.00332583
_16994_, 101.32, 233.92, 0.00332583
_18072_, 101.32, 233.92, 0.00332583
_18371_, 101.32, 233.92, 0.00332583
clkbuf_leaf_17_i_clk, 101.32, 233.92, 0.00332583
FILLER_0_83_218, 101.32, 233.92, 0.00332583
_18372_, 126.32, 233.92, 0.00333838
FILLER_0_81_260, 126.32, 233.92, 0.00333838
_15039_, 151.32, 233.92, 0.00337408
_16181_, 151.32, 233.92, 0.00337408
_18365_, 151.32, 233.92, 0.00337408
FILLER_0_82_321, 151.32, 233.92, 0.00337408
FILLER_0_83_323, 151.32, 233.92, 0.00337408
_09724_, 176.32, 233.92, 0.00341371
_14974_, 176.32, 233.92, 0.00341371
_15040_, 176.32, 233.92, 0.00341371
_16215_, 176.32, 233.92, 0.00341371
_18364_, 176.32, 233.92, 0.00341371
FILLER_0_82_359, 176.32, 233.92, 0.00341371
FILLER_0_82_369, 176.32, 233.92, 0.00341371
_09190_, 201.32, 233.92, 0.00345417
_09218_, 201.32, 233.92, 0.00345417
_09283_, 201.32, 233.92, 0.00345417
_09288_, 201.32, 233.92, 0.00345417
_09963_, 201.32, 233.92, 0.00345417
_16568_, 201.32, 233.92, 0.00345417
FILLER_0_81_420, 201.32, 233.92, 0.00345417
FILLER_0_82_429, 201.32, 233.92, 0.00345417
_11506_, 226.32, 233.92, 0.00346837
_11514_, 226.32, 233.92, 0.00346837
_11527_, 226.32, 233.92, 0.00346837
_11529_, 226.32, 233.92, 0.00346837
FILLER_0_81_471, 226.32, 233.92, 0.00346837
_14126_, 251.32, 233.92, 0.00344948
_17667_, 251.32, 233.92, 0.00344948
_17668_, 251.32, 233.92, 0.00344948
_17670_, 251.32, 233.92, 0.00344948
_17671_, 251.32, 233.92, 0.00344948
FILLER_0_82_522, 251.32, 233.92, 0.00344948
FILLER_0_82_533, 251.32, 233.92, 0.00344948
FILLER_0_82_539, 251.32, 233.92, 0.00344948
_11681_, 276.32, 233.92, 0.00341395
_11722_, 276.32, 233.92, 0.00341395
_17666_, 276.32, 233.92, 0.00341395
_17672_, 276.32, 233.92, 0.00341395
_19481_, 276.32, 233.92, 0.00341395
FILLER_0_81_583, 276.32, 233.92, 0.00341395
FILLER_0_82_577, 276.32, 233.92, 0.00341395
FILLER_0_82_589, 276.32, 233.92, 0.00341395
_09996_, 301.32, 233.92, 0.00331062
_11560_, 301.32, 233.92, 0.00331062
FILLER_0_81_643, 301.32, 233.92, 0.00331062
FILLER_0_82_645, 301.32, 233.92, 0.00331062
FILLER_0_83_644, 301.32, 233.92, 0.00331062
_10933_, 326.32, 233.92, 0.00316479
_10934_, 326.32, 233.92, 0.00316479
_17999_, 326.32, 233.92, 0.00316479
_18008_, 326.32, 233.92, 0.00316479
wire80, 326.32, 233.92, 0.00316479
clkbuf_leaf_122_i_clk, 326.32, 233.92, 0.00316479
FILLER_0_82_686, 326.32, 233.92, 0.00316479
FILLER_0_82_696, 326.32, 233.92, 0.00316479
_11077_, 351.32, 233.92, 0.00290664
_11079_, 351.32, 233.92, 0.00290664
_15600_, 351.32, 233.92, 0.00290664
_18004_, 351.32, 233.92, 0.00290664
_10818_, 376.32, 233.92, 0.00255846
_10820_, 376.32, 233.92, 0.00255846
_11416_, 376.32, 233.92, 0.00255846
FILLER_0_81_799, 376.32, 233.92, 0.00255846
FILLER_0_82_806, 376.32, 233.92, 0.00255846
_10735_, 401.32, 233.92, 0.00255377
_10779_, 401.32, 233.92, 0.00255377
_10838_, 401.32, 233.92, 0.00255377
FILLER_0_82_861, 401.32, 233.92, 0.00255377
FILLER_0_83_874, 401.32, 233.92, 0.00255377
_10754_, 426.32, 233.92, 0.00294609
_10931_, 426.32, 233.92, 0.00294609
FILLER_0_83_918, 426.32, 233.92, 0.00294609
_10600_, 451.32, 233.92, 0.00328915
_10608_, 451.32, 233.92, 0.00328915
_11096_, 451.32, 233.92, 0.00328915
_11430_, 451.32, 233.92, 0.00328915
_11436_, 451.32, 233.92, 0.00328915
FILLER_0_82_969, 451.32, 233.92, 0.00328915
FILLER_0_82_977, 451.32, 233.92, 0.00328915
_10999_, 476.32, 233.92, 0.0034083
_11023_, 476.32, 233.92, 0.0034083
_11049_, 476.32, 233.92, 0.0034083
_11052_, 476.32, 233.92, 0.0034083
FILLER_0_82_1028, 476.32, 233.92, 0.0034083
FILLER_0_83_1028, 476.32, 233.92, 0.0034083
_18274_, 5.52, 228.48, 0.00321296
PHY_158, 5.52, 228.48, 0.00321296
PHY_160, 5.52, 228.48, 0.00321296
PHY_159, 494.04, 228.48, 0.00337088
PHY_161, 494.04, 228.48, 0.00337088
_12005_, 26.32, 228.48, 0.00322458
_12045_, 26.32, 228.48, 0.00322458
_15299_, 26.32, 228.48, 0.00322458
_15304_, 26.32, 228.48, 0.00322458
clkbuf_leaf_13_i_clk, 26.32, 228.48, 0.00322458
FILLER_0_79_34, 26.32, 228.48, 0.00322458
FILLER_0_81_57, 26.32, 228.48, 0.00322458
_15172_, 51.32, 228.48, 0.0032278
clkbuf_leaf_14_i_clk, 51.32, 228.48, 0.0032278
FILLER_0_80_109, 51.32, 228.48, 0.0032278
_16995_, 76.32, 228.48, 0.00323767
clkbuf_leaf_16_i_clk, 76.32, 228.48, 0.00323767
ANTENNA_27, 76.32, 228.48, 0.00323767
FILLER_0_79_153, 76.32, 228.48, 0.00323767
FILLER_0_80_141, 76.32, 228.48, 0.00323767
FILLER_0_81_160, 76.32, 228.48, 0.00323767
_14261_, 101.32, 228.48, 0.00324896
_15161_, 101.32, 228.48, 0.00324896
_18714_, 101.32, 228.48, 0.00324896
hold429, 101.32, 228.48, 0.00324896
_15025_, 126.32, 228.48, 0.00327948
_15095_, 126.32, 228.48, 0.00327948
_18338_, 126.32, 228.48, 0.00327948
FILLER_0_80_274, 126.32, 228.48, 0.00327948
FILLER_0_81_268, 126.32, 228.48, 0.00327948
FILLER_0_81_274, 126.32, 228.48, 0.00327948
_15103_, 151.32, 228.48, 0.00331277
_16182_, 151.32, 228.48, 0.00331277
FILLER_0_79_313, 151.32, 228.48, 0.00331277
FILLER_0_80_330, 151.32, 228.48, 0.00331277
FILLER_0_81_322, 151.32, 228.48, 0.00331277
FILLER_0_81_330, 151.32, 228.48, 0.00331277
_14975_, 176.32, 228.48, 0.00334748
_15023_, 176.32, 228.48, 0.00334748
_16214_, 176.32, 228.48, 0.00334748
_18395_, 176.32, 228.48, 0.00334748
_09290_, 201.32, 228.48, 0.00338178
_13610_, 201.32, 228.48, 0.00338178
_14051_, 201.32, 228.48, 0.00338178
_18048_, 201.32, 228.48, 0.00338178
hold427, 201.32, 228.48, 0.00338178
FILLER_0_80_415, 201.32, 228.48, 0.00338178
FILLER_0_81_432, 201.32, 228.48, 0.00338178
_15048_, 226.32, 228.48, 0.00340221
_15117_, 226.32, 228.48, 0.00340221
FILLER_0_80_473, 226.32, 228.48, 0.00340221
FILLER_0_80_489, 226.32, 228.48, 0.00340221
_11795_, 251.32, 228.48, 0.00341945
_14127_, 251.32, 228.48, 0.00341945
_14128_, 251.32, 228.48, 0.00341945
_19479_, 251.32, 228.48, 0.00341945
clkbuf_leaf_160_i_clk, 251.32, 228.48, 0.00341945
FILLER_0_80_529, 251.32, 228.48, 0.00341945
FILLER_0_80_539, 251.32, 228.48, 0.00341945
_19482_, 276.32, 228.48, 0.00337325
hold301, 276.32, 228.48, 0.00337325
FILLER_0_79_586, 276.32, 228.48, 0.00337325
FILLER_0_80_582, 276.32, 228.48, 0.00337325
_09955_, 301.32, 228.48, 0.00329962
_17675_, 301.32, 228.48, 0.00329962
_19595_, 301.32, 228.48, 0.00329962
clkbuf_leaf_120_i_clk, 301.32, 228.48, 0.00329962
ANTENNA_30, 301.32, 228.48, 0.00329962
FILLER_0_80_648, 301.32, 228.48, 0.00329962
_10471_, 326.32, 228.48, 0.00313861
_10480_, 326.32, 228.48, 0.00313861
_10958_, 326.32, 228.48, 0.00313861
_10959_, 326.32, 228.48, 0.00313861
_18007_, 326.32, 228.48, 0.00313861
FILLER_0_79_685, 326.32, 228.48, 0.00313861
FILLER_0_81_706, 326.32, 228.48, 0.00313861
_11078_, 351.32, 228.48, 0.00291155
_18002_, 351.32, 228.48, 0.00291155
_19572_, 351.32, 228.48, 0.00291155
max_cap77, 351.32, 228.48, 0.00291155
FILLER_0_80_747, 351.32, 228.48, 0.00291155
_10819_, 376.32, 228.48, 0.00266274
_11414_, 376.32, 228.48, 0.00266274
_11415_, 376.32, 228.48, 0.00266274
_17210_, 376.32, 228.48, 0.00266274
FILLER_0_79_806, 376.32, 228.48, 0.00266274
FILLER_0_80_806, 376.32, 228.48, 0.00266274
FILLER_0_81_807, 376.32, 228.48, 0.00266274
_10823_, 401.32, 228.48, 0.00270006
_10824_, 401.32, 228.48, 0.00270006
_10836_, 401.32, 228.48, 0.00270006
_10839_, 401.32, 228.48, 0.00270006
_10856_, 401.32, 228.48, 0.00270006
_10907_, 401.32, 228.48, 0.00270006
FILLER_0_81_864, 401.32, 228.48, 0.00270006
_10755_, 426.32, 228.48, 0.00300975
_11109_, 426.32, 228.48, 0.00300975
_11110_, 426.32, 228.48, 0.00300975
_11334_, 426.32, 228.48, 0.00300975
FILLER_0_81_922, 426.32, 228.48, 0.00300975
_11048_, 451.32, 228.48, 0.00321113
_11053_, 451.32, 228.48, 0.00321113
_11090_, 451.32, 228.48, 0.00321113
_11095_, 451.32, 228.48, 0.00321113
_11328_, 451.32, 228.48, 0.00321113
_11438_, 451.32, 228.48, 0.00321113
FILLER_0_79_968, 451.32, 228.48, 0.00321113
_10442_, 476.32, 228.48, 0.00335492
_11022_, 476.32, 228.48, 0.00335492
_11025_, 476.32, 228.48, 0.00335492
_11072_, 476.32, 228.48, 0.00335492
_11091_, 476.32, 228.48, 0.00335492
_11093_, 476.32, 228.48, 0.00335492
_11094_, 476.32, 228.48, 0.00335492
_11397_, 476.32, 228.48, 0.00335492
FILLER_0_81_1031, 476.32, 228.48, 0.00335492
PHY_154, 5.52, 223.04, 0.00314034
PHY_156, 5.52, 223.04, 0.00314034
FILLER_0_79_3, 5.52, 223.04, 0.00314034
PHY_155, 494.04, 223.04, 0.00331051
PHY_157, 494.04, 223.04, 0.00331051
_09768_, 26.32, 223.04, 0.00314435
_16081_, 26.32, 223.04, 0.00314435
_18307_, 26.32, 223.04, 0.00314435
FILLER_0_77_38, 26.32, 223.04, 0.00314435
FILLER_0_78_49, 26.32, 223.04, 0.00314435
_15181_, 51.32, 223.04, 0.00315039
_15249_, 51.32, 223.04, 0.00315039
_15250_, 51.32, 223.04, 0.00315039
_18299_, 51.32, 223.04, 0.00315039
FILLER_0_77_96, 51.32, 223.04, 0.00315039
FILLER_0_79_103, 51.32, 223.04, 0.00315039
_09766_, 76.32, 223.04, 0.00316444
_13473_, 76.32, 223.04, 0.00316444
_14240_, 76.32, 223.04, 0.00316444
_15230_, 76.32, 223.04, 0.00316444
_15298_, 76.32, 223.04, 0.00316444
_16107_, 76.32, 223.04, 0.00316444
FILLER_0_78_141, 76.32, 223.04, 0.00316444
FILLER_0_78_147, 76.32, 223.04, 0.00316444
FILLER_0_78_160, 76.32, 223.04, 0.00316444
_09967_, 101.32, 223.04, 0.00318164
_12202_, 101.32, 223.04, 0.00318164
_14887_, 101.32, 223.04, 0.00318164
_16603_, 101.32, 223.04, 0.00318164
_18554_, 101.32, 223.04, 0.00318164
ANTENNA_137, 101.32, 223.04, 0.00318164
FILLER_0_78_209, 101.32, 223.04, 0.00318164
_15094_, 126.32, 223.04, 0.0032098
_15097_, 126.32, 223.04, 0.0032098
_16186_, 126.32, 223.04, 0.0032098
_18340_, 126.32, 223.04, 0.0032098
_13539_, 151.32, 223.04, 0.00324753
_13540_, 151.32, 223.04, 0.00324753
_15111_, 151.32, 223.04, 0.00324753
_15112_, 151.32, 223.04, 0.00324753
_18331_, 151.32, 223.04, 0.00324753
FILLER_0_78_309, 151.32, 223.04, 0.00324753
_13658_, 176.32, 223.04, 0.00329032
_13794_, 176.32, 223.04, 0.00329032
_13816_, 176.32, 223.04, 0.00329032
_14955_, 176.32, 223.04, 0.00329032
_16817_, 176.32, 223.04, 0.00329032
_18906_, 176.32, 223.04, 0.00329032
FILLER_0_77_362, 176.32, 223.04, 0.00329032
FILLER_0_78_365, 176.32, 223.04, 0.00329032
FILLER_0_78_375, 176.32, 223.04, 0.00329032
_09975_, 201.32, 223.04, 0.00333778
_12199_, 201.32, 223.04, 0.00333778
_15961_, 201.32, 223.04, 0.00333778
_16923_, 201.32, 223.04, 0.00333778
clkbuf_leaf_27_i_clk, 201.32, 223.04, 0.00333778
FILLER_0_78_433, 201.32, 223.04, 0.00333778
FILLER_0_79_429, 201.32, 223.04, 0.00333778
_09057_, 226.32, 223.04, 0.00335285
_09060_, 226.32, 223.04, 0.00335285
_09062_, 226.32, 223.04, 0.00335285
_14196_, 226.32, 223.04, 0.00335285
_14471_, 226.32, 223.04, 0.00335285
_14608_, 226.32, 223.04, 0.00335285
_15323_, 226.32, 223.04, 0.00335285
_15590_, 251.32, 223.04, 0.0033434
_15963_, 251.32, 223.04, 0.0033434
_18105_, 251.32, 223.04, 0.0033434
hold376, 251.32, 223.04, 0.0033434
FILLER_0_78_526, 251.32, 223.04, 0.0033434
_09485_, 276.32, 223.04, 0.00331051
_17673_, 276.32, 223.04, 0.00331051
_18136_, 276.32, 223.04, 0.00331051
FILLER_0_78_577, 276.32, 223.04, 0.00331051
FILLER_0_78_585, 276.32, 223.04, 0.00331051
_11660_, 301.32, 223.04, 0.0032407
_19596_, 301.32, 223.04, 0.0032407
_19612_, 301.32, 223.04, 0.0032407
FILLER_0_78_641, 301.32, 223.04, 0.0032407
_10010_, 326.32, 223.04, 0.00312735
_10472_, 326.32, 223.04, 0.00312735
_10620_, 326.32, 223.04, 0.00312735
FILLER_0_78_692, 326.32, 223.04, 0.00312735
FILLER_0_79_706, 326.32, 223.04, 0.00312735
_18009_, 351.32, 223.04, 0.00294187
_19579_, 351.32, 223.04, 0.00294187
FILLER_0_78_750, 351.32, 223.04, 0.00294187
_10905_, 376.32, 223.04, 0.00276518
_15873_, 376.32, 223.04, 0.00276518
_15874_, 376.32, 223.04, 0.00276518
_17213_, 376.32, 223.04, 0.00276518
FILLER_0_77_794, 376.32, 223.04, 0.00276518
_10262_, 401.32, 223.04, 0.00278369
_10490_, 401.32, 223.04, 0.00278369
_10491_, 401.32, 223.04, 0.00278369
_10492_, 401.32, 223.04, 0.00278369
_10494_, 401.32, 223.04, 0.00278369
_10857_, 401.32, 223.04, 0.00278369
_10861_, 401.32, 223.04, 0.00278369
FILLER_0_78_869, 401.32, 223.04, 0.00278369
FILLER_0_79_864, 401.32, 223.04, 0.00278369
_10602_, 426.32, 223.04, 0.0029886
_10948_, 426.32, 223.04, 0.0029886
_10955_, 426.32, 223.04, 0.0029886
_11318_, 426.32, 223.04, 0.0029886
FILLER_0_78_925, 426.32, 223.04, 0.0029886
_10772_, 451.32, 223.04, 0.0031817
_11085_, 451.32, 223.04, 0.0031817
_11329_, 451.32, 223.04, 0.0031817
_11330_, 451.32, 223.04, 0.0031817
FILLER_0_77_961, 451.32, 223.04, 0.0031817
FILLER_0_78_971, 451.32, 223.04, 0.0031817
FILLER_0_78_977, 451.32, 223.04, 0.0031817
FILLER_0_78_981, 451.32, 223.04, 0.0031817
FILLER_0_79_977, 451.32, 223.04, 0.0031817
_11051_, 476.32, 223.04, 0.00328001
FILLER_0_78_1026, 476.32, 223.04, 0.00328001
_18436_, 5.52, 217.6, 0.00308315
PHY_150, 5.52, 217.6, 0.00308315
PHY_152, 5.52, 217.6, 0.00308315
FILLER_0_77_3, 5.52, 217.6, 0.00308315
PHY_151, 494.04, 217.6, 0.00330983
PHY_153, 494.04, 217.6, 0.00330983
_13452_, 26.32, 217.6, 0.00308637
_13453_, 26.32, 217.6, 0.00308637
_15165_, 26.32, 217.6, 0.00308637
_18308_, 26.32, 217.6, 0.00308637
_19076_, 26.32, 217.6, 0.00308637
FILLER_0_76_52, 26.32, 217.6, 0.00308637
_16108_, 51.32, 217.6, 0.00308928
_16143_, 51.32, 217.6, 0.00308928
_16151_, 51.32, 217.6, 0.00308928
_18235_, 51.32, 217.6, 0.00308928
FILLER_0_76_102, 51.32, 217.6, 0.00308928
FILLER_0_76_110, 51.32, 217.6, 0.00308928
FILLER_0_77_106, 51.32, 217.6, 0.00308928
_15251_, 76.32, 217.6, 0.0031001
_16106_, 76.32, 217.6, 0.0031001
_18234_, 76.32, 217.6, 0.0031001
FILLER_0_75_148, 76.32, 217.6, 0.0031001
FILLER_0_77_164, 76.32, 217.6, 0.0031001
_09971_, 101.32, 217.6, 0.00311659
_14604_, 101.32, 217.6, 0.00311659
_14605_, 101.32, 217.6, 0.00311659
_16142_, 101.32, 217.6, 0.00311659
_16425_, 101.32, 217.6, 0.00311659
FILLER_0_75_199, 101.32, 217.6, 0.00311659
FILLER_0_75_207, 101.32, 217.6, 0.00311659
FILLER_0_76_208, 101.32, 217.6, 0.00311659
_13796_, 126.32, 217.6, 0.00314711
_16188_, 126.32, 217.6, 0.00314711
_16745_, 126.32, 217.6, 0.00314711
_18916_, 126.32, 217.6, 0.00314711
FILLER_0_76_268, 126.32, 217.6, 0.00314711
FILLER_0_77_267, 126.32, 217.6, 0.00314711
_15940_, 151.32, 217.6, 0.00318862
_16178_, 151.32, 217.6, 0.00318862
_16816_, 151.32, 217.6, 0.00318862
_18330_, 151.32, 217.6, 0.00318862
_19035_, 151.32, 217.6, 0.00318862
FILLER_0_77_324, 151.32, 217.6, 0.00318862
FILLER_0_77_330, 151.32, 217.6, 0.00318862
_12191_, 176.32, 217.6, 0.00322471
_13815_, 176.32, 217.6, 0.00322471
_15044_, 176.32, 217.6, 0.00322471
_14053_, 201.32, 217.6, 0.00326063
_15939_, 201.32, 217.6, 0.00326063
_18810_, 201.32, 217.6, 0.00326063
FILLER_0_75_413, 201.32, 217.6, 0.00326063
FILLER_0_76_421, 201.32, 217.6, 0.00326063
_13546_, 226.32, 217.6, 0.00328468
_13615_, 226.32, 217.6, 0.00328468
_13683_, 226.32, 217.6, 0.00328468
_14472_, 226.32, 217.6, 0.00328468
_14776_, 226.32, 217.6, 0.00328468
_15526_, 251.32, 217.6, 0.00328603
FILLER_0_76_545, 251.32, 217.6, 0.00328603
_13544_, 276.32, 217.6, 0.00326469
_15527_, 276.32, 217.6, 0.00326469
_15528_, 276.32, 217.6, 0.00326469
_15962_, 276.32, 217.6, 0.00326469
FILLER_0_76_580, 276.32, 217.6, 0.00326469
_09619_, 301.32, 217.6, 0.00321915
_19616_, 301.32, 217.6, 0.00321915
hold98, 301.32, 217.6, 0.00321915
hold263, 301.32, 217.6, 0.00321915
_10465_, 326.32, 217.6, 0.00314438
_10503_, 326.32, 217.6, 0.00314438
_10619_, 326.32, 217.6, 0.00314438
_18017_, 326.32, 217.6, 0.00314438
max_cap95, 326.32, 217.6, 0.00314438
_10887_, 351.32, 217.6, 0.00301654
_10912_, 351.32, 217.6, 0.00301654
_15880_, 351.32, 217.6, 0.00301654
_17220_, 351.32, 217.6, 0.00301654
_19269_, 351.32, 217.6, 0.00301654
max_cap79, 351.32, 217.6, 0.00301654
FILLER_0_76_751, 351.32, 217.6, 0.00301654
_17212_, 376.32, 217.6, 0.00287054
_19262_, 376.32, 217.6, 0.00287054
FILLER_0_76_816, 376.32, 217.6, 0.00287054
_10530_, 401.32, 217.6, 0.0029174
_10858_, 401.32, 217.6, 0.0029174
_10888_, 401.32, 217.6, 0.0029174
_10889_, 401.32, 217.6, 0.0029174
_10612_, 426.32, 217.6, 0.00307557
_10922_, 426.32, 217.6, 0.00307557
_10923_, 426.32, 217.6, 0.00307557
_11021_, 426.32, 217.6, 0.00307557
_11027_, 426.32, 217.6, 0.00307557
_11271_, 426.32, 217.6, 0.00307557
FILLER_0_77_928, 426.32, 217.6, 0.00307557
_10724_, 451.32, 217.6, 0.00322049
_10899_, 451.32, 217.6, 0.00322049
_10953_, 451.32, 217.6, 0.00322049
_11067_, 451.32, 217.6, 0.00322049
_11084_, 451.32, 217.6, 0.00322049
FILLER_0_75_961, 451.32, 217.6, 0.00322049
FILLER_0_76_970, 451.32, 217.6, 0.00322049
_10641_, 476.32, 217.6, 0.00330886
_10642_, 476.32, 217.6, 0.00330886
_10766_, 476.32, 217.6, 0.00330886
_10769_, 476.32, 217.6, 0.00330886
_10890_, 476.32, 217.6, 0.00330886
PHY_146, 5.52, 212.16, 0.00301578
PHY_148, 5.52, 212.16, 0.00301578
output58, 5.52, 212.16, 0.00301578
PHY_147, 494.04, 212.16, 0.00331008
PHY_149, 494.04, 212.16, 0.00331008
FILLER_0_73_43, 26.32, 212.16, 0.00301269
FILLER_0_75_57, 26.32, 212.16, 0.00301269
_16334_, 51.32, 212.16, 0.00301762
FILLER_0_74_112, 51.32, 212.16, 0.00301762
FILLER_0_75_103, 51.32, 212.16, 0.00301762
FILLER_0_75_113, 51.32, 212.16, 0.00301762
_15320_, 76.32, 212.16, 0.00303106
_16070_, 76.32, 212.16, 0.00303106
_16462_, 76.32, 212.16, 0.00303106
FILLER_0_74_141, 76.32, 212.16, 0.00303106
FILLER_0_75_162, 76.32, 212.16, 0.00303106
_09973_, 101.32, 212.16, 0.00306476
_12207_, 101.32, 212.16, 0.00306476
_12208_, 101.32, 212.16, 0.00306476
ANTENNA_17, 101.32, 212.16, 0.00306476
FILLER_0_75_217, 101.32, 212.16, 0.00306476
_15497_, 126.32, 212.16, 0.00308272
_18151_, 126.32, 212.16, 0.00308272
FILLER_0_75_274, 126.32, 212.16, 0.00308272
_15494_, 151.32, 212.16, 0.00312192
_16827_, 151.32, 212.16, 0.00312192
_16959_, 151.32, 212.16, 0.00312192
FILLER_0_74_304, 151.32, 212.16, 0.00312192
_09956_, 176.32, 212.16, 0.00317652
_13679_, 176.32, 212.16, 0.00317652
_13680_, 176.32, 212.16, 0.00317652
clkbuf_leaf_26_i_clk, 176.32, 212.16, 0.00317652
FILLER_0_73_359, 176.32, 212.16, 0.00317652
FILLER_0_75_372, 176.32, 212.16, 0.00317652
_09964_, 201.32, 212.16, 0.00321017
_14397_, 201.32, 212.16, 0.00321017
_14398_, 201.32, 212.16, 0.00321017
_18650_, 201.32, 212.16, 0.00321017
FILLER_0_74_421, 201.32, 212.16, 0.00321017
_13477_, 226.32, 212.16, 0.00323999
_13751_, 226.32, 212.16, 0.00323999
_14677_, 226.32, 212.16, 0.00323999
_14844_, 226.32, 212.16, 0.00323999
hold430, 226.32, 212.16, 0.00323999
_09983_, 251.32, 212.16, 0.00325516
_09984_, 251.32, 212.16, 0.00325516
_14331_, 251.32, 212.16, 0.00325516
_14332_, 251.32, 212.16, 0.00325516
_16567_, 251.32, 212.16, 0.00325516
_18681_, 251.32, 212.16, 0.00325516
FILLER_0_73_525, 251.32, 212.16, 0.00325516
_09974_, 276.32, 212.16, 0.00324219
_12215_, 276.32, 212.16, 0.00324219
_13543_, 276.32, 212.16, 0.00324219
_16957_, 276.32, 212.16, 0.00324219
FILLER_0_75_596, 276.32, 212.16, 0.00324219
_09204_, 301.32, 212.16, 0.00320586
_09539_, 301.32, 212.16, 0.00320586
_09579_, 301.32, 212.16, 0.00320586
_18054_, 301.32, 212.16, 0.00320586
_18056_, 301.32, 212.16, 0.00320586
_19614_, 301.32, 212.16, 0.00320586
hold109, 301.32, 212.16, 0.00320586
FILLER_0_74_638, 301.32, 212.16, 0.00320586
FILLER_0_75_654, 301.32, 212.16, 0.00320586
_10209_, 326.32, 212.16, 0.00315691
_10504_, 326.32, 212.16, 0.00315691
_10505_, 326.32, 212.16, 0.00315691
_10667_, 326.32, 212.16, 0.00315691
_10525_, 351.32, 212.16, 0.00304615
_19580_, 351.32, 212.16, 0.00304615
wire84, 351.32, 212.16, 0.00304615
FILLER_0_73_746, 351.32, 212.16, 0.00304615
FILLER_0_74_753, 351.32, 212.16, 0.00304615
wire78, 376.32, 212.16, 0.00289414
FILLER_0_74_807, 376.32, 212.16, 0.00289414
FILLER_0_74_813, 376.32, 212.16, 0.00289414
_10691_, 401.32, 212.16, 0.0028967
_10781_, 401.32, 212.16, 0.0028967
FILLER_0_74_863, 401.32, 212.16, 0.0028967
FILLER_0_74_869, 401.32, 212.16, 0.0028967
FILLER_0_75_871, 401.32, 212.16, 0.0028967
_10596_, 426.32, 212.16, 0.00306075
_10874_, 426.32, 212.16, 0.00306075
_10996_, 426.32, 212.16, 0.00306075
_11020_, 426.32, 212.16, 0.00306075
FILLER_0_74_919, 426.32, 212.16, 0.00306075
FILLER_0_75_919, 426.32, 212.16, 0.00306075
_11244_, 451.32, 212.16, 0.00321684
_11309_, 451.32, 212.16, 0.00321684
_11310_, 451.32, 212.16, 0.00321684
FILLER_0_73_965, 451.32, 212.16, 0.00321684
FILLER_0_74_981, 451.32, 212.16, 0.00321684
_10637_, 476.32, 212.16, 0.00331938
_10644_, 476.32, 212.16, 0.00331938
_10750_, 476.32, 212.16, 0.00331938
_10767_, 476.32, 212.16, 0.00331938
_10840_, 476.32, 212.16, 0.00331938
_10896_, 476.32, 212.16, 0.00331938
FILLER_0_73_1017, 476.32, 212.16, 0.00331938
FILLER_0_74_1016, 476.32, 212.16, 0.00331938
_18505_, 5.52, 206.72, 0.00295425
PHY_142, 5.52, 206.72, 0.00295425
PHY_144, 5.52, 206.72, 0.00295425
PHY_143, 494.04, 206.72, 0.00329162
PHY_145, 494.04, 206.72, 0.00329162
_14810_, 26.32, 206.72, 0.00295704
_14818_, 26.32, 206.72, 0.00295704
_16332_, 26.32, 206.72, 0.00295704
_18473_, 26.32, 206.72, 0.00295704
_14813_, 51.32, 206.72, 0.00296228
_14816_, 51.32, 206.72, 0.00296228
_16368_, 51.32, 206.72, 0.00296228
_18470_, 51.32, 206.72, 0.00296228
FILLER_0_71_97, 51.32, 206.72, 0.00296228
_12200_, 76.32, 206.72, 0.00297757
_14536_, 76.32, 206.72, 0.00297757
_14537_, 76.32, 206.72, 0.00297757
_14771_, 76.32, 206.72, 0.00297757
_14772_, 76.32, 206.72, 0.00297757
clkbuf_leaf_15_i_clk, 76.32, 206.72, 0.00297757
FILLER_0_72_141, 76.32, 206.72, 0.00297757
FILLER_0_72_159, 76.32, 206.72, 0.00297757
FILLER_0_73_165, 76.32, 206.72, 0.00297757
_12204_, 101.32, 206.72, 0.00298988
_14908_, 101.32, 206.72, 0.00298988
_14909_, 101.32, 206.72, 0.00298988
FILLER_0_72_209, 101.32, 206.72, 0.00298988
FILLER_0_73_216, 101.32, 206.72, 0.00298988
_15496_, 126.32, 206.72, 0.00303168
_15501_, 126.32, 206.72, 0.00303168
_18149_, 126.32, 206.72, 0.00303168
_18150_, 126.32, 206.72, 0.00303168
_15495_, 151.32, 206.72, 0.00306957
_15979_, 151.32, 206.72, 0.00306957
_18154_, 151.32, 206.72, 0.00306957
FILLER_0_73_327, 151.32, 206.72, 0.00306957
_12195_, 176.32, 206.72, 0.00311291
_14193_, 176.32, 206.72, 0.00311291
_16888_, 176.32, 206.72, 0.00311291
_18746_, 176.32, 206.72, 0.00311291
_18970_, 176.32, 206.72, 0.00311291
_09958_, 201.32, 206.72, 0.00315162
_12193_, 201.32, 206.72, 0.00315162
_13883_, 201.32, 206.72, 0.00315162
_13884_, 201.32, 206.72, 0.00315162
FILLER_0_72_415, 201.32, 206.72, 0.00315162
FILLER_0_72_421, 201.32, 206.72, 0.00315162
FILLER_0_73_429, 201.32, 206.72, 0.00315162
FILLER_0_73_437, 201.32, 206.72, 0.00315162
_12211_, 226.32, 206.72, 0.00318743
_12212_, 226.32, 206.72, 0.00318743
_14979_, 226.32, 206.72, 0.00318743
_18393_, 226.32, 206.72, 0.00318743
_12219_, 251.32, 206.72, 0.00320791
_12229_, 251.32, 206.72, 0.00320791
FILLER_0_72_533, 251.32, 206.72, 0.00320791
FILLER_0_73_542, 251.32, 206.72, 0.00320791
_09981_, 276.32, 206.72, 0.00320353
_13682_, 276.32, 206.72, 0.00320353
_18969_, 276.32, 206.72, 0.00320353
ANTENNA_136, 276.32, 206.72, 0.00320353
FILLER_0_72_583, 276.32, 206.72, 0.00320353
FILLER_0_73_590, 276.32, 206.72, 0.00320353
_09484_, 301.32, 206.72, 0.00318005
_09639_, 301.32, 206.72, 0.00318005
_19617_, 301.32, 206.72, 0.00318005
hold307, 301.32, 206.72, 0.00318005
ANTENNA_29, 301.32, 206.72, 0.00318005
_10008_, 326.32, 206.72, 0.00313343
_10207_, 326.32, 206.72, 0.00313343
_10657_, 326.32, 206.72, 0.00313343
_17237_, 326.32, 206.72, 0.00313343
max_cap82, 326.32, 206.72, 0.00313343
FILLER_0_72_695, 326.32, 206.72, 0.00313343
_10788_, 351.32, 206.72, 0.00305043
_18014_, 351.32, 206.72, 0.00305043
_19583_, 351.32, 206.72, 0.00305043
max_cap85, 351.32, 206.72, 0.00305043
clkbuf_leaf_123_i_clk, 351.32, 206.72, 0.00305043
FILLER_0_71_748, 351.32, 206.72, 0.00305043
FILLER_0_72_746, 351.32, 206.72, 0.00305043
_17214_, 376.32, 206.72, 0.0029592
_17215_, 376.32, 206.72, 0.0029592
clkbuf_leaf_127_i_clk, 376.32, 206.72, 0.0029592
FILLER_0_72_806, 376.32, 206.72, 0.0029592
FILLER_0_72_813, 376.32, 206.72, 0.0029592
_10785_, 401.32, 206.72, 0.00297817
FILLER_0_71_853, 401.32, 206.72, 0.00297817
_10810_, 426.32, 206.72, 0.00311411
_10811_, 426.32, 206.72, 0.00311411
_10815_, 426.32, 206.72, 0.00311411
_10952_, 426.32, 206.72, 0.00311411
_11026_, 426.32, 206.72, 0.00311411
_11243_, 426.32, 206.72, 0.00311411
FILLER_0_72_915, 426.32, 206.72, 0.00311411
FILLER_0_73_915, 426.32, 206.72, 0.00311411
_10758_, 451.32, 206.72, 0.00325045
_10761_, 451.32, 206.72, 0.00325045
_10773_, 451.32, 206.72, 0.00325045
_11170_, 451.32, 206.72, 0.00325045
FILLER_0_72_958, 451.32, 206.72, 0.00325045
FILLER_0_72_974, 451.32, 206.72, 0.00325045
FILLER_0_72_981, 451.32, 206.72, 0.00325045
_10762_, 476.32, 206.72, 0.00329403
_10764_, 476.32, 206.72, 0.00329403
_10765_, 476.32, 206.72, 0.00329403
FILLER_0_71_1018, 476.32, 206.72, 0.00329403
FILLER_0_72_1031, 476.32, 206.72, 0.00329403
FILLER_0_72_1037, 476.32, 206.72, 0.00329403
PHY_138, 5.52, 201.28, 0.00289854
PHY_140, 5.52, 201.28, 0.00289854
FILLER_0_71_3, 5.52, 201.28, 0.00289854
PHY_139, 494.04, 201.28, 0.0032998
PHY_141, 494.04, 201.28, 0.0032998
_14809_, 26.32, 201.28, 0.00290086
_14817_, 26.32, 201.28, 0.00290086
_18469_, 26.32, 201.28, 0.00290086
FILLER_0_70_38, 26.32, 201.28, 0.00290086
_14734_, 51.32, 201.28, 0.00289653
_14735_, 51.32, 201.28, 0.00289653
_18502_, 51.32, 201.28, 0.00289653
FILLER_0_69_92, 51.32, 201.28, 0.00289653
FILLER_0_70_97, 51.32, 201.28, 0.00289653
_14709_, 76.32, 201.28, 0.00289858
_16355_, 76.32, 201.28, 0.00289858
_18490_, 76.32, 201.28, 0.00289858
FILLER_0_69_145, 76.32, 201.28, 0.00289858
FILLER_0_70_167, 76.32, 201.28, 0.00289858
FILLER_0_71_161, 76.32, 201.28, 0.00289858
_14466_, 101.32, 201.28, 0.0029192
_14467_, 101.32, 201.28, 0.0029192
_16284_, 101.32, 201.28, 0.0029192
_18426_, 101.32, 201.28, 0.0029192
_18618_, 101.32, 201.28, 0.0029192
FILLER_0_70_200, 101.32, 201.28, 0.0029192
_14733_, 126.32, 201.28, 0.00295947
_14736_, 126.32, 201.28, 0.00295947
_15498_, 126.32, 201.28, 0.00295947
_15500_, 126.32, 201.28, 0.00295947
FILLER_0_70_253, 126.32, 201.28, 0.00295947
_15490_, 151.32, 201.28, 0.00301341
_15491_, 151.32, 201.28, 0.00301341
_16638_, 151.32, 201.28, 0.00301341
clkbuf_leaf_23_i_clk, 151.32, 201.28, 0.00301341
FILLER_0_70_322, 151.32, 201.28, 0.00301341
FILLER_0_71_318, 151.32, 201.28, 0.00301341
_09960_, 176.32, 201.28, 0.00305584
_11935_, 176.32, 201.28, 0.00305584
_16639_, 176.32, 201.28, 0.00305584
FILLER_0_70_365, 176.32, 201.28, 0.00305584
FILLER_0_71_381, 176.32, 201.28, 0.00305584
_14672_, 201.32, 201.28, 0.00310098
_14673_, 201.32, 201.28, 0.00310098
_16781_, 201.32, 201.28, 0.00310098
_18522_, 201.32, 201.28, 0.00310098
hold387, 201.32, 201.28, 0.00310098
_09977_, 226.32, 201.28, 0.0031376
_09978_, 226.32, 201.28, 0.0031376
_13817_, 226.32, 201.28, 0.0031376
_14978_, 226.32, 201.28, 0.0031376
_16176_, 226.32, 201.28, 0.0031376
_16247_, 226.32, 201.28, 0.0031376
FILLER_0_69_474, 226.32, 201.28, 0.0031376
_09979_, 251.32, 201.28, 0.00316124
_09980_, 251.32, 201.28, 0.00316124
_14400_, 251.32, 201.28, 0.00316124
_18649_, 251.32, 201.28, 0.00316124
FILLER_0_70_527, 251.32, 201.28, 0.00316124
FILLER_0_70_533, 251.32, 201.28, 0.00316124
_09070_, 276.32, 201.28, 0.00317148
_09086_, 276.32, 201.28, 0.00317148
_13681_, 276.32, 201.28, 0.00317148
FILLER_0_70_581, 276.32, 201.28, 0.00317148
FILLER_0_71_589, 276.32, 201.28, 0.00317148
_09082_, 301.32, 201.28, 0.00316329
_09090_, 301.32, 201.28, 0.00316329
_18049_, 301.32, 201.28, 0.00316329
_18053_, 301.32, 201.28, 0.00316329
_19609_, 301.32, 201.28, 0.00316329
hold184, 301.32, 201.28, 0.00316329
FILLER_0_70_631, 301.32, 201.28, 0.00316329
_10014_, 326.32, 201.28, 0.00314002
_10208_, 326.32, 201.28, 0.00314002
_10235_, 326.32, 201.28, 0.00314002
_10521_, 326.32, 201.28, 0.00314002
_18067_, 326.32, 201.28, 0.00314002
FILLER_0_70_691, 326.32, 201.28, 0.00314002
_10742_, 351.32, 201.28, 0.00306655
_10743_, 351.32, 201.28, 0.00306655
_15879_, 351.32, 201.28, 0.00306655
_19584_, 351.32, 201.28, 0.00306655
FILLER_0_70_752, 351.32, 201.28, 0.00306655
FILLER_0_70_757, 351.32, 201.28, 0.00306655
_10232_, 376.32, 201.28, 0.00300229
_10233_, 376.32, 201.28, 0.00300229
_10692_, 401.32, 201.28, 0.00305595
_10784_, 401.32, 201.28, 0.00305595
_10851_, 401.32, 201.28, 0.00305595
FILLER_0_70_863, 401.32, 201.28, 0.00305595
FILLER_0_71_861, 401.32, 201.28, 0.00305595
_10734_, 426.32, 201.28, 0.00316047
_10926_, 426.32, 201.28, 0.00316047
_10995_, 426.32, 201.28, 0.00316047
FILLER_0_69_908, 426.32, 201.28, 0.00316047
FILLER_0_70_918, 426.32, 201.28, 0.00316047
FILLER_0_71_927, 426.32, 201.28, 0.00316047
_10660_, 451.32, 201.28, 0.00330634
_10665_, 451.32, 201.28, 0.00330634
_11041_, 451.32, 201.28, 0.00330634
_11168_, 451.32, 201.28, 0.00330634
_11323_, 451.32, 201.28, 0.00330634
_11345_, 451.32, 201.28, 0.00330634
FILLER_0_70_967, 451.32, 201.28, 0.00330634
FILLER_0_70_981, 451.32, 201.28, 0.00330634
FILLER_0_71_976, 451.32, 201.28, 0.00330634
_10633_, 476.32, 201.28, 0.00332875
_10634_, 476.32, 201.28, 0.00332875
_10763_, 476.32, 201.28, 0.00332875
_10841_, 476.32, 201.28, 0.00332875
FILLER_0_69_1018, 476.32, 201.28, 0.00332875
FILLER_0_70_1014, 476.32, 201.28, 0.00332875
FILLER_0_70_1033, 476.32, 201.28, 0.00332875
_18504_, 5.52, 195.84, 0.00282851
PHY_134, 5.52, 195.84, 0.00282851
PHY_136, 5.52, 195.84, 0.00282851
FILLER_0_68_3, 5.52, 195.84, 0.00282851
PHY_135, 494.04, 195.84, 0.00327169
PHY_137, 494.04, 195.84, 0.00327169
_14812_, 26.32, 195.84, 0.0028307
_16335_, 26.32, 195.84, 0.0028307
_16474_, 26.32, 195.84, 0.0028307
_18472_, 26.32, 195.84, 0.0028307
_18949_, 26.32, 195.84, 0.0028307
FILLER_0_69_52, 26.32, 195.84, 0.0028307
_14723_, 51.32, 195.84, 0.00283066
_16328_, 51.32, 195.84, 0.00283066
_16361_, 51.32, 195.84, 0.00283066
_16373_, 51.32, 195.84, 0.00283066
_16374_, 51.32, 195.84, 0.00283066
_18474_, 51.32, 195.84, 0.00283066
_18506_, 51.32, 195.84, 0.00283066
FILLER_0_68_88, 51.32, 195.84, 0.00283066
_14711_, 76.32, 195.84, 0.00283173
_16376_, 76.32, 195.84, 0.00283173
_16377_, 76.32, 195.84, 0.00283173
_18510_, 76.32, 195.84, 0.00283173
FILLER_0_68_145, 76.32, 195.84, 0.00283173
FILLER_0_69_163, 76.32, 195.84, 0.00283173
_16497_, 101.32, 195.84, 0.00284592
_16783_, 101.32, 195.84, 0.00284592
_16982_, 101.32, 195.84, 0.00284592
FILLER_0_68_197, 101.32, 195.84, 0.00284592
FILLER_0_68_217, 101.32, 195.84, 0.00284592
FILLER_0_69_216, 101.32, 195.84, 0.00284592
_16014_, 126.32, 195.84, 0.00287688
FILLER_0_68_253, 126.32, 195.84, 0.00287688
FILLER_0_68_273, 126.32, 195.84, 0.00287688
_14727_, 151.32, 195.84, 0.00293812
_15423_, 151.32, 195.84, 0.00293812
_18186_, 151.32, 195.84, 0.00293812
FILLER_0_68_304, 151.32, 195.84, 0.00293812
FILLER_0_68_309, 151.32, 195.84, 0.00293812
FILLER_0_68_317, 151.32, 195.84, 0.00293812
_15416_, 176.32, 195.84, 0.00299208
_18189_, 176.32, 195.84, 0.00299208
ANTENNA_2, 176.32, 195.84, 0.00299208
FILLER_0_68_358, 176.32, 195.84, 0.00299208
_15481_, 201.32, 195.84, 0.00304536
_15983_, 201.32, 195.84, 0.00304536
_16390_, 201.32, 195.84, 0.00304536
FILLER_0_68_413, 201.32, 195.84, 0.00304536
FILLER_0_69_437, 201.32, 195.84, 0.00304536
_13818_, 226.32, 195.84, 0.00310141
_18905_, 226.32, 195.84, 0.00310141
clkbuf_leaf_161_i_clk, 226.32, 195.84, 0.00310141
FILLER_0_68_469, 226.32, 195.84, 0.00310141
_12213_, 251.32, 195.84, 0.00311714
_12214_, 251.32, 195.84, 0.00311714
_14399_, 251.32, 195.84, 0.00311714
hold419, 251.32, 195.84, 0.00311714
FILLER_0_67_532, 251.32, 195.84, 0.00311714
FILLER_0_68_533, 251.32, 195.84, 0.00311714
_16637_, 276.32, 195.84, 0.00312958
FILLER_0_67_584, 276.32, 195.84, 0.00312958
FILLER_0_68_581, 276.32, 195.84, 0.00312958
_09679_, 301.32, 195.84, 0.00314577
clkbuf_4_9__f_i_clk, 301.32, 195.84, 0.00314577
FILLER_0_67_641, 301.32, 195.84, 0.00314577
_10013_, 326.32, 195.84, 0.00309424
_10250_, 326.32, 195.84, 0.00309424
hold208, 326.32, 195.84, 0.00309424
FILLER_0_67_696, 326.32, 195.84, 0.00309424
FILLER_0_68_701, 326.32, 195.84, 0.00309424
FILLER_0_69_700, 326.32, 195.84, 0.00309424
_10693_, 351.32, 195.84, 0.00306357
FILLER_0_67_747, 351.32, 195.84, 0.00306357
FILLER_0_68_749, 351.32, 195.84, 0.00306357
FILLER_0_68_757, 351.32, 195.84, 0.00306357
_10699_, 376.32, 195.84, 0.00304598
_10853_, 376.32, 195.84, 0.00304598
_15876_, 376.32, 195.84, 0.00304598
FILLER_0_68_806, 376.32, 195.84, 0.00304598
FILLER_0_69_810, 376.32, 195.84, 0.00304598
_10678_, 401.32, 195.84, 0.00307113
_10739_, 401.32, 195.84, 0.00307113
_10752_, 401.32, 195.84, 0.00307113
_10826_, 401.32, 195.84, 0.00307113
FILLER_0_68_861, 401.32, 195.84, 0.00307113
_10729_, 426.32, 195.84, 0.00319678
_10921_, 426.32, 195.84, 0.00319678
_11019_, 426.32, 195.84, 0.00319678
_11151_, 426.32, 195.84, 0.00319678
_11152_, 426.32, 195.84, 0.00319678
_11153_, 426.32, 195.84, 0.00319678
FILLER_0_68_917, 426.32, 195.84, 0.00319678
FILLER_0_69_927, 426.32, 195.84, 0.00319678
_10664_, 451.32, 195.84, 0.00327733
_10805_, 451.32, 195.84, 0.00327733
_11167_, 451.32, 195.84, 0.00327733
_11191_, 451.32, 195.84, 0.00327733
FILLER_0_67_965, 451.32, 195.84, 0.00327733
FILLER_0_68_977, 451.32, 195.84, 0.00327733
FILLER_0_69_974, 451.32, 195.84, 0.00327733
_10629_, 476.32, 195.84, 0.00328084
_10845_, 476.32, 195.84, 0.00328084
FILLER_0_67_1021, 476.32, 195.84, 0.00328084
FILLER_0_68_1029, 476.32, 195.84, 0.00328084
_18598_, 5.52, 190.4, 0.00275763
PHY_130, 5.52, 190.4, 0.00275763
PHY_132, 5.52, 190.4, 0.00275763
FILLER_0_67_3, 5.52, 190.4, 0.00275763
PHY_131, 494.04, 190.4, 0.00326226
PHY_133, 494.04, 190.4, 0.00326226
_13724_, 26.32, 190.4, 0.00275302
_13725_, 26.32, 190.4, 0.00275302
_14811_, 26.32, 190.4, 0.00275302
FILLER_0_66_39, 26.32, 190.4, 0.00275302
_14722_, 51.32, 190.4, 0.00274859
_14807_, 51.32, 190.4, 0.00274859
_14808_, 51.32, 190.4, 0.00274859
_14710_, 76.32, 190.4, 0.00275115
_14713_, 76.32, 190.4, 0.00275115
_14714_, 76.32, 190.4, 0.00275115
_14716_, 76.32, 190.4, 0.00275115
_14717_, 76.32, 190.4, 0.00275115
FILLER_0_65_149, 76.32, 190.4, 0.00275115
FILLER_0_66_153, 76.32, 190.4, 0.00275115
FILLER_0_66_165, 76.32, 190.4, 0.00275115
_16217_, 101.32, 190.4, 0.00277192
_16538_, 101.32, 190.4, 0.00277192
_16539_, 101.32, 190.4, 0.00277192
_16572_, 101.32, 190.4, 0.00277192
FILLER_0_65_201, 101.32, 190.4, 0.00277192
FILLER_0_66_197, 101.32, 190.4, 0.00277192
_09137_, 126.32, 190.4, 0.00282213
_09141_, 126.32, 190.4, 0.00282213
_09686_, 126.32, 190.4, 0.00282213
_14017_, 126.32, 190.4, 0.00282213
_15428_, 126.32, 190.4, 0.00282213
_15429_, 126.32, 190.4, 0.00282213
FILLER_0_66_265, 126.32, 190.4, 0.00282213
FILLER_0_67_273, 126.32, 190.4, 0.00282213
_09646_, 151.32, 190.4, 0.0028705
_15422_, 151.32, 190.4, 0.0028705
_15426_, 151.32, 190.4, 0.0028705
FILLER_0_66_318, 151.32, 190.4, 0.0028705
_09508_, 176.32, 190.4, 0.00293825
_15413_, 176.32, 190.4, 0.00293825
_15417_, 176.32, 190.4, 0.00293825
_16020_, 176.32, 190.4, 0.00293825
_16021_, 176.32, 190.4, 0.00293825
_15486_, 201.32, 190.4, 0.00299728
_15985_, 201.32, 190.4, 0.00299728
_16094_, 201.32, 190.4, 0.00299728
_18158_, 201.32, 190.4, 0.00299728
FILLER_0_66_433, 201.32, 190.4, 0.00299728
_14843_, 226.32, 190.4, 0.00304016
_16815_, 226.32, 190.4, 0.00304016
FILLER_0_66_469, 226.32, 190.4, 0.00304016
FILLER_0_66_477, 226.32, 190.4, 0.00304016
_09987_, 251.32, 190.4, 0.00307804
_14056_, 251.32, 190.4, 0.00307804
_15460_, 251.32, 190.4, 0.00307804
_18809_, 251.32, 190.4, 0.00307804
FILLER_0_65_533, 251.32, 190.4, 0.00307804
_09989_, 276.32, 190.4, 0.00310021
_12222_, 276.32, 190.4, 0.00310021
_13955_, 276.32, 190.4, 0.00310021
_18841_, 276.32, 190.4, 0.00310021
ANTENNA_16, 276.32, 190.4, 0.00310021
ANTENNA_43, 276.32, 190.4, 0.00310021
ANTENNA_45, 276.32, 190.4, 0.00310021
ANTENNA_106, 276.32, 190.4, 0.00310021
FILLER_0_65_579, 276.32, 190.4, 0.00310021
FILLER_0_67_592, 276.32, 190.4, 0.00310021
_18070_, 301.32, 190.4, 0.00310065
_19611_, 301.32, 190.4, 0.00310065
FILLER_0_65_640, 301.32, 190.4, 0.00310065
FILLER_0_66_633, 301.32, 190.4, 0.00310065
FILLER_0_66_641, 301.32, 190.4, 0.00310065
_09324_, 326.32, 190.4, 0.00308735
_10695_, 326.32, 190.4, 0.00308735
_19585_, 326.32, 190.4, 0.00308735
hold198, 326.32, 190.4, 0.00308735
_09404_, 351.32, 190.4, 0.00308651
_10829_, 351.32, 190.4, 0.00308651
_15617_, 351.32, 190.4, 0.00308651
_19268_, 351.32, 190.4, 0.00308651
_19582_, 351.32, 190.4, 0.00308651
hold182, 351.32, 190.4, 0.00308651
FILLER_0_66_750, 351.32, 190.4, 0.00308651
_10265_, 376.32, 190.4, 0.0030372
_10830_, 376.32, 190.4, 0.0030372
_17218_, 376.32, 190.4, 0.0030372
FILLER_0_66_804, 376.32, 190.4, 0.0030372
FILLER_0_67_815, 376.32, 190.4, 0.0030372
_10870_, 401.32, 190.4, 0.00306958
FILLER_0_66_861, 401.32, 190.4, 0.00306958
_10728_, 426.32, 190.4, 0.0031582
_10969_, 426.32, 190.4, 0.0031582
_10979_, 426.32, 190.4, 0.0031582
_10980_, 426.32, 190.4, 0.0031582
FILLER_0_65_905, 426.32, 190.4, 0.0031582
FILLER_0_66_920, 426.32, 190.4, 0.0031582
FILLER_0_67_917, 426.32, 190.4, 0.0031582
_10520_, 451.32, 190.4, 0.00322362
_10799_, 451.32, 190.4, 0.00322362
_10869_, 451.32, 190.4, 0.00322362
_11029_, 451.32, 190.4, 0.00322362
_10581_, 476.32, 190.4, 0.00328169
_10643_, 476.32, 190.4, 0.00328169
_10652_, 476.32, 190.4, 0.00328169
_10713_, 476.32, 190.4, 0.00328169
_10714_, 476.32, 190.4, 0.00328169
FILLER_0_66_1021, 476.32, 190.4, 0.00328169
FILLER_0_66_1030, 476.32, 190.4, 0.00328169
PHY_126, 5.52, 184.96, 0.00269273
PHY_128, 5.52, 184.96, 0.00269273
output63, 5.52, 184.96, 0.00269273
FILLER_0_64_3, 5.52, 184.96, 0.00269273
PHY_127, 494.04, 184.96, 0.00326922
PHY_129, 494.04, 184.96, 0.00326922
_09649_, 26.32, 184.96, 0.00268682
_11947_, 26.32, 184.96, 0.00268682
_13719_, 26.32, 184.96, 0.00268682
_16867_, 26.32, 184.96, 0.00268682
FILLER_0_63_39, 26.32, 184.96, 0.00268682
FILLER_0_64_44, 26.32, 184.96, 0.00268682
FILLER_0_65_51, 26.32, 184.96, 0.00268682
_09669_, 51.32, 184.96, 0.00268209
_09670_, 51.32, 184.96, 0.00268209
_11905_, 51.32, 184.96, 0.00268209
_18950_, 51.32, 184.96, 0.00268209
FILLER_0_64_107, 51.32, 184.96, 0.00268209
FILLER_0_65_105, 51.32, 184.96, 0.00268209
_14802_, 76.32, 184.96, 0.00267817
_16375_, 76.32, 184.96, 0.00267817
_18477_, 76.32, 184.96, 0.00267817
FILLER_0_64_141, 76.32, 184.96, 0.00267817
FILLER_0_64_153, 76.32, 184.96, 0.00267817
FILLER_0_65_161, 76.32, 184.96, 0.00267817
_13705_, 101.32, 184.96, 0.00268682
_16028_, 101.32, 184.96, 0.00268682
_16594_, 101.32, 184.96, 0.00268682
hold391, 101.32, 184.96, 0.00268682
FILLER_0_65_218, 101.32, 184.96, 0.00268682
_09706_, 126.32, 184.96, 0.00272999
_11902_, 126.32, 184.96, 0.00272999
_11944_, 126.32, 184.96, 0.00272999
_14014_, 126.32, 184.96, 0.00272999
FILLER_0_64_253, 126.32, 184.96, 0.00272999
FILLER_0_64_269, 126.32, 184.96, 0.00272999
_09606_, 151.32, 184.96, 0.00280076
_09647_, 151.32, 184.96, 0.00280076
_14008_, 151.32, 184.96, 0.00280076
FILLER_0_64_321, 151.32, 184.96, 0.00280076
FILLER_0_65_326, 151.32, 184.96, 0.00280076
_11744_, 176.32, 184.96, 0.00288187
_11746_, 176.32, 184.96, 0.00288187
_15418_, 176.32, 184.96, 0.00288187
ANTENNA_101, 176.32, 184.96, 0.00288187
_14708_, 201.32, 184.96, 0.0029583
_14715_, 201.32, 184.96, 0.0029583
_15482_, 201.32, 184.96, 0.0029583
_15483_, 201.32, 184.96, 0.0029583
_15984_, 201.32, 184.96, 0.0029583
_15987_, 201.32, 184.96, 0.0029583
FILLER_0_64_437, 201.32, 184.96, 0.0029583
_12227_, 226.32, 184.96, 0.00300231
_14842_, 226.32, 184.96, 0.00300231
_16319_, 226.32, 184.96, 0.00300231
ANTENNA_20, 226.32, 184.96, 0.00300231
_09986_, 251.32, 184.96, 0.0030453
_09994_, 251.32, 184.96, 0.0030453
_12221_, 251.32, 184.96, 0.0030453
_12228_, 251.32, 184.96, 0.0030453
_14055_, 251.32, 184.96, 0.0030453
ANTENNA_39, 251.32, 184.96, 0.0030453
ANTENNA_104, 251.32, 184.96, 0.0030453
FILLER_0_64_533, 251.32, 184.96, 0.0030453
FILLER_0_64_547, 251.32, 184.96, 0.0030453
_09988_, 276.32, 184.96, 0.00306697
_12223_, 276.32, 184.96, 0.00306697
_13954_, 276.32, 184.96, 0.00306697
_15480_, 276.32, 184.96, 0.00306697
_16424_, 276.32, 184.96, 0.00306697
_16602_, 276.32, 184.96, 0.00306697
ANTENNA_18, 276.32, 184.96, 0.00306697
ANTENNA_41, 276.32, 184.96, 0.00306697
ANTENNA_138, 276.32, 184.96, 0.00306697
FILLER_0_64_601, 276.32, 184.96, 0.00306697
_15472_, 301.32, 184.96, 0.00307842
_15475_, 301.32, 184.96, 0.00307842
_15476_, 301.32, 184.96, 0.00307842
_15989_, 301.32, 184.96, 0.00307842
_18161_, 301.32, 184.96, 0.00307842
_18163_, 301.32, 184.96, 0.00307842
FILLER_0_64_640, 301.32, 184.96, 0.00307842
FILLER_0_64_648, 301.32, 184.96, 0.00307842
_18068_, 326.32, 184.96, 0.00306129
_19618_, 326.32, 184.96, 0.00306129
FILLER_0_64_692, 326.32, 184.96, 0.00306129
FILLER_0_65_702, 326.32, 184.96, 0.00306129
_17219_, 351.32, 184.96, 0.00304716
_18062_, 351.32, 184.96, 0.00304716
_18064_, 351.32, 184.96, 0.00304716
_18065_, 351.32, 184.96, 0.00304716
FILLER_0_63_742, 351.32, 184.96, 0.00304716
FILLER_0_64_751, 351.32, 184.96, 0.00304716
FILLER_0_64_757, 351.32, 184.96, 0.00304716
_10248_, 376.32, 184.96, 0.00307469
_10267_, 376.32, 184.96, 0.00307469
_10506_, 376.32, 184.96, 0.00307469
_17217_, 376.32, 184.96, 0.00307469
FILLER_0_63_797, 376.32, 184.96, 0.00307469
FILLER_0_64_808, 376.32, 184.96, 0.00307469
FILLER_0_64_813, 376.32, 184.96, 0.00307469
FILLER_0_65_811, 376.32, 184.96, 0.00307469
_10725_, 401.32, 184.96, 0.00310484
_10807_, 401.32, 184.96, 0.00310484
FILLER_0_63_860, 401.32, 184.96, 0.00310484
FILLER_0_64_860, 401.32, 184.96, 0.00310484
FILLER_0_64_869, 401.32, 184.96, 0.00310484
FILLER_0_65_867, 401.32, 184.96, 0.00310484
_10659_, 426.32, 184.96, 0.00321772
_10661_, 426.32, 184.96, 0.00321772
_10732_, 426.32, 184.96, 0.00321772
_10776_, 426.32, 184.96, 0.00321772
_10876_, 426.32, 184.96, 0.00321772
_10951_, 426.32, 184.96, 0.00321772
FILLER_0_64_917, 426.32, 184.96, 0.00321772
FILLER_0_65_919, 426.32, 184.96, 0.00321772
_10862_, 451.32, 184.96, 0.0032691
_10864_, 451.32, 184.96, 0.0032691
_11188_, 451.32, 184.96, 0.0032691
_11189_, 451.32, 184.96, 0.0032691
FILLER_0_64_958, 451.32, 184.96, 0.0032691
FILLER_0_64_981, 451.32, 184.96, 0.0032691
FILLER_0_65_979, 451.32, 184.96, 0.0032691
_10539_, 476.32, 184.96, 0.00329799
_10586_, 476.32, 184.96, 0.00329799
_10802_, 476.32, 184.96, 0.00329799
_10863_, 476.32, 184.96, 0.00329799
FILLER_0_63_1018, 476.32, 184.96, 0.00329799
FILLER_0_64_1027, 476.32, 184.96, 0.00329799
FILLER_0_64_1037, 476.32, 184.96, 0.00329799
_18599_, 5.52, 179.52, 0.00263494
PHY_122, 5.52, 179.52, 0.00263494
PHY_124, 5.52, 179.52, 0.00263494
FILLER_0_63_3, 5.52, 179.52, 0.00263494
PHY_123, 494.04, 179.52, 0.00324594
PHY_125, 494.04, 179.52, 0.00324594
_09709_, 26.32, 179.52, 0.00263735
_13718_, 26.32, 179.52, 0.00263735
_18952_, 26.32, 179.52, 0.00263735
clkbuf_leaf_10_i_clk, 26.32, 179.52, 0.00263735
FILLER_0_62_38, 26.32, 179.52, 0.00263735
_11906_, 51.32, 179.52, 0.0026147
_13720_, 51.32, 179.52, 0.0026147
_13721_, 51.32, 179.52, 0.0026147
FILLER_0_62_113, 51.32, 179.52, 0.0026147
FILLER_0_63_105, 51.32, 179.52, 0.0026147
FILLER_0_63_113, 51.32, 179.52, 0.0026147
_09515_, 76.32, 179.52, 0.00260476
_09516_, 76.32, 179.52, 0.00260476
_11752_, 76.32, 179.52, 0.00260476
_11753_, 76.32, 179.52, 0.00260476
_14494_, 76.32, 179.52, 0.00260476
_14499_, 76.32, 179.52, 0.00260476
FILLER_0_62_141, 76.32, 179.52, 0.00260476
_14303_, 101.32, 179.52, 0.00261198
_14307_, 101.32, 179.52, 0.00261198
_16341_, 101.32, 179.52, 0.00261198
_18693_, 101.32, 179.52, 0.00261198
FILLER_0_63_214, 101.32, 179.52, 0.00261198
FILLER_0_63_221, 101.32, 179.52, 0.00261198
_09133_, 126.32, 179.52, 0.00266198
_09707_, 126.32, 179.52, 0.00266198
_11945_, 126.32, 179.52, 0.00266198
_13583_, 126.32, 179.52, 0.00266198
_13584_, 126.32, 179.52, 0.00266198
_13587_, 126.32, 179.52, 0.00266198
_14011_, 126.32, 179.52, 0.00266198
FILLER_0_63_276, 126.32, 179.52, 0.00266198
_09129_, 151.32, 179.52, 0.00273388
_13581_, 151.32, 179.52, 0.00273388
_19016_, 151.32, 179.52, 0.00273388
FILLER_0_62_329, 151.32, 179.52, 0.00273388
FILLER_0_63_326, 151.32, 179.52, 0.00273388
_16022_, 176.32, 179.52, 0.00281194
_19020_, 176.32, 179.52, 0.00281194
FILLER_0_62_360, 176.32, 179.52, 0.00281194
_13996_, 201.32, 179.52, 0.00289707
_14287_, 201.32, 179.52, 0.00289707
_14293_, 201.32, 179.52, 0.00289707
_18700_, 201.32, 179.52, 0.00289707
FILLER_0_62_433, 201.32, 179.52, 0.00289707
FILLER_0_63_438, 201.32, 179.52, 0.00289707
_09993_, 226.32, 179.52, 0.00296392
_12224_, 226.32, 179.52, 0.00296392
_12226_, 226.32, 179.52, 0.00296392
_18617_, 226.32, 179.52, 0.00296392
ANTENNA_139, 226.32, 179.52, 0.00296392
FILLER_0_62_472, 226.32, 179.52, 0.00296392
FILLER_0_62_477, 226.32, 179.52, 0.00296392
_09255_, 251.32, 179.52, 0.00301789
_11492_, 251.32, 179.52, 0.00301789
_11494_, 251.32, 179.52, 0.00301789
_16354_, 251.32, 179.52, 0.00301789
FILLER_0_62_533, 251.32, 179.52, 0.00301789
_09251_, 276.32, 179.52, 0.00303979
_11488_, 276.32, 179.52, 0.00303979
_15479_, 276.32, 179.52, 0.00303979
_18159_, 276.32, 179.52, 0.00303979
FILLER_0_61_576, 276.32, 179.52, 0.00303979
_15471_, 301.32, 179.52, 0.00305114
FILLER_0_61_635, 301.32, 179.52, 0.00305114
FILLER_0_62_633, 301.32, 179.52, 0.00305114
FILLER_0_62_641, 301.32, 179.52, 0.00305114
_09464_, 326.32, 179.52, 0.00305927
_18061_, 326.32, 179.52, 0.00305927
clkbuf_leaf_124_i_clk, 326.32, 179.52, 0.00305927
FILLER_0_61_693, 326.32, 179.52, 0.00305927
FILLER_0_62_693, 326.32, 179.52, 0.00305927
FILLER_0_62_701, 326.32, 179.52, 0.00305927
_18063_, 351.32, 179.52, 0.00303935
_18066_, 351.32, 179.52, 0.00303935
hold218, 351.32, 179.52, 0.00303935
hold266, 351.32, 179.52, 0.00303935
_14343_, 376.32, 179.52, 0.00305449
_16562_, 376.32, 179.52, 0.00305449
FILLER_0_61_798, 376.32, 179.52, 0.00305449
FILLER_0_62_802, 376.32, 179.52, 0.00305449
_10523_, 401.32, 179.52, 0.00316628
_10528_, 401.32, 179.52, 0.00316628
_10531_, 401.32, 179.52, 0.00316628
_10648_, 401.32, 179.52, 0.00316628
_10655_, 401.32, 179.52, 0.00316628
FILLER_0_62_864, 401.32, 179.52, 0.00316628
_10679_, 426.32, 179.52, 0.00323232
_10727_, 426.32, 179.52, 0.00323232
_10733_, 426.32, 179.52, 0.00323232
_10809_, 426.32, 179.52, 0.00323232
_10873_, 426.32, 179.52, 0.00323232
_10950_, 426.32, 179.52, 0.00323232
FILLER_0_61_907, 426.32, 179.52, 0.00323232
FILLER_0_62_914, 426.32, 179.52, 0.00323232
FILLER_0_63_925, 426.32, 179.52, 0.00323232
_10796_, 451.32, 179.52, 0.00324676
_10866_, 451.32, 179.52, 0.00324676
_10868_, 451.32, 179.52, 0.00324676
FILLER_0_62_976, 451.32, 179.52, 0.00324676
FILLER_0_63_977, 451.32, 179.52, 0.00324676
_10573_, 476.32, 179.52, 0.00326771
_10580_, 476.32, 179.52, 0.00326771
_10712_, 476.32, 179.52, 0.00326771
_10717_, 476.32, 179.52, 0.00326771
_10718_, 476.32, 179.52, 0.00326771
_10801_, 476.32, 179.52, 0.00326771
FILLER_0_62_1010, 476.32, 179.52, 0.00326771
FILLER_0_62_1027, 476.32, 179.52, 0.00326771
PHY_118, 5.52, 174.08, 0.00255187
PHY_120, 5.52, 174.08, 0.00255187
FILLER_0_60_3, 5.52, 174.08, 0.00255187
PHY_119, 494.04, 174.08, 0.00324931
PHY_121, 494.04, 174.08, 0.00324931
_11865_, 26.32, 174.08, 0.0025487
FILLER_0_60_41, 26.32, 174.08, 0.0025487
FILLER_0_60_49, 26.32, 174.08, 0.0025487
FILLER_0_61_57, 26.32, 174.08, 0.0025487
_09589_, 51.32, 174.08, 0.00254232
_09609_, 51.32, 174.08, 0.00254232
_09610_, 51.32, 174.08, 0.00254232
_11845_, 51.32, 174.08, 0.00254232
_16866_, 51.32, 174.08, 0.00254232
hold380, 51.32, 174.08, 0.00254232
FILLER_0_59_98, 51.32, 174.08, 0.00254232
FILLER_0_60_92, 51.32, 174.08, 0.00254232
_09517_, 76.32, 174.08, 0.00252859
_09549_, 76.32, 174.08, 0.00252859
_09569_, 76.32, 174.08, 0.00252859
_11785_, 76.32, 174.08, 0.00252859
_11805_, 76.32, 174.08, 0.00252859
FILLER_0_59_144, 76.32, 174.08, 0.00252859
FILLER_0_60_141, 76.32, 174.08, 0.00252859
_16581_, 101.32, 174.08, 0.00252754
_16582_, 101.32, 174.08, 0.00252754
_18695_, 101.32, 174.08, 0.00252754
FILLER_0_61_209, 101.32, 174.08, 0.00252754
_09667_, 126.32, 174.08, 0.00256955
_09687_, 126.32, 174.08, 0.00256955
_16936_, 126.32, 174.08, 0.00256955
FILLER_0_60_253, 126.32, 174.08, 0.00256955
FILLER_0_60_271, 126.32, 174.08, 0.00256955
_11843_, 151.32, 174.08, 0.00265794
_11883_, 151.32, 174.08, 0.00265794
_13582_, 151.32, 174.08, 0.00265794
_16584_, 151.32, 174.08, 0.00265794
_16871_, 151.32, 174.08, 0.00265794
_16939_, 151.32, 174.08, 0.00265794
FILLER_0_59_316, 151.32, 174.08, 0.00265794
FILLER_0_60_312, 151.32, 174.08, 0.00265794
FILLER_0_60_323, 151.32, 174.08, 0.00265794
_09506_, 176.32, 174.08, 0.00275139
_13573_, 176.32, 174.08, 0.00275139
_13574_, 176.32, 174.08, 0.00275139
FILLER_0_60_365, 176.32, 174.08, 0.00275139
FILLER_0_61_383, 176.32, 174.08, 0.00275139
_09113_, 201.32, 174.08, 0.00284092
_14292_, 201.32, 174.08, 0.00284092
_16588_, 201.32, 174.08, 0.00284092
_16849_, 201.32, 174.08, 0.00284092
_18701_, 201.32, 174.08, 0.00284092
FILLER_0_60_433, 201.32, 174.08, 0.00284092
FILLER_0_61_434, 201.32, 174.08, 0.00284092
_09992_, 226.32, 174.08, 0.00290906
_12225_, 226.32, 174.08, 0.00290906
_13474_, 226.32, 174.08, 0.00290906
_14469_, 226.32, 174.08, 0.00290906
_16496_, 226.32, 174.08, 0.00290906
FILLER_0_60_469, 226.32, 174.08, 0.00290906
FILLER_0_61_486, 226.32, 174.08, 0.00290906
_09253_, 251.32, 174.08, 0.00297188
_15392_, 251.32, 174.08, 0.00297188
_15462_, 251.32, 174.08, 0.00297188
_18168_, 251.32, 174.08, 0.00297188
FILLER_0_59_533, 251.32, 174.08, 0.00297188
FILLER_0_60_523, 251.32, 174.08, 0.00297188
_09249_, 276.32, 174.08, 0.00300697
_11490_, 276.32, 174.08, 0.00300697
_13547_, 276.32, 174.08, 0.00300697
_13548_, 276.32, 174.08, 0.00300697
_14266_, 276.32, 174.08, 0.00300697
_15988_, 276.32, 174.08, 0.00300697
_16601_, 276.32, 174.08, 0.00300697
FILLER_0_60_601, 276.32, 174.08, 0.00300697
FILLER_0_61_597, 276.32, 174.08, 0.00300697
_15402_, 301.32, 174.08, 0.00303069
_16029_, 301.32, 174.08, 0.00303069
_16030_, 301.32, 174.08, 0.00303069
_18196_, 301.32, 174.08, 0.00303069
FILLER_0_59_637, 301.32, 174.08, 0.00303069
FILLER_0_60_633, 301.32, 174.08, 0.00303069
_09371_, 326.32, 174.08, 0.00304109
_09372_, 326.32, 174.08, 0.00304109
_14275_, 326.32, 174.08, 0.00304109
_14276_, 326.32, 174.08, 0.00304109
_16597_, 326.32, 174.08, 0.00304109
_18708_, 326.32, 174.08, 0.00304109
FILLER_0_59_689, 326.32, 174.08, 0.00304109
_09364_, 351.32, 174.08, 0.00304033
_13822_, 351.32, 174.08, 0.00304033
FILLER_0_60_757, 351.32, 174.08, 0.00304033
FILLER_0_61_764, 351.32, 174.08, 0.00304033
_13973_, 376.32, 174.08, 0.00305947
_14344_, 376.32, 174.08, 0.00305947
_18676_, 376.32, 174.08, 0.00305947
_18836_, 376.32, 174.08, 0.00305947
FILLER_0_59_794, 376.32, 174.08, 0.00305947
_10527_, 401.32, 174.08, 0.00314749
_10533_, 401.32, 174.08, 0.00314749
_10535_, 401.32, 174.08, 0.00314749
_10705_, 401.32, 174.08, 0.00314749
_10774_, 401.32, 174.08, 0.00314749
FILLER_0_59_856, 401.32, 174.08, 0.00314749
_10547_, 426.32, 174.08, 0.00324618
_10759_, 426.32, 174.08, 0.00324618
_10872_, 426.32, 174.08, 0.00324618
_10903_, 426.32, 174.08, 0.00324618
_10920_, 426.32, 174.08, 0.00324618
_11114_, 426.32, 174.08, 0.00324618
FILLER_0_60_908, 426.32, 174.08, 0.00324618
FILLER_0_61_917, 426.32, 174.08, 0.00324618
_10552_, 451.32, 174.08, 0.00327848
_10555_, 451.32, 174.08, 0.00327848
_10704_, 451.32, 174.08, 0.00327848
_10706_, 451.32, 174.08, 0.00327848
_10794_, 451.32, 174.08, 0.00327848
_11242_, 451.32, 174.08, 0.00327848
FILLER_0_59_963, 451.32, 174.08, 0.00327848
FILLER_0_60_981, 451.32, 174.08, 0.00327848
FILLER_0_61_971, 451.32, 174.08, 0.00327848
_10565_, 476.32, 174.08, 0.00327821
_10571_, 476.32, 174.08, 0.00327821
_10703_, 476.32, 174.08, 0.00327821
FILLER_0_61_1027, 476.32, 174.08, 0.00327821
_18602_, 5.52, 168.64, 0.0024961
PHY_114, 5.52, 168.64, 0.0024961
PHY_116, 5.52, 168.64, 0.0024961
FILLER_0_58_3, 5.52, 168.64, 0.0024961
FILLER_0_59_3, 5.52, 168.64, 0.0024961
PHY_115, 494.04, 168.64, 0.00321461
PHY_117, 494.04, 168.64, 0.00321461
_09629_, 26.32, 168.64, 0.00248847
_13717_, 26.32, 168.64, 0.00248847
_18953_, 26.32, 168.64, 0.00248847
FILLER_0_57_37, 26.32, 168.64, 0.00248847
FILLER_0_59_57, 26.32, 168.64, 0.00248847
_16869_, 51.32, 168.64, 0.00246987
_18954_, 51.32, 168.64, 0.00246987
FILLER_0_58_93, 51.32, 168.64, 0.00246987
FILLER_0_59_106, 51.32, 168.64, 0.00246987
FILLER_0_59_113, 51.32, 168.64, 0.00246987
_11754_, 76.32, 168.64, 0.00245075
_11786_, 76.32, 168.64, 0.00245075
_13709_, 76.32, 168.64, 0.00245075
_14497_, 76.32, 168.64, 0.00245075
_16749_, 76.32, 168.64, 0.00245075
hold388, 76.32, 168.64, 0.00245075
FILLER_0_58_161, 76.32, 168.64, 0.00245075
_14305_, 101.32, 168.64, 0.00244944
_16649_, 101.32, 168.64, 0.00244944
_16683_, 101.32, 168.64, 0.00244944
_16873_, 101.32, 168.64, 0.00244944
FILLER_0_58_197, 101.32, 168.64, 0.00244944
FILLER_0_58_216, 101.32, 168.64, 0.00244944
FILLER_0_59_211, 101.32, 168.64, 0.00244944
FILLER_0_59_221, 101.32, 168.64, 0.00244944
_13585_, 126.32, 168.64, 0.00249582
_13586_, 126.32, 168.64, 0.00249582
_14019_, 126.32, 168.64, 0.00249582
FILLER_0_57_256, 126.32, 168.64, 0.00249582
_13580_, 151.32, 168.64, 0.00258865
_16927_, 151.32, 168.64, 0.00258865
_19018_, 151.32, 168.64, 0.00258865
FILLER_0_58_312, 151.32, 168.64, 0.00258865
FILLER_0_58_320, 151.32, 168.64, 0.00258865
_09587_, 176.32, 168.64, 0.00269153
_16943_, 176.32, 168.64, 0.00269153
_19021_, 176.32, 168.64, 0.00269153
FILLER_0_58_365, 176.32, 168.64, 0.00269153
FILLER_0_59_376, 176.32, 168.64, 0.00269153
_09104_, 201.32, 168.64, 0.00279137
_13993_, 201.32, 168.64, 0.00279137
_14290_, 201.32, 168.64, 0.00279137
_14291_, 201.32, 168.64, 0.00279137
_16589_, 201.32, 168.64, 0.00279137
FILLER_0_58_433, 201.32, 168.64, 0.00279137
FILLER_0_59_436, 201.32, 168.64, 0.00279137
_13475_, 226.32, 168.64, 0.00286508
_19065_, 226.32, 168.64, 0.00286508
FILLER_0_58_469, 226.32, 168.64, 0.00286508
FILLER_0_58_477, 226.32, 168.64, 0.00286508
_15393_, 251.32, 168.64, 0.0029373
_15394_, 251.32, 168.64, 0.0029373
_16243_, 251.32, 168.64, 0.0029373
_18200_, 251.32, 168.64, 0.0029373
FILLER_0_58_525, 251.32, 168.64, 0.0029373
FILLER_0_58_533, 251.32, 168.64, 0.0029373
_09257_, 276.32, 168.64, 0.00299345
_11496_, 276.32, 168.64, 0.00299345
_14267_, 276.32, 168.64, 0.00299345
_19032_, 276.32, 168.64, 0.00299345
FILLER_0_59_601, 276.32, 168.64, 0.00299345
_09311_, 301.32, 168.64, 0.00302445
_14687_, 301.32, 168.64, 0.00302445
_15400_, 301.32, 168.64, 0.00302445
_15401_, 301.32, 168.64, 0.00302445
_18197_, 301.32, 168.64, 0.00302445
FILLER_0_58_639, 301.32, 168.64, 0.00302445
_09351_, 326.32, 168.64, 0.00302453
_13556_, 326.32, 168.64, 0.00302453
_19028_, 326.32, 168.64, 0.00302453
FILLER_0_57_693, 326.32, 168.64, 0.00302453
FILLER_0_58_696, 326.32, 168.64, 0.00302453
FILLER_0_58_701, 326.32, 168.64, 0.00302453
_13821_, 351.32, 168.64, 0.00302552
_13959_, 351.32, 168.64, 0.00302552
_14334_, 351.32, 168.64, 0.00302552
_15957_, 351.32, 168.64, 0.00302552
_18904_, 351.32, 168.64, 0.00302552
FILLER_0_57_742, 351.32, 168.64, 0.00302552
FILLER_0_58_740, 351.32, 168.64, 0.00302552
FILLER_0_58_752, 351.32, 168.64, 0.00302552
FILLER_0_58_757, 351.32, 168.64, 0.00302552
FILLER_0_59_753, 351.32, 168.64, 0.00302552
_13972_, 376.32, 168.64, 0.00304803
_16563_, 376.32, 168.64, 0.00304803
_16739_, 376.32, 168.64, 0.00304803
FILLER_0_57_797, 376.32, 168.64, 0.00304803
FILLER_0_58_805, 376.32, 168.64, 0.00304803
FILLER_0_58_813, 376.32, 168.64, 0.00304803
_10526_, 401.32, 168.64, 0.00313656
_10831_, 401.32, 168.64, 0.00313656
FILLER_0_58_862, 401.32, 168.64, 0.00313656
FILLER_0_58_869, 401.32, 168.64, 0.00313656
_10656_, 426.32, 168.64, 0.00325645
_10902_, 426.32, 168.64, 0.00325645
_10967_, 426.32, 168.64, 0.00325645
_10968_, 426.32, 168.64, 0.00325645
_11018_, 426.32, 168.64, 0.00325645
_11115_, 426.32, 168.64, 0.00325645
_11147_, 426.32, 168.64, 0.00325645
FILLER_0_57_909, 426.32, 168.64, 0.00325645
_11241_, 451.32, 168.64, 0.00323681
_11306_, 451.32, 168.64, 0.00323681
_11307_, 451.32, 168.64, 0.00323681
FILLER_0_58_960, 451.32, 168.64, 0.00323681
FILLER_0_58_975, 451.32, 168.64, 0.00323681
_10715_, 476.32, 168.64, 0.00322844
_11342_, 476.32, 168.64, 0.00322844
FILLER_0_58_1030, 476.32, 168.64, 0.00322844
_18603_, 5.52, 163.2, 0.00242556
PHY_110, 5.52, 163.2, 0.00242556
PHY_112, 5.52, 163.2, 0.00242556
FILLER_0_57_3, 5.52, 163.2, 0.00242556
PHY_111, 494.04, 163.2, 0.00321186
PHY_113, 494.04, 163.2, 0.00321186
_13716_, 26.32, 163.2, 0.00241451
_16615_, 26.32, 163.2, 0.00241451
FILLER_0_57_48, 26.32, 163.2, 0.00241451
_13714_, 51.32, 163.2, 0.00239459
_13715_, 51.32, 163.2, 0.00239459
_16759_, 51.32, 163.2, 0.00239459
_18855_, 51.32, 163.2, 0.00239459
FILLER_0_55_89, 51.32, 163.2, 0.00239459
FILLER_0_56_97, 51.32, 163.2, 0.00239459
FILLER_0_57_108, 51.32, 163.2, 0.00239459
_13708_, 76.32, 163.2, 0.00236523
_16061_, 76.32, 163.2, 0.00236523
_16758_, 76.32, 163.2, 0.00236523
_18957_, 76.32, 163.2, 0.00236523
_13861_, 101.32, 163.2, 0.00234579
_14650_, 101.32, 163.2, 0.00234579
_16545_, 101.32, 163.2, 0.00234579
_18661_, 101.32, 163.2, 0.00234579
FILLER_0_56_213, 101.32, 163.2, 0.00234579
FILLER_0_57_217, 101.32, 163.2, 0.00234579
_11940_, 126.32, 163.2, 0.00239025
_14018_, 126.32, 163.2, 0.00239025
_16722_, 126.32, 163.2, 0.00239025
_18821_, 126.32, 163.2, 0.00239025
FILLER_0_57_274, 126.32, 163.2, 0.00239025
_13578_, 151.32, 163.2, 0.00249758
_16585_, 151.32, 163.2, 0.00249758
_16940_, 151.32, 163.2, 0.00249758
FILLER_0_56_312, 151.32, 163.2, 0.00249758
FILLER_0_56_321, 151.32, 163.2, 0.00249758
FILLER_0_57_321, 151.32, 163.2, 0.00249758
FILLER_0_57_330, 151.32, 163.2, 0.00249758
_09117_, 176.32, 163.2, 0.002629
_13571_, 176.32, 163.2, 0.002629
_13572_, 176.32, 163.2, 0.002629
_14294_, 176.32, 163.2, 0.002629
_14355_, 176.32, 163.2, 0.002629
_16942_, 176.32, 163.2, 0.002629
FILLER_0_55_371, 176.32, 163.2, 0.002629
FILLER_0_56_377, 176.32, 163.2, 0.002629
_13990_, 201.32, 163.2, 0.00274014
_14288_, 201.32, 163.2, 0.00274014
_14289_, 201.32, 163.2, 0.00274014
_14911_, 201.32, 163.2, 0.00274014
_18702_, 201.32, 163.2, 0.00274014
FILLER_0_57_428, 201.32, 163.2, 0.00274014
_13754_, 226.32, 163.2, 0.00283135
_14910_, 226.32, 163.2, 0.00283135
_16282_, 226.32, 163.2, 0.00283135
_16850_, 226.32, 163.2, 0.00283135
_18936_, 226.32, 163.2, 0.00283135
FILLER_0_55_469, 226.32, 163.2, 0.00283135
FILLER_0_57_485, 226.32, 163.2, 0.00283135
_14988_, 251.32, 163.2, 0.00290241
_14991_, 251.32, 163.2, 0.00290241
_16242_, 251.32, 163.2, 0.00290241
FILLER_0_55_531, 251.32, 163.2, 0.00290241
_13549_, 276.32, 163.2, 0.00295372
_16956_, 276.32, 163.2, 0.00295372
FILLER_0_55_581, 276.32, 163.2, 0.00295372
FILLER_0_56_579, 276.32, 163.2, 0.00295372
FILLER_0_56_585, 276.32, 163.2, 0.00295372
FILLER_0_56_601, 276.32, 163.2, 0.00295372
_11547_, 301.32, 163.2, 0.00299366
_14270_, 301.32, 163.2, 0.00299366
_19031_, 301.32, 163.2, 0.00299366
FILLER_0_56_639, 301.32, 163.2, 0.00299366
_11588_, 326.32, 163.2, 0.00301408
_11608_, 326.32, 163.2, 0.00301408
_16598_, 326.32, 163.2, 0.00301408
FILLER_0_56_694, 326.32, 163.2, 0.00301408
_09228_, 351.32, 163.2, 0.00303713
_09233_, 351.32, 163.2, 0.00303713
_09373_, 351.32, 163.2, 0.00303713
_14609_, 351.32, 163.2, 0.00303713
_14611_, 351.32, 163.2, 0.00303713
clkbuf_leaf_125_i_clk, 351.32, 163.2, 0.00303713
_13970_, 376.32, 163.2, 0.00305043
_14342_, 376.32, 163.2, 0.00305043
_16740_, 376.32, 163.2, 0.00305043
_18837_, 376.32, 163.2, 0.00305043
FILLER_0_56_819, 376.32, 163.2, 0.00305043
_10900_, 401.32, 163.2, 0.00311771
_16419_, 401.32, 163.2, 0.00311771
FILLER_0_56_861, 401.32, 163.2, 0.00311771
FILLER_0_56_869, 401.32, 163.2, 0.00311771
_10572_, 426.32, 163.2, 0.00324913
_10708_, 426.32, 163.2, 0.00324913
_10760_, 426.32, 163.2, 0.00324913
_11017_, 426.32, 163.2, 0.00324913
_11129_, 426.32, 163.2, 0.00324913
FILLER_0_56_909, 426.32, 163.2, 0.00324913
_11360_, 451.32, 163.2, 0.00325472
_11433_, 451.32, 163.2, 0.00325472
FILLER_0_56_977, 451.32, 163.2, 0.00325472
FILLER_0_56_981, 451.32, 163.2, 0.00325472
FILLER_0_57_979, 451.32, 163.2, 0.00325472
_11303_, 476.32, 163.2, 0.00323514
_11319_, 476.32, 163.2, 0.00323514
_11320_, 476.32, 163.2, 0.00323514
_11341_, 476.32, 163.2, 0.00323514
FILLER_0_56_1019, 476.32, 163.2, 0.00323514
FILLER_0_56_1032, 476.32, 163.2, 0.00323514
PHY_106, 5.52, 157.76, 0.00236252
PHY_108, 5.52, 157.76, 0.00236252
FILLER_0_54_3, 5.52, 157.76, 0.00236252
PHY_107, 494.04, 157.76, 0.00322296
PHY_109, 494.04, 157.76, 0.00322296
_14238_, 26.32, 157.76, 0.00235704
_14239_, 26.32, 157.76, 0.00235704
_18725_, 26.32, 157.76, 0.00235704
_18853_, 26.32, 157.76, 0.00235704
FILLER_0_54_52, 26.32, 157.76, 0.00235704
FILLER_0_55_53, 26.32, 157.76, 0.00235704
_13925_, 51.32, 157.76, 0.00233163
_13926_, 51.32, 157.76, 0.00233163
FILLER_0_54_93, 51.32, 157.76, 0.00233163
FILLER_0_55_113, 51.32, 157.76, 0.00233163
_14496_, 76.32, 157.76, 0.00229163
_18606_, 76.32, 157.76, 0.00229163
_19647_, 76.32, 157.76, 0.00229163
FILLER_0_54_153, 76.32, 157.76, 0.00229163
FILLER_0_54_161, 76.32, 157.76, 0.00229163
_14374_, 101.32, 157.76, 0.00224692
_14375_, 101.32, 157.76, 0.00224692
_16738_, 101.32, 157.76, 0.00224692
FILLER_0_54_197, 101.32, 157.76, 0.00224692
FILLER_0_55_220, 101.32, 157.76, 0.00224692
_09702_, 126.32, 157.76, 0.00229323
_11941_, 126.32, 157.76, 0.00229323
FILLER_0_54_253, 126.32, 157.76, 0.00229323
FILLER_0_54_265, 126.32, 157.76, 0.00229323
FILLER_0_55_271, 126.32, 157.76, 0.00229323
_15564_, 151.32, 157.76, 0.00241972
_15941_, 151.32, 157.76, 0.00241972
_18118_, 151.32, 157.76, 0.00241972
FILLER_0_54_309, 151.32, 157.76, 0.00241972
FILLER_0_54_317, 151.32, 157.76, 0.00241972
FILLER_0_54_323, 151.32, 157.76, 0.00241972
_09495_, 176.32, 157.76, 0.00255749
_09496_, 176.32, 157.76, 0.00255749
_11733_, 176.32, 157.76, 0.00255749
_19022_, 176.32, 157.76, 0.00255749
FILLER_0_54_365, 176.32, 157.76, 0.00255749
FILLER_0_54_380, 176.32, 157.76, 0.00255749
_11723_, 201.32, 157.76, 0.00268998
_14630_, 201.32, 157.76, 0.00268998
_15550_, 201.32, 157.76, 0.00268998
_16590_, 201.32, 157.76, 0.00268998
_16705_, 201.32, 157.76, 0.00268998
_18125_, 201.32, 157.76, 0.00268998
hold318, 201.32, 157.76, 0.00268998
FILLER_0_54_432, 201.32, 157.76, 0.00268998
FILLER_0_55_438, 201.32, 157.76, 0.00268998
_13753_, 226.32, 157.76, 0.00278026
FILLER_0_53_478, 226.32, 157.76, 0.00278026
FILLER_0_54_473, 226.32, 157.76, 0.00278026
FILLER_0_54_477, 226.32, 157.76, 0.00278026
_14921_, 251.32, 157.76, 0.00286965
_15057_, 251.32, 157.76, 0.00286965
_18420_, 251.32, 157.76, 0.00286965
_18421_, 251.32, 157.76, 0.00286965
FILLER_0_54_526, 251.32, 157.76, 0.00286965
FILLER_0_54_533, 251.32, 157.76, 0.00286965
_11448_, 276.32, 157.76, 0.00295475
_11497_, 276.32, 157.76, 0.00295475
FILLER_0_55_596, 276.32, 157.76, 0.00295475
_09312_, 301.32, 157.76, 0.00299041
_11548_, 301.32, 157.76, 0.00299041
_13550_, 301.32, 157.76, 0.00299041
_18711_, 301.32, 157.76, 0.00299041
_09352_, 326.32, 157.76, 0.00300331
_13555_, 326.32, 157.76, 0.00300331
_19029_, 326.32, 157.76, 0.00300331
FILLER_0_53_696, 326.32, 157.76, 0.00300331
FILLER_0_54_692, 326.32, 157.76, 0.00300331
_09235_, 351.32, 157.76, 0.00302172
_11472_, 351.32, 157.76, 0.00302172
_11474_, 351.32, 157.76, 0.00302172
_11609_, 351.32, 157.76, 0.00302172
_14610_, 351.32, 157.76, 0.00302172
_15534_, 351.32, 157.76, 0.00302172
_18552_, 351.32, 157.76, 0.00302172
FILLER_0_55_754, 351.32, 157.76, 0.00302172
_14341_, 376.32, 157.76, 0.00305352
clkbuf_leaf_126_i_clk, 376.32, 157.76, 0.00305352
FILLER_0_53_806, 376.32, 157.76, 0.00305352
FILLER_0_54_795, 376.32, 157.76, 0.00305352
FILLER_0_54_809, 376.32, 157.76, 0.00305352
_09347_, 401.32, 157.76, 0.00310909
FILLER_0_54_869, 401.32, 157.76, 0.00310909
_10545_, 426.32, 157.76, 0.00324882
_10654_, 426.32, 157.76, 0.00324882
_10966_, 426.32, 157.76, 0.00324882
_10993_, 426.32, 157.76, 0.00324882
_10994_, 426.32, 157.76, 0.00324882
FILLER_0_54_908, 426.32, 157.76, 0.00324882
FILLER_0_55_915, 426.32, 157.76, 0.00324882
FILLER_0_55_922, 426.32, 157.76, 0.00324882
_10716_, 451.32, 157.76, 0.00326542
_11293_, 451.32, 157.76, 0.00326542
_11305_, 451.32, 157.76, 0.00326542
_11359_, 451.32, 157.76, 0.00326542
FILLER_0_54_957, 451.32, 157.76, 0.00326542
FILLER_0_54_965, 451.32, 157.76, 0.00326542
FILLER_0_54_977, 451.32, 157.76, 0.00326542
_10666_, 476.32, 157.76, 0.00327064
_11253_, 476.32, 157.76, 0.00327064
_11254_, 476.32, 157.76, 0.00327064
_11292_, 476.32, 157.76, 0.00327064
_11304_, 476.32, 157.76, 0.00327064
FILLER_0_54_1012, 476.32, 157.76, 0.00327064
FILLER_0_55_1024, 476.32, 157.76, 0.00327064
_14234_, 5.52, 152.32, 0.00230365
_14235_, 5.52, 152.32, 0.00230365
PHY_102, 5.52, 152.32, 0.00230365
PHY_104, 5.52, 152.32, 0.00230365
output51, 5.52, 152.32, 0.00230365
PHY_103, 494.04, 152.32, 0.00318785
PHY_105, 494.04, 152.32, 0.00318785
_09142_, 26.32, 152.32, 0.00229274
_09143_, 26.32, 152.32, 0.00229274
_09711_, 26.32, 152.32, 0.00229274
_19639_, 26.32, 152.32, 0.00229274
FILLER_0_53_48, 26.32, 152.32, 0.00229274
_09134_, 51.32, 152.32, 0.00225945
_09135_, 51.32, 152.32, 0.00225945
_11907_, 51.32, 152.32, 0.00225945
_18086_, 51.32, 152.32, 0.00225945
_19640_, 51.32, 152.32, 0.00225945
hold359, 51.32, 152.32, 0.00225945
_09110_, 76.32, 152.32, 0.0022132
_09111_, 76.32, 152.32, 0.0022132
_11929_, 76.32, 152.32, 0.0022132
_11934_, 76.32, 152.32, 0.0022132
_14219_, 76.32, 152.32, 0.0022132
_18092_, 76.32, 152.32, 0.0022132
FILLER_0_51_153, 76.32, 152.32, 0.0022132
FILLER_0_52_167, 76.32, 152.32, 0.0022132
_09512_, 101.32, 152.32, 0.00217815
_11749_, 101.32, 152.32, 0.00217815
_16546_, 101.32, 152.32, 0.00217815
_18662_, 101.32, 152.32, 0.00217815
FILLER_0_51_200, 101.32, 152.32, 0.00217815
FILLER_0_53_216, 101.32, 152.32, 0.00217815
_09708_, 126.32, 152.32, 0.00220849
_11919_, 126.32, 152.32, 0.00220849
_11920_, 126.32, 152.32, 0.00220849
_14016_, 126.32, 152.32, 0.00220849
_16723_, 126.32, 152.32, 0.00220849
_18822_, 126.32, 152.32, 0.00220849
FILLER_0_52_276, 126.32, 152.32, 0.00220849
FILLER_0_53_265, 126.32, 152.32, 0.00220849
_15563_, 151.32, 152.32, 0.00234059
_15565_, 151.32, 152.32, 0.00234059
hold323, 151.32, 152.32, 0.00234059
hold326, 151.32, 152.32, 0.00234059
FILLER_0_52_320, 151.32, 152.32, 0.00234059
_15554_, 176.32, 152.32, 0.00250073
_18123_, 176.32, 152.32, 0.00250073
hold298, 176.32, 152.32, 0.00250073
FILLER_0_52_359, 176.32, 152.32, 0.00250073
_11794_, 201.32, 152.32, 0.00267248
_15549_, 201.32, 152.32, 0.00267248
_15949_, 201.32, 152.32, 0.00267248
clkbuf_4_3__f_i_clk, 201.32, 152.32, 0.00267248
FILLER_0_53_437, 201.32, 152.32, 0.00267248
_09224_, 226.32, 152.32, 0.00274988
_09225_, 226.32, 152.32, 0.00274988
_11463_, 226.32, 152.32, 0.00274988
_11464_, 226.32, 152.32, 0.00274988
_14915_, 226.32, 152.32, 0.00274988
_16281_, 226.32, 152.32, 0.00274988
_18424_, 226.32, 152.32, 0.00274988
FILLER_0_52_473, 226.32, 152.32, 0.00274988
FILLER_0_52_477, 226.32, 152.32, 0.00274988
FILLER_0_53_488, 226.32, 152.32, 0.00274988
_09345_, 251.32, 152.32, 0.00283035
_09365_, 251.32, 152.32, 0.00283035
_11581_, 251.32, 152.32, 0.00283035
_11601_, 251.32, 152.32, 0.00283035
_15059_, 251.32, 152.32, 0.00283035
FILLER_0_53_545, 251.32, 152.32, 0.00283035
_11700_, 276.32, 152.32, 0.00290391
_13759_, 276.32, 152.32, 0.00290391
_13760_, 276.32, 152.32, 0.00290391
_13761_, 276.32, 152.32, 0.00290391
_13762_, 276.32, 152.32, 0.00290391
FILLER_0_52_577, 276.32, 152.32, 0.00290391
_14269_, 301.32, 152.32, 0.00294613
_16600_, 301.32, 152.32, 0.00294613
FILLER_0_52_635, 301.32, 152.32, 0.00294613
_11589_, 326.32, 152.32, 0.0029768
_13554_, 326.32, 152.32, 0.0029768
FILLER_0_51_694, 326.32, 152.32, 0.0029768
FILLER_0_52_695, 326.32, 152.32, 0.0029768
_09230_, 351.32, 152.32, 0.00300448
_11467_, 351.32, 152.32, 0.00300448
_11469_, 351.32, 152.32, 0.00300448
_18543_, 351.32, 152.32, 0.00300448
FILLER_0_51_741, 351.32, 152.32, 0.00300448
FILLER_0_52_753, 351.32, 152.32, 0.00300448
FILLER_0_52_763, 351.32, 152.32, 0.00300448
_09308_, 376.32, 152.32, 0.00303257
_11584_, 376.32, 152.32, 0.00303257
_13969_, 376.32, 152.32, 0.00303257
_18678_, 376.32, 152.32, 0.00303257
FILLER_0_52_801, 376.32, 152.32, 0.00303257
FILLER_0_52_809, 376.32, 152.32, 0.00303257
_11543_, 401.32, 152.32, 0.00308791
_13824_, 401.32, 152.32, 0.00308791
_13827_, 401.32, 152.32, 0.00308791
_16811_, 401.32, 152.32, 0.00308791
_18549_, 401.32, 152.32, 0.00308791
FILLER_0_51_855, 401.32, 152.32, 0.00308791
FILLER_0_52_848, 401.32, 152.32, 0.00308791
FILLER_0_52_860, 401.32, 152.32, 0.00308791
FILLER_0_52_869, 401.32, 152.32, 0.00308791
FILLER_0_53_869, 401.32, 152.32, 0.00308791
_10554_, 426.32, 152.32, 0.0031823
_10965_, 426.32, 152.32, 0.0031823
_10991_, 426.32, 152.32, 0.0031823
_10992_, 426.32, 152.32, 0.0031823
_11128_, 451.32, 152.32, 0.00323011
_11205_, 451.32, 152.32, 0.00323011
_11226_, 451.32, 152.32, 0.00323011
_11240_, 451.32, 152.32, 0.00323011
_11276_, 451.32, 152.32, 0.00323011
FILLER_0_52_981, 451.32, 152.32, 0.00323011
_11186_, 476.32, 152.32, 0.00322039
_11224_, 476.32, 152.32, 0.00322039
_11225_, 476.32, 152.32, 0.00322039
_11238_, 476.32, 152.32, 0.00322039
_11275_, 476.32, 152.32, 0.00322039
FILLER_0_52_1016, 476.32, 152.32, 0.00322039
FILLER_0_52_1028, 476.32, 152.32, 0.00322039
_18726_, 5.52, 146.88, 0.00225205
_18727_, 5.52, 146.88, 0.00225205
PHY_98, 5.52, 146.88, 0.00225205
PHY_100, 5.52, 146.88, 0.00225205
PHY_99, 494.04, 146.88, 0.00316145
PHY_101, 494.04, 146.88, 0.00316145
_11949_, 26.32, 146.88, 0.00223026
_14581_, 26.32, 146.88, 0.00223026
_18084_, 26.32, 146.88, 0.00223026
_19643_, 26.32, 146.88, 0.00223026
FILLER_0_51_51, 26.32, 146.88, 0.00223026
_09671_, 51.32, 146.88, 0.00217772
_09672_, 51.32, 146.88, 0.00217772
_11908_, 51.32, 146.88, 0.00217772
FILLER_0_50_97, 51.32, 146.88, 0.00217772
FILLER_0_51_108, 51.32, 146.88, 0.00217772
_09521_, 76.32, 146.88, 0.00210966
_09551_, 76.32, 146.88, 0.00210966
_09552_, 76.32, 146.88, 0.00210966
_11759_, 76.32, 146.88, 0.00210966
_11787_, 76.32, 146.88, 0.00210966
_11788_, 76.32, 146.88, 0.00210966
FILLER_0_49_145, 76.32, 146.88, 0.00210966
FILLER_0_50_141, 76.32, 146.88, 0.00210966
FILLER_0_50_149, 76.32, 146.88, 0.00210966
_09536_, 101.32, 146.88, 0.00205321
_13912_, 101.32, 146.88, 0.00205321
_14372_, 101.32, 146.88, 0.00205321
_14373_, 101.32, 146.88, 0.00205321
FILLER_0_50_219, 101.32, 146.88, 0.00205321
_09682_, 126.32, 146.88, 0.002101
_09683_, 126.32, 146.88, 0.002101
_14015_, 126.32, 146.88, 0.002101
_09638_, 151.32, 146.88, 0.00227388
_11894_, 151.32, 146.88, 0.00227388
_15557_, 151.32, 146.88, 0.00227388
_15560_, 151.32, 146.88, 0.00227388
_15945_, 151.32, 146.88, 0.00227388
_16894_, 151.32, 146.88, 0.00227388
_18120_, 151.32, 146.88, 0.00227388
_09598_, 176.32, 146.88, 0.00243511
_14361_, 176.32, 146.88, 0.00243511
_14362_, 176.32, 146.88, 0.00243511
_15553_, 176.32, 146.88, 0.00243511
_15946_, 176.32, 146.88, 0.00243511
_15947_, 176.32, 146.88, 0.00243511
_16552_, 176.32, 146.88, 0.00243511
_18668_, 176.32, 146.88, 0.00243511
FILLER_0_50_374, 176.32, 146.88, 0.00243511
FILLER_0_51_378, 176.32, 146.88, 0.00243511
_11774_, 201.32, 146.88, 0.00257803
_15948_, 201.32, 146.88, 0.00257803
_16616_, 201.32, 146.88, 0.00257803
_18124_, 201.32, 146.88, 0.00257803
hold322, 201.32, 146.88, 0.00257803
_14914_, 226.32, 146.88, 0.00268907
_15051_, 226.32, 146.88, 0.00268907
_15052_, 226.32, 146.88, 0.00268907
_16211_, 226.32, 146.88, 0.00268907
FILLER_0_50_545, 251.32, 146.88, 0.00278616
_15398_, 276.32, 146.88, 0.0028686
_16845_, 276.32, 146.88, 0.0028686
_16846_, 276.32, 146.88, 0.0028686
_18198_, 276.32, 146.88, 0.0028686
FILLER_0_50_592, 276.32, 146.88, 0.0028686
_09332_, 301.32, 146.88, 0.00293048
_11549_, 301.32, 146.88, 0.00293048
_11559_, 301.32, 146.88, 0.00293048
FILLER_0_50_633, 301.32, 146.88, 0.00293048
FILLER_0_50_641, 301.32, 146.88, 0.00293048
FILLER_0_50_645, 301.32, 146.88, 0.00293048
_09392_, 326.32, 146.88, 0.00296957
_11627_, 326.32, 146.88, 0.00296957
_13558_, 326.32, 146.88, 0.00296957
_14278_, 326.32, 146.88, 0.00296957
_16596_, 326.32, 146.88, 0.00296957
_18707_, 326.32, 146.88, 0.00296957
FILLER_0_50_701, 326.32, 146.88, 0.00296957
_14353_, 351.32, 146.88, 0.00299176
_14354_, 351.32, 146.88, 0.00299176
_14629_, 351.32, 146.88, 0.00299176
_18671_, 351.32, 146.88, 0.00299176
FILLER_0_49_741, 351.32, 146.88, 0.00299176
FILLER_0_50_743, 351.32, 146.88, 0.00299176
_11544_, 376.32, 146.88, 0.00302168
_16564_, 376.32, 146.88, 0.00302168
_18838_, 376.32, 146.88, 0.00302168
_11563_, 401.32, 146.88, 0.00306527
_13823_, 401.32, 146.88, 0.00306527
_18903_, 401.32, 146.88, 0.00306527
FILLER_0_49_855, 401.32, 146.88, 0.00306527
FILLER_0_50_859, 401.32, 146.88, 0.00306527
_10574_, 426.32, 146.88, 0.00313033
_16422_, 426.32, 146.88, 0.00313033
FILLER_0_49_911, 426.32, 146.88, 0.00313033
FILLER_0_50_914, 426.32, 146.88, 0.00313033
_11087_, 451.32, 146.88, 0.00318921
_11127_, 451.32, 146.88, 0.00318921
_11166_, 451.32, 146.88, 0.00318921
_11204_, 451.32, 146.88, 0.00318921
FILLER_0_50_963, 451.32, 146.88, 0.00318921
FILLER_0_50_976, 451.32, 146.88, 0.00318921
_11111_, 476.32, 146.88, 0.00318149
_11144_, 476.32, 146.88, 0.00318149
_11185_, 476.32, 146.88, 0.00318149
FILLER_0_50_1033, 476.32, 146.88, 0.00318149
_18729_, 5.52, 141.44, 0.00218425
PHY_94, 5.52, 141.44, 0.00218425
PHY_96, 5.52, 141.44, 0.00218425
FILLER_0_48_3, 5.52, 141.44, 0.00218425
PHY_95, 494.04, 141.44, 0.00312883
PHY_97, 494.04, 141.44, 0.00312883
_09126_, 26.32, 141.44, 0.00217978
_09127_, 26.32, 141.44, 0.00217978
_09631_, 26.32, 141.44, 0.00217978
_18088_, 26.32, 141.44, 0.00217978
FILLER_0_49_53, 26.32, 141.44, 0.00217978
_09597_, 51.32, 141.44, 0.00216021
_11833_, 51.32, 141.44, 0.00216021
_11913_, 51.32, 141.44, 0.00216021
clkbuf_leaf_8_i_clk, 51.32, 141.44, 0.00216021
FILLER_0_48_106, 51.32, 141.44, 0.00216021
FILLER_0_49_102, 51.32, 141.44, 0.00216021
_09571_, 76.32, 141.44, 0.00203039
_14224_, 76.32, 141.44, 0.00203039
_16623_, 76.32, 141.44, 0.00203039
FILLER_0_48_158, 76.32, 141.44, 0.00203039
FILLER_0_49_159, 76.32, 141.44, 0.00203039
_11773_, 101.32, 141.44, 0.00193926
_16768_, 101.32, 141.44, 0.00193926
_18535_, 101.32, 141.44, 0.00193926
FILLER_0_47_208, 101.32, 141.44, 0.00193926
FILLER_0_48_207, 101.32, 141.44, 0.00193926
_09662_, 126.32, 141.44, 0.00197835
_09663_, 126.32, 141.44, 0.00197835
_11898_, 126.32, 141.44, 0.00197835
FILLER_0_47_252, 126.32, 141.44, 0.00197835
FILLER_0_48_253, 126.32, 141.44, 0.00197835
FILLER_0_48_266, 126.32, 141.44, 0.00197835
FILLER_0_49_276, 126.32, 141.44, 0.00197835
_09658_, 151.32, 141.44, 0.00218198
_11874_, 151.32, 141.44, 0.00218198
_15558_, 151.32, 141.44, 0.00218198
_18121_, 151.32, 141.44, 0.00218198
FILLER_0_48_305, 151.32, 141.44, 0.00218198
_11834_, 176.32, 141.44, 0.00237021
hold422, 176.32, 141.44, 0.00237021
_13998_, 201.32, 141.44, 0.0025255
_15551_, 201.32, 141.44, 0.0025255
_15552_, 201.32, 141.44, 0.0025255
_18828_, 201.32, 141.44, 0.0025255
FILLER_0_47_424, 201.32, 141.44, 0.0025255
FILLER_0_49_439, 201.32, 141.44, 0.0025255
_16209_, 226.32, 141.44, 0.00265447
FILLER_0_48_471, 226.32, 141.44, 0.00265447
FILLER_0_48_493, 226.32, 141.44, 0.00265447
_09305_, 251.32, 141.44, 0.00276669
_11541_, 251.32, 141.44, 0.00276669
_13755_, 251.32, 141.44, 0.00276669
_13756_, 251.32, 141.44, 0.00276669
_15053_, 251.32, 141.44, 0.00276669
_16848_, 251.32, 141.44, 0.00276669
FILLER_0_47_525, 251.32, 141.44, 0.00276669
FILLER_0_49_538, 251.32, 141.44, 0.00276669
_09099_, 276.32, 141.44, 0.00287409
_13965_, 276.32, 141.44, 0.00287409
_13986_, 276.32, 141.44, 0.00287409
_14684_, 276.32, 141.44, 0.00287409
_15397_, 276.32, 141.44, 0.00287409
_15412_, 276.32, 141.44, 0.00287409
_18191_, 276.32, 141.44, 0.00287409
FILLER_0_49_593, 276.32, 141.44, 0.00287409
_11568_, 301.32, 141.44, 0.00292434
_13552_, 301.32, 141.44, 0.00292434
_13553_, 301.32, 141.44, 0.00292434
_14693_, 301.32, 141.44, 0.00292434
_16954_, 301.32, 141.44, 0.00292434
_19030_, 301.32, 141.44, 0.00292434
FILLER_0_48_654, 301.32, 141.44, 0.00292434
FILLER_0_49_648, 301.32, 141.44, 0.00292434
_11628_, 326.32, 141.44, 0.00295729
_14277_, 326.32, 141.44, 0.00295729
_18706_, 326.32, 141.44, 0.00295729
_19027_, 326.32, 141.44, 0.00295729
FILLER_0_47_685, 326.32, 141.44, 0.00295729
FILLER_0_48_695, 326.32, 141.44, 0.00295729
_13839_, 351.32, 141.44, 0.00297899
_14628_, 351.32, 141.44, 0.00297899
FILLER_0_47_749, 351.32, 141.44, 0.00297899
FILLER_0_48_751, 351.32, 141.44, 0.00297899
_14339_, 376.32, 141.44, 0.00301119
_14340_, 376.32, 141.44, 0.00301119
FILLER_0_48_802, 376.32, 141.44, 0.00301119
FILLER_0_48_813, 376.32, 141.44, 0.00301119
_13825_, 401.32, 141.44, 0.00306329
_13826_, 401.32, 141.44, 0.00306329
_13832_, 401.32, 141.44, 0.00306329
_18902_, 401.32, 141.44, 0.00306329
clkbuf_leaf_130_i_clk, 401.32, 141.44, 0.00306329
FILLER_0_48_852, 401.32, 141.44, 0.00306329
_14614_, 426.32, 141.44, 0.00309365
_14615_, 426.32, 141.44, 0.00309365
_14620_, 426.32, 141.44, 0.00309365
_18550_, 426.32, 141.44, 0.00309365
FILLER_0_48_911, 426.32, 141.44, 0.00309365
_11165_, 451.32, 141.44, 0.00312099
FILLER_0_48_969, 451.32, 141.44, 0.00312099
FILLER_0_48_977, 451.32, 141.44, 0.00312099
FILLER_0_48_1029, 476.32, 141.44, 0.00312806
_18731_, 5.52, 136, 0.00211842
PHY_90, 5.52, 136, 0.00211842
PHY_92, 5.52, 136, 0.00211842
PHY_91, 494.04, 136, 0.00311283
PHY_93, 494.04, 136, 0.00311283
_09130_, 26.32, 136, 0.00209652
_09131_, 26.32, 136, 0.00209652
_09651_, 26.32, 136, 0.00209652
_11867_, 26.32, 136, 0.00209652
_11887_, 26.32, 136, 0.00209652
_19642_, 26.32, 136, 0.00209652
FILLER_0_46_41, 26.32, 136, 0.00209652
FILLER_0_47_46, 26.32, 136, 0.00209652
_09611_, 51.32, 136, 0.00202518
_11847_, 51.32, 136, 0.00202518
_19644_, 51.32, 136, 0.00202518
FILLER_0_45_89, 51.32, 136, 0.00202518
FILLER_0_46_93, 51.32, 136, 0.00202518
_11760_, 76.32, 136, 0.00191019
_14222_, 76.32, 136, 0.00191019
_19646_, 76.32, 136, 0.00191019
FILLER_0_47_162, 76.32, 136, 0.00191019
_14371_, 101.32, 136, 0.00178657
_18663_, 101.32, 136, 0.00178657
FILLER_0_47_219, 101.32, 136, 0.00178657
_11899_, 126.32, 136, 0.00183591
_14013_, 126.32, 136, 0.00183591
_16796_, 126.32, 136, 0.00183591
_18823_, 126.32, 136, 0.00183591
hold362, 126.32, 136, 0.00183591
FILLER_0_45_250, 126.32, 136, 0.00183591
FILLER_0_47_266, 126.32, 136, 0.00183591
_14004_, 151.32, 136, 0.00205837
_18826_, 151.32, 136, 0.00205837
FILLER_0_45_315, 151.32, 136, 0.00205837
FILLER_0_46_321, 151.32, 136, 0.00205837
FILLER_0_47_330, 151.32, 136, 0.00205837
_11819_, 176.32, 136, 0.00228158
_14000_, 176.32, 136, 0.00228158
_16729_, 176.32, 136, 0.00228158
_18670_, 176.32, 136, 0.00228158
FILLER_0_46_358, 176.32, 136, 0.00228158
FILLER_0_46_374, 176.32, 136, 0.00228158
_13992_, 201.32, 136, 0.00247061
_13995_, 201.32, 136, 0.00247061
_13997_, 201.32, 136, 0.00247061
FILLER_0_45_418, 201.32, 136, 0.00247061
FILLER_0_46_416, 201.32, 136, 0.00247061
FILLER_0_46_421, 201.32, 136, 0.00247061
FILLER_0_46_429, 201.32, 136, 0.00247061
FILLER_0_47_439, 201.32, 136, 0.00247061
_13758_, 226.32, 136, 0.0026214
_15055_, 226.32, 136, 0.0026214
_15056_, 226.32, 136, 0.0026214
_18358_, 226.32, 136, 0.0026214
FILLER_0_46_486, 226.32, 136, 0.0026214
_14993_, 251.32, 136, 0.00273533
_16241_, 251.32, 136, 0.00273533
_18935_, 251.32, 136, 0.00273533
FILLER_0_45_528, 251.32, 136, 0.00273533
FILLER_0_46_529, 251.32, 136, 0.00273533
_09471_, 276.32, 136, 0.00283548
_11709_, 276.32, 136, 0.00283548
_15411_, 276.32, 136, 0.00283548
_16023_, 276.32, 136, 0.00283548
clkbuf_leaf_156_i_clk, 276.32, 136, 0.00283548
_11688_, 301.32, 136, 0.00289055
_15408_, 301.32, 136, 0.00289055
_16025_, 301.32, 136, 0.00289055
FILLER_0_45_641, 301.32, 136, 0.00289055
FILLER_0_46_645, 301.32, 136, 0.00289055
_14279_, 326.32, 136, 0.00293922
_16595_, 326.32, 136, 0.00293922
_16950_, 326.32, 136, 0.00293922
FILLER_0_46_689, 326.32, 136, 0.00293922
FILLER_0_46_697, 326.32, 136, 0.00293922
FILLER_0_46_704, 326.32, 136, 0.00293922
_09467_, 351.32, 136, 0.00297604
_09468_, 351.32, 136, 0.00297604
_11705_, 351.32, 136, 0.00297604
_11706_, 351.32, 136, 0.00297604
FILLER_0_46_765, 351.32, 136, 0.00297604
FILLER_0_47_762, 351.32, 136, 0.00297604
_14624_, 376.32, 136, 0.00300741
_14625_, 376.32, 136, 0.00300741
_16560_, 376.32, 136, 0.00300741
_18675_, 376.32, 136, 0.00300741
_13831_, 401.32, 136, 0.00304326
_13836_, 401.32, 136, 0.00304326
_18899_, 401.32, 136, 0.00304326
FILLER_0_45_854, 401.32, 136, 0.00304326
FILLER_0_46_861, 401.32, 136, 0.00304326
_16417_, 426.32, 136, 0.0030781
_16418_, 426.32, 136, 0.0030781
_16421_, 426.32, 136, 0.0030781
FILLER_0_46_976, 451.32, 136, 0.00310107
FILLER_0_46_1029, 476.32, 136, 0.00311025
PHY_86, 5.52, 130.56, 0.00205677
PHY_88, 5.52, 130.56, 0.00205677
FILLER_0_45_3, 5.52, 130.56, 0.00205677
PHY_87, 494.04, 130.56, 0.00309799
PHY_89, 494.04, 130.56, 0.00309799
_09118_, 26.32, 130.56, 0.00203171
_09119_, 26.32, 130.56, 0.00203171
_18087_, 26.32, 130.56, 0.00203171
_19645_, 26.32, 130.56, 0.00203171
FILLER_0_43_39, 26.32, 130.56, 0.00203171
FILLER_0_45_57, 26.32, 130.56, 0.00203171
_09122_, 51.32, 130.56, 0.00194311
_09123_, 51.32, 130.56, 0.00194311
_13919_, 51.32, 130.56, 0.00194311
_13920_, 51.32, 130.56, 0.00194311
_18089_, 51.32, 130.56, 0.00194311
FILLER_0_44_97, 51.32, 130.56, 0.00194311
_09115_, 76.32, 130.56, 0.00179967
_16625_, 76.32, 130.56, 0.00179967
_18091_, 76.32, 130.56, 0.00179967
_18734_, 76.32, 130.56, 0.00179967
FILLER_0_44_153, 76.32, 130.56, 0.00179967
_14367_, 101.32, 130.56, 0.00164002
_16547_, 101.32, 130.56, 0.00164002
_16549_, 101.32, 130.56, 0.00164002
_18094_, 101.32, 130.56, 0.00164002
_19648_, 101.32, 130.56, 0.00164002
FILLER_0_45_214, 101.32, 130.56, 0.00164002
FILLER_0_45_221, 101.32, 130.56, 0.00164002
_14006_, 126.32, 130.56, 0.00169114
_14012_, 126.32, 130.56, 0.00169114
_16726_, 126.32, 130.56, 0.00169114
FILLER_0_43_262, 126.32, 130.56, 0.00169114
FILLER_0_45_273, 126.32, 130.56, 0.00169114
_09643_, 151.32, 130.56, 0.0019599
_11879_, 151.32, 130.56, 0.0019599
_14365_, 151.32, 130.56, 0.0019599
_18666_, 151.32, 130.56, 0.0019599
FILLER_0_44_305, 151.32, 130.56, 0.0019599
FILLER_0_45_328, 151.32, 130.56, 0.0019599
_09583_, 176.32, 130.56, 0.00221769
_09588_, 176.32, 130.56, 0.00221769
_11824_, 176.32, 130.56, 0.00221769
FILLER_0_43_365, 176.32, 130.56, 0.00221769
_09511_, 201.32, 130.56, 0.00242695
_13991_, 201.32, 130.56, 0.00242695
_13994_, 201.32, 130.56, 0.00242695
_18829_, 201.32, 130.56, 0.00242695
_18830_, 201.32, 130.56, 0.00242695
FILLER_0_43_421, 201.32, 130.56, 0.00242695
_09325_, 226.32, 130.56, 0.00258387
_11561_, 226.32, 130.56, 0.00258387
_14918_, 226.32, 130.56, 0.00258387
_14986_, 226.32, 130.56, 0.00258387
_18934_, 226.32, 130.56, 0.00258387
_09385_, 251.32, 130.56, 0.0027052
_14992_, 251.32, 130.56, 0.0027052
_16240_, 251.32, 130.56, 0.0027052
_18419_, 251.32, 130.56, 0.0027052
FILLER_0_43_532, 251.32, 130.56, 0.0027052
FILLER_0_45_543, 251.32, 130.56, 0.0027052
_13763_, 276.32, 130.56, 0.00280248
_16844_, 276.32, 130.56, 0.00280248
FILLER_0_43_585, 276.32, 130.56, 0.00280248
FILLER_0_44_601, 276.32, 130.56, 0.00280248
_09451_, 301.32, 130.56, 0.00288566
_11579_, 301.32, 130.56, 0.00288566
_14702_, 301.32, 130.56, 0.00288566
_15407_, 301.32, 130.56, 0.00288566
_18193_, 301.32, 130.56, 0.00288566
FILLER_0_43_636, 301.32, 130.56, 0.00288566
FILLER_0_44_640, 301.32, 130.56, 0.00288566
_11648_, 326.32, 130.56, 0.00292949
_13561_, 326.32, 130.56, 0.00292949
_14280_, 326.32, 130.56, 0.00292949
_19026_, 326.32, 130.56, 0.00292949
FILLER_0_43_685, 326.32, 130.56, 0.00292949
FILLER_0_44_689, 326.32, 130.56, 0.00292949
FILLER_0_44_696, 326.32, 130.56, 0.00292949
_13987_, 351.32, 130.56, 0.00296256
_13988_, 351.32, 130.56, 0.00296256
_14627_, 351.32, 130.56, 0.00296256
_16733_, 351.32, 130.56, 0.00296256
_18544_, 351.32, 130.56, 0.00296256
FILLER_0_44_757, 351.32, 130.56, 0.00296256
_09427_, 376.32, 130.56, 0.00299201
_11663_, 376.32, 130.56, 0.00299201
_14345_, 376.32, 130.56, 0.00299201
_14346_, 376.32, 130.56, 0.00299201
FILLER_0_44_798, 376.32, 130.56, 0.00299201
FILLER_0_45_808, 376.32, 130.56, 0.00299201
_13834_, 401.32, 130.56, 0.00303134
_13835_, 401.32, 130.56, 0.00303134
_16807_, 401.32, 130.56, 0.00303134
_18897_, 401.32, 130.56, 0.00303134
_18898_, 401.32, 130.56, 0.00303134
FILLER_0_43_856, 401.32, 130.56, 0.00303134
_14062_, 426.32, 130.56, 0.00306475
_14064_, 426.32, 130.56, 0.00306475
_14065_, 426.32, 130.56, 0.00306475
_18807_, 426.32, 130.56, 0.00306475
FILLER_0_43_909, 426.32, 130.56, 0.00306475
FILLER_0_44_969, 451.32, 130.56, 0.00308371
FILLER_0_44_977, 451.32, 130.56, 0.00308371
FILLER_0_44_1029, 476.32, 130.56, 0.00309488
_14229_, 5.52, 125.12, 0.00200975
_18728_, 5.52, 125.12, 0.00200975
PHY_82, 5.52, 125.12, 0.00200975
PHY_84, 5.52, 125.12, 0.00200975
FILLER_0_43_3, 5.52, 125.12, 0.00200975
PHY_83, 494.04, 125.12, 0.00308374
PHY_85, 494.04, 125.12, 0.00308374
_14569_, 26.32, 125.12, 0.00197913
_14570_, 26.32, 125.12, 0.00197913
_18090_, 26.32, 125.12, 0.00197913
_18571_, 26.32, 125.12, 0.00197913
FILLER_0_42_38, 26.32, 125.12, 0.00197913
FILLER_0_43_51, 26.32, 125.12, 0.00197913
_13921_, 51.32, 125.12, 0.00187768
_16764_, 51.32, 125.12, 0.00187768
_16765_, 51.32, 125.12, 0.00187768
_18858_, 51.32, 125.12, 0.00187768
FILLER_0_42_97, 51.32, 125.12, 0.00187768
FILLER_0_43_107, 51.32, 125.12, 0.00187768
_13913_, 76.32, 125.12, 0.00170442
_13914_, 76.32, 125.12, 0.00170442
_14220_, 76.32, 125.12, 0.00170442
_14221_, 76.32, 125.12, 0.00170442
FILLER_0_42_141, 76.32, 125.12, 0.00170442
FILLER_0_42_149, 76.32, 125.12, 0.00170442
FILLER_0_42_166, 76.32, 125.12, 0.00170442
_13910_, 101.32, 125.12, 0.00152
_14366_, 101.32, 125.12, 0.00152
_14369_, 101.32, 125.12, 0.00152
_18664_, 101.32, 125.12, 0.00152
_18665_, 101.32, 125.12, 0.00152
clkbuf_leaf_5_i_clk, 101.32, 125.12, 0.00152
_09623_, 126.32, 125.12, 0.00155848
_13852_, 126.32, 125.12, 0.00155848
FILLER_0_41_261, 126.32, 125.12, 0.00155848
_09628_, 151.32, 125.12, 0.00187128
_09648_, 151.32, 125.12, 0.00187128
_11864_, 151.32, 125.12, 0.00187128
_11884_, 151.32, 125.12, 0.00187128
_14364_, 151.32, 125.12, 0.00187128
FILLER_0_42_329, 151.32, 125.12, 0.00187128
FILLER_0_43_321, 151.32, 125.12, 0.00187128
_11818_, 176.32, 125.12, 0.00215388
_14358_, 176.32, 125.12, 0.00215388
_14359_, 176.32, 125.12, 0.00215388
_18669_, 176.32, 125.12, 0.00215388
FILLER_0_42_365, 176.32, 125.12, 0.00215388
FILLER_0_43_373, 176.32, 125.12, 0.00215388
_16727_, 201.32, 125.12, 0.00237444
FILLER_0_41_425, 201.32, 125.12, 0.00237444
FILLER_0_42_413, 201.32, 125.12, 0.00237444
FILLER_0_42_433, 201.32, 125.12, 0.00237444
_09223_, 226.32, 125.12, 0.00254792
_13757_, 226.32, 125.12, 0.00254792
_16279_, 226.32, 125.12, 0.00254792
FILLER_0_41_478, 226.32, 125.12, 0.00254792
FILLER_0_42_492, 226.32, 125.12, 0.00254792
FILLER_0_43_486, 226.32, 125.12, 0.00254792
_11621_, 251.32, 125.12, 0.00267485
_11641_, 251.32, 125.12, 0.00267485
_14994_, 251.32, 125.12, 0.00267485
FILLER_0_41_529, 251.32, 125.12, 0.00267485
FILLER_0_43_542, 251.32, 125.12, 0.00267485
_14285_, 276.32, 125.12, 0.00277831
_14286_, 276.32, 125.12, 0.00277831
_16591_, 276.32, 125.12, 0.00277831
_18703_, 276.32, 125.12, 0.00277831
FILLER_0_41_585, 276.32, 125.12, 0.00277831
FILLER_0_42_581, 276.32, 125.12, 0.00277831
_09343_, 301.32, 125.12, 0.00286058
hold394, 301.32, 125.12, 0.00286058
FILLER_0_42_645, 301.32, 125.12, 0.00286058
FILLER_0_43_649, 301.32, 125.12, 0.00286058
_09412_, 326.32, 125.12, 0.00291453
_09432_, 326.32, 125.12, 0.00291453
_13560_, 326.32, 125.12, 0.00291453
_14351_, 351.32, 125.12, 0.00294961
_14352_, 351.32, 125.12, 0.00294961
_15956_, 351.32, 125.12, 0.00294961
_18672_, 351.32, 125.12, 0.00294961
FILLER_0_41_741, 351.32, 125.12, 0.00294961
FILLER_0_43_761, 351.32, 125.12, 0.00294961
_11664_, 376.32, 125.12, 0.00298206
_13981_, 376.32, 125.12, 0.00298206
_13982_, 376.32, 125.12, 0.00298206
_16735_, 376.32, 125.12, 0.00298206
FILLER_0_42_797, 376.32, 125.12, 0.00298206
FILLER_0_42_813, 376.32, 125.12, 0.00298206
_13833_, 401.32, 125.12, 0.00301786
_16808_, 401.32, 125.12, 0.00301786
FILLER_0_42_859, 401.32, 125.12, 0.00301786
_09330_, 426.32, 125.12, 0.00305425
_14066_, 426.32, 125.12, 0.00305425
_14137_, 426.32, 125.12, 0.00305425
_18806_, 426.32, 125.12, 0.00305425
FILLER_0_43_917, 426.32, 125.12, 0.00305425
FILLER_0_42_973, 451.32, 125.12, 0.00307034
FILLER_0_42_1029, 476.32, 125.12, 0.00308064
_18730_, 5.52, 119.68, 0.00196106
PHY_78, 5.52, 119.68, 0.00196106
PHY_80, 5.52, 119.68, 0.00196106
output6, 5.52, 119.68, 0.00196106
FILLER_0_41_3, 5.52, 119.68, 0.00196106
PHY_79, 494.04, 119.68, 0.00307267
PHY_81, 494.04, 119.68, 0.00307267
_14575_, 26.32, 119.68, 0.00191942
_16443_, 26.32, 119.68, 0.00191942
_16445_, 26.32, 119.68, 0.00191942
FILLER_0_40_41, 26.32, 119.68, 0.00191942
FILLER_0_41_57, 26.32, 119.68, 0.00191942
_16441_, 51.32, 119.68, 0.00181062
_16763_, 51.32, 119.68, 0.00181062
clkbuf_leaf_2_i_clk, 51.32, 119.68, 0.00181062
FILLER_0_39_87, 51.32, 119.68, 0.00181062
FILLER_0_39_95, 51.32, 119.68, 0.00181062
FILLER_0_40_91, 51.32, 119.68, 0.00181062
FILLER_0_41_113, 51.32, 119.68, 0.00181062
_14567_, 76.32, 119.68, 0.00159755
_16767_, 76.32, 119.68, 0.00159755
_18861_, 76.32, 119.68, 0.00159755
FILLER_0_41_159, 76.32, 119.68, 0.00159755
FILLER_0_39_207, 101.32, 119.68, 0.00134472
_09622_, 126.32, 119.68, 0.00140255
_11858_, 126.32, 119.68, 0.00140255
_14642_, 126.32, 119.68, 0.00140255
_16798_, 126.32, 119.68, 0.00140255
_18537_, 126.32, 119.68, 0.00140255
FILLER_0_39_257, 126.32, 119.68, 0.00140255
FILLER_0_40_253, 126.32, 119.68, 0.00140255
_11838_, 151.32, 119.68, 0.001763
_16406_, 151.32, 119.68, 0.001763
_18538_, 151.32, 119.68, 0.001763
FILLER_0_40_309, 151.32, 119.68, 0.001763
FILLER_0_41_323, 151.32, 119.68, 0.001763
_16409_, 176.32, 119.68, 0.0020837
_16650_, 176.32, 119.68, 0.0020837
FILLER_0_40_380, 176.32, 119.68, 0.0020837
_14631_, 201.32, 119.68, 0.00233352
_14634_, 201.32, 119.68, 0.00233352
_14635_, 201.32, 119.68, 0.00233352
_18542_, 201.32, 119.68, 0.00233352
_09215_, 226.32, 119.68, 0.0025134
_11452_, 226.32, 119.68, 0.0025134
_11454_, 226.32, 119.68, 0.0025134
_11458_, 226.32, 119.68, 0.0025134
ANTENNA_103, 226.32, 119.68, 0.0025134
_09405_, 251.32, 119.68, 0.00264896
_15063_, 251.32, 119.68, 0.00264896
_18418_, 251.32, 119.68, 0.00264896
FILLER_0_40_540, 251.32, 119.68, 0.00264896
_11710_, 276.32, 119.68, 0.0027575
_13566_, 276.32, 119.68, 0.0027575
_13567_, 276.32, 119.68, 0.0027575
_19023_, 276.32, 119.68, 0.0027575
hold425, 276.32, 119.68, 0.0027575
FILLER_0_39_577, 276.32, 119.68, 0.0027575
FILLER_0_40_579, 276.32, 119.68, 0.0027575
_09452_, 301.32, 119.68, 0.00283804
_09453_, 301.32, 119.68, 0.00283804
_11689_, 301.32, 119.68, 0.00283804
hold270, 301.32, 119.68, 0.00283804
FILLER_0_40_652, 301.32, 119.68, 0.00283804
_11669_, 326.32, 119.68, 0.00290281
_11679_, 326.32, 119.68, 0.00290281
_15955_, 351.32, 119.68, 0.0029437
_16557_, 351.32, 119.68, 0.0029437
_18832_, 351.32, 119.68, 0.0029437
FILLER_0_40_746, 351.32, 119.68, 0.0029437
_09428_, 376.32, 119.68, 0.00298136
_14349_, 376.32, 119.68, 0.00298136
_16558_, 376.32, 119.68, 0.00298136
_18674_, 376.32, 119.68, 0.00298136
_09410_, 401.32, 119.68, 0.00302677
clkbuf_leaf_131_i_clk, 401.32, 119.68, 0.00302677
FILLER_0_40_861, 401.32, 119.68, 0.00302677
_11546_, 426.32, 119.68, 0.00304931
_14134_, 426.32, 119.68, 0.00304931
_14136_, 426.32, 119.68, 0.00304931
_18773_, 426.32, 119.68, 0.00304931
FILLER_0_41_928, 426.32, 119.68, 0.00304931
_16666_, 451.32, 119.68, 0.00306023
FILLER_0_40_974, 451.32, 119.68, 0.00306023
FILLER_0_40_1029, 476.32, 119.68, 0.00306891
PHY_74, 5.52, 114.24, 0.00195298
PHY_76, 5.52, 114.24, 0.00195298
FILLER_0_38_3, 5.52, 114.24, 0.00195298
PHY_75, 494.04, 114.24, 0.00305793
PHY_77, 494.04, 114.24, 0.00305793
_14573_, 26.32, 114.24, 0.00192232
_14574_, 26.32, 114.24, 0.00192232
_14576_, 26.32, 114.24, 0.00192232
_18568_, 26.32, 114.24, 0.00192232
_18569_, 26.32, 114.24, 0.00192232
FILLER_0_39_52, 26.32, 114.24, 0.00192232
_14572_, 51.32, 114.24, 0.00181765
_14577_, 51.32, 114.24, 0.00181765
_14578_, 51.32, 114.24, 0.00181765
_16444_, 51.32, 114.24, 0.00181765
_18567_, 51.32, 114.24, 0.00181765
_18570_, 51.32, 114.24, 0.00181765
FILLER_0_39_101, 51.32, 114.24, 0.00181765
FILLER_0_39_109, 51.32, 114.24, 0.00181765
_14565_, 76.32, 114.24, 0.00164486
_14566_, 76.32, 114.24, 0.00164486
_16039_, 76.32, 114.24, 0.00164486
_16447_, 76.32, 114.24, 0.00164486
clkbuf_leaf_4_i_clk, 76.32, 114.24, 0.00164486
FILLER_0_38_141, 76.32, 114.24, 0.00164486
FILLER_0_38_156, 76.32, 114.24, 0.00164486
FILLER_0_39_162, 76.32, 114.24, 0.00164486
_14094_, 101.32, 114.24, 0.00142566
_14098_, 101.32, 114.24, 0.00142566
_16690_, 101.32, 114.24, 0.00142566
_18790_, 101.32, 114.24, 0.00142566
_18792_, 101.32, 114.24, 0.00142566
FILLER_0_37_201, 101.32, 114.24, 0.00142566
FILLER_0_38_197, 101.32, 114.24, 0.00142566
FILLER_0_39_220, 101.32, 114.24, 0.00142566
_14641_, 126.32, 114.24, 0.00147435
_18758_, 126.32, 114.24, 0.00147435
FILLER_0_37_254, 126.32, 114.24, 0.00147435
FILLER_0_39_272, 126.32, 114.24, 0.00147435
_13851_, 151.32, 114.24, 0.00179997
_14163_, 151.32, 114.24, 0.00179997
_14639_, 151.32, 114.24, 0.00179997
_14640_, 151.32, 114.24, 0.00179997
_18890_, 151.32, 114.24, 0.00179997
FILLER_0_37_313, 151.32, 114.24, 0.00179997
FILLER_0_38_321, 151.32, 114.24, 0.00179997
_13845_, 176.32, 114.24, 0.00210004
_13846_, 176.32, 114.24, 0.00210004
_13847_, 176.32, 114.24, 0.00210004
_18892_, 176.32, 114.24, 0.00210004
_18893_, 176.32, 114.24, 0.00210004
FILLER_0_38_365, 176.32, 114.24, 0.00210004
_09499_, 201.32, 114.24, 0.00232935
_14080_, 201.32, 114.24, 0.00232935
_14150_, 201.32, 114.24, 0.00232935
_14636_, 201.32, 114.24, 0.00232935
_16411_, 201.32, 114.24, 0.00232935
_18540_, 201.32, 114.24, 0.00232935
FILLER_0_38_413, 201.32, 114.24, 0.00232935
FILLER_0_38_421, 201.32, 114.24, 0.00232935
FILLER_0_38_430, 201.32, 114.24, 0.00232935
FILLER_0_39_431, 201.32, 114.24, 0.00232935
FILLER_0_39_437, 201.32, 114.24, 0.00232935
_09219_, 226.32, 114.24, 0.00250564
_09465_, 226.32, 114.24, 0.00250564
_09466_, 226.32, 114.24, 0.00250564
_11462_, 226.32, 114.24, 0.00250564
_11703_, 226.32, 114.24, 0.00250564
_13771_, 226.32, 114.24, 0.00250564
_16840_, 226.32, 114.24, 0.00250564
FILLER_0_38_477, 226.32, 114.24, 0.00250564
_09425_, 251.32, 114.24, 0.00263842
_09445_, 251.32, 114.24, 0.00263842
_11661_, 251.32, 114.24, 0.00263842
_15065_, 251.32, 114.24, 0.00263842
_16203_, 251.32, 114.24, 0.00263842
FILLER_0_39_540, 251.32, 114.24, 0.00263842
clkbuf_leaf_150_i_clk, 276.32, 114.24, 0.00275473
FILLER_0_38_577, 276.32, 114.24, 0.00275473
FILLER_0_38_585, 276.32, 114.24, 0.00275473
_09463_, 301.32, 114.24, 0.00283098
_11690_, 301.32, 114.24, 0.00283098
_13564_, 301.32, 114.24, 0.00283098
_13565_, 301.32, 114.24, 0.00283098
hold436, 301.32, 114.24, 0.00283098
FILLER_0_37_640, 301.32, 114.24, 0.00283098
_09433_, 326.32, 114.24, 0.00288937
_14059_, 326.32, 114.24, 0.00288937
_14129_, 326.32, 114.24, 0.00288937
_15542_, 326.32, 114.24, 0.00288937
_15954_, 326.32, 114.24, 0.00288937
FILLER_0_38_686, 326.32, 114.24, 0.00288937
FILLER_0_38_695, 326.32, 114.24, 0.00288937
FILLER_0_38_701, 326.32, 114.24, 0.00288937
_16708_, 351.32, 114.24, 0.00293542
_18808_, 351.32, 114.24, 0.00293542
FILLER_0_38_751, 351.32, 114.24, 0.00293542
FILLER_0_38_757, 351.32, 114.24, 0.00293542
_11687_, 376.32, 114.24, 0.00296773
_14072_, 401.32, 114.24, 0.00300133
_14073_, 401.32, 114.24, 0.00300133
FILLER_0_38_850, 401.32, 114.24, 0.00300133
FILLER_0_38_858, 401.32, 114.24, 0.00300133
FILLER_0_38_864, 401.32, 114.24, 0.00300133
_09370_, 426.32, 114.24, 0.0030305
_16669_, 426.32, 114.24, 0.0030305
FILLER_0_38_920, 426.32, 114.24, 0.0030305
FILLER_0_38_925, 426.32, 114.24, 0.0030305
FILLER_0_39_919, 426.32, 114.24, 0.0030305
FILLER_0_39_925, 426.32, 114.24, 0.0030305
FILLER_0_38_974, 451.32, 114.24, 0.00304591
FILLER_0_38_1029, 476.32, 114.24, 0.00305491
_14434_, 5.52, 108.8, 0.00194871
_18632_, 5.52, 108.8, 0.00194871
_18634_, 5.52, 108.8, 0.00194871
PHY_70, 5.52, 108.8, 0.00194871
PHY_72, 5.52, 108.8, 0.00194871
FILLER_0_36_3, 5.52, 108.8, 0.00194871
PHY_71, 494.04, 108.8, 0.0030466
PHY_73, 494.04, 108.8, 0.0030466
_14436_, 26.32, 108.8, 0.00191116
_14444_, 26.32, 108.8, 0.00191116
FILLER_0_35_40, 26.32, 108.8, 0.00191116
_14432_, 51.32, 108.8, 0.00181819
FILLER_0_37_107, 51.32, 108.8, 0.00181819
FILLER_0_37_113, 51.32, 108.8, 0.00181819
_14568_, 76.32, 108.8, 0.00166813
_16048_, 76.32, 108.8, 0.00166813
FILLER_0_35_151, 76.32, 108.8, 0.00166813
FILLER_0_36_165, 76.32, 108.8, 0.00166813
FILLER_0_37_157, 76.32, 108.8, 0.00166813
_14093_, 101.32, 108.8, 0.00150566
_16519_, 101.32, 108.8, 0.00150566
FILLER_0_36_209, 101.32, 108.8, 0.00150566
_14167_, 126.32, 108.8, 0.00157212
_14168_, 126.32, 108.8, 0.00157212
_16687_, 126.32, 108.8, 0.00157212
clkbuf_leaf_179_i_clk, 126.32, 108.8, 0.00157212
FILLER_0_35_255, 126.32, 108.8, 0.00157212
FILLER_0_36_253, 126.32, 108.8, 0.00157212
_09645_, 151.32, 108.8, 0.00183761
_13850_, 151.32, 108.8, 0.00183761
_16655_, 151.32, 108.8, 0.00183761
FILLER_0_36_320, 151.32, 108.8, 0.00183761
_13844_, 176.32, 108.8, 0.00210018
_16802_, 176.32, 108.8, 0.00210018
FILLER_0_36_359, 176.32, 108.8, 0.00210018
FILLER_0_36_365, 176.32, 108.8, 0.00210018
_14081_, 201.32, 108.8, 0.00231734
_14151_, 201.32, 108.8, 0.00231734
_14152_, 201.32, 108.8, 0.00231734
FILLER_0_35_414, 201.32, 108.8, 0.00231734
FILLER_0_36_421, 201.32, 108.8, 0.00231734
FILLER_0_36_438, 201.32, 108.8, 0.00231734
FILLER_0_37_439, 201.32, 108.8, 0.00231734
_14913_, 226.32, 108.8, 0.00249021
_15050_, 226.32, 108.8, 0.00249021
_15069_, 226.32, 108.8, 0.00249021
_18352_, 226.32, 108.8, 0.00249021
FILLER_0_35_468, 226.32, 108.8, 0.00249021
FILLER_0_36_486, 226.32, 108.8, 0.00249021
FILLER_0_37_487, 226.32, 108.8, 0.00249021
_15061_, 251.32, 108.8, 0.00262294
_15066_, 251.32, 108.8, 0.00262294
_16202_, 251.32, 108.8, 0.00262294
FILLER_0_35_524, 251.32, 108.8, 0.00262294
FILLER_0_37_545, 251.32, 108.8, 0.00262294
_11721_, 276.32, 108.8, 0.00273748
_16842_, 276.32, 108.8, 0.00273748
_18127_, 276.32, 108.8, 0.00273748
_18929_, 276.32, 108.8, 0.00273748
FILLER_0_36_584, 276.32, 108.8, 0.00273748
FILLER_0_36_592, 276.32, 108.8, 0.00273748
FILLER_0_37_590, 276.32, 108.8, 0.00273748
_15532_, 301.32, 108.8, 0.00281016
_15953_, 301.32, 108.8, 0.00281016
_18134_, 301.32, 108.8, 0.00281016
hold354, 301.32, 108.8, 0.00281016
FILLER_0_35_643, 301.32, 108.8, 0.00281016
FILLER_0_36_641, 301.32, 108.8, 0.00281016
FILLER_0_36_645, 301.32, 108.8, 0.00281016
_11708_, 326.32, 108.8, 0.00287392
_15541_, 326.32, 108.8, 0.00287392
_18129_, 326.32, 108.8, 0.00287392
_18767_, 326.32, 108.8, 0.00287392
FILLER_0_36_697, 326.32, 108.8, 0.00287392
FILLER_0_36_701, 326.32, 108.8, 0.00287392
FILLER_0_36_710, 326.32, 108.8, 0.00287392
_14060_, 351.32, 108.8, 0.00292107
_14061_, 351.32, 108.8, 0.00292107
_14130_, 351.32, 108.8, 0.00292107
FILLER_0_35_747, 351.32, 108.8, 0.00292107
FILLER_0_36_749, 351.32, 108.8, 0.00292107
_09450_, 376.32, 108.8, 0.00296541
_16664_, 376.32, 108.8, 0.00296541
_18801_, 376.32, 108.8, 0.00296541
FILLER_0_36_807, 376.32, 108.8, 0.00296541
FILLER_0_36_813, 376.32, 108.8, 0.00296541
FILLER_0_37_814, 376.32, 108.8, 0.00296541
_09390_, 401.32, 108.8, 0.00300203
_11626_, 401.32, 108.8, 0.00300203
_14070_, 401.32, 108.8, 0.00300203
_14071_, 401.32, 108.8, 0.00300203
_16702_, 401.32, 108.8, 0.00300203
_18803_, 401.32, 108.8, 0.00300203
FILLER_0_37_861, 401.32, 108.8, 0.00300203
_14138_, 426.32, 108.8, 0.00302104
_14140_, 426.32, 108.8, 0.00302104
_14141_, 426.32, 108.8, 0.00302104
FILLER_0_36_915, 426.32, 108.8, 0.00302104
FILLER_0_36_970, 451.32, 108.8, 0.00303509
FILLER_0_36_1029, 476.32, 108.8, 0.00304365
PHY_66, 5.52, 103.36, 0.0019326
PHY_68, 5.52, 103.36, 0.0019326
PHY_67, 494.04, 103.36, 0.00303582
PHY_69, 494.04, 103.36, 0.00303582
_14435_, 26.32, 103.36, 0.00191601
_14443_, 26.32, 103.36, 0.00191601
_18629_, 26.32, 103.36, 0.00191601
_18633_, 26.32, 103.36, 0.00191601
FILLER_0_35_57, 26.32, 103.36, 0.00191601
_14431_, 51.32, 103.36, 0.00184073
_15361_, 51.32, 103.36, 0.00184073
_16515_, 51.32, 103.36, 0.00184073
_18215_, 51.32, 103.36, 0.00184073
FILLER_0_33_99, 51.32, 103.36, 0.00184073
FILLER_0_34_96, 51.32, 103.36, 0.00184073
FILLER_0_35_103, 51.32, 103.36, 0.00184073
_14428_, 76.32, 103.36, 0.00172331
_18636_, 76.32, 103.36, 0.00172331
_18637_, 76.32, 103.36, 0.00172331
FILLER_0_33_152, 76.32, 103.36, 0.00172331
FILLER_0_34_141, 76.32, 103.36, 0.00172331
FILLER_0_35_160, 76.32, 103.36, 0.00172331
_14087_, 101.32, 103.36, 0.00159617
_14088_, 101.32, 103.36, 0.00159617
_14090_, 101.32, 103.36, 0.00159617
_16692_, 101.32, 103.36, 0.00159617
_18795_, 101.32, 103.36, 0.00159617
FILLER_0_33_198, 101.32, 103.36, 0.00159617
FILLER_0_34_197, 101.32, 103.36, 0.00159617
FILLER_0_34_205, 101.32, 103.36, 0.00159617
_14095_, 126.32, 103.36, 0.00164889
_14169_, 126.32, 103.36, 0.00164889
_14170_, 126.32, 103.36, 0.00164889
_18757_, 126.32, 103.36, 0.00164889
FILLER_0_34_265, 126.32, 103.36, 0.00164889
FILLER_0_35_263, 126.32, 103.36, 0.00164889
_11881_, 151.32, 103.36, 0.00188539
_14159_, 151.32, 103.36, 0.00188539
_16656_, 151.32, 103.36, 0.00188539
_18762_, 151.32, 103.36, 0.00188539
FILLER_0_33_310, 151.32, 103.36, 0.00188539
FILLER_0_34_321, 151.32, 103.36, 0.00188539
FILLER_0_35_327, 151.32, 103.36, 0.00188539
_11821_, 176.32, 103.36, 0.00212118
_16916_, 176.32, 103.36, 0.00212118
hold379, 176.32, 103.36, 0.00212118
_14082_, 201.32, 103.36, 0.00232245
_14083_, 201.32, 103.36, 0.00232245
_18766_, 201.32, 103.36, 0.00232245
_18798_, 201.32, 103.36, 0.00232245
FILLER_0_33_420, 201.32, 103.36, 0.00232245
FILLER_0_34_414, 201.32, 103.36, 0.00232245
FILLER_0_34_421, 201.32, 103.36, 0.00232245
_13752_, 226.32, 103.36, 0.00248059
_14981_, 226.32, 103.36, 0.00248059
_15000_, 226.32, 103.36, 0.00248059
FILLER_0_33_480, 226.32, 103.36, 0.00248059
_15062_, 251.32, 103.36, 0.00261269
_18355_, 251.32, 103.36, 0.00261269
FILLER_0_34_521, 251.32, 103.36, 0.00261269
FILLER_0_34_529, 251.32, 103.36, 0.00261269
FILLER_0_34_545, 251.32, 103.36, 0.00261269
_13765_, 276.32, 103.36, 0.00272298
_13766_, 276.32, 103.36, 0.00272298
_13767_, 276.32, 103.36, 0.00272298
_13768_, 276.32, 103.36, 0.00272298
_15546_, 276.32, 103.36, 0.00272298
_18930_, 276.32, 103.36, 0.00272298
FILLER_0_35_599, 276.32, 103.36, 0.00272298
_13498_, 301.32, 103.36, 0.0028273
_14477_, 301.32, 103.36, 0.0028273
_16493_, 301.32, 103.36, 0.0028273
clkbuf_4_8__f_i_clk, 301.32, 103.36, 0.0028273
FILLER_0_34_633, 301.32, 103.36, 0.0028273
FILLER_0_34_639, 301.32, 103.36, 0.0028273
_14148_, 326.32, 103.36, 0.00287225
_16663_, 326.32, 103.36, 0.00287225
_16911_, 326.32, 103.36, 0.00287225
_18799_, 326.32, 103.36, 0.00287225
FILLER_0_34_685, 326.32, 103.36, 0.00287225
FILLER_0_34_704, 326.32, 103.36, 0.00287225
_09246_, 351.32, 103.36, 0.00292842
_09247_, 351.32, 103.36, 0.00292842
_11485_, 351.32, 103.36, 0.00292842
_13480_, 351.32, 103.36, 0.00292842
_16993_, 351.32, 103.36, 0.00292842
FILLER_0_34_753, 351.32, 103.36, 0.00292842
_09449_, 376.32, 103.36, 0.0029908
_11686_, 376.32, 103.36, 0.0029908
_16699_, 376.32, 103.36, 0.0029908
clkbuf_4_10__f_i_clk, 376.32, 103.36, 0.0029908
FILLER_0_34_803, 376.32, 103.36, 0.0029908
_09389_, 401.32, 103.36, 0.00299848
_11625_, 401.32, 103.36, 0.00299848
_13627_, 401.32, 103.36, 0.00299848
hold385, 401.32, 103.36, 0.00299848
FILLER_0_34_852, 401.32, 103.36, 0.00299848
FILLER_0_34_865, 401.32, 103.36, 0.00299848
_09349_, 426.32, 103.36, 0.00303023
_11605_, 426.32, 103.36, 0.00303023
_13626_, 426.32, 103.36, 0.00303023
_18771_, 426.32, 103.36, 0.00303023
clkbuf_leaf_132_i_clk, 426.32, 103.36, 0.00303023
FILLER_0_33_911, 426.32, 103.36, 0.00303023
FILLER_0_34_910, 426.32, 103.36, 0.00303023
FILLER_0_34_918, 426.32, 103.36, 0.00303023
FILLER_0_35_916, 426.32, 103.36, 0.00303023
FILLER_0_34_972, 451.32, 103.36, 0.00302811
FILLER_0_34_1029, 476.32, 103.36, 0.00303346
_18631_, 5.52, 97.92, 0.00193208
PHY_62, 5.52, 97.92, 0.00193208
PHY_64, 5.52, 97.92, 0.00193208
FILLER_0_32_3, 5.52, 97.92, 0.00193208
FILLER_0_33_3, 5.52, 97.92, 0.00193208
PHY_63, 494.04, 97.92, 0.00302437
PHY_65, 494.04, 97.92, 0.00302437
_14885_, 26.32, 97.92, 0.0019098
_16509_, 26.32, 97.92, 0.0019098
FILLER_0_31_36, 26.32, 97.92, 0.0019098
_14882_, 51.32, 97.92, 0.00185526
_15360_, 51.32, 97.92, 0.00185526
_18439_, 51.32, 97.92, 0.00185526
FILLER_0_31_99, 51.32, 97.92, 0.00185526
FILLER_0_32_97, 51.32, 97.92, 0.00185526
FILLER_0_33_109, 51.32, 97.92, 0.00185526
_09696_, 76.32, 97.92, 0.00176691
_11933_, 76.32, 97.92, 0.00176691
_14427_, 76.32, 97.92, 0.00176691
_09525_, 101.32, 97.92, 0.00167866
_11763_, 101.32, 97.92, 0.00167866
_18794_, 101.32, 97.92, 0.00167866
ANTENNA_114, 101.32, 97.92, 0.00167866
_14165_, 126.32, 97.92, 0.00172887
_14166_, 126.32, 97.92, 0.00172887
_16970_, 126.32, 97.92, 0.00172887
_18759_, 126.32, 97.92, 0.00172887
FILLER_0_33_267, 126.32, 97.92, 0.00172887
_11861_, 151.32, 97.92, 0.00192677
_14160_, 151.32, 97.92, 0.00192677
_16657_, 151.32, 97.92, 0.00192677
FILLER_0_32_317, 151.32, 97.92, 0.00192677
_09585_, 176.32, 97.92, 0.00213905
_11739_, 176.32, 97.92, 0.00213905
_14154_, 176.32, 97.92, 0.00213905
_16658_, 176.32, 97.92, 0.00213905
_18765_, 176.32, 97.92, 0.00213905
FILLER_0_33_384, 176.32, 97.92, 0.00213905
_14084_, 201.32, 97.92, 0.00232174
_14085_, 201.32, 97.92, 0.00232174
_14086_, 201.32, 97.92, 0.00232174
FILLER_0_31_416, 201.32, 97.92, 0.00232174
FILLER_0_32_421, 201.32, 97.92, 0.00232174
FILLER_0_32_439, 201.32, 97.92, 0.00232174
_14932_, 226.32, 97.92, 0.00248119
_16236_, 226.32, 97.92, 0.00248119
_16237_, 226.32, 97.92, 0.00248119
_18384_, 226.32, 97.92, 0.00248119
FILLER_0_32_473, 226.32, 97.92, 0.00248119
FILLER_0_32_486, 226.32, 97.92, 0.00248119
_09266_, 251.32, 97.92, 0.00260496
_11503_, 251.32, 97.92, 0.00260496
_14777_, 251.32, 97.92, 0.00260496
_16204_, 251.32, 97.92, 0.00260496
FILLER_0_32_540, 251.32, 97.92, 0.00260496
FILLER_0_33_541, 251.32, 97.92, 0.00260496
_16843_, 276.32, 97.92, 0.00270456
FILLER_0_32_584, 276.32, 97.92, 0.00270456
_09314_, 301.32, 97.92, 0.00280045
_14476_, 301.32, 97.92, 0.00280045
_19055_, 301.32, 97.92, 0.00280045
clkbuf_leaf_151_i_clk, 301.32, 97.92, 0.00280045
FILLER_0_31_643, 301.32, 97.92, 0.00280045
FILLER_0_32_641, 301.32, 97.92, 0.00280045
_18484_, 326.32, 97.92, 0.00285422
FILLER_0_31_688, 326.32, 97.92, 0.00285422
FILLER_0_32_696, 326.32, 97.92, 0.00285422
_13479_, 351.32, 97.92, 0.00290645
_13617_, 351.32, 97.92, 0.00290645
_13618_, 351.32, 97.92, 0.00290645
_16921_, 351.32, 97.92, 0.00290645
_19000_, 351.32, 97.92, 0.00290645
_19064_, 351.32, 97.92, 0.00290645
FILLER_0_31_741, 351.32, 97.92, 0.00290645
_13493_, 376.32, 97.92, 0.00294584
_13494_, 376.32, 97.92, 0.00294584
_16912_, 376.32, 97.92, 0.00294584
_19057_, 376.32, 97.92, 0.00294584
FILLER_0_31_805, 376.32, 97.92, 0.00294584
FILLER_0_33_810, 376.32, 97.92, 0.00294584
_09409_, 401.32, 97.92, 0.0029817
_11645_, 401.32, 97.92, 0.0029817
_13629_, 401.32, 97.92, 0.0029817
_13630_, 401.32, 97.92, 0.0029817
_16915_, 401.32, 97.92, 0.0029817
_18994_, 401.32, 97.92, 0.0029817
_13485_, 426.32, 97.92, 0.00300699
_13619_, 426.32, 97.92, 0.00300699
_13625_, 426.32, 97.92, 0.00300699
_18996_, 426.32, 97.92, 0.00300699
_18999_, 426.32, 97.92, 0.00300699
FILLER_0_32_911, 426.32, 97.92, 0.00300699
FILLER_0_32_969, 451.32, 97.92, 0.00301412
FILLER_0_32_977, 451.32, 97.92, 0.00301412
FILLER_0_32_1029, 476.32, 97.92, 0.00302159
_18441_, 5.52, 92.48, 0.00193536
PHY_58, 5.52, 92.48, 0.00193536
PHY_60, 5.52, 92.48, 0.00193536
output10, 5.52, 92.48, 0.00193536
FILLER_0_30_9, 5.52, 92.48, 0.00193536
FILLER_0_31_3, 5.52, 92.48, 0.00193536
PHY_59, 494.04, 92.48, 0.00301658
PHY_61, 494.04, 92.48, 0.00301658
_16296_, 26.32, 92.48, 0.00191551
_18437_, 26.32, 92.48, 0.00191551
FILLER_0_31_53, 26.32, 92.48, 0.00191551
FILLER_0_31_57, 26.32, 92.48, 0.00191551
_09593_, 51.32, 92.48, 0.00186929
_09673_, 51.32, 92.48, 0.00186929
_11829_, 51.32, 92.48, 0.00186929
_11832_, 51.32, 92.48, 0.00186929
_11909_, 51.32, 92.48, 0.00186929
_14881_, 51.32, 92.48, 0.00186929
FILLER_0_29_88, 51.32, 92.48, 0.00186929
FILLER_0_29_99, 51.32, 92.48, 0.00186929
FILLER_0_30_106, 51.32, 92.48, 0.00186929
_09553_, 76.32, 92.48, 0.00180113
_11789_, 76.32, 92.48, 0.00180113
_14883_, 76.32, 92.48, 0.00180113
_16297_, 76.32, 92.48, 0.00180113
_16304_, 76.32, 92.48, 0.00180113
_18438_, 76.32, 92.48, 0.00180113
FILLER_0_31_159, 76.32, 92.48, 0.00180113
_09528_, 101.32, 92.48, 0.00174462
_09535_, 101.32, 92.48, 0.00174462
_11762_, 101.32, 92.48, 0.00174462
_11772_, 101.32, 92.48, 0.00174462
_14866_, 101.32, 92.48, 0.00174462
_16693_, 101.32, 92.48, 0.00174462
FILLER_0_31_221, 101.32, 92.48, 0.00174462
_09704_, 126.32, 92.48, 0.00179468
FILLER_0_30_265, 126.32, 92.48, 0.00179468
_09644_, 151.32, 92.48, 0.00196716
_13508_, 151.32, 92.48, 0.00196716
_19050_, 151.32, 92.48, 0.00196716
FILLER_0_29_304, 151.32, 92.48, 0.00196716
FILLER_0_30_321, 151.32, 92.48, 0.00196716
FILLER_0_31_328, 151.32, 92.48, 0.00196716
_09501_, 176.32, 92.48, 0.00215451
_09502_, 176.32, 92.48, 0.00215451
_09584_, 176.32, 92.48, 0.00215451
_11738_, 176.32, 92.48, 0.00215451
_13499_, 176.32, 92.48, 0.00215451
_14153_, 176.32, 92.48, 0.00215451
ANTENNA_13, 176.32, 92.48, 0.00215451
ANTENNA_14, 176.32, 92.48, 0.00215451
FILLER_0_30_361, 176.32, 92.48, 0.00215451
FILLER_0_30_365, 176.32, 92.48, 0.00215451
_18796_, 201.32, 92.48, 0.00233722
clkbuf_leaf_168_i_clk, 201.32, 92.48, 0.00233722
FILLER_0_29_417, 201.32, 92.48, 0.00233722
FILLER_0_30_413, 201.32, 92.48, 0.00233722
FILLER_0_30_421, 201.32, 92.48, 0.00233722
_09282_, 226.32, 92.48, 0.00247345
_09284_, 226.32, 92.48, 0.00247345
_11523_, 226.32, 92.48, 0.00247345
_14845_, 226.32, 92.48, 0.00247345
ANTENNA_113, 226.32, 92.48, 0.00247345
FILLER_0_30_477, 226.32, 92.48, 0.00247345
_09262_, 251.32, 92.48, 0.00259391
_09264_, 251.32, 92.48, 0.00259391
_11501_, 251.32, 92.48, 0.00259391
_11505_, 251.32, 92.48, 0.00259391
_14779_, 251.32, 92.48, 0.00259391
FILLER_0_30_545, 251.32, 92.48, 0.00259391
_14198_, 276.32, 92.48, 0.00269489
_14780_, 276.32, 92.48, 0.00269489
_18516_, 276.32, 92.48, 0.00269489
FILLER_0_30_589, 276.32, 92.48, 0.00269489
FILLER_0_31_597, 276.32, 92.48, 0.00269489
_09315_, 301.32, 92.48, 0.00277548
_11550_, 301.32, 92.48, 0.00277548
_13478_, 301.32, 92.48, 0.00277548
_13497_, 301.32, 92.48, 0.00277548
_18967_, 301.32, 92.48, 0.00277548
_09375_, 326.32, 92.48, 0.00283984
_11610_, 326.32, 92.48, 0.00283984
_14786_, 326.32, 92.48, 0.00283984
_14787_, 326.32, 92.48, 0.00283984
_16348_, 326.32, 92.48, 0.00283984
FILLER_0_29_693, 326.32, 92.48, 0.00283984
_11511_, 351.32, 92.48, 0.00289108
_16881_, 351.32, 92.48, 0.00289108
FILLER_0_30_746, 351.32, 92.48, 0.00289108
_13632_, 376.32, 92.48, 0.0029338
_16984_, 376.32, 92.48, 0.0029338
_18993_, 376.32, 92.48, 0.0029338
FILLER_0_30_805, 376.32, 92.48, 0.0029338
FILLER_0_30_813, 376.32, 92.48, 0.0029338
_13490_, 401.32, 92.48, 0.00296301
_13492_, 401.32, 92.48, 0.00296301
_16914_, 401.32, 92.48, 0.00296301
FILLER_0_30_863, 401.32, 92.48, 0.00296301
_13620_, 426.32, 92.48, 0.00298702
_13621_, 426.32, 92.48, 0.00298702
_13623_, 426.32, 92.48, 0.00298702
FILLER_0_29_906, 426.32, 92.48, 0.00298702
FILLER_0_30_917, 426.32, 92.48, 0.00298702
FILLER_0_31_916, 426.32, 92.48, 0.00298702
FILLER_0_31_926, 426.32, 92.48, 0.00298702
FILLER_0_30_970, 451.32, 92.48, 0.00300193
FILLER_0_30_1029, 476.32, 92.48, 0.00301241
_18443_, 5.52, 87.04, 0.00194824
PHY_54, 5.52, 87.04, 0.00194824
PHY_56, 5.52, 87.04, 0.00194824
FILLER_0_28_3, 5.52, 87.04, 0.00194824
FILLER_0_29_3, 5.52, 87.04, 0.00194824
PHY_55, 494.04, 87.04, 0.00300554
PHY_57, 494.04, 87.04, 0.00300554
_14875_, 26.32, 87.04, 0.00193266
_14876_, 26.32, 87.04, 0.00193266
_14886_, 26.32, 87.04, 0.00193266
_16299_, 26.32, 87.04, 0.00193266
_16301_, 26.32, 87.04, 0.00193266
_18442_, 26.32, 87.04, 0.00193266
_09596_, 51.32, 87.04, 0.00189416
_09613_, 51.32, 87.04, 0.00189416
_11849_, 51.32, 87.04, 0.00189416
FILLER_0_28_111, 51.32, 87.04, 0.00189416
_14869_, 76.32, 87.04, 0.00183834
_14870_, 76.32, 87.04, 0.00183834
_14872_, 76.32, 87.04, 0.00183834
_18445_, 76.32, 87.04, 0.00183834
FILLER_0_27_145, 76.32, 87.04, 0.00183834
FILLER_0_28_141, 76.32, 87.04, 0.00183834
_14867_, 101.32, 87.04, 0.00179701
_14868_, 101.32, 87.04, 0.00179701
_15345_, 101.32, 87.04, 0.00179701
_18446_, 101.32, 87.04, 0.00179701
FILLER_0_28_197, 101.32, 87.04, 0.00179701
FILLER_0_29_218, 101.32, 87.04, 0.00179701
_09684_, 126.32, 87.04, 0.00185281
_11921_, 126.32, 87.04, 0.00185281
_13514_, 126.32, 87.04, 0.00185281
_13517_, 126.32, 87.04, 0.00185281
_13518_, 126.32, 87.04, 0.00185281
_13519_, 126.32, 87.04, 0.00185281
_16901_, 126.32, 87.04, 0.00185281
_11880_, 151.32, 87.04, 0.00201057
_13509_, 151.32, 87.04, 0.00201057
_16974_, 151.32, 87.04, 0.00201057
clkbuf_leaf_178_i_clk, 151.32, 87.04, 0.00201057
FILLER_0_28_304, 151.32, 87.04, 0.00201057
FILLER_0_28_318, 151.32, 87.04, 0.00201057
FILLER_0_28_326, 151.32, 87.04, 0.00201057
_09544_, 176.32, 87.04, 0.00217529
_11780_, 176.32, 87.04, 0.00217529
_16979_, 176.32, 87.04, 0.00217529
_19053_, 176.32, 87.04, 0.00217529
hold399, 176.32, 87.04, 0.00217529
FILLER_0_27_358, 176.32, 87.04, 0.00217529
FILLER_0_28_376, 176.32, 87.04, 0.00217529
FILLER_0_29_376, 176.32, 87.04, 0.00217529
_13500_, 201.32, 87.04, 0.00233374
_18797_, 201.32, 87.04, 0.00233374
FILLER_0_28_413, 201.32, 87.04, 0.00233374
FILLER_0_28_433, 201.32, 87.04, 0.00233374
_09286_, 226.32, 87.04, 0.00248448
_09287_, 226.32, 87.04, 0.00248448
_11525_, 226.32, 87.04, 0.00248448
_11526_, 226.32, 87.04, 0.00248448
_14846_, 226.32, 87.04, 0.00248448
_15324_, 226.32, 87.04, 0.00248448
ANTENNA_46, 226.32, 87.04, 0.00248448
FILLER_0_28_490, 226.32, 87.04, 0.00248448
_09269_, 251.32, 87.04, 0.00260585
_11508_, 251.32, 87.04, 0.00260585
_14778_, 251.32, 87.04, 0.00260585
_16388_, 251.32, 87.04, 0.00260585
_18488_, 251.32, 87.04, 0.00260585
FILLER_0_27_534, 251.32, 87.04, 0.00260585
FILLER_0_28_540, 251.32, 87.04, 0.00260585
_14692_, 276.32, 87.04, 0.00269873
FILLER_0_27_588, 276.32, 87.04, 0.00269873
FILLER_0_28_585, 276.32, 87.04, 0.00269873
FILLER_0_28_601, 276.32, 87.04, 0.00269873
FILLER_0_29_594, 276.32, 87.04, 0.00269873
_11551_, 301.32, 87.04, 0.00277402
_13687_, 301.32, 87.04, 0.00277402
_13688_, 301.32, 87.04, 0.00277402
_16885_, 301.32, 87.04, 0.00277402
FILLER_0_27_640, 301.32, 87.04, 0.00277402
FILLER_0_28_641, 301.32, 87.04, 0.00277402
_09354_, 326.32, 87.04, 0.00284271
_11590_, 326.32, 87.04, 0.00284271
_11611_, 326.32, 87.04, 0.00284271
FILLER_0_27_697, 326.32, 87.04, 0.00284271
FILLER_0_28_691, 326.32, 87.04, 0.00284271
FILLER_0_28_701, 326.32, 87.04, 0.00284271
FILLER_0_28_709, 326.32, 87.04, 0.00284271
_09065_, 351.32, 87.04, 0.00289357
_09274_, 351.32, 87.04, 0.00289357
_11513_, 351.32, 87.04, 0.00289357
_14217_, 351.32, 87.04, 0.00289357
_19658_, 351.32, 87.04, 0.00289357
ANTENNA_105, 351.32, 87.04, 0.00289357
FILLER_0_28_740, 351.32, 87.04, 0.00289357
FILLER_0_29_756, 351.32, 87.04, 0.00289357
FILLER_0_27_801, 376.32, 87.04, 0.00293206
FILLER_0_28_801, 376.32, 87.04, 0.00293206
FILLER_0_28_809, 376.32, 87.04, 0.00293206
_13489_, 401.32, 87.04, 0.00297154
_13491_, 401.32, 87.04, 0.00297154
_19058_, 401.32, 87.04, 0.00297154
_19059_, 401.32, 87.04, 0.00297154
_13622_, 426.32, 87.04, 0.00299042
_13624_, 426.32, 87.04, 0.00299042
_16988_, 426.32, 87.04, 0.00299042
_18997_, 426.32, 87.04, 0.00299042
_18998_, 426.32, 87.04, 0.00299042
FILLER_0_28_908, 426.32, 87.04, 0.00299042
FILLER_0_28_969, 451.32, 87.04, 0.00299585
FILLER_0_28_977, 451.32, 87.04, 0.00299585
FILLER_0_28_1029, 476.32, 87.04, 0.00300283
_18440_, 5.52, 81.6, 0.00193908
PHY_50, 5.52, 81.6, 0.00193908
PHY_52, 5.52, 81.6, 0.00193908
FILLER_0_27_3, 5.52, 81.6, 0.00193908
PHY_51, 494.04, 81.6, 0.00299679
PHY_53, 494.04, 81.6, 0.00299679
_13450_, 26.32, 81.6, 0.00192738
_16082_, 26.32, 81.6, 0.00192738
FILLER_0_25_33, 26.32, 81.6, 0.00192738
FILLER_0_26_53, 26.32, 81.6, 0.00192738
FILLER_0_27_49, 26.32, 81.6, 0.00192738
FILLER_0_27_57, 26.32, 81.6, 0.00192738
_15352_, 51.32, 81.6, 0.00190111
_15353_, 51.32, 81.6, 0.00190111
_15355_, 51.32, 81.6, 0.00190111
_18218_, 51.32, 81.6, 0.00190111
_18219_, 51.32, 81.6, 0.00190111
FILLER_0_26_88, 51.32, 81.6, 0.00190111
_16072_, 76.32, 81.6, 0.00185622
FILLER_0_26_141, 76.32, 81.6, 0.00185622
FILLER_0_27_161, 76.32, 81.6, 0.00185622
_16057_, 101.32, 81.6, 0.00183358
_13515_, 126.32, 81.6, 0.00189595
_16972_, 126.32, 81.6, 0.00189595
_19046_, 126.32, 81.6, 0.00189595
_19047_, 126.32, 81.6, 0.00189595
FILLER_0_25_253, 126.32, 81.6, 0.00189595
FILLER_0_27_275, 126.32, 81.6, 0.00189595
_13512_, 151.32, 81.6, 0.00202991
_13513_, 151.32, 81.6, 0.00202991
_19048_, 151.32, 81.6, 0.00202991
_13502_, 176.32, 81.6, 0.00218646
_13503_, 176.32, 81.6, 0.00218646
_13640_, 176.32, 81.6, 0.00218646
_13642_, 176.32, 81.6, 0.00218646
hold406, 176.32, 81.6, 0.00218646
FILLER_0_25_360, 176.32, 81.6, 0.00218646
FILLER_0_26_361, 176.32, 81.6, 0.00218646
FILLER_0_26_378, 176.32, 81.6, 0.00218646
_13501_, 201.32, 81.6, 0.00233895
_13505_, 201.32, 81.6, 0.00233895
_16978_, 201.32, 81.6, 0.00233895
_16980_, 201.32, 81.6, 0.00233895
_19052_, 201.32, 81.6, 0.00233895
_19054_, 201.32, 81.6, 0.00233895
FILLER_0_25_413, 201.32, 81.6, 0.00233895
FILLER_0_27_432, 201.32, 81.6, 0.00233895
FILLER_0_27_439, 201.32, 81.6, 0.00233895
_15325_, 226.32, 81.6, 0.00247086
_16068_, 226.32, 81.6, 0.00247086
_18648_, 226.32, 81.6, 0.00247086
hold433, 226.32, 81.6, 0.00247086
_09270_, 251.32, 81.6, 0.00258663
_11509_, 251.32, 81.6, 0.00258663
_13686_, 251.32, 81.6, 0.00258663
_18968_, 251.32, 81.6, 0.00258663
FILLER_0_25_529, 251.32, 81.6, 0.00258663
_14686_, 276.32, 81.6, 0.00268278
_14782_, 276.32, 81.6, 0.00268278
_18518_, 276.32, 81.6, 0.00268278
FILLER_0_26_589, 276.32, 81.6, 0.00268278
FILLER_0_27_599, 276.32, 81.6, 0.00268278
_11558_, 301.32, 81.6, 0.00276418
_13690_, 301.32, 81.6, 0.00276418
_16884_, 301.32, 81.6, 0.00276418
FILLER_0_26_640, 301.32, 81.6, 0.00276418
_11591_, 326.32, 81.6, 0.00283132
_14784_, 326.32, 81.6, 0.00283132
_14785_, 326.32, 81.6, 0.00283132
_16349_, 326.32, 81.6, 0.00283132
_18485_, 326.32, 81.6, 0.00283132
hold357, 326.32, 81.6, 0.00283132
FILLER_0_25_685, 326.32, 81.6, 0.00283132
FILLER_0_26_690, 326.32, 81.6, 0.00283132
_09064_, 351.32, 81.6, 0.00288248
_09272_, 351.32, 81.6, 0.00288248
_09276_, 351.32, 81.6, 0.00288248
_11515_, 351.32, 81.6, 0.00288248
_11517_, 351.32, 81.6, 0.00288248
ANTENNA_44, 351.32, 81.6, 0.00288248
ANTENNA_140, 351.32, 81.6, 0.00288248
FILLER_0_25_749, 351.32, 81.6, 0.00288248
_09317_, 376.32, 81.6, 0.00292728
_14544_, 376.32, 81.6, 0.00292728
_14545_, 376.32, 81.6, 0.00292728
_16458_, 376.32, 81.6, 0.00292728
_16459_, 376.32, 81.6, 0.00292728
_18580_, 376.32, 81.6, 0.00292728
_18583_, 376.32, 81.6, 0.00292728
FILLER_0_25_794, 376.32, 81.6, 0.00292728
_09316_, 401.32, 81.6, 0.00295264
_16983_, 401.32, 81.6, 0.00295264
_16986_, 401.32, 81.6, 0.00295264
_16987_, 401.32, 81.6, 0.00295264
ANTENNA_8, 401.32, 81.6, 0.00295264
FILLER_0_26_858, 401.32, 81.6, 0.00295264
FILLER_0_27_865, 401.32, 81.6, 0.00295264
FILLER_0_26_919, 426.32, 81.6, 0.00297229
FILLER_0_26_973, 451.32, 81.6, 0.00298511
FILLER_0_26_1029, 476.32, 81.6, 0.00299378
_18309_, 5.52, 76.16, 0.00195237
PHY_46, 5.52, 76.16, 0.00195237
PHY_48, 5.52, 76.16, 0.00195237
FILLER_0_24_3, 5.52, 76.16, 0.00195237
PHY_47, 494.04, 76.16, 0.0029884
PHY_49, 494.04, 76.16, 0.0029884
_15297_, 26.32, 76.16, 0.00194751
_17006_, 26.32, 76.16, 0.00194751
_17007_, 26.32, 76.16, 0.00194751
_18245_, 26.32, 76.16, 0.00194751
_19077_, 26.32, 76.16, 0.00194751
FILLER_0_25_52, 26.32, 76.16, 0.00194751
_16054_, 51.32, 76.16, 0.00193221
FILLER_0_23_99, 51.32, 76.16, 0.00193221
_15349_, 76.32, 76.16, 0.00190678
_18221_, 76.32, 76.16, 0.00190678
_19078_, 76.32, 76.16, 0.00190678
FILLER_0_24_141, 76.32, 76.16, 0.00190678
FILLER_0_25_164, 76.32, 76.16, 0.00190678
_13430_, 101.32, 76.16, 0.00188018
_18222_, 101.32, 76.16, 0.00188018
_18983_, 101.32, 76.16, 0.00188018
FILLER_0_24_217, 101.32, 76.16, 0.00188018
FILLER_0_25_216, 101.32, 76.16, 0.00188018
_13516_, 126.32, 76.16, 0.00192868
_14954_, 126.32, 76.16, 0.00192868
FILLER_0_23_257, 126.32, 76.16, 0.00192868
FILLER_0_24_253, 126.32, 76.16, 0.00192868
FILLER_0_25_276, 126.32, 76.16, 0.00192868
_13646_, 151.32, 76.16, 0.00205756
_13650_, 151.32, 76.16, 0.00205756
_13651_, 151.32, 76.16, 0.00205756
_16903_, 151.32, 76.16, 0.00205756
_18984_, 151.32, 76.16, 0.00205756
FILLER_0_25_320, 151.32, 76.16, 0.00205756
_13641_, 176.32, 76.16, 0.00220761
_18989_, 176.32, 76.16, 0.00220761
FILLER_0_23_360, 176.32, 76.16, 0.00220761
FILLER_0_25_379, 176.32, 76.16, 0.00220761
_13773_, 201.32, 76.16, 0.00237929
clkbuf_4_2__f_i_clk, 201.32, 76.16, 0.00237929
FILLER_0_24_415, 201.32, 76.16, 0.00237929
FILLER_0_25_437, 201.32, 76.16, 0.00237929
_11536_, 226.32, 76.16, 0.00247299
_11537_, 226.32, 76.16, 0.00247299
_15119_, 226.32, 76.16, 0.00247299
_15121_, 226.32, 76.16, 0.00247299
ANTENNA_4, 226.32, 76.16, 0.00247299
FILLER_0_24_470, 226.32, 76.16, 0.00247299
FILLER_0_24_477, 226.32, 76.16, 0.00247299
FILLER_0_25_482, 226.32, 76.16, 0.00247299
_13685_, 251.32, 76.16, 0.00257528
_16886_, 251.32, 76.16, 0.00257528
FILLER_0_24_526, 251.32, 76.16, 0.00257528
_14479_, 276.32, 76.16, 0.0026777
_14490_, 276.32, 76.16, 0.0026777
_14685_, 276.32, 76.16, 0.0026777
_16379_, 276.32, 76.16, 0.0026777
_18614_, 276.32, 76.16, 0.0026777
FILLER_0_24_584, 276.32, 76.16, 0.0026777
FILLER_0_25_590, 276.32, 76.16, 0.0026777
_09342_, 301.32, 76.16, 0.00277541
_11578_, 301.32, 76.16, 0.00277541
_13689_, 301.32, 76.16, 0.00277541
clkbuf_leaf_148_i_clk, 301.32, 76.16, 0.00277541
FILLER_0_24_630, 301.32, 76.16, 0.00277541
_16345_, 326.32, 76.16, 0.00284104
_18481_, 326.32, 76.16, 0.00284104
clkbuf_leaf_140_i_clk, 326.32, 76.16, 0.00284104
FILLER_0_23_685, 326.32, 76.16, 0.00284104
FILLER_0_24_689, 326.32, 76.16, 0.00284104
FILLER_0_24_697, 326.32, 76.16, 0.00284104
_13889_, 351.32, 76.16, 0.00289001
_18744_, 351.32, 76.16, 0.00289001
clkbuf_leaf_139_i_clk, 351.32, 76.16, 0.00289001
ANTENNA_42, 351.32, 76.16, 0.00289001
ANTENNA_120, 351.32, 76.16, 0.00289001
FILLER_0_23_741, 351.32, 76.16, 0.00289001
FILLER_0_24_751, 351.32, 76.16, 0.00289001
_11553_, 376.32, 76.16, 0.00291443
_14547_, 376.32, 76.16, 0.00291443
FILLER_0_25_818, 376.32, 76.16, 0.00291443
_09068_, 401.32, 76.16, 0.00294456
_09069_, 401.32, 76.16, 0.00294456
_09080_, 401.32, 76.16, 0.00294456
_19657_, 401.32, 76.16, 0.00294456
FILLER_0_24_918, 426.32, 76.16, 0.0029625
FILLER_0_24_973, 451.32, 76.16, 0.00297642
FILLER_0_24_1029, 476.32, 76.16, 0.00298534
PHY_42, 5.52, 70.72, 0.00195012
PHY_44, 5.52, 70.72, 0.00195012
FILLER_0_23_3, 5.52, 70.72, 0.00195012
PHY_43, 494.04, 70.72, 0.00298039
PHY_45, 494.04, 70.72, 0.00298039
_13449_, 26.32, 70.72, 0.00194954
_15296_, 26.32, 70.72, 0.00194954
FILLER_0_22_41, 26.32, 70.72, 0.00194954
FILLER_0_22_56, 26.32, 70.72, 0.00194954
_11851_, 51.32, 70.72, 0.00194881
_13440_, 51.32, 70.72, 0.00194881
_17012_, 51.32, 70.72, 0.00194881
_19082_, 51.32, 70.72, 0.00194881
clkbuf_leaf_187_i_clk, 51.32, 70.72, 0.00194881
_09695_, 76.32, 70.72, 0.00192904
_15157_, 76.32, 70.72, 0.00192904
_17008_, 76.32, 70.72, 0.00192904
clkbuf_leaf_182_i_clk, 76.32, 70.72, 0.00192904
FILLER_0_21_147, 76.32, 70.72, 0.00192904
_09530_, 101.32, 70.72, 0.00191868
_15140_, 101.32, 70.72, 0.00191868
ANTENNA_5, 101.32, 70.72, 0.00191868
ANTENNA_112, 101.32, 70.72, 0.00191868
FILLER_0_22_219, 101.32, 70.72, 0.00191868
_14953_, 126.32, 70.72, 0.00197045
_16260_, 126.32, 70.72, 0.00197045
_18405_, 126.32, 70.72, 0.00197045
FILLER_0_22_253, 126.32, 70.72, 0.00197045
FILLER_0_23_263, 126.32, 70.72, 0.00197045
FILLER_0_23_271, 126.32, 70.72, 0.00197045
_11726_, 176.32, 70.72, 0.00221187
_11727_, 176.32, 70.72, 0.00221187
_15002_, 176.32, 70.72, 0.00221187
_16836_, 176.32, 70.72, 0.00221187
_16909_, 176.32, 70.72, 0.00221187
ANTENNA_38, 176.32, 70.72, 0.00221187
FILLER_0_21_365, 176.32, 70.72, 0.00221187
FILLER_0_22_358, 176.32, 70.72, 0.00221187
FILLER_0_22_365, 176.32, 70.72, 0.00221187
FILLER_0_23_375, 176.32, 70.72, 0.00221187
_13775_, 201.32, 70.72, 0.00234269
_18926_, 201.32, 70.72, 0.00234269
FILLER_0_23_433, 201.32, 70.72, 0.00234269
_11528_, 226.32, 70.72, 0.0024653
_11530_, 226.32, 70.72, 0.0024653
_15120_, 226.32, 70.72, 0.0024653
_18328_, 226.32, 70.72, 0.0024653
ANTENNA_48, 226.32, 70.72, 0.0024653
FILLER_0_23_482, 226.32, 70.72, 0.0024653
_09474_, 251.32, 70.72, 0.00257123
_11712_, 251.32, 70.72, 0.00257123
_16485_, 251.32, 70.72, 0.00257123
_18513_, 251.32, 70.72, 0.00257123
FILLER_0_22_527, 251.32, 70.72, 0.00257123
FILLER_0_22_533, 251.32, 70.72, 0.00257123
FILLER_0_23_546, 251.32, 70.72, 0.00257123
_09454_, 276.32, 70.72, 0.0026613
_11691_, 276.32, 70.72, 0.0026613
_14478_, 276.32, 70.72, 0.0026613
_16486_, 276.32, 70.72, 0.0026613
_13410_, 301.32, 70.72, 0.00274338
_13411_, 301.32, 70.72, 0.00274338
_19096_, 301.32, 70.72, 0.00274338
_14792_, 326.32, 70.72, 0.00280814
_14793_, 326.32, 70.72, 0.00280814
FILLER_0_22_688, 326.32, 70.72, 0.00280814
_11715_, 351.32, 70.72, 0.00286411
_14200_, 351.32, 70.72, 0.00286411
_16878_, 351.32, 70.72, 0.00286411
_18872_, 351.32, 70.72, 0.00286411
FILLER_0_22_749, 351.32, 70.72, 0.00286411
FILLER_0_22_757, 351.32, 70.72, 0.00286411
FILLER_0_23_757, 351.32, 70.72, 0.00286411
_14546_, 376.32, 70.72, 0.00290378
_16457_, 376.32, 70.72, 0.00290378
FILLER_0_22_816, 376.32, 70.72, 0.00290378
_09077_, 401.32, 70.72, 0.00294409
_09081_, 401.32, 70.72, 0.00294409
_11572_, 401.32, 70.72, 0.00294409
_18100_, 401.32, 70.72, 0.00294409
_18103_, 401.32, 70.72, 0.00294409
_19654_, 401.32, 70.72, 0.00294409
FILLER_0_21_854, 401.32, 70.72, 0.00294409
FILLER_0_22_851, 401.32, 70.72, 0.00294409
FILLER_0_22_872, 401.32, 70.72, 0.00294409
_16632_, 426.32, 70.72, 0.00296237
_16635_, 426.32, 70.72, 0.00296237
FILLER_0_22_921, 426.32, 70.72, 0.00296237
FILLER_0_22_973, 451.32, 70.72, 0.0029701
FILLER_0_22_1029, 476.32, 70.72, 0.00297759
_18314_, 5.52, 65.28, 0.00196041
PHY_38, 5.52, 65.28, 0.00196041
PHY_40, 5.52, 65.28, 0.00196041
FILLER_0_20_3, 5.52, 65.28, 0.00196041
FILLER_0_21_3, 5.52, 65.28, 0.00196041
PHY_39, 494.04, 65.28, 0.00297376
PHY_41, 494.04, 65.28, 0.00297376
_13443_, 26.32, 65.28, 0.00195794
_13444_, 26.32, 65.28, 0.00195794
_19080_, 26.32, 65.28, 0.00195794
FILLER_0_19_45, 26.32, 65.28, 0.00195794
FILLER_0_21_49, 26.32, 65.28, 0.00195794
_09614_, 51.32, 65.28, 0.0019511
_11850_, 51.32, 65.28, 0.0019511
_13439_, 51.32, 65.28, 0.0019511
_15286_, 51.32, 65.28, 0.0019511
_15287_, 51.32, 65.28, 0.0019511
_18250_, 51.32, 65.28, 0.0019511
FILLER_0_21_109, 51.32, 65.28, 0.0019511
_11791_, 76.32, 65.28, 0.00194269
_11931_, 76.32, 65.28, 0.00194269
_11932_, 76.32, 65.28, 0.00194269
_17015_, 76.32, 65.28, 0.00194269
_19085_, 76.32, 65.28, 0.00194269
FILLER_0_20_141, 76.32, 65.28, 0.00194269
_11769_, 101.32, 65.28, 0.00194857
_13436_, 101.32, 65.28, 0.00194857
_15022_, 101.32, 65.28, 0.00194857
_16225_, 101.32, 65.28, 0.00194857
_17005_, 101.32, 65.28, 0.00194857
_17014_, 101.32, 65.28, 0.00194857
_19084_, 101.32, 65.28, 0.00194857
ANTENNA_9, 101.32, 65.28, 0.00194857
FILLER_0_21_213, 101.32, 65.28, 0.00194857
_09700_, 126.32, 65.28, 0.00200054
_11938_, 126.32, 65.28, 0.00200054
_15090_, 126.32, 65.28, 0.00200054
_18341_, 126.32, 65.28, 0.00200054
_13783_, 151.32, 65.28, 0.00210673
_16832_, 151.32, 65.28, 0.00210673
_18922_, 151.32, 65.28, 0.00210673
_09490_, 176.32, 65.28, 0.00223439
_13779_, 176.32, 65.28, 0.00223439
_16835_, 176.32, 65.28, 0.00223439
_18924_, 176.32, 65.28, 0.00223439
FILLER_0_19_365, 176.32, 65.28, 0.00223439
FILLER_0_20_359, 176.32, 65.28, 0.00223439
FILLER_0_21_374, 176.32, 65.28, 0.00223439
_15258_, 201.32, 65.28, 0.00235585
_16270_, 201.32, 65.28, 0.00235585
ANTENNA_133, 201.32, 65.28, 0.00235585
FILLER_0_20_433, 201.32, 65.28, 0.00235585
FILLER_0_21_435, 201.32, 65.28, 0.00235585
_09297_, 226.32, 65.28, 0.00247589
_11532_, 226.32, 65.28, 0.00247589
_11534_, 226.32, 65.28, 0.00247589
_11535_, 226.32, 65.28, 0.00247589
ANTENNA_50, 226.32, 65.28, 0.00247589
FILLER_0_21_493, 226.32, 65.28, 0.00247589
_09475_, 251.32, 65.28, 0.00257345
_13703_, 251.32, 65.28, 0.00257345
_13704_, 251.32, 65.28, 0.00257345
_16876_, 251.32, 65.28, 0.00257345
_18959_, 251.32, 65.28, 0.00257345
hold410, 251.32, 65.28, 0.00257345
_09455_, 276.32, 65.28, 0.00266098
_11692_, 276.32, 65.28, 0.00266098
_14795_, 276.32, 65.28, 0.00266098
FILLER_0_19_582, 276.32, 65.28, 0.00266098
FILLER_0_21_600, 276.32, 65.28, 0.00266098
_14484_, 301.32, 65.28, 0.00273852
_14698_, 301.32, 65.28, 0.00273852
_18611_, 301.32, 65.28, 0.00273852
FILLER_0_20_638, 301.32, 65.28, 0.00273852
FILLER_0_21_651, 301.32, 65.28, 0.00273852
_09414_, 326.32, 65.28, 0.00280262
_11651_, 326.32, 65.28, 0.00280262
_11671_, 326.32, 65.28, 0.00280262
FILLER_0_19_685, 326.32, 65.28, 0.00280262
FILLER_0_20_693, 326.32, 65.28, 0.00280262
_09477_, 351.32, 65.28, 0.0028586
_13908_, 351.32, 65.28, 0.0028586
_16769_, 351.32, 65.28, 0.0028586
_18863_, 351.32, 65.28, 0.0028586
FILLER_0_21_758, 351.32, 65.28, 0.0028586
_09337_, 376.32, 65.28, 0.00290185
_11573_, 376.32, 65.28, 0.00290185
_14557_, 376.32, 65.28, 0.00290185
_16452_, 376.32, 65.28, 0.00290185
_18581_, 376.32, 65.28, 0.00290185
FILLER_0_19_797, 376.32, 65.28, 0.00290185
FILLER_0_20_804, 376.32, 65.28, 0.00290185
_09076_, 401.32, 65.28, 0.00293186
_09336_, 401.32, 65.28, 0.00293186
_09356_, 401.32, 65.28, 0.00293186
_19655_, 401.32, 65.28, 0.00293186
FILLER_0_20_916, 426.32, 65.28, 0.00294913
FILLER_0_20_973, 451.32, 65.28, 0.00296201
FILLER_0_20_1029, 476.32, 65.28, 0.00297072
_18312_, 5.52, 59.84, 0.00197396
PHY_34, 5.52, 59.84, 0.00197396
PHY_36, 5.52, 59.84, 0.00197396
output38, 5.52, 59.84, 0.00197396
PHY_35, 494.04, 59.84, 0.00297122
PHY_37, 494.04, 59.84, 0.00297122
_13441_, 26.32, 59.84, 0.00196781
_13442_, 26.32, 59.84, 0.00196781
_17010_, 26.32, 59.84, 0.00196781
_17011_, 26.32, 59.84, 0.00196781
_19081_, 26.32, 59.84, 0.00196781
FILLER_0_18_32, 26.32, 59.84, 0.00196781
_09595_, 51.32, 59.84, 0.00196059
_09675_, 51.32, 59.84, 0.00196059
_11831_, 51.32, 59.84, 0.00196059
_16088_, 51.32, 59.84, 0.00196059
FILLER_0_18_108, 51.32, 59.84, 0.00196059
FILLER_0_19_113, 51.32, 59.84, 0.00196059
_09532_, 76.32, 59.84, 0.0019551
_09554_, 76.32, 59.84, 0.0019551
_11790_, 76.32, 59.84, 0.0019551
_13434_, 76.32, 59.84, 0.0019551
ANTENNA_26, 76.32, 59.84, 0.0019551
FILLER_0_18_153, 76.32, 59.84, 0.0019551
_13431_, 101.32, 59.84, 0.00196597
_13435_, 101.32, 59.84, 0.00196597
_16083_, 101.32, 59.84, 0.00196597
FILLER_0_18_197, 101.32, 59.84, 0.00196597
FILLER_0_19_216, 101.32, 59.84, 0.00196597
_11918_, 126.32, 59.84, 0.00202126
_16189_, 126.32, 59.84, 0.00202126
FILLER_0_17_258, 126.32, 59.84, 0.00202126
FILLER_0_18_265, 126.32, 59.84, 0.00202126
FILLER_0_19_269, 126.32, 59.84, 0.00202126
_09641_, 151.32, 59.84, 0.00212118
_11857_, 151.32, 59.84, 0.00212118
_13786_, 151.32, 59.84, 0.00212118
_14944_, 151.32, 59.84, 0.00212118
_18410_, 151.32, 59.84, 0.00212118
FILLER_0_18_305, 151.32, 59.84, 0.00212118
FILLER_0_18_318, 151.32, 59.84, 0.00212118
FILLER_0_19_318, 151.32, 59.84, 0.00212118
_09581_, 176.32, 59.84, 0.00223339
_11817_, 176.32, 59.84, 0.00223339
_13778_, 176.32, 59.84, 0.00223339
FILLER_0_17_371, 176.32, 59.84, 0.00223339
FILLER_0_19_381, 176.32, 59.84, 0.00223339
_14940_, 201.32, 59.84, 0.00235204
_18412_, 201.32, 59.84, 0.00235204
ANTENNA_10, 201.32, 59.84, 0.00235204
FILLER_0_18_433, 201.32, 59.84, 0.00235204
_16058_, 226.32, 59.84, 0.00246678
_18223_, 226.32, 59.84, 0.00246678
_18639_, 226.32, 59.84, 0.00246678
ANTENNA_111, 226.32, 59.84, 0.00246678
FILLER_0_17_471, 226.32, 59.84, 0.00246678
FILLER_0_18_473, 226.32, 59.84, 0.00246678
FILLER_0_18_477, 226.32, 59.84, 0.00246678
FILLER_0_18_485, 226.32, 59.84, 0.00246678
FILLER_0_19_487, 226.32, 59.84, 0.00246678
_14796_, 251.32, 59.84, 0.00256805
_14797_, 251.32, 59.84, 0.00256805
_18479_, 251.32, 59.84, 0.00256805
FILLER_0_18_525, 251.32, 59.84, 0.00256805
_14794_, 276.32, 59.84, 0.00266578
_18480_, 276.32, 59.84, 0.00266578
FILLER_0_18_580, 276.32, 59.84, 0.00266578
FILLER_0_18_589, 276.32, 59.84, 0.00266578
_14485_, 301.32, 59.84, 0.00274579
_19089_, 301.32, 59.84, 0.00274579
FILLER_0_18_637, 301.32, 59.84, 0.00274579
_09415_, 326.32, 59.84, 0.0028149
_09435_, 326.32, 59.84, 0.0028149
_11631_, 326.32, 59.84, 0.0028149
_11678_, 326.32, 59.84, 0.0028149
_14788_, 326.32, 59.84, 0.0028149
_16346_, 326.32, 59.84, 0.0028149
FILLER_0_18_693, 326.32, 59.84, 0.0028149
_09476_, 351.32, 59.84, 0.00286428
_11714_, 351.32, 59.84, 0.00286428
_13909_, 351.32, 59.84, 0.00286428
_16880_, 351.32, 59.84, 0.00286428
_18576_, 351.32, 59.84, 0.00286428
FILLER_0_18_744, 351.32, 59.84, 0.00286428
FILLER_0_18_764, 351.32, 59.84, 0.00286428
FILLER_0_19_761, 351.32, 59.84, 0.00286428
_09437_, 376.32, 59.84, 0.00289548
_14556_, 376.32, 59.84, 0.00289548
FILLER_0_17_793, 376.32, 59.84, 0.00289548
_09073_, 401.32, 59.84, 0.00292594
_09416_, 401.32, 59.84, 0.00292594
_18101_, 401.32, 59.84, 0.00292594
_19656_, 401.32, 59.84, 0.00292594
FILLER_0_18_855, 401.32, 59.84, 0.00292594
FILLER_0_18_864, 401.32, 59.84, 0.00292594
FILLER_0_18_915, 426.32, 59.84, 0.00294346
FILLER_0_18_973, 451.32, 59.84, 0.00295672
FILLER_0_18_1029, 476.32, 59.84, 0.00296695
_18313_, 5.52, 54.4, 0.00198563
PHY_30, 5.52, 54.4, 0.00198563
PHY_32, 5.52, 54.4, 0.00198563
FILLER_0_16_3, 5.52, 54.4, 0.00198563
FILLER_0_17_3, 5.52, 54.4, 0.00198563
PHY_31, 494.04, 54.4, 0.00296242
PHY_33, 494.04, 54.4, 0.00296242
_15290_, 26.32, 54.4, 0.00198121
_18248_, 26.32, 54.4, 0.00198121
FILLER_0_15_43, 26.32, 54.4, 0.00198121
FILLER_0_16_38, 26.32, 54.4, 0.00198121
_09594_, 51.32, 54.4, 0.00197159
_11910_, 51.32, 54.4, 0.00197159
FILLER_0_17_105, 51.32, 54.4, 0.00197159
FILLER_0_17_113, 51.32, 54.4, 0.00197159
_15280_, 76.32, 54.4, 0.00197827
_15283_, 76.32, 54.4, 0.00197827
_18252_, 76.32, 54.4, 0.00197827
_18253_, 76.32, 54.4, 0.00197827
FILLER_0_16_141, 76.32, 54.4, 0.00197827
FILLER_0_17_157, 76.32, 54.4, 0.00197827
FILLER_0_17_165, 76.32, 54.4, 0.00197827
_13432_, 101.32, 54.4, 0.001997
_16093_, 101.32, 54.4, 0.001997
_19086_, 101.32, 54.4, 0.001997
FILLER_0_15_200, 101.32, 54.4, 0.001997
FILLER_0_16_197, 101.32, 54.4, 0.001997
FILLER_0_17_217, 101.32, 54.4, 0.001997
_09661_, 126.32, 54.4, 0.00204946
_09680_, 126.32, 54.4, 0.00204946
_09681_, 126.32, 54.4, 0.00204946
_11896_, 126.32, 54.4, 0.00204946
_11917_, 126.32, 54.4, 0.00204946
FILLER_0_15_254, 126.32, 54.4, 0.00204946
FILLER_0_16_253, 126.32, 54.4, 0.00204946
_09640_, 151.32, 54.4, 0.00213309
_11876_, 151.32, 54.4, 0.00213309
_11877_, 151.32, 54.4, 0.00213309
FILLER_0_16_323, 151.32, 54.4, 0.00213309
_13776_, 176.32, 54.4, 0.00224171
_16837_, 176.32, 54.4, 0.00224171
_18925_, 176.32, 54.4, 0.00224171
FILLER_0_16_360, 176.32, 54.4, 0.00224171
FILLER_0_16_365, 176.32, 54.4, 0.00224171
FILLER_0_17_378, 176.32, 54.4, 0.00224171
_16268_, 201.32, 54.4, 0.002352
_17017_, 201.32, 54.4, 0.002352
FILLER_0_16_414, 201.32, 54.4, 0.002352
FILLER_0_16_421, 201.32, 54.4, 0.002352
FILLER_0_16_433, 201.32, 54.4, 0.002352
_11717_, 226.32, 54.4, 0.00246175
_11718_, 226.32, 54.4, 0.00246175
_13428_, 226.32, 54.4, 0.00246175
_15343_, 226.32, 54.4, 0.00246175
_15344_, 226.32, 54.4, 0.00246175
FILLER_0_15_474, 226.32, 54.4, 0.00246175
FILLER_0_16_477, 226.32, 54.4, 0.00246175
_13427_, 251.32, 54.4, 0.00256183
_16343_, 251.32, 54.4, 0.00256183
_17019_, 251.32, 54.4, 0.00256183
_19088_, 251.32, 54.4, 0.00256183
FILLER_0_16_529, 251.32, 54.4, 0.00256183
_11698_, 276.32, 54.4, 0.00265073
_14420_, 276.32, 54.4, 0.00265073
_14421_, 276.32, 54.4, 0.00265073
_16344_, 276.32, 54.4, 0.00265073
_13424_, 301.32, 54.4, 0.00272769
_13425_, 301.32, 54.4, 0.00272769
_15135_, 301.32, 54.4, 0.00272769
_17020_, 301.32, 54.4, 0.00272769
FILLER_0_15_637, 301.32, 54.4, 0.00272769
FILLER_0_16_631, 301.32, 54.4, 0.00272769
FILLER_0_16_654, 301.32, 54.4, 0.00272769
_14789_, 326.32, 54.4, 0.00279302
_16347_, 326.32, 54.4, 0.00279302
FILLER_0_15_696, 326.32, 54.4, 0.00279302
FILLER_0_16_704, 326.32, 54.4, 0.00279302
_09100_, 351.32, 54.4, 0.00284568
_09101_, 351.32, 54.4, 0.00284568
_14216_, 351.32, 54.4, 0.00284568
FILLER_0_16_753, 351.32, 54.4, 0.00284568
FILLER_0_16_757, 351.32, 54.4, 0.00284568
FILLER_0_17_765, 351.32, 54.4, 0.00284568
_09436_, 376.32, 54.4, 0.00289136
_11672_, 376.32, 54.4, 0.00289136
_11673_, 376.32, 54.4, 0.00289136
_14213_, 376.32, 54.4, 0.00289136
_14553_, 376.32, 54.4, 0.00289136
_18578_, 376.32, 54.4, 0.00289136
FILLER_0_15_793, 376.32, 54.4, 0.00289136
FILLER_0_16_808, 376.32, 54.4, 0.00289136
FILLER_0_17_813, 376.32, 54.4, 0.00289136
_09072_, 401.32, 54.4, 0.00291972
_09396_, 401.32, 54.4, 0.00291972
_11632_, 401.32, 54.4, 0.00291972
_11652_, 401.32, 54.4, 0.00291972
FILLER_0_16_918, 426.32, 54.4, 0.00293756
FILLER_0_16_973, 451.32, 54.4, 0.00295056
FILLER_0_16_1029, 476.32, 54.4, 0.00295934
PHY_26, 5.52, 48.96, 0.00197645
PHY_28, 5.52, 48.96, 0.00197645
FILLER_0_15_3, 5.52, 48.96, 0.00197645
PHY_27, 494.04, 48.96, 0.00295698
PHY_29, 494.04, 48.96, 0.00295698
_15289_, 26.32, 48.96, 0.00198091
_15291_, 26.32, 48.96, 0.00198091
_16086_, 26.32, 48.96, 0.00198091
_16118_, 26.32, 48.96, 0.00198091
_18249_, 26.32, 48.96, 0.00198091
FILLER_0_15_52, 26.32, 48.96, 0.00198091
_15292_, 51.32, 48.96, 0.00198446
_15293_, 51.32, 48.96, 0.00198446
_18247_, 51.32, 48.96, 0.00198446
FILLER_0_14_88, 51.32, 48.96, 0.00198446
FILLER_0_15_104, 51.32, 48.96, 0.00198446
_15281_, 76.32, 48.96, 0.00199941
_16084_, 76.32, 48.96, 0.00199941
_16091_, 76.32, 48.96, 0.00199941
clkbuf_leaf_184_i_clk, 76.32, 48.96, 0.00199941
FILLER_0_14_144, 76.32, 48.96, 0.00199941
FILLER_0_15_163, 76.32, 48.96, 0.00199941
_16162_, 101.32, 48.96, 0.00201066
FILLER_0_13_203, 101.32, 48.96, 0.00201066
FILLER_0_14_221, 101.32, 48.96, 0.00201066
FILLER_0_15_221, 101.32, 48.96, 0.00201066
_09660_, 126.32, 48.96, 0.00206786
_14949_, 126.32, 48.96, 0.00206786
_14950_, 126.32, 48.96, 0.00206786
_14952_, 126.32, 48.96, 0.00206786
_16262_, 126.32, 48.96, 0.00206786
_18407_, 126.32, 48.96, 0.00206786
FILLER_0_14_253, 126.32, 48.96, 0.00206786
FILLER_0_15_271, 126.32, 48.96, 0.00206786
_14947_, 151.32, 48.96, 0.00215138
_18408_, 151.32, 48.96, 0.00215138
FILLER_0_15_329, 151.32, 48.96, 0.00215138
_13777_, 176.32, 48.96, 0.0022483
_16267_, 176.32, 48.96, 0.0022483
FILLER_0_14_361, 176.32, 48.96, 0.0022483
FILLER_0_15_372, 176.32, 48.96, 0.0022483
FILLER_0_15_379, 176.32, 48.96, 0.0022483
_16198_, 201.32, 48.96, 0.00235657
_16269_, 201.32, 48.96, 0.00235657
_18255_, 201.32, 48.96, 0.00235657
FILLER_0_14_416, 201.32, 48.96, 0.00235657
FILLER_0_14_439, 201.32, 48.96, 0.00235657
_09480_, 226.32, 48.96, 0.00245852
_15138_, 226.32, 48.96, 0.00245852
_15139_, 226.32, 48.96, 0.00245852
FILLER_0_14_486, 226.32, 48.96, 0.00245852
_11697_, 251.32, 48.96, 0.00255775
_13426_, 251.32, 48.96, 0.00255775
FILLER_0_13_532, 251.32, 48.96, 0.00255775
FILLER_0_14_528, 251.32, 48.96, 0.00255775
FILLER_0_14_543, 251.32, 48.96, 0.00255775
_09458_, 276.32, 48.96, 0.00264924
_11695_, 276.32, 48.96, 0.00264924
_16521_, 276.32, 48.96, 0.00264924
_18289_, 276.32, 48.96, 0.00264924
_09440_, 301.32, 48.96, 0.00272687
_15134_, 301.32, 48.96, 0.00272687
_18321_, 301.32, 48.96, 0.00272687
FILLER_0_13_641, 301.32, 48.96, 0.00272687
_09441_, 326.32, 48.96, 0.00279303
_11677_, 326.32, 48.96, 0.00279303
_14860_, 326.32, 48.96, 0.00279303
FILLER_0_13_697, 326.32, 48.96, 0.00279303
FILLER_0_14_693, 326.32, 48.96, 0.00279303
FILLER_0_14_701, 326.32, 48.96, 0.00279303
_14418_, 351.32, 48.96, 0.00285663
_18095_, 351.32, 48.96, 0.00285663
_18736_, 351.32, 48.96, 0.00285663
clkbuf_leaf_141_i_clk, 351.32, 48.96, 0.00285663
FILLER_0_14_750, 351.32, 48.96, 0.00285663
_14214_, 376.32, 48.96, 0.00288337
_16629_, 376.32, 48.96, 0.00288337
FILLER_0_13_798, 376.32, 48.96, 0.00288337
FILLER_0_15_812, 376.32, 48.96, 0.00288337
_18102_, 401.32, 48.96, 0.00291686
_19652_, 401.32, 48.96, 0.00291686
FILLER_0_14_865, 401.32, 48.96, 0.00291686
FILLER_0_15_871, 401.32, 48.96, 0.00291686
_16631_, 426.32, 48.96, 0.00293558
FILLER_0_14_921, 426.32, 48.96, 0.00293558
FILLER_0_14_973, 451.32, 48.96, 0.00294584
FILLER_0_14_1029, 476.32, 48.96, 0.00295401
PHY_22, 5.52, 43.52, 0.00198105
PHY_24, 5.52, 43.52, 0.00198105
PHY_23, 494.04, 43.52, 0.00295174
PHY_25, 494.04, 43.52, 0.00295174
_15228_, 26.32, 43.52, 0.00198547
_18277_, 26.32, 43.52, 0.00198547
FILLER_0_11_39, 26.32, 43.52, 0.00198547
FILLER_0_12_37, 26.32, 43.52, 0.00198547
_15156_, 51.32, 43.52, 0.00199178
_18311_, 51.32, 43.52, 0.00199178
FILLER_0_13_106, 51.32, 43.52, 0.00199178
_15212_, 76.32, 43.52, 0.00200135
_15213_, 76.32, 43.52, 0.00200135
_16117_, 76.32, 43.52, 0.00200135
_18285_, 76.32, 43.52, 0.00200135
_15020_, 101.32, 43.52, 0.00202974
_15141_, 101.32, 43.52, 0.00202974
_16226_, 101.32, 43.52, 0.00202974
_18316_, 101.32, 43.52, 0.00202974
_18375_, 101.32, 43.52, 0.00202974
FILLER_0_13_210, 101.32, 43.52, 0.00202974
_14951_, 126.32, 43.52, 0.00208231
_15088_, 126.32, 43.52, 0.00208231
_18406_, 126.32, 43.52, 0.00208231
FILLER_0_12_253, 126.32, 43.52, 0.00208231
_14948_, 151.32, 43.52, 0.00216792
_16264_, 151.32, 43.52, 0.00216792
_18346_, 151.32, 43.52, 0.00216792
FILLER_0_12_305, 151.32, 43.52, 0.00216792
FILLER_0_12_312, 151.32, 43.52, 0.00216792
FILLER_0_13_328, 151.32, 43.52, 0.00216792
_15005_, 176.32, 43.52, 0.00228027
_15006_, 176.32, 43.52, 0.00228027
_18381_, 176.32, 43.52, 0.00228027
clkbuf_leaf_175_i_clk, 176.32, 43.52, 0.00228027
FILLER_0_12_359, 176.32, 43.52, 0.00228027
FILLER_0_12_365, 176.32, 43.52, 0.00228027
_16172_, 201.32, 43.52, 0.00237971
_16194_, 201.32, 43.52, 0.00237971
_16197_, 201.32, 43.52, 0.00237971
clkbuf_leaf_174_i_clk, 201.32, 43.52, 0.00237971
FILLER_0_11_418, 201.32, 43.52, 0.00237971
FILLER_0_13_430, 201.32, 43.52, 0.00237971
_14865_, 226.32, 43.52, 0.00247282
_16165_, 226.32, 43.52, 0.00247282
_18447_, 226.32, 43.52, 0.00247282
FILLER_0_12_473, 226.32, 43.52, 0.00247282
_09459_, 251.32, 43.52, 0.00257033
_11696_, 251.32, 43.52, 0.00257033
_15136_, 251.32, 43.52, 0.00257033
_15273_, 251.32, 43.52, 0.00257033
_15274_, 251.32, 43.52, 0.00257033
_18320_, 251.32, 43.52, 0.00257033
FILLER_0_11_522, 251.32, 43.52, 0.00257033
FILLER_0_12_533, 251.32, 43.52, 0.00257033
_15204_, 276.32, 43.52, 0.00264997
_16308_, 276.32, 43.52, 0.00264997
_09380_, 301.32, 43.52, 0.00273404
_16167_, 301.32, 43.52, 0.00273404
_18324_, 301.32, 43.52, 0.00273404
clkbuf_leaf_144_i_clk, 301.32, 43.52, 0.00273404
_09381_, 326.32, 43.52, 0.00279116
_14861_, 326.32, 43.52, 0.00279116
_18228_, 326.32, 43.52, 0.00279116
_18449_, 326.32, 43.52, 0.00279116
FILLER_0_12_697, 326.32, 43.52, 0.00279116
FILLER_0_12_701, 326.32, 43.52, 0.00279116
_14412_, 351.32, 43.52, 0.00283661
_14413_, 351.32, 43.52, 0.00283661
_14419_, 351.32, 43.52, 0.00283661
_16522_, 351.32, 43.52, 0.00283661
FILLER_0_12_743, 351.32, 43.52, 0.00283661
FILLER_0_12_751, 351.32, 43.52, 0.00283661
_09093_, 376.32, 43.52, 0.00287856
_13904_, 376.32, 43.52, 0.00287856
_16771_, 376.32, 43.52, 0.00287856
_18097_, 376.32, 43.52, 0.00287856
_19651_, 376.32, 43.52, 0.00287856
FILLER_0_12_806, 376.32, 43.52, 0.00287856
_09084_, 401.32, 43.52, 0.00290993
_09088_, 401.32, 43.52, 0.00290993
_19653_, 401.32, 43.52, 0.00290993
hold414, 401.32, 43.52, 0.00290993
FILLER_0_12_913, 426.32, 43.52, 0.00292585
FILLER_0_12_921, 426.32, 43.52, 0.00292585
FILLER_0_12_973, 451.32, 43.52, 0.00293957
FILLER_0_12_1029, 476.32, 43.52, 0.00294861
PHY_18, 5.52, 38.08, 0.00198642
PHY_20, 5.52, 38.08, 0.00198642
PHY_19, 494.04, 38.08, 0.00294876
PHY_21, 494.04, 38.08, 0.00294876
_15222_, 26.32, 38.08, 0.00199291
_15223_, 26.32, 38.08, 0.00199291
_15229_, 26.32, 38.08, 0.00199291
_16119_, 26.32, 38.08, 0.00199291
FILLER_0_9_39, 26.32, 38.08, 0.00199291
FILLER_0_10_41, 26.32, 38.08, 0.00199291
FILLER_0_11_53, 26.32, 38.08, 0.00199291
FILLER_0_11_57, 26.32, 38.08, 0.00199291
_15218_, 51.32, 38.08, 0.00200316
_15219_, 51.32, 38.08, 0.00200316
_18279_, 51.32, 38.08, 0.00200316
_18282_, 51.32, 38.08, 0.00200316
FILLER_0_11_106, 51.32, 38.08, 0.00200316
_15210_, 76.32, 38.08, 0.00201166
_15211_, 76.32, 38.08, 0.00201166
_15215_, 76.32, 38.08, 0.00201166
_16120_, 76.32, 38.08, 0.00201166
_16127_, 76.32, 38.08, 0.00201166
_18284_, 76.32, 38.08, 0.00201166
_18286_, 76.32, 38.08, 0.00201166
FILLER_0_10_144, 76.32, 38.08, 0.00201166
FILLER_0_11_161, 76.32, 38.08, 0.00201166
_16161_, 101.32, 38.08, 0.00203362
_16163_, 101.32, 38.08, 0.00203362
_16164_, 101.32, 38.08, 0.00203362
_15086_, 126.32, 38.08, 0.00208657
_16192_, 126.32, 38.08, 0.00208657
FILLER_0_11_270, 126.32, 38.08, 0.00208657
_15012_, 151.32, 38.08, 0.00216816
_15015_, 151.32, 38.08, 0.00216816
_15081_, 151.32, 38.08, 0.00216816
_16229_, 151.32, 38.08, 0.00216816
_15003_, 176.32, 38.08, 0.00226316
_15004_, 176.32, 38.08, 0.00226316
_15007_, 176.32, 38.08, 0.00226316
_15008_, 176.32, 38.08, 0.00226316
_16233_, 176.32, 38.08, 0.00226316
FILLER_0_9_358, 176.32, 38.08, 0.00226316
FILLER_0_10_365, 176.32, 38.08, 0.00226316
_16128_, 201.32, 38.08, 0.00236213
_16129_, 201.32, 38.08, 0.00236213
FILLER_0_10_421, 201.32, 38.08, 0.00236213
FILLER_0_10_429, 201.32, 38.08, 0.00236213
_11575_, 226.32, 38.08, 0.00246284
_13414_, 226.32, 38.08, 0.00246284
_13415_, 226.32, 38.08, 0.00246284
FILLER_0_10_468, 226.32, 38.08, 0.00246284
_15137_, 251.32, 38.08, 0.00255863
_16096_, 251.32, 38.08, 0.00255863
_18256_, 251.32, 38.08, 0.00255863
FILLER_0_10_529, 251.32, 38.08, 0.00255863
_15197_, 276.32, 38.08, 0.00264353
_18292_, 276.32, 38.08, 0.00264353
_15128_, 301.32, 38.08, 0.00271979
_15129_, 301.32, 38.08, 0.00271979
_16170_, 301.32, 38.08, 0.00271979
FILLER_0_10_632, 301.32, 38.08, 0.00271979
_11617_, 326.32, 38.08, 0.00279882
_15333_, 326.32, 38.08, 0.00279882
_15334_, 326.32, 38.08, 0.00279882
_16064_, 326.32, 38.08, 0.00279882
clkbuf_leaf_143_i_clk, 326.32, 38.08, 0.00279882
FILLER_0_10_697, 326.32, 38.08, 0.00279882
FILLER_0_10_701, 326.32, 38.08, 0.00279882
_16312_, 351.32, 38.08, 0.00284394
_16525_, 351.32, 38.08, 0.00284394
_18644_, 351.32, 38.08, 0.00284394
_18864_, 351.32, 38.08, 0.00284394
FILLER_0_10_744, 351.32, 38.08, 0.00284394
FILLER_0_10_757, 351.32, 38.08, 0.00284394
FILLER_0_11_755, 351.32, 38.08, 0.00284394
clkbuf_leaf_135_i_clk, 376.32, 38.08, 0.00288523
FILLER_0_10_806, 376.32, 38.08, 0.00288523
FILLER_0_10_813, 376.32, 38.08, 0.00288523
FILLER_0_10_863, 401.32, 38.08, 0.00290202
FILLER_0_10_917, 426.32, 38.08, 0.00292121
FILLER_0_10_973, 451.32, 38.08, 0.00293616
FILLER_0_10_1029, 476.32, 38.08, 0.00294554
PHY_14, 5.52, 32.64, 0.00198872
PHY_16, 5.52, 32.64, 0.00198872
PHY_15, 494.04, 32.64, 0.00294596
PHY_17, 494.04, 32.64, 0.00294596
_15221_, 26.32, 32.64, 0.00199385
_16122_, 26.32, 32.64, 0.00199385
_18280_, 26.32, 32.64, 0.00199385
_18281_, 26.32, 32.64, 0.00199385
FILLER_0_8_41, 26.32, 32.64, 0.00199385
FILLER_0_9_47, 26.32, 32.64, 0.00199385
_15224_, 51.32, 32.64, 0.00199603
_15225_, 51.32, 32.64, 0.00199603
_16124_, 51.32, 32.64, 0.00199603
FILLER_0_9_109, 51.32, 32.64, 0.00199603
_16126_, 76.32, 32.64, 0.00200997
_15083_, 126.32, 32.64, 0.00210155
_16190_, 126.32, 32.64, 0.00210155
_16191_, 126.32, 32.64, 0.00210155
_18345_, 126.32, 32.64, 0.00210155
FILLER_0_9_266, 126.32, 32.64, 0.00210155
_15011_, 151.32, 32.64, 0.00217975
_16230_, 151.32, 32.64, 0.00217975
_18378_, 151.32, 32.64, 0.00217975
FILLER_0_8_313, 151.32, 32.64, 0.00217975
_18380_, 176.32, 32.64, 0.00227051
_18382_, 176.32, 32.64, 0.00227051
FILLER_0_8_365, 176.32, 32.64, 0.00227051
FILLER_0_8_433, 201.32, 32.64, 0.00236252
FILLER_0_9_436, 201.32, 32.64, 0.00236252
_09340_, 226.32, 32.64, 0.00246429
_11576_, 226.32, 32.64, 0.00246429
_15125_, 226.32, 32.64, 0.00246429
_17025_, 226.32, 32.64, 0.00246429
hold368, 226.32, 32.64, 0.00246429
FILLER_0_8_470, 226.32, 32.64, 0.00246429
FILLER_0_8_490, 226.32, 32.64, 0.00246429
_17026_, 251.32, 32.64, 0.00255568
FILLER_0_8_523, 251.32, 32.64, 0.00255568
FILLER_0_9_543, 251.32, 32.64, 0.00255568
_09318_, 276.32, 32.64, 0.00264396
_09321_, 276.32, 32.64, 0.00264396
_15198_, 276.32, 32.64, 0.00264396
_15264_, 276.32, 32.64, 0.00264396
_18261_, 276.32, 32.64, 0.00264396
FILLER_0_8_585, 276.32, 32.64, 0.00264396
_09420_, 301.32, 32.64, 0.00271307
_11595_, 301.32, 32.64, 0.00271307
FILLER_0_7_638, 301.32, 32.64, 0.00271307
FILLER_0_8_638, 301.32, 32.64, 0.00271307
FILLER_0_8_645, 301.32, 32.64, 0.00271307
_11637_, 326.32, 32.64, 0.00277611
FILLER_0_7_694, 326.32, 32.64, 0.00277611
FILLER_0_8_694, 326.32, 32.64, 0.00277611
FILLER_0_8_701, 326.32, 32.64, 0.00277611
_14410_, 351.32, 32.64, 0.00282788
_14414_, 351.32, 32.64, 0.00282788
_14416_, 351.32, 32.64, 0.00282788
FILLER_0_9_762, 351.32, 32.64, 0.00282788
_09092_, 376.32, 32.64, 0.00286836
_13894_, 376.32, 32.64, 0.00286836
FILLER_0_8_807, 376.32, 32.64, 0.00286836
FILLER_0_9_809, 376.32, 32.64, 0.00286836
_13897_, 401.32, 32.64, 0.00289815
FILLER_0_8_860, 401.32, 32.64, 0.00289815
FILLER_0_8_917, 426.32, 32.64, 0.00291795
FILLER_0_8_973, 451.32, 32.64, 0.00293317
FILLER_0_8_1029, 476.32, 32.64, 0.00294269
PHY_10, 5.52, 27.2, 0.00199586
PHY_12, 5.52, 27.2, 0.00199586
output52, 5.52, 27.2, 0.00199586
PHY_11, 494.04, 27.2, 0.00294606
PHY_13, 494.04, 27.2, 0.00294606
FILLER_0_7_53, 26.32, 27.2, 0.0019933
FILLER_0_7_105, 51.32, 27.2, 0.00199891
FILLER_0_7_161, 76.32, 27.2, 0.00201466
FILLER_0_7_217, 101.32, 27.2, 0.00204668
FILLER_0_7_273, 126.32, 27.2, 0.00210021
FILLER_0_7_330, 151.32, 27.2, 0.00217439
FILLER_0_6_413, 201.32, 27.2, 0.0023612
_09339_, 226.32, 27.2, 0.00246249
_15124_, 226.32, 27.2, 0.00246249
_16173_, 226.32, 27.2, 0.00246249
_18326_, 226.32, 27.2, 0.00246249
FILLER_0_5_473, 226.32, 27.2, 0.00246249
_13412_, 251.32, 27.2, 0.00255545
_13413_, 251.32, 27.2, 0.00255545
_15122_, 251.32, 27.2, 0.00255545
_19095_, 251.32, 27.2, 0.00255545
FILLER_0_5_531, 251.32, 27.2, 0.00255545
FILLER_0_6_533, 251.32, 27.2, 0.00255545
_15195_, 276.32, 27.2, 0.0026384
_18293_, 276.32, 27.2, 0.0026384
FILLER_0_6_585, 276.32, 27.2, 0.0026384
FILLER_0_6_598, 276.32, 27.2, 0.0026384
_09360_, 301.32, 27.2, 0.00271541
_09419_, 301.32, 27.2, 0.00271541
_11596_, 301.32, 27.2, 0.00271541
_11636_, 301.32, 27.2, 0.00271541
FILLER_0_6_637, 301.32, 27.2, 0.00271541
FILLER_0_6_653, 301.32, 27.2, 0.00271541
_09421_, 326.32, 27.2, 0.00278255
_11597_, 326.32, 27.2, 0.00278255
_11657_, 326.32, 27.2, 0.00278255
FILLER_0_6_701, 326.32, 27.2, 0.00278255
_14415_, 351.32, 27.2, 0.00284381
_14417_, 351.32, 27.2, 0.00284381
_18642_, 351.32, 27.2, 0.00284381
_18643_, 351.32, 27.2, 0.00284381
_18645_, 351.32, 27.2, 0.00284381
FILLER_0_5_741, 351.32, 27.2, 0.00284381
FILLER_0_6_747, 351.32, 27.2, 0.00284381
_13892_, 376.32, 27.2, 0.0028772
_13893_, 376.32, 27.2, 0.0028772
_13895_, 376.32, 27.2, 0.0028772
_16777_, 376.32, 27.2, 0.0028772
_16778_, 376.32, 27.2, 0.0028772
_18871_, 376.32, 27.2, 0.0028772
FILLER_0_6_807, 376.32, 27.2, 0.0028772
FILLER_0_6_816, 376.32, 27.2, 0.0028772
FILLER_0_6_859, 401.32, 27.2, 0.00289637
FILLER_0_6_917, 426.32, 27.2, 0.00291536
FILLER_0_6_973, 451.32, 27.2, 0.00293082
FILLER_0_6_1029, 476.32, 27.2, 0.0029417
PHY_6, 5.52, 21.76, 0.00199252
PHY_8, 5.52, 21.76, 0.00199252
PHY_7, 494.04, 21.76, 0.00294068
PHY_9, 494.04, 21.76, 0.00294068
FILLER_0_5_51, 26.32, 21.76, 0.00199491
FILLER_0_5_105, 51.32, 21.76, 0.00200309
FILLER_0_5_161, 76.32, 21.76, 0.00202059
FILLER_0_5_217, 101.32, 21.76, 0.00205304
FILLER_0_5_273, 126.32, 21.76, 0.00210616
FILLER_0_5_329, 151.32, 21.76, 0.00217946
FILLER_0_4_413, 201.32, 21.76, 0.00236269
clkbuf_leaf_173_i_clk, 226.32, 21.76, 0.0024676
FILLER_0_4_469, 226.32, 21.76, 0.0024676
FILLER_0_4_489, 226.32, 21.76, 0.0024676
_15259_, 251.32, 21.76, 0.00255516
_15260_, 251.32, 21.76, 0.00255516
_18263_, 251.32, 21.76, 0.00255516
FILLER_0_4_529, 251.32, 21.76, 0.00255516
FILLER_0_5_539, 251.32, 21.76, 0.00255516
_15196_, 276.32, 21.76, 0.00263742
_15270_, 276.32, 21.76, 0.00263742
_16136_, 276.32, 21.76, 0.00263742
_18258_, 276.32, 21.76, 0.00263742
FILLER_0_3_581, 276.32, 21.76, 0.00263742
FILLER_0_4_577, 276.32, 21.76, 0.00263742
FILLER_0_4_585, 276.32, 21.76, 0.00263742
FILLER_0_4_592, 276.32, 21.76, 0.00263742
FILLER_0_5_597, 276.32, 21.76, 0.00263742
_09400_, 301.32, 21.76, 0.00271075
_11656_, 301.32, 21.76, 0.00271075
_15126_, 301.32, 21.76, 0.00271075
_18323_, 301.32, 21.76, 0.00271075
FILLER_0_4_638, 301.32, 21.76, 0.00271075
FILLER_0_4_654, 301.32, 21.76, 0.00271075
_15336_, 326.32, 21.76, 0.00276679
_16063_, 326.32, 21.76, 0.00276679
_16523_, 351.32, 21.76, 0.00281563
FILLER_0_4_752, 351.32, 21.76, 0.00281563
FILLER_0_4_757, 351.32, 21.76, 0.00281563
FILLER_0_5_819, 376.32, 21.76, 0.00285599
FILLER_0_4_861, 401.32, 21.76, 0.00288749
FILLER_0_4_917, 426.32, 21.76, 0.00291099
FILLER_0_4_973, 451.32, 21.76, 0.00292738
FILLER_0_4_1029, 476.32, 21.76, 0.0029373
PHY_2, 5.52, 16.32, 0.00199428
PHY_4, 5.52, 16.32, 0.00199428
PHY_3, 494.04, 16.32, 0.0029395
PHY_5, 494.04, 16.32, 0.0029395
FILLER_0_3_51, 26.32, 16.32, 0.00199685
FILLER_0_3_105, 51.32, 16.32, 0.00200559
FILLER_0_3_161, 76.32, 16.32, 0.00202392
FILLER_0_3_217, 101.32, 16.32, 0.00205705
FILLER_0_3_273, 126.32, 16.32, 0.00211001
FILLER_0_3_329, 151.32, 16.32, 0.00218228
FILLER_0_2_413, 201.32, 16.32, 0.00236133
_18230_, 226.32, 16.32, 0.00245879
FILLER_0_2_469, 226.32, 16.32, 0.00245879
FILLER_0_2_489, 226.32, 16.32, 0.00245879
_16103_, 251.32, 16.32, 0.00255346
_16138_, 251.32, 16.32, 0.00255346
_18295_, 251.32, 16.32, 0.00255346
FILLER_0_1_529, 251.32, 16.32, 0.00255346
FILLER_0_2_525, 251.32, 16.32, 0.00255346
_15199_, 276.32, 16.32, 0.00264733
_15200_, 276.32, 16.32, 0.00264733
_15202_, 276.32, 16.32, 0.00264733
_15328_, 276.32, 16.32, 0.00264733
_16067_, 276.32, 16.32, 0.00264733
_16134_, 276.32, 16.32, 0.00264733
_16315_, 276.32, 16.32, 0.00264733
clkbuf_leaf_145_i_clk, 276.32, 16.32, 0.00264733
FILLER_0_1_581, 276.32, 16.32, 0.00264733
FILLER_0_2_585, 276.32, 16.32, 0.00264733
_15127_, 301.32, 16.32, 0.00271232
_15130_, 301.32, 16.32, 0.00271232
_15131_, 301.32, 16.32, 0.00271232
_15133_, 301.32, 16.32, 0.00271232
_16171_, 301.32, 16.32, 0.00271232
_18322_, 301.32, 16.32, 0.00271232
_18325_, 301.32, 16.32, 0.00271232
_15331_, 326.32, 16.32, 0.00277309
_15332_, 326.32, 16.32, 0.00277309
_15335_, 326.32, 16.32, 0.00277309
_15337_, 326.32, 16.32, 0.00277309
_16065_, 326.32, 16.32, 0.00277309
_18226_, 326.32, 16.32, 0.00277309
_18227_, 326.32, 16.32, 0.00277309
_16310_, 351.32, 16.32, 0.00281737
_16311_, 351.32, 16.32, 0.00281737
FILLER_0_2_752, 351.32, 16.32, 0.00281737
FILLER_0_2_805, 376.32, 16.32, 0.00285503
FILLER_0_2_861, 401.32, 16.32, 0.00288607
FILLER_0_2_917, 426.32, 16.32, 0.00290963
FILLER_0_2_973, 451.32, 16.32, 0.00292611
FILLER_0_2_1029, 476.32, 16.32, 0.00293609
PHY_0, 5.52, 10.88, 0.00200378
output45, 5.52, 10.88, 0.00200378
PHY_1, 494.04, 10.88, 0.00294498
output22, 26.32, 10.88, 0.00200473
ANTENNA_124, 26.32, 10.88, 0.00200473
FILLER_0_0_41, 26.32, 10.88, 0.00200473
FILLER_0_1_51, 26.32, 10.88, 0.00200473
output44, 51.32, 10.88, 0.00201213
FILLER_0_0_109, 51.32, 10.88, 0.00201213
FILLER_0_1_105, 51.32, 10.88, 0.00201213
FILLER_0_0_165, 76.32, 10.88, 0.00202783
FILLER_0_1_161, 76.32, 10.88, 0.00202783
FILLER_0_0_221, 101.32, 10.88, 0.00206158
FILLER_0_1_217, 101.32, 10.88, 0.00206158
FILLER_0_1_273, 126.32, 10.88, 0.0021145
FILLER_0_1_329, 151.32, 10.88, 0.00218599
output37, 176.32, 10.88, 0.00227376
ANTENNA_78, 176.32, 10.88, 0.00227376
ANTENNA_79, 176.32, 10.88, 0.00227376
FILLER_0_0_361, 176.32, 10.88, 0.00227376
FILLER_0_0_365, 176.32, 10.88, 0.00227376
FILLER_0_0_382, 176.32, 10.88, 0.00227376
output48, 201.32, 10.88, 0.00236614
FILLER_0_0_417, 201.32, 10.88, 0.00236614
FILLER_0_0_473, 226.32, 10.88, 0.00245748
FILLER_0_0_489, 226.32, 10.88, 0.00245748
_15191_, 251.32, 10.88, 0.00254922
_15192_, 251.32, 10.88, 0.00254922
FILLER_0_0_529, 251.32, 10.88, 0.00254922
_18290_, 276.32, 10.88, 0.00263544
_18291_, 276.32, 10.88, 0.00263544
FILLER_0_0_579, 276.32, 10.88, 0.00263544
_15132_, 301.32, 10.88, 0.00270379
_16169_, 301.32, 10.88, 0.00270379
_16062_, 326.32, 10.88, 0.0027682
output62, 326.32, 10.88, 0.0027682
FILLER_0_0_685, 326.32, 10.88, 0.0027682
FILLER_0_1_707, 326.32, 10.88, 0.0027682
output29, 351.32, 10.88, 0.00281925
FILLER_0_0_753, 351.32, 10.88, 0.00281925
FILLER_0_0_809, 376.32, 10.88, 0.00285585
FILLER_0_0_865, 401.32, 10.88, 0.00288816
FILLER_0_0_869, 401.32, 10.88, 0.00288816
FILLER_0_0_921, 426.32, 10.88, 0.00291318
ANTENNA_72, 451.32, 10.88, 0.00292962
FILLER_0_0_975, 451.32, 10.88, 0.00292962
output31, 476.32, 10.88, 0.002943
FILLER_0_0_1029, 476.32, 10.88, 0.002943

