
 /----------------------------------------------------------------------------\
 |                                                                            |
 |  yosys -- Yosys Open SYnthesis Suite                                       |
 |                                                                            |
 |  Copyright (C) 2012 - 2020  Claire Xenia Wolf <claire@yosyshq.com>         |
 |                                                                            |
 |  Permission to use, copy, modify, and/or distribute this software for any  |
 |  purpose with or without fee is hereby granted, provided that the above    |
 |  copyright notice and this permission notice appear in all copies.         |
 |                                                                            |
 |  THE SOFTWARE IS PROVIDED "AS IS" AND THE AUTHOR DISCLAIMS ALL WARRANTIES  |
 |  WITH REGARD TO THIS SOFTWARE INCLUDING ALL IMPLIED WARRANTIES OF          |
 |  MERCHANTABILITY AND FITNESS. IN NO EVENT SHALL THE AUTHOR BE LIABLE FOR   |
 |  ANY SPECIAL, DIRECT, INDIRECT, OR CONSEQUENTIAL DAMAGES OR ANY DAMAGES    |
 |  WHATSOEVER RESULTING FROM LOSS OF USE, DATA OR PROFITS, WHETHER IN AN     |
 |  ACTION OF CONTRACT, NEGLIGENCE OR OTHER TORTIOUS ACTION, ARISING OUT OF   |
 |  OR IN CONNECTION WITH THE USE OR PERFORMANCE OF THIS SOFTWARE.            |
 |                                                                            |
 \----------------------------------------------------------------------------/

 Yosys 0.30+48 (git sha1 14d50a176d5, gcc 8.3.1 -fPIC -Os)

[TCL: yosys -import] Command name collision: found pre-existing command `cd' -> skip.
[TCL: yosys -import] Command name collision: found pre-existing command `eval' -> skip.
[TCL: yosys -import] Command name collision: found pre-existing command `exec' -> skip.
[TCL: yosys -import] Command name collision: found pre-existing command `read' -> skip.
[TCL: yosys -import] Command name collision: found pre-existing command `trace' -> skip.

1. Executing Verilog-2005 frontend: /openlane/designs/riscv_stage2/src/riscv_stage2.v
Parsing SystemVerilog input from `/openlane/designs/riscv_stage2/src/riscv_stage2.v' to AST representation.
Generating RTLIL representation for module `\MUX2_32'.
Generating RTLIL representation for module `\REGISTER_FILE'.
Warning: Replacing memory \r_Registers with list of registers. See /openlane/designs/riscv_stage2/src/riscv_stage2.v:46
Generating RTLIL representation for module `\ALU'.
Generating RTLIL representation for module `\crc8_block'.
Generating RTLIL representation for module `\crc16_block'.
Generating RTLIL representation for module `\crc32_block'.
Generating RTLIL representation for module `\crc_unit_mux'.
Generating RTLIL representation for module `\imm_generator'.
Generating RTLIL representation for module `\branch_comparator'.
Generating RTLIL representation for module `\RISCV_ADDR_DECODER'.
Generating RTLIL representation for module `\RISCV_IMEM'.
Generating RTLIL representation for module `\RISCV_DMEM'.
Generating RTLIL representation for module `\multiplier_sequential'.
Generating RTLIL representation for module `\MUX3_32'.
Generating RTLIL representation for module `\rs1_reg'.
Generating RTLIL representation for module `\rs2_reg'.
Generating RTLIL representation for module `\MUX_SRC_A'.
Generating RTLIL representation for module `\MUX_SRC_B'.
Generating RTLIL representation for module `\inst_reg'.
Generating RTLIL representation for module `\mem_data_reg'.
Generating RTLIL representation for module `\PC'.
Generating RTLIL representation for module `\ADDR_MUX'.
Generating RTLIL representation for module `\EXECUTE_RESULT_REG'.
Generating RTLIL representation for module `\PC_Next_MUX'.
Generating RTLIL representation for module `\DMEM_TO_REG_MUX'.
Generating RTLIL representation for module `\LSU_UNIT'.
Generating RTLIL representation for module `\op_size_decoder'.
Generating RTLIL representation for module `\CONTROL_UNIT_3'.
Generating RTLIL representation for module `\STAGE2_ALU'.
Generating RTLIL representation for module `\STAGE2_CONTROL_UNIT'.
Generating RTLIL representation for module `\STAGE2_CRC'.
Generating RTLIL representation for module `\STAGE2_IMM_GEN'.
Generating RTLIL representation for module `\STAGE2_BRANCH_COMPARATOR'.
Generating RTLIL representation for module `\STAGE2_UNIFIED_MEMORY'.
Generating RTLIL representation for module `\STAGE2_MULT'.
Generating RTLIL representation for module `\STAGE2_DATAPATH'.
Generating RTLIL representation for module `\STAGE2_LSU_UNIT'.
Generating RTLIL representation for module `\top'.
Successfully finished Verilog frontend.

2. Generating Graphviz representation of design.
Writing dot description to `/openlane/designs/riscv_stage2/runs/RUN_2026.09.10_08.44.32/tmp/synthesis/hierarchy.dot'.
Dumping module top to page 1.

3. Executing HIERARCHY pass (managing design hierarchy).

3.1. Analyzing design hierarchy..
Top module:  \top
Used module:     \STAGE2_DATAPATH
Used module:         \STAGE2_BRANCH_COMPARATOR
Used module:             \branch_comparator
Used module:         \MUX_SRC_B
Used module:         \MUX_SRC_A
Used module:         \MUX3_32
Used module:         \op_size_decoder
Used module:         \STAGE2_LSU_UNIT
Used module:             \LSU_UNIT
Used module:         \EXECUTE_RESULT_REG
Used module:         \DMEM_TO_REG_MUX
Used module:         \ADDR_MUX
Used module:         \PC_Next_MUX
Used module:         \PC
Used module:         \inst_reg
Used module:         \mem_data_reg
Used module:         \STAGE2_IMM_GEN
Used module:             \imm_generator
Used module:         \STAGE2_UNIFIED_MEMORY
Used module:             \RISCV_IMEM
Used module:             \RISCV_DMEM
Used module:             \RISCV_ADDR_DECODER
Used module:             \MUX2_32
Used module:         \STAGE2_ALU
Used module:             \ALU
Used module:         \rs2_reg
Used module:         \rs1_reg
Used module:         \REGISTER_FILE
Used module:         \STAGE2_MULT
Used module:             \multiplier_sequential
Used module:         \STAGE2_CRC
Used module:             \crc_unit_mux
Used module:             \crc32_block
Used module:             \crc16_block
Used module:             \crc8_block
Used module:     \STAGE2_CONTROL_UNIT
Used module:         \CONTROL_UNIT_3
Parameter \p_DATA_MEM_SIZE = 1024

3.2. Executing AST frontend in derive mode using pre-parsed AST for module `\REGISTER_FILE'.
Parameter \p_DATA_MEM_SIZE = 1024
Generating RTLIL representation for module `$paramod\REGISTER_FILE\p_DATA_MEM_SIZE=s32'00000000000000000000010000000000'.
Warning: Replacing memory \r_Registers with list of registers. See /openlane/designs/riscv_stage2/src/riscv_stage2.v:46

3.3. Analyzing design hierarchy..
Top module:  \top
Used module:     \STAGE2_DATAPATH
Used module:         \STAGE2_BRANCH_COMPARATOR
Used module:             \branch_comparator
Used module:         \MUX_SRC_B
Used module:         \MUX_SRC_A
Used module:         \MUX3_32
Used module:         \op_size_decoder
Used module:         \STAGE2_LSU_UNIT
Used module:             \LSU_UNIT
Used module:         \EXECUTE_RESULT_REG
Used module:         \DMEM_TO_REG_MUX
Used module:         \ADDR_MUX
Used module:         \PC_Next_MUX
Used module:         \PC
Used module:         \inst_reg
Used module:         \mem_data_reg
Used module:         \STAGE2_IMM_GEN
Used module:             \imm_generator
Used module:         \STAGE2_UNIFIED_MEMORY
Used module:             \RISCV_IMEM
Used module:             \RISCV_DMEM
Used module:             \RISCV_ADDR_DECODER
Used module:             \MUX2_32
Used module:         \STAGE2_ALU
Used module:             \ALU
Used module:         \rs2_reg
Used module:         \rs1_reg
Used module:         $paramod\REGISTER_FILE\p_DATA_MEM_SIZE=s32'00000000000000000000010000000000
Used module:         \STAGE2_MULT
Used module:             \multiplier_sequential
Used module:         \STAGE2_CRC
Used module:             \crc_unit_mux
Used module:             \crc32_block
Used module:             \crc16_block
Used module:             \crc8_block
Used module:     \STAGE2_CONTROL_UNIT
Used module:         \CONTROL_UNIT_3

3.4. Analyzing design hierarchy..
Top module:  \top
Used module:     \STAGE2_DATAPATH
Used module:         \STAGE2_BRANCH_COMPARATOR
Used module:             \branch_comparator
Used module:         \MUX_SRC_B
Used module:         \MUX_SRC_A
Used module:         \MUX3_32
Used module:         \op_size_decoder
Used module:         \STAGE2_LSU_UNIT
Used module:             \LSU_UNIT
Used module:         \EXECUTE_RESULT_REG
Used module:         \DMEM_TO_REG_MUX
Used module:         \ADDR_MUX
Used module:         \PC_Next_MUX
Used module:         \PC
Used module:         \inst_reg
Used module:         \mem_data_reg
Used module:         \STAGE2_IMM_GEN
Used module:             \imm_generator
Used module:         \STAGE2_UNIFIED_MEMORY
Used module:             \RISCV_IMEM
Used module:             \RISCV_DMEM
Used module:             \RISCV_ADDR_DECODER
Used module:             \MUX2_32
Used module:         \STAGE2_ALU
Used module:             \ALU
Used module:         \rs2_reg
Used module:         \rs1_reg
Used module:         $paramod\REGISTER_FILE\p_DATA_MEM_SIZE=s32'00000000000000000000010000000000
Used module:         \STAGE2_MULT
Used module:             \multiplier_sequential
Used module:         \STAGE2_CRC
Used module:             \crc_unit_mux
Used module:             \crc32_block
Used module:             \crc16_block
Used module:             \crc8_block
Used module:     \STAGE2_CONTROL_UNIT
Used module:         \CONTROL_UNIT_3
Removing unused module `\REGISTER_FILE'.
Removed 1 unused modules.

4. Executing TRIBUF pass.

5. Executing HIERARCHY pass (managing design hierarchy).

5.1. Analyzing design hierarchy..
Top module:  \top
Used module:     \STAGE2_DATAPATH
Used module:         \STAGE2_BRANCH_COMPARATOR
Used module:             \branch_comparator
Used module:         \MUX_SRC_B
Used module:         \MUX_SRC_A
Used module:         \MUX3_32
Used module:         \op_size_decoder
Used module:         \STAGE2_LSU_UNIT
Used module:             \LSU_UNIT
Used module:         \EXECUTE_RESULT_REG
Used module:         \DMEM_TO_REG_MUX
Used module:         \ADDR_MUX
Used module:         \PC_Next_MUX
Used module:         \PC
Used module:         \inst_reg
Used module:         \mem_data_reg
Used module:         \STAGE2_IMM_GEN
Used module:             \imm_generator
Used module:         \STAGE2_UNIFIED_MEMORY
Used module:             \RISCV_IMEM
Used module:             \RISCV_DMEM
Used module:             \RISCV_ADDR_DECODER
Used module:             \MUX2_32
Used module:         \STAGE2_ALU
Used module:             \ALU
Used module:         \rs2_reg
Used module:         \rs1_reg
Used module:         $paramod\REGISTER_FILE\p_DATA_MEM_SIZE=s32'00000000000000000000010000000000
Used module:         \STAGE2_MULT
Used module:             \multiplier_sequential
Used module:         \STAGE2_CRC
Used module:             \crc_unit_mux
Used module:             \crc32_block
Used module:             \crc16_block
Used module:             \crc8_block
Used module:     \STAGE2_CONTROL_UNIT
Used module:         \CONTROL_UNIT_3

5.2. Analyzing design hierarchy..
Top module:  \top
Used module:     \STAGE2_DATAPATH
Used module:         \STAGE2_BRANCH_COMPARATOR
Used module:             \branch_comparator
Used module:         \MUX_SRC_B
Used module:         \MUX_SRC_A
Used module:         \MUX3_32
Used module:         \op_size_decoder
Used module:         \STAGE2_LSU_UNIT
Used module:             \LSU_UNIT
Used module:         \EXECUTE_RESULT_REG
Used module:         \DMEM_TO_REG_MUX
Used module:         \ADDR_MUX
Used module:         \PC_Next_MUX
Used module:         \PC
Used module:         \inst_reg
Used module:         \mem_data_reg
Used module:         \STAGE2_IMM_GEN
Used module:             \imm_generator
Used module:         \STAGE2_UNIFIED_MEMORY
Used module:             \RISCV_IMEM
Used module:             \RISCV_DMEM
Used module:             \RISCV_ADDR_DECODER
Used module:             \MUX2_32
Used module:         \STAGE2_ALU
Used module:             \ALU
Used module:         \rs2_reg
Used module:         \rs1_reg
Used module:         $paramod\REGISTER_FILE\p_DATA_MEM_SIZE=s32'00000000000000000000010000000000
Used module:         \STAGE2_MULT
Used module:             \multiplier_sequential
Used module:         \STAGE2_CRC
Used module:             \crc_unit_mux
Used module:             \crc32_block
Used module:             \crc16_block
Used module:             \crc8_block
Used module:     \STAGE2_CONTROL_UNIT
Used module:         \CONTROL_UNIT_3
Removed 0 unused modules.

6. Executing PROC_CLEAN pass (remove empty switches from decision trees).
Found and cleaned up 32 empty switches in `$paramod\REGISTER_FILE\p_DATA_MEM_SIZE=s32'00000000000000000000010000000000.$proc$/openlane/designs/riscv_stage2/src/riscv_stage2.v:40$449'.
Cleaned up 32 empty switches.

7. Executing PROC_RMDEAD pass (remove dead branches from decision trees).
Removed 2 dead cases from process $proc$/openlane/designs/riscv_stage2/src/riscv_stage2.v:1044$422 in module CONTROL_UNIT_3.
Marked 6 switch rules as full_case in process $proc$/openlane/designs/riscv_stage2/src/riscv_stage2.v:1044$422 in module CONTROL_UNIT_3.
Marked 1 switch rules as full_case in process $proc$/openlane/designs/riscv_stage2/src/riscv_stage2.v:1039$421 in module CONTROL_UNIT_3.
Removed 2 dead cases from process $proc$/openlane/designs/riscv_stage2/src/riscv_stage2.v:889$418 in module LSU_UNIT.
Marked 3 switch rules as full_case in process $proc$/openlane/designs/riscv_stage2/src/riscv_stage2.v:889$418 in module LSU_UNIT.
Removed 2 dead cases from process $proc$/openlane/designs/riscv_stage2/src/riscv_stage2.v:846$417 in module LSU_UNIT.
Marked 3 switch rules as full_case in process $proc$/openlane/designs/riscv_stage2/src/riscv_stage2.v:846$417 in module LSU_UNIT.
Marked 1 switch rules as full_case in process $proc$/openlane/designs/riscv_stage2/src/riscv_stage2.v:789$414 in module EXECUTE_RESULT_REG.
Marked 1 switch rules as full_case in process $proc$/openlane/designs/riscv_stage2/src/riscv_stage2.v:758$412 in module PC.
Marked 1 switch rules as full_case in process $proc$/openlane/designs/riscv_stage2/src/riscv_stage2.v:733$409 in module mem_data_reg.
Marked 1 switch rules as full_case in process $proc$/openlane/designs/riscv_stage2/src/riscv_stage2.v:709$408 in module inst_reg.
Removed 1 dead cases from process $proc$/openlane/designs/riscv_stage2/src/riscv_stage2.v:687$407 in module MUX_SRC_B.
Marked 1 switch rules as full_case in process $proc$/openlane/designs/riscv_stage2/src/riscv_stage2.v:687$407 in module MUX_SRC_B.
Marked 1 switch rules as full_case in process $proc$/openlane/designs/riscv_stage2/src/riscv_stage2.v:668$406 in module MUX_SRC_A.
Marked 1 switch rules as full_case in process $proc$/openlane/designs/riscv_stage2/src/riscv_stage2.v:649$405 in module rs2_reg.
Marked 1 switch rules as full_case in process $proc$/openlane/designs/riscv_stage2/src/riscv_stage2.v:629$404 in module rs1_reg.
Marked 1 switch rules as full_case in process $proc$/openlane/designs/riscv_stage2/src/riscv_stage2.v:607$403 in module MUX3_32.
Marked 3 switch rules as full_case in process $proc$/openlane/designs/riscv_stage2/src/riscv_stage2.v:528$393 in module multiplier_sequential.
Marked 1 switch rules as full_case in process $proc$/openlane/designs/riscv_stage2/src/riscv_stage2.v:471$379 in module RISCV_DMEM.
Marked 5 switch rules as full_case in process $proc$/openlane/designs/riscv_stage2/src/riscv_stage2.v:462$342 in module RISCV_DMEM.
Marked 2 switch rules as full_case in process $proc$/openlane/designs/riscv_stage2/src/riscv_stage2.v:428$336 in module RISCV_IMEM.
Marked 1 switch rules as full_case in process $proc$/openlane/designs/riscv_stage2/src/riscv_stage2.v:374$325 in module branch_comparator.
Marked 1 switch rules as full_case in process $proc$/openlane/designs/riscv_stage2/src/riscv_stage2.v:331$324 in module imm_generator.
Marked 1 switch rules as full_case in process $proc$/openlane/designs/riscv_stage2/src/riscv_stage2.v:306$323 in module crc_unit_mux.
Marked 64 switch rules as full_case in process $proc$/openlane/designs/riscv_stage2/src/riscv_stage2.v:197$122 in module crc32_block.
Marked 16 switch rules as full_case in process $proc$/openlane/designs/riscv_stage2/src/riscv_stage2.v:152$71 in module crc16_block.
Marked 8 switch rules as full_case in process $proc$/openlane/designs/riscv_stage2/src/riscv_stage2.v:117$45 in module crc8_block.
Marked 1 switch rules as full_case in process $proc$/openlane/designs/riscv_stage2/src/riscv_stage2.v:84$32 in module ALU.
Removed 1 dead cases from process $proc$/openlane/designs/riscv_stage2/src/riscv_stage2.v:0$461 in module $paramod\REGISTER_FILE\p_DATA_MEM_SIZE=s32'00000000000000000000010000000000.
Marked 1 switch rules as full_case in process $proc$/openlane/designs/riscv_stage2/src/riscv_stage2.v:0$461 in module $paramod\REGISTER_FILE\p_DATA_MEM_SIZE=s32'00000000000000000000010000000000.
Removed 1 dead cases from process $proc$/openlane/designs/riscv_stage2/src/riscv_stage2.v:0$458 in module $paramod\REGISTER_FILE\p_DATA_MEM_SIZE=s32'00000000000000000000010000000000.
Marked 1 switch rules as full_case in process $proc$/openlane/designs/riscv_stage2/src/riscv_stage2.v:0$458 in module $paramod\REGISTER_FILE\p_DATA_MEM_SIZE=s32'00000000000000000000010000000000.
Removed 1 dead cases from process $proc$/openlane/designs/riscv_stage2/src/riscv_stage2.v:40$449 in module $paramod\REGISTER_FILE\p_DATA_MEM_SIZE=s32'00000000000000000000010000000000.
Marked 3 switch rules as full_case in process $proc$/openlane/designs/riscv_stage2/src/riscv_stage2.v:40$449 in module $paramod\REGISTER_FILE\p_DATA_MEM_SIZE=s32'00000000000000000000010000000000.
Removed a total of 10 dead cases.

8. Executing PROC_PRUNE pass (remove redundant assignments in processes).
Removed 3 redundant assignments.
Promoted 98 assignments to connections.

9. Executing PROC_INIT pass (extract init attributes).

10. Executing PROC_ARST pass (detect async resets in processes).
Found async reset \rst_i in `\CONTROL_UNIT_3.$proc$/openlane/designs/riscv_stage2/src/riscv_stage2.v:1039$421'.
Found async reset \rst_i in `\EXECUTE_RESULT_REG.$proc$/openlane/designs/riscv_stage2/src/riscv_stage2.v:789$414'.
Found async reset \rst_i in `\PC.$proc$/openlane/designs/riscv_stage2/src/riscv_stage2.v:758$412'.
Found async reset \rst_i in `\rs2_reg.$proc$/openlane/designs/riscv_stage2/src/riscv_stage2.v:649$405'.
Found async reset \rst_i in `\rs1_reg.$proc$/openlane/designs/riscv_stage2/src/riscv_stage2.v:629$404'.
Found async reset \rst_i in `\multiplier_sequential.$proc$/openlane/designs/riscv_stage2/src/riscv_stage2.v:528$393'.
Found async reset \i_Rst in `$paramod\REGISTER_FILE\p_DATA_MEM_SIZE=s32'00000000000000000000010000000000.$proc$/openlane/designs/riscv_stage2/src/riscv_stage2.v:40$449'.

11. Executing PROC_ROM pass (convert switches to ROMs).
Converted 0 switches.
<suppressed ~131 debug messages>

12. Executing PROC_MUX pass (convert decision trees to multiplexers).
Creating decoders for process `\CONTROL_UNIT_3.$proc$/openlane/designs/riscv_stage2/src/riscv_stage2.v:1044$422'.
     1/31: $2\calc_alu_sel$func$/openlane/designs/riscv_stage2/src/riscv_stage2.v:1111$420.$result[3:0]$441
     2/31: $2\calc_alu_sel$func$/openlane/designs/riscv_stage2/src/riscv_stage2.v:1103$419.$result[3:0]$437
     3/31: $4\next_state[4:0]
     4/31: $3\next_state[4:0]
     5/31: $2\next_state[4:0]
     6/31: $1\next_state[4:0]
     7/31: $1\o_IR_Write[0:0]
     8/31: $1\o_oe[0:0]
     9/31: $1\o_lorD[0:0]
    10/31: $1\calc_alu_sel$func$/openlane/designs/riscv_stage2/src/riscv_stage2.v:1111$420.b30[0:0]$434
    11/31: $1\calc_alu_sel$func$/openlane/designs/riscv_stage2/src/riscv_stage2.v:1111$420.f3[2:0]$433
    12/31: $1\calc_alu_sel$func$/openlane/designs/riscv_stage2/src/riscv_stage2.v:1111$420.$result[3:0]$432
    13/31: $1\calc_alu_sel$func$/openlane/designs/riscv_stage2/src/riscv_stage2.v:1103$419.b30[0:0]$431
    14/31: $1\calc_alu_sel$func$/openlane/designs/riscv_stage2/src/riscv_stage2.v:1103$419.f3[2:0]$430
    15/31: $1\calc_alu_sel$func$/openlane/designs/riscv_stage2/src/riscv_stage2.v:1103$419.$result[3:0]$429
    16/31: $1\o_PC_Write_Cond[0:0]
    17/31: $1\o_PC_Write[0:0]
    18/31: $1\o_Mem_Write[0:0]
    19/31: $1\o_Rs_Write[0:0]
    20/31: $1\o_Reg_Write[0:0]
    21/31: $1\o_mult_start[0:0]
    22/31: $1\o_Write_Back_Sel[1:0]
    23/31: $1\o_DMEM_REG_Sel[0:0]
    24/31: $1\o_PC_Sel[0:0]
    25/31: $1\o_MDR_Write[0:0]
    26/31: $1\o_Src_A_Sel[1:0]
    27/31: $1\o_Src_B_Sel[1:0]
    28/31: $1\o_Crc_sel[3:0]
    29/31: $1\o_Mult_Sel[2:0]
    30/31: $1\o_Alu_Sel[3:0]
    31/31: $1\o_Branch_Sel[2:0]
Creating decoders for process `\CONTROL_UNIT_3.$proc$/openlane/designs/riscv_stage2/src/riscv_stage2.v:1039$421'.
     1/1: $0\state[4:0]
Creating decoders for process `\LSU_UNIT.$proc$/openlane/designs/riscv_stage2/src/riscv_stage2.v:889$418'.
     1/3: $1\core_data_i[31:0]
     2/3: $1\half_sel[15:0]
     3/3: $1\byte_sel[7:0]
Creating decoders for process `\LSU_UNIT.$proc$/openlane/designs/riscv_stage2/src/riscv_stage2.v:846$417'.
     1/6: $3\byte_write_i[3:0]
     2/6: $3\mem_data_i[31:0]
     3/6: $2\byte_write_i[3:0]
     4/6: $2\mem_data_i[31:0]
     5/6: $1\byte_write_i[3:0]
     6/6: $1\mem_data_i[31:0]
Creating decoders for process `\EXECUTE_RESULT_REG.$proc$/openlane/designs/riscv_stage2/src/riscv_stage2.v:789$414'.
     1/1: $0\exeout_o[31:0]
Creating decoders for process `\PC.$proc$/openlane/designs/riscv_stage2/src/riscv_stage2.v:758$412'.
     1/1: $0\pc_o[31:0]
Creating decoders for process `\mem_data_reg.$proc$/openlane/designs/riscv_stage2/src/riscv_stage2.v:733$409'.
     1/1: $0\o_Data[31:0]
Creating decoders for process `\inst_reg.$proc$/openlane/designs/riscv_stage2/src/riscv_stage2.v:709$408'.
     1/1: $0\o_Instruction[31:0]
Creating decoders for process `\MUX_SRC_B.$proc$/openlane/designs/riscv_stage2/src/riscv_stage2.v:687$407'.
     1/1: $1\Src_B[31:0]
Creating decoders for process `\MUX_SRC_A.$proc$/openlane/designs/riscv_stage2/src/riscv_stage2.v:668$406'.
     1/1: $1\Src_A[31:0]
Creating decoders for process `\rs2_reg.$proc$/openlane/designs/riscv_stage2/src/riscv_stage2.v:649$405'.
     1/1: $0\rs2_data_o[31:0]
Creating decoders for process `\rs1_reg.$proc$/openlane/designs/riscv_stage2/src/riscv_stage2.v:629$404'.
     1/1: $0\rs1_data_o[31:0]
Creating decoders for process `\MUX3_32.$proc$/openlane/designs/riscv_stage2/src/riscv_stage2.v:607$403'.
     1/1: $1\Result[31:0]
Creating decoders for process `\multiplier_sequential.$proc$/openlane/designs/riscv_stage2/src/riscv_stage2.v:528$393'.
     1/12: $2\final_product[63:0]
     2/12: $1\final_product[63:0]
     3/12: $0\accum[63:0]
     4/12: $0\multiplier[31:0]
     5/12: $0\multiplicand[63:0]
     6/12: $0\sign_result_r[0:0]
     7/12: $0\funct3_r[2:0]
     8/12: $0\count[5:0]
     9/12: $0\state[1:0]
    10/12: $0\done_o[0:0]
    11/12: $0\busy_o[0:0]
    12/12: $0\result_o[31:0]
Creating decoders for process `\RISCV_DMEM.$proc$/openlane/designs/riscv_stage2/src/riscv_stage2.v:471$379'.
     1/1: $0\o_Data[31:0]
Creating decoders for process `\RISCV_DMEM.$proc$/openlane/designs/riscv_stage2/src/riscv_stage2.v:462$342'.
     1/24: $2$memwr$\r_Mem$/openlane/designs/riscv_stage2/src/riscv_stage2.v:467$341_EN[31:0]$378
     2/24: $2$memwr$\r_Mem$/openlane/designs/riscv_stage2/src/riscv_stage2.v:467$341_DATA[31:0]$377
     3/24: $2$memwr$\r_Mem$/openlane/designs/riscv_stage2/src/riscv_stage2.v:467$341_ADDR[10:0]$376
     4/24: $2$memwr$\r_Mem$/openlane/designs/riscv_stage2/src/riscv_stage2.v:466$340_EN[31:0]$375
     5/24: $2$memwr$\r_Mem$/openlane/designs/riscv_stage2/src/riscv_stage2.v:466$340_DATA[31:0]$374
     6/24: $2$memwr$\r_Mem$/openlane/designs/riscv_stage2/src/riscv_stage2.v:466$340_ADDR[10:0]$373
     7/24: $2$memwr$\r_Mem$/openlane/designs/riscv_stage2/src/riscv_stage2.v:465$339_EN[31:0]$372
     8/24: $2$memwr$\r_Mem$/openlane/designs/riscv_stage2/src/riscv_stage2.v:465$339_DATA[31:0]$371
     9/24: $2$memwr$\r_Mem$/openlane/designs/riscv_stage2/src/riscv_stage2.v:465$339_ADDR[10:0]$370
    10/24: $2$memwr$\r_Mem$/openlane/designs/riscv_stage2/src/riscv_stage2.v:464$338_EN[31:0]$369
    11/24: $2$memwr$\r_Mem$/openlane/designs/riscv_stage2/src/riscv_stage2.v:464$338_DATA[31:0]$368
    12/24: $2$memwr$\r_Mem$/openlane/designs/riscv_stage2/src/riscv_stage2.v:464$338_ADDR[10:0]$367
    13/24: $1$memwr$\r_Mem$/openlane/designs/riscv_stage2/src/riscv_stage2.v:467$341_EN[31:0]$366
    14/24: $1$memwr$\r_Mem$/openlane/designs/riscv_stage2/src/riscv_stage2.v:467$341_DATA[31:0]$365
    15/24: $1$memwr$\r_Mem$/openlane/designs/riscv_stage2/src/riscv_stage2.v:467$341_ADDR[10:0]$364
    16/24: $1$memwr$\r_Mem$/openlane/designs/riscv_stage2/src/riscv_stage2.v:466$340_EN[31:0]$363
    17/24: $1$memwr$\r_Mem$/openlane/designs/riscv_stage2/src/riscv_stage2.v:466$340_DATA[31:0]$362
    18/24: $1$memwr$\r_Mem$/openlane/designs/riscv_stage2/src/riscv_stage2.v:466$340_ADDR[10:0]$361
    19/24: $1$memwr$\r_Mem$/openlane/designs/riscv_stage2/src/riscv_stage2.v:465$339_EN[31:0]$360
    20/24: $1$memwr$\r_Mem$/openlane/designs/riscv_stage2/src/riscv_stage2.v:465$339_DATA[31:0]$359
    21/24: $1$memwr$\r_Mem$/openlane/designs/riscv_stage2/src/riscv_stage2.v:465$339_ADDR[10:0]$358
    22/24: $1$memwr$\r_Mem$/openlane/designs/riscv_stage2/src/riscv_stage2.v:464$338_EN[31:0]$357
    23/24: $1$memwr$\r_Mem$/openlane/designs/riscv_stage2/src/riscv_stage2.v:464$338_DATA[31:0]$356
    24/24: $1$memwr$\r_Mem$/openlane/designs/riscv_stage2/src/riscv_stage2.v:464$338_ADDR[10:0]$355
Creating decoders for process `\RISCV_IMEM.$proc$/openlane/designs/riscv_stage2/src/riscv_stage2.v:428$336'.
     1/2: $2\o_Instruction[31:0]
     2/2: $1\o_Instruction[31:0]
Creating decoders for process `\branch_comparator.$proc$/openlane/designs/riscv_stage2/src/riscv_stage2.v:374$325'.
     1/1: $1\branch_taken_o[0:0]
Creating decoders for process `\imm_generator.$proc$/openlane/designs/riscv_stage2/src/riscv_stage2.v:331$324'.
     1/1: $1\imm_out_o[31:0]
Creating decoders for process `\crc_unit_mux.$proc$/openlane/designs/riscv_stage2/src/riscv_stage2.v:306$323'.
     1/1: $1\crc_data_o[15:0]
Creating decoders for process `\crc32_block.$proc$/openlane/designs/riscv_stage2/src/riscv_stage2.v:197$122'.
     1/64: $64\crc[15:0]
     2/64: $63\crc[15:0]
     3/64: $62\crc[15:0]
     4/64: $61\crc[15:0]
     5/64: $60\crc[15:0]
     6/64: $59\crc[15:0]
     7/64: $58\crc[15:0]
     8/64: $57\crc[15:0]
     9/64: $56\crc[15:0]
    10/64: $55\crc[15:0]
    11/64: $54\crc[15:0]
    12/64: $53\crc[15:0]
    13/64: $52\crc[15:0]
    14/64: $51\crc[15:0]
    15/64: $50\crc[15:0]
    16/64: $49\crc[15:0]
    17/64: $48\crc[15:0]
    18/64: $47\crc[15:0]
    19/64: $46\crc[15:0]
    20/64: $45\crc[15:0]
    21/64: $44\crc[15:0]
    22/64: $43\crc[15:0]
    23/64: $42\crc[15:0]
    24/64: $41\crc[15:0]
    25/64: $40\crc[15:0]
    26/64: $39\crc[15:0]
    27/64: $38\crc[15:0]
    28/64: $37\crc[15:0]
    29/64: $36\crc[15:0]
    30/64: $35\crc[15:0]
    31/64: $34\crc[15:0]
    32/64: $33\crc[15:0]
    33/64: $32\crc[15:0]
    34/64: $31\crc[15:0]
    35/64: $30\crc[15:0]
    36/64: $29\crc[15:0]
    37/64: $28\crc[15:0]
    38/64: $27\crc[15:0]
    39/64: $26\crc[15:0]
    40/64: $25\crc[15:0]
    41/64: $24\crc[15:0]
    42/64: $23\crc[15:0]
    43/64: $22\crc[15:0]
    44/64: $21\crc[15:0]
    45/64: $20\crc[15:0]
    46/64: $19\crc[15:0]
    47/64: $18\crc[15:0]
    48/64: $17\crc[15:0]
    49/64: $16\crc[15:0]
    50/64: $15\crc[15:0]
    51/64: $14\crc[15:0]
    52/64: $13\crc[15:0]
    53/64: $12\crc[15:0]
    54/64: $11\crc[15:0]
    55/64: $10\crc[15:0]
    56/64: $9\crc[15:0]
    57/64: $8\crc[15:0]
    58/64: $7\crc[15:0]
    59/64: $6\crc[15:0]
    60/64: $5\crc[15:0]
    61/64: $4\crc[15:0]
    62/64: $3\crc[15:0]
    63/64: $2\crc[15:0]
    64/64: $1\crc[15:0]
Creating decoders for process `\crc16_block.$proc$/openlane/designs/riscv_stage2/src/riscv_stage2.v:152$71'.
     1/16: $16\crc[15:0]
     2/16: $15\crc[15:0]
     3/16: $14\crc[15:0]
     4/16: $13\crc[15:0]
     5/16: $12\crc[15:0]
     6/16: $11\crc[15:0]
     7/16: $10\crc[15:0]
     8/16: $9\crc[15:0]
     9/16: $8\crc[15:0]
    10/16: $7\crc[15:0]
    11/16: $6\crc[15:0]
    12/16: $5\crc[15:0]
    13/16: $4\crc[15:0]
    14/16: $3\crc[15:0]
    15/16: $2\crc[15:0]
    16/16: $1\crc[15:0]
Creating decoders for process `\crc8_block.$proc$/openlane/designs/riscv_stage2/src/riscv_stage2.v:117$45'.
     1/8: $8\crc[15:0]
     2/8: $7\crc[15:0]
     3/8: $6\crc[15:0]
     4/8: $5\crc[15:0]
     5/8: $4\crc[15:0]
     6/8: $3\crc[15:0]
     7/8: $2\crc[15:0]
     8/8: $1\crc[15:0]
Creating decoders for process `\ALU.$proc$/openlane/designs/riscv_stage2/src/riscv_stage2.v:84$32'.
     1/1: $1\o_Q[31:0]
Creating decoders for process `$paramod\REGISTER_FILE\p_DATA_MEM_SIZE=s32'00000000000000000000010000000000.$proc$/openlane/designs/riscv_stage2/src/riscv_stage2.v:0$461'.
     1/1: $1$mem2reg_rd$\r_Registers$/openlane/designs/riscv_stage2/src/riscv_stage2.v:59$448_DATA[31:0]$463
Creating decoders for process `$paramod\REGISTER_FILE\p_DATA_MEM_SIZE=s32'00000000000000000000010000000000.$proc$/openlane/designs/riscv_stage2/src/riscv_stage2.v:0$458'.
     1/1: $1$mem2reg_rd$\r_Registers$/openlane/designs/riscv_stage2/src/riscv_stage2.v:57$447_DATA[31:0]$460
Creating decoders for process `$paramod\REGISTER_FILE\p_DATA_MEM_SIZE=s32'00000000000000000000010000000000.$proc$/openlane/designs/riscv_stage2/src/riscv_stage2.v:40$449'.
     1/101: $4\r_Registers[0][31:0]
     2/101: $4\r_Registers[31][31:0]
     3/101: $4\r_Registers[30][31:0]
     4/101: $4\r_Registers[29][31:0]
     5/101: $4\r_Registers[28][31:0]
     6/101: $4\r_Registers[27][31:0]
     7/101: $4\r_Registers[26][31:0]
     8/101: $4\r_Registers[25][31:0]
     9/101: $4\r_Registers[24][31:0]
    10/101: $4\r_Registers[23][31:0]
    11/101: $4\r_Registers[22][31:0]
    12/101: $4\r_Registers[21][31:0]
    13/101: $4\r_Registers[20][31:0]
    14/101: $4\r_Registers[19][31:0]
    15/101: $4\r_Registers[18][31:0]
    16/101: $4\r_Registers[17][31:0]
    17/101: $4\r_Registers[16][31:0]
    18/101: $4\r_Registers[15][31:0]
    19/101: $4\r_Registers[14][31:0]
    20/101: $4\r_Registers[13][31:0]
    21/101: $4\r_Registers[12][31:0]
    22/101: $4\r_Registers[11][31:0]
    23/101: $4\r_Registers[10][31:0]
    24/101: $4\r_Registers[9][31:0]
    25/101: $4\r_Registers[8][31:0]
    26/101: $4\r_Registers[7][31:0]
    27/101: $4\r_Registers[6][31:0]
    28/101: $4\r_Registers[5][31:0]
    29/101: $4\r_Registers[4][31:0]
    30/101: $4\r_Registers[3][31:0]
    31/101: $4\r_Registers[2][31:0]
    32/101: $4\r_Registers[1][31:0]
    33/101: $3\r_Registers[31][31:0]
    34/101: $3\r_Registers[30][31:0]
    35/101: $3\r_Registers[29][31:0]
    36/101: $3\r_Registers[28][31:0]
    37/101: $3\r_Registers[27][31:0]
    38/101: $3\r_Registers[26][31:0]
    39/101: $3\r_Registers[25][31:0]
    40/101: $3\r_Registers[24][31:0]
    41/101: $3\r_Registers[23][31:0]
    42/101: $3\r_Registers[22][31:0]
    43/101: $3\r_Registers[21][31:0]
    44/101: $3\r_Registers[20][31:0]
    45/101: $3\r_Registers[19][31:0]
    46/101: $3\r_Registers[18][31:0]
    47/101: $3\r_Registers[17][31:0]
    48/101: $3\r_Registers[16][31:0]
    49/101: $3\r_Registers[15][31:0]
    50/101: $3\r_Registers[14][31:0]
    51/101: $3\r_Registers[13][31:0]
    52/101: $3\r_Registers[12][31:0]
    53/101: $3\r_Registers[11][31:0]
    54/101: $3\r_Registers[10][31:0]
    55/101: $3\r_Registers[9][31:0]
    56/101: $3\r_Registers[8][31:0]
    57/101: $3\r_Registers[7][31:0]
    58/101: $3\r_Registers[6][31:0]
    59/101: $3\r_Registers[5][31:0]
    60/101: $3\r_Registers[4][31:0]
    61/101: $3\r_Registers[3][31:0]
    62/101: $3\r_Registers[2][31:0]
    63/101: $3\r_Registers[1][31:0]
    64/101: $3\r_Registers[0][31:0]
    65/101: $2$mem2reg_wr$\r_Registers$/openlane/designs/riscv_stage2/src/riscv_stage2.v:52$446_ADDR[4:0]$456
    66/101: $2$mem2reg_wr$\r_Registers$/openlane/designs/riscv_stage2/src/riscv_stage2.v:52$446_DATA[31:0]$457
    67/101: $1$mem2reg_wr$\r_Registers$/openlane/designs/riscv_stage2/src/riscv_stage2.v:52$446_DATA[31:0]$453
    68/101: $1$mem2reg_wr$\r_Registers$/openlane/designs/riscv_stage2/src/riscv_stage2.v:52$446_ADDR[4:0]$452
    69/101: $1\r_Registers[31][31:0]
    70/101: $1\r_Registers[30][31:0]
    71/101: $1\r_Registers[29][31:0]
    72/101: $1\r_Registers[28][31:0]
    73/101: $1\r_Registers[27][31:0]
    74/101: $1\r_Registers[26][31:0]
    75/101: $1\r_Registers[25][31:0]
    76/101: $1\r_Registers[24][31:0]
    77/101: $1\r_Registers[23][31:0]
    78/101: $1\r_Registers[22][31:0]
    79/101: $1\r_Registers[21][31:0]
    80/101: $1\r_Registers[20][31:0]
    81/101: $1\r_Registers[19][31:0]
    82/101: $1\r_Registers[18][31:0]
    83/101: $1\r_Registers[17][31:0]
    84/101: $1\r_Registers[16][31:0]
    85/101: $1\r_Registers[15][31:0]
    86/101: $1\r_Registers[14][31:0]
    87/101: $1\r_Registers[13][31:0]
    88/101: $1\r_Registers[12][31:0]
    89/101: $1\r_Registers[11][31:0]
    90/101: $1\r_Registers[10][31:0]
    91/101: $1\r_Registers[9][31:0]
    92/101: $1\r_Registers[8][31:0]
    93/101: $1\r_Registers[7][31:0]
    94/101: $1\r_Registers[6][31:0]
    95/101: $1\r_Registers[5][31:0]
    96/101: $1\r_Registers[4][31:0]
    97/101: $1\r_Registers[3][31:0]
    98/101: $1\r_Registers[2][31:0]
    99/101: $1\r_Registers[1][31:0]
   100/101: $1\r_Registers[0][31:0]
   101/101: $1\i[31:0]

13. Executing PROC_DLATCH pass (convert process syncs to latches).
No latch inferred for signal `\CONTROL_UNIT_3.\o_Branch_Sel' from process `\CONTROL_UNIT_3.$proc$/openlane/designs/riscv_stage2/src/riscv_stage2.v:1044$422'.
No latch inferred for signal `\CONTROL_UNIT_3.\o_Alu_Sel' from process `\CONTROL_UNIT_3.$proc$/openlane/designs/riscv_stage2/src/riscv_stage2.v:1044$422'.
No latch inferred for signal `\CONTROL_UNIT_3.\o_Mult_Sel' from process `\CONTROL_UNIT_3.$proc$/openlane/designs/riscv_stage2/src/riscv_stage2.v:1044$422'.
No latch inferred for signal `\CONTROL_UNIT_3.\o_Crc_sel' from process `\CONTROL_UNIT_3.$proc$/openlane/designs/riscv_stage2/src/riscv_stage2.v:1044$422'.
No latch inferred for signal `\CONTROL_UNIT_3.\o_Src_B_Sel' from process `\CONTROL_UNIT_3.$proc$/openlane/designs/riscv_stage2/src/riscv_stage2.v:1044$422'.
No latch inferred for signal `\CONTROL_UNIT_3.\o_Src_A_Sel' from process `\CONTROL_UNIT_3.$proc$/openlane/designs/riscv_stage2/src/riscv_stage2.v:1044$422'.
No latch inferred for signal `\CONTROL_UNIT_3.\o_IR_Write' from process `\CONTROL_UNIT_3.$proc$/openlane/designs/riscv_stage2/src/riscv_stage2.v:1044$422'.
No latch inferred for signal `\CONTROL_UNIT_3.\o_MDR_Write' from process `\CONTROL_UNIT_3.$proc$/openlane/designs/riscv_stage2/src/riscv_stage2.v:1044$422'.
No latch inferred for signal `\CONTROL_UNIT_3.\o_lorD' from process `\CONTROL_UNIT_3.$proc$/openlane/designs/riscv_stage2/src/riscv_stage2.v:1044$422'.
No latch inferred for signal `\CONTROL_UNIT_3.\o_PC_Sel' from process `\CONTROL_UNIT_3.$proc$/openlane/designs/riscv_stage2/src/riscv_stage2.v:1044$422'.
No latch inferred for signal `\CONTROL_UNIT_3.\o_DMEM_REG_Sel' from process `\CONTROL_UNIT_3.$proc$/openlane/designs/riscv_stage2/src/riscv_stage2.v:1044$422'.
No latch inferred for signal `\CONTROL_UNIT_3.\o_Write_Back_Sel' from process `\CONTROL_UNIT_3.$proc$/openlane/designs/riscv_stage2/src/riscv_stage2.v:1044$422'.
No latch inferred for signal `\CONTROL_UNIT_3.\o_mult_start' from process `\CONTROL_UNIT_3.$proc$/openlane/designs/riscv_stage2/src/riscv_stage2.v:1044$422'.
No latch inferred for signal `\CONTROL_UNIT_3.\o_oe' from process `\CONTROL_UNIT_3.$proc$/openlane/designs/riscv_stage2/src/riscv_stage2.v:1044$422'.
No latch inferred for signal `\CONTROL_UNIT_3.\o_Reg_Write' from process `\CONTROL_UNIT_3.$proc$/openlane/designs/riscv_stage2/src/riscv_stage2.v:1044$422'.
No latch inferred for signal `\CONTROL_UNIT_3.\o_Rs_Write' from process `\CONTROL_UNIT_3.$proc$/openlane/designs/riscv_stage2/src/riscv_stage2.v:1044$422'.
No latch inferred for signal `\CONTROL_UNIT_3.\o_Mem_Write' from process `\CONTROL_UNIT_3.$proc$/openlane/designs/riscv_stage2/src/riscv_stage2.v:1044$422'.
No latch inferred for signal `\CONTROL_UNIT_3.\o_PC_Write' from process `\CONTROL_UNIT_3.$proc$/openlane/designs/riscv_stage2/src/riscv_stage2.v:1044$422'.
No latch inferred for signal `\CONTROL_UNIT_3.\o_PC_Write_Cond' from process `\CONTROL_UNIT_3.$proc$/openlane/designs/riscv_stage2/src/riscv_stage2.v:1044$422'.
No latch inferred for signal `\CONTROL_UNIT_3.\next_state' from process `\CONTROL_UNIT_3.$proc$/openlane/designs/riscv_stage2/src/riscv_stage2.v:1044$422'.
No latch inferred for signal `\CONTROL_UNIT_3.\calc_alu_sel$func$/openlane/designs/riscv_stage2/src/riscv_stage2.v:1103$419.$result' from process `\CONTROL_UNIT_3.$proc$/openlane/designs/riscv_stage2/src/riscv_stage2.v:1044$422'.
No latch inferred for signal `\CONTROL_UNIT_3.\calc_alu_sel$func$/openlane/designs/riscv_stage2/src/riscv_stage2.v:1103$419.f3' from process `\CONTROL_UNIT_3.$proc$/openlane/designs/riscv_stage2/src/riscv_stage2.v:1044$422'.
No latch inferred for signal `\CONTROL_UNIT_3.\calc_alu_sel$func$/openlane/designs/riscv_stage2/src/riscv_stage2.v:1103$419.b30' from process `\CONTROL_UNIT_3.$proc$/openlane/designs/riscv_stage2/src/riscv_stage2.v:1044$422'.
No latch inferred for signal `\CONTROL_UNIT_3.\calc_alu_sel$func$/openlane/designs/riscv_stage2/src/riscv_stage2.v:1111$420.$result' from process `\CONTROL_UNIT_3.$proc$/openlane/designs/riscv_stage2/src/riscv_stage2.v:1044$422'.
No latch inferred for signal `\CONTROL_UNIT_3.\calc_alu_sel$func$/openlane/designs/riscv_stage2/src/riscv_stage2.v:1111$420.f3' from process `\CONTROL_UNIT_3.$proc$/openlane/designs/riscv_stage2/src/riscv_stage2.v:1044$422'.
No latch inferred for signal `\CONTROL_UNIT_3.\calc_alu_sel$func$/openlane/designs/riscv_stage2/src/riscv_stage2.v:1111$420.b30' from process `\CONTROL_UNIT_3.$proc$/openlane/designs/riscv_stage2/src/riscv_stage2.v:1044$422'.
No latch inferred for signal `\LSU_UNIT.\core_data_i' from process `\LSU_UNIT.$proc$/openlane/designs/riscv_stage2/src/riscv_stage2.v:889$418'.
No latch inferred for signal `\LSU_UNIT.\byte_sel' from process `\LSU_UNIT.$proc$/openlane/designs/riscv_stage2/src/riscv_stage2.v:889$418'.
No latch inferred for signal `\LSU_UNIT.\half_sel' from process `\LSU_UNIT.$proc$/openlane/designs/riscv_stage2/src/riscv_stage2.v:889$418'.
No latch inferred for signal `\LSU_UNIT.\mem_data_i' from process `\LSU_UNIT.$proc$/openlane/designs/riscv_stage2/src/riscv_stage2.v:846$417'.
No latch inferred for signal `\LSU_UNIT.\byte_write_i' from process `\LSU_UNIT.$proc$/openlane/designs/riscv_stage2/src/riscv_stage2.v:846$417'.
No latch inferred for signal `\MUX_SRC_B.\Src_B' from process `\MUX_SRC_B.$proc$/openlane/designs/riscv_stage2/src/riscv_stage2.v:687$407'.
No latch inferred for signal `\MUX_SRC_A.\Src_A' from process `\MUX_SRC_A.$proc$/openlane/designs/riscv_stage2/src/riscv_stage2.v:668$406'.
No latch inferred for signal `\MUX3_32.\Result' from process `\MUX3_32.$proc$/openlane/designs/riscv_stage2/src/riscv_stage2.v:607$403'.
No latch inferred for signal `\RISCV_IMEM.\o_Instruction' from process `\RISCV_IMEM.$proc$/openlane/designs/riscv_stage2/src/riscv_stage2.v:428$336'.
No latch inferred for signal `\branch_comparator.\branch_taken_o' from process `\branch_comparator.$proc$/openlane/designs/riscv_stage2/src/riscv_stage2.v:374$325'.
No latch inferred for signal `\imm_generator.\imm_out_o' from process `\imm_generator.$proc$/openlane/designs/riscv_stage2/src/riscv_stage2.v:331$324'.
No latch inferred for signal `\crc_unit_mux.\crc_data_o' from process `\crc_unit_mux.$proc$/openlane/designs/riscv_stage2/src/riscv_stage2.v:306$323'.
No latch inferred for signal `\crc32_block.\i' from process `\crc32_block.$proc$/openlane/designs/riscv_stage2/src/riscv_stage2.v:197$122'.
No latch inferred for signal `\crc32_block.\crc' from process `\crc32_block.$proc$/openlane/designs/riscv_stage2/src/riscv_stage2.v:197$122'.
No latch inferred for signal `\crc32_block.\crc32_o' from process `\crc32_block.$proc$/openlane/designs/riscv_stage2/src/riscv_stage2.v:197$122'.
No latch inferred for signal `\crc16_block.\i' from process `\crc16_block.$proc$/openlane/designs/riscv_stage2/src/riscv_stage2.v:152$71'.
No latch inferred for signal `\crc16_block.\crc' from process `\crc16_block.$proc$/openlane/designs/riscv_stage2/src/riscv_stage2.v:152$71'.
No latch inferred for signal `\crc16_block.\crc16_o' from process `\crc16_block.$proc$/openlane/designs/riscv_stage2/src/riscv_stage2.v:152$71'.
No latch inferred for signal `\crc8_block.\i' from process `\crc8_block.$proc$/openlane/designs/riscv_stage2/src/riscv_stage2.v:117$45'.
No latch inferred for signal `\crc8_block.\crc8_o' from process `\crc8_block.$proc$/openlane/designs/riscv_stage2/src/riscv_stage2.v:117$45'.
No latch inferred for signal `\crc8_block.\crc' from process `\crc8_block.$proc$/openlane/designs/riscv_stage2/src/riscv_stage2.v:117$45'.
No latch inferred for signal `\ALU.\o_Q' from process `\ALU.$proc$/openlane/designs/riscv_stage2/src/riscv_stage2.v:84$32'.
No latch inferred for signal `$paramod\REGISTER_FILE\p_DATA_MEM_SIZE=s32'00000000000000000000010000000000.$mem2reg_rd$\r_Registers$/openlane/designs/riscv_stage2/src/riscv_stage2.v:59$448_DATA' from process `$paramod\REGISTER_FILE\p_DATA_MEM_SIZE=s32'00000000000000000000010000000000.$proc$/openlane/designs/riscv_stage2/src/riscv_stage2.v:0$461'.
No latch inferred for signal `$paramod\REGISTER_FILE\p_DATA_MEM_SIZE=s32'00000000000000000000010000000000.$mem2reg_rd$\r_Registers$/openlane/designs/riscv_stage2/src/riscv_stage2.v:57$447_DATA' from process `$paramod\REGISTER_FILE\p_DATA_MEM_SIZE=s32'00000000000000000000010000000000.$proc$/openlane/designs/riscv_stage2/src/riscv_stage2.v:0$458'.

14. Executing PROC_DFF pass (convert process syncs to FFs).
Creating register for signal `\CONTROL_UNIT_3.\state' using process `\CONTROL_UNIT_3.$proc$/openlane/designs/riscv_stage2/src/riscv_stage2.v:1039$421'.
  created $adff cell `$procdff$2978' with positive edge clock and positive level reset.
Creating register for signal `\EXECUTE_RESULT_REG.\exeout_o' using process `\EXECUTE_RESULT_REG.$proc$/openlane/designs/riscv_stage2/src/riscv_stage2.v:789$414'.
  created $adff cell `$procdff$2979' with positive edge clock and positive level reset.
Creating register for signal `\PC.\pc_o' using process `\PC.$proc$/openlane/designs/riscv_stage2/src/riscv_stage2.v:758$412'.
  created $adff cell `$procdff$2980' with positive edge clock and positive level reset.
Creating register for signal `\mem_data_reg.\o_Data' using process `\mem_data_reg.$proc$/openlane/designs/riscv_stage2/src/riscv_stage2.v:733$409'.
  created $dff cell `$procdff$2981' with positive edge clock.
Creating register for signal `\inst_reg.\o_Instruction' using process `\inst_reg.$proc$/openlane/designs/riscv_stage2/src/riscv_stage2.v:709$408'.
  created $dff cell `$procdff$2982' with positive edge clock.
Creating register for signal `\rs2_reg.\rs2_data_o' using process `\rs2_reg.$proc$/openlane/designs/riscv_stage2/src/riscv_stage2.v:649$405'.
  created $adff cell `$procdff$2983' with positive edge clock and positive level reset.
Creating register for signal `\rs1_reg.\rs1_data_o' using process `\rs1_reg.$proc$/openlane/designs/riscv_stage2/src/riscv_stage2.v:629$404'.
  created $adff cell `$procdff$2984' with positive edge clock and positive level reset.
Creating register for signal `\multiplier_sequential.\result_o' using process `\multiplier_sequential.$proc$/openlane/designs/riscv_stage2/src/riscv_stage2.v:528$393'.
  created $adff cell `$procdff$2985' with positive edge clock and positive level reset.
Creating register for signal `\multiplier_sequential.\busy_o' using process `\multiplier_sequential.$proc$/openlane/designs/riscv_stage2/src/riscv_stage2.v:528$393'.
  created $adff cell `$procdff$2986' with positive edge clock and positive level reset.
Creating register for signal `\multiplier_sequential.\done_o' using process `\multiplier_sequential.$proc$/openlane/designs/riscv_stage2/src/riscv_stage2.v:528$393'.
  created $adff cell `$procdff$2987' with positive edge clock and positive level reset.
Creating register for signal `\multiplier_sequential.\state' using process `\multiplier_sequential.$proc$/openlane/designs/riscv_stage2/src/riscv_stage2.v:528$393'.
  created $adff cell `$procdff$2988' with positive edge clock and positive level reset.
Creating register for signal `\multiplier_sequential.\count' using process `\multiplier_sequential.$proc$/openlane/designs/riscv_stage2/src/riscv_stage2.v:528$393'.
  created $adff cell `$procdff$2989' with positive edge clock and positive level reset.
Creating register for signal `\multiplier_sequential.\funct3_r' using process `\multiplier_sequential.$proc$/openlane/designs/riscv_stage2/src/riscv_stage2.v:528$393'.
  created $adff cell `$procdff$2990' with positive edge clock and positive level reset.
Creating register for signal `\multiplier_sequential.\sign_result_r' using process `\multiplier_sequential.$proc$/openlane/designs/riscv_stage2/src/riscv_stage2.v:528$393'.
  created $adff cell `$procdff$2991' with positive edge clock and positive level reset.
Creating register for signal `\multiplier_sequential.\multiplicand' using process `\multiplier_sequential.$proc$/openlane/designs/riscv_stage2/src/riscv_stage2.v:528$393'.
  created $adff cell `$procdff$2992' with positive edge clock and positive level reset.
Creating register for signal `\multiplier_sequential.\multiplier' using process `\multiplier_sequential.$proc$/openlane/designs/riscv_stage2/src/riscv_stage2.v:528$393'.
  created $adff cell `$procdff$2993' with positive edge clock and positive level reset.
Creating register for signal `\multiplier_sequential.\accum' using process `\multiplier_sequential.$proc$/openlane/designs/riscv_stage2/src/riscv_stage2.v:528$393'.
  created $adff cell `$procdff$2994' with positive edge clock and positive level reset.
Creating register for signal `\multiplier_sequential.\final_product' using process `\multiplier_sequential.$proc$/openlane/designs/riscv_stage2/src/riscv_stage2.v:528$393'.
  created $dff cell `$procdff$2997' with positive edge clock.
Creating register for signal `\RISCV_DMEM.\o_Data' using process `\RISCV_DMEM.$proc$/openlane/designs/riscv_stage2/src/riscv_stage2.v:471$379'.
  created $dff cell `$procdff$2998' with positive edge clock.
Creating register for signal `\RISCV_DMEM.$memwr$\r_Mem$/openlane/designs/riscv_stage2/src/riscv_stage2.v:464$338_ADDR' using process `\RISCV_DMEM.$proc$/openlane/designs/riscv_stage2/src/riscv_stage2.v:462$342'.
  created $dff cell `$procdff$2999' with positive edge clock.
Creating register for signal `\RISCV_DMEM.$memwr$\r_Mem$/openlane/designs/riscv_stage2/src/riscv_stage2.v:464$338_DATA' using process `\RISCV_DMEM.$proc$/openlane/designs/riscv_stage2/src/riscv_stage2.v:462$342'.
  created $dff cell `$procdff$3000' with positive edge clock.
Creating register for signal `\RISCV_DMEM.$memwr$\r_Mem$/openlane/designs/riscv_stage2/src/riscv_stage2.v:464$338_EN' using process `\RISCV_DMEM.$proc$/openlane/designs/riscv_stage2/src/riscv_stage2.v:462$342'.
  created $dff cell `$procdff$3001' with positive edge clock.
Creating register for signal `\RISCV_DMEM.$memwr$\r_Mem$/openlane/designs/riscv_stage2/src/riscv_stage2.v:465$339_ADDR' using process `\RISCV_DMEM.$proc$/openlane/designs/riscv_stage2/src/riscv_stage2.v:462$342'.
  created $dff cell `$procdff$3002' with positive edge clock.
Creating register for signal `\RISCV_DMEM.$memwr$\r_Mem$/openlane/designs/riscv_stage2/src/riscv_stage2.v:465$339_DATA' using process `\RISCV_DMEM.$proc$/openlane/designs/riscv_stage2/src/riscv_stage2.v:462$342'.
  created $dff cell `$procdff$3003' with positive edge clock.
Creating register for signal `\RISCV_DMEM.$memwr$\r_Mem$/openlane/designs/riscv_stage2/src/riscv_stage2.v:465$339_EN' using process `\RISCV_DMEM.$proc$/openlane/designs/riscv_stage2/src/riscv_stage2.v:462$342'.
  created $dff cell `$procdff$3004' with positive edge clock.
Creating register for signal `\RISCV_DMEM.$memwr$\r_Mem$/openlane/designs/riscv_stage2/src/riscv_stage2.v:466$340_ADDR' using process `\RISCV_DMEM.$proc$/openlane/designs/riscv_stage2/src/riscv_stage2.v:462$342'.
  created $dff cell `$procdff$3005' with positive edge clock.
Creating register for signal `\RISCV_DMEM.$memwr$\r_Mem$/openlane/designs/riscv_stage2/src/riscv_stage2.v:466$340_DATA' using process `\RISCV_DMEM.$proc$/openlane/designs/riscv_stage2/src/riscv_stage2.v:462$342'.
  created $dff cell `$procdff$3006' with positive edge clock.
Creating register for signal `\RISCV_DMEM.$memwr$\r_Mem$/openlane/designs/riscv_stage2/src/riscv_stage2.v:466$340_EN' using process `\RISCV_DMEM.$proc$/openlane/designs/riscv_stage2/src/riscv_stage2.v:462$342'.
  created $dff cell `$procdff$3007' with positive edge clock.
Creating register for signal `\RISCV_DMEM.$memwr$\r_Mem$/openlane/designs/riscv_stage2/src/riscv_stage2.v:467$341_ADDR' using process `\RISCV_DMEM.$proc$/openlane/designs/riscv_stage2/src/riscv_stage2.v:462$342'.
  created $dff cell `$procdff$3008' with positive edge clock.
Creating register for signal `\RISCV_DMEM.$memwr$\r_Mem$/openlane/designs/riscv_stage2/src/riscv_stage2.v:467$341_DATA' using process `\RISCV_DMEM.$proc$/openlane/designs/riscv_stage2/src/riscv_stage2.v:462$342'.
  created $dff cell `$procdff$3009' with positive edge clock.
Creating register for signal `\RISCV_DMEM.$memwr$\r_Mem$/openlane/designs/riscv_stage2/src/riscv_stage2.v:467$341_EN' using process `\RISCV_DMEM.$proc$/openlane/designs/riscv_stage2/src/riscv_stage2.v:462$342'.
  created $dff cell `$procdff$3010' with positive edge clock.
Creating register for signal `$paramod\REGISTER_FILE\p_DATA_MEM_SIZE=s32'00000000000000000000010000000000.\i' using process `$paramod\REGISTER_FILE\p_DATA_MEM_SIZE=s32'00000000000000000000010000000000.$proc$/openlane/designs/riscv_stage2/src/riscv_stage2.v:40$449'.
  created $adff cell `$procdff$3011' with positive edge clock and positive level reset.
Creating register for signal `$paramod\REGISTER_FILE\p_DATA_MEM_SIZE=s32'00000000000000000000010000000000.\r_Registers[0]' using process `$paramod\REGISTER_FILE\p_DATA_MEM_SIZE=s32'00000000000000000000010000000000.$proc$/openlane/designs/riscv_stage2/src/riscv_stage2.v:40$449'.
  created $adff cell `$procdff$3012' with positive edge clock and positive level reset.
Creating register for signal `$paramod\REGISTER_FILE\p_DATA_MEM_SIZE=s32'00000000000000000000010000000000.\r_Registers[1]' using process `$paramod\REGISTER_FILE\p_DATA_MEM_SIZE=s32'00000000000000000000010000000000.$proc$/openlane/designs/riscv_stage2/src/riscv_stage2.v:40$449'.
  created $adff cell `$procdff$3013' with positive edge clock and positive level reset.
Creating register for signal `$paramod\REGISTER_FILE\p_DATA_MEM_SIZE=s32'00000000000000000000010000000000.\r_Registers[2]' using process `$paramod\REGISTER_FILE\p_DATA_MEM_SIZE=s32'00000000000000000000010000000000.$proc$/openlane/designs/riscv_stage2/src/riscv_stage2.v:40$449'.
  created $adff cell `$procdff$3014' with positive edge clock and positive level reset.
Creating register for signal `$paramod\REGISTER_FILE\p_DATA_MEM_SIZE=s32'00000000000000000000010000000000.\r_Registers[3]' using process `$paramod\REGISTER_FILE\p_DATA_MEM_SIZE=s32'00000000000000000000010000000000.$proc$/openlane/designs/riscv_stage2/src/riscv_stage2.v:40$449'.
  created $adff cell `$procdff$3015' with positive edge clock and positive level reset.
Creating register for signal `$paramod\REGISTER_FILE\p_DATA_MEM_SIZE=s32'00000000000000000000010000000000.\r_Registers[4]' using process `$paramod\REGISTER_FILE\p_DATA_MEM_SIZE=s32'00000000000000000000010000000000.$proc$/openlane/designs/riscv_stage2/src/riscv_stage2.v:40$449'.
  created $adff cell `$procdff$3016' with positive edge clock and positive level reset.
Creating register for signal `$paramod\REGISTER_FILE\p_DATA_MEM_SIZE=s32'00000000000000000000010000000000.\r_Registers[5]' using process `$paramod\REGISTER_FILE\p_DATA_MEM_SIZE=s32'00000000000000000000010000000000.$proc$/openlane/designs/riscv_stage2/src/riscv_stage2.v:40$449'.
  created $adff cell `$procdff$3017' with positive edge clock and positive level reset.
Creating register for signal `$paramod\REGISTER_FILE\p_DATA_MEM_SIZE=s32'00000000000000000000010000000000.\r_Registers[6]' using process `$paramod\REGISTER_FILE\p_DATA_MEM_SIZE=s32'00000000000000000000010000000000.$proc$/openlane/designs/riscv_stage2/src/riscv_stage2.v:40$449'.
  created $adff cell `$procdff$3018' with positive edge clock and positive level reset.
Creating register for signal `$paramod\REGISTER_FILE\p_DATA_MEM_SIZE=s32'00000000000000000000010000000000.\r_Registers[7]' using process `$paramod\REGISTER_FILE\p_DATA_MEM_SIZE=s32'00000000000000000000010000000000.$proc$/openlane/designs/riscv_stage2/src/riscv_stage2.v:40$449'.
  created $adff cell `$procdff$3019' with positive edge clock and positive level reset.
Creating register for signal `$paramod\REGISTER_FILE\p_DATA_MEM_SIZE=s32'00000000000000000000010000000000.\r_Registers[8]' using process `$paramod\REGISTER_FILE\p_DATA_MEM_SIZE=s32'00000000000000000000010000000000.$proc$/openlane/designs/riscv_stage2/src/riscv_stage2.v:40$449'.
  created $adff cell `$procdff$3020' with positive edge clock and positive level reset.
Creating register for signal `$paramod\REGISTER_FILE\p_DATA_MEM_SIZE=s32'00000000000000000000010000000000.\r_Registers[9]' using process `$paramod\REGISTER_FILE\p_DATA_MEM_SIZE=s32'00000000000000000000010000000000.$proc$/openlane/designs/riscv_stage2/src/riscv_stage2.v:40$449'.
  created $adff cell `$procdff$3021' with positive edge clock and positive level reset.
Creating register for signal `$paramod\REGISTER_FILE\p_DATA_MEM_SIZE=s32'00000000000000000000010000000000.\r_Registers[10]' using process `$paramod\REGISTER_FILE\p_DATA_MEM_SIZE=s32'00000000000000000000010000000000.$proc$/openlane/designs/riscv_stage2/src/riscv_stage2.v:40$449'.
  created $adff cell `$procdff$3022' with positive edge clock and positive level reset.
Creating register for signal `$paramod\REGISTER_FILE\p_DATA_MEM_SIZE=s32'00000000000000000000010000000000.\r_Registers[11]' using process `$paramod\REGISTER_FILE\p_DATA_MEM_SIZE=s32'00000000000000000000010000000000.$proc$/openlane/designs/riscv_stage2/src/riscv_stage2.v:40$449'.
  created $adff cell `$procdff$3023' with positive edge clock and positive level reset.
Creating register for signal `$paramod\REGISTER_FILE\p_DATA_MEM_SIZE=s32'00000000000000000000010000000000.\r_Registers[12]' using process `$paramod\REGISTER_FILE\p_DATA_MEM_SIZE=s32'00000000000000000000010000000000.$proc$/openlane/designs/riscv_stage2/src/riscv_stage2.v:40$449'.
  created $adff cell `$procdff$3024' with positive edge clock and positive level reset.
Creating register for signal `$paramod\REGISTER_FILE\p_DATA_MEM_SIZE=s32'00000000000000000000010000000000.\r_Registers[13]' using process `$paramod\REGISTER_FILE\p_DATA_MEM_SIZE=s32'00000000000000000000010000000000.$proc$/openlane/designs/riscv_stage2/src/riscv_stage2.v:40$449'.
  created $adff cell `$procdff$3025' with positive edge clock and positive level reset.
Creating register for signal `$paramod\REGISTER_FILE\p_DATA_MEM_SIZE=s32'00000000000000000000010000000000.\r_Registers[14]' using process `$paramod\REGISTER_FILE\p_DATA_MEM_SIZE=s32'00000000000000000000010000000000.$proc$/openlane/designs/riscv_stage2/src/riscv_stage2.v:40$449'.
  created $adff cell `$procdff$3026' with positive edge clock and positive level reset.
Creating register for signal `$paramod\REGISTER_FILE\p_DATA_MEM_SIZE=s32'00000000000000000000010000000000.\r_Registers[15]' using process `$paramod\REGISTER_FILE\p_DATA_MEM_SIZE=s32'00000000000000000000010000000000.$proc$/openlane/designs/riscv_stage2/src/riscv_stage2.v:40$449'.
  created $adff cell `$procdff$3027' with positive edge clock and positive level reset.
Creating register for signal `$paramod\REGISTER_FILE\p_DATA_MEM_SIZE=s32'00000000000000000000010000000000.\r_Registers[16]' using process `$paramod\REGISTER_FILE\p_DATA_MEM_SIZE=s32'00000000000000000000010000000000.$proc$/openlane/designs/riscv_stage2/src/riscv_stage2.v:40$449'.
  created $adff cell `$procdff$3028' with positive edge clock and positive level reset.
Creating register for signal `$paramod\REGISTER_FILE\p_DATA_MEM_SIZE=s32'00000000000000000000010000000000.\r_Registers[17]' using process `$paramod\REGISTER_FILE\p_DATA_MEM_SIZE=s32'00000000000000000000010000000000.$proc$/openlane/designs/riscv_stage2/src/riscv_stage2.v:40$449'.
  created $adff cell `$procdff$3029' with positive edge clock and positive level reset.
Creating register for signal `$paramod\REGISTER_FILE\p_DATA_MEM_SIZE=s32'00000000000000000000010000000000.\r_Registers[18]' using process `$paramod\REGISTER_FILE\p_DATA_MEM_SIZE=s32'00000000000000000000010000000000.$proc$/openlane/designs/riscv_stage2/src/riscv_stage2.v:40$449'.
  created $adff cell `$procdff$3030' with positive edge clock and positive level reset.
Creating register for signal `$paramod\REGISTER_FILE\p_DATA_MEM_SIZE=s32'00000000000000000000010000000000.\r_Registers[19]' using process `$paramod\REGISTER_FILE\p_DATA_MEM_SIZE=s32'00000000000000000000010000000000.$proc$/openlane/designs/riscv_stage2/src/riscv_stage2.v:40$449'.
  created $adff cell `$procdff$3031' with positive edge clock and positive level reset.
Creating register for signal `$paramod\REGISTER_FILE\p_DATA_MEM_SIZE=s32'00000000000000000000010000000000.\r_Registers[20]' using process `$paramod\REGISTER_FILE\p_DATA_MEM_SIZE=s32'00000000000000000000010000000000.$proc$/openlane/designs/riscv_stage2/src/riscv_stage2.v:40$449'.
  created $adff cell `$procdff$3032' with positive edge clock and positive level reset.
Creating register for signal `$paramod\REGISTER_FILE\p_DATA_MEM_SIZE=s32'00000000000000000000010000000000.\r_Registers[21]' using process `$paramod\REGISTER_FILE\p_DATA_MEM_SIZE=s32'00000000000000000000010000000000.$proc$/openlane/designs/riscv_stage2/src/riscv_stage2.v:40$449'.
  created $adff cell `$procdff$3033' with positive edge clock and positive level reset.
Creating register for signal `$paramod\REGISTER_FILE\p_DATA_MEM_SIZE=s32'00000000000000000000010000000000.\r_Registers[22]' using process `$paramod\REGISTER_FILE\p_DATA_MEM_SIZE=s32'00000000000000000000010000000000.$proc$/openlane/designs/riscv_stage2/src/riscv_stage2.v:40$449'.
  created $adff cell `$procdff$3034' with positive edge clock and positive level reset.
Creating register for signal `$paramod\REGISTER_FILE\p_DATA_MEM_SIZE=s32'00000000000000000000010000000000.\r_Registers[23]' using process `$paramod\REGISTER_FILE\p_DATA_MEM_SIZE=s32'00000000000000000000010000000000.$proc$/openlane/designs/riscv_stage2/src/riscv_stage2.v:40$449'.
  created $adff cell `$procdff$3035' with positive edge clock and positive level reset.
Creating register for signal `$paramod\REGISTER_FILE\p_DATA_MEM_SIZE=s32'00000000000000000000010000000000.\r_Registers[24]' using process `$paramod\REGISTER_FILE\p_DATA_MEM_SIZE=s32'00000000000000000000010000000000.$proc$/openlane/designs/riscv_stage2/src/riscv_stage2.v:40$449'.
  created $adff cell `$procdff$3036' with positive edge clock and positive level reset.
Creating register for signal `$paramod\REGISTER_FILE\p_DATA_MEM_SIZE=s32'00000000000000000000010000000000.\r_Registers[25]' using process `$paramod\REGISTER_FILE\p_DATA_MEM_SIZE=s32'00000000000000000000010000000000.$proc$/openlane/designs/riscv_stage2/src/riscv_stage2.v:40$449'.
  created $adff cell `$procdff$3037' with positive edge clock and positive level reset.
Creating register for signal `$paramod\REGISTER_FILE\p_DATA_MEM_SIZE=s32'00000000000000000000010000000000.\r_Registers[26]' using process `$paramod\REGISTER_FILE\p_DATA_MEM_SIZE=s32'00000000000000000000010000000000.$proc$/openlane/designs/riscv_stage2/src/riscv_stage2.v:40$449'.
  created $adff cell `$procdff$3038' with positive edge clock and positive level reset.
Creating register for signal `$paramod\REGISTER_FILE\p_DATA_MEM_SIZE=s32'00000000000000000000010000000000.\r_Registers[27]' using process `$paramod\REGISTER_FILE\p_DATA_MEM_SIZE=s32'00000000000000000000010000000000.$proc$/openlane/designs/riscv_stage2/src/riscv_stage2.v:40$449'.
  created $adff cell `$procdff$3039' with positive edge clock and positive level reset.
Creating register for signal `$paramod\REGISTER_FILE\p_DATA_MEM_SIZE=s32'00000000000000000000010000000000.\r_Registers[28]' using process `$paramod\REGISTER_FILE\p_DATA_MEM_SIZE=s32'00000000000000000000010000000000.$proc$/openlane/designs/riscv_stage2/src/riscv_stage2.v:40$449'.
  created $adff cell `$procdff$3040' with positive edge clock and positive level reset.
Creating register for signal `$paramod\REGISTER_FILE\p_DATA_MEM_SIZE=s32'00000000000000000000010000000000.\r_Registers[29]' using process `$paramod\REGISTER_FILE\p_DATA_MEM_SIZE=s32'00000000000000000000010000000000.$proc$/openlane/designs/riscv_stage2/src/riscv_stage2.v:40$449'.
  created $adff cell `$procdff$3041' with positive edge clock and positive level reset.
Creating register for signal `$paramod\REGISTER_FILE\p_DATA_MEM_SIZE=s32'00000000000000000000010000000000.\r_Registers[30]' using process `$paramod\REGISTER_FILE\p_DATA_MEM_SIZE=s32'00000000000000000000010000000000.$proc$/openlane/designs/riscv_stage2/src/riscv_stage2.v:40$449'.
  created $adff cell `$procdff$3042' with positive edge clock and positive level reset.
Creating register for signal `$paramod\REGISTER_FILE\p_DATA_MEM_SIZE=s32'00000000000000000000010000000000.\r_Registers[31]' using process `$paramod\REGISTER_FILE\p_DATA_MEM_SIZE=s32'00000000000000000000010000000000.$proc$/openlane/designs/riscv_stage2/src/riscv_stage2.v:40$449'.
  created $adff cell `$procdff$3043' with positive edge clock and positive level reset.
Creating register for signal `$paramod\REGISTER_FILE\p_DATA_MEM_SIZE=s32'00000000000000000000010000000000.$mem2reg_wr$\r_Registers$/openlane/designs/riscv_stage2/src/riscv_stage2.v:52$446_ADDR' using process `$paramod\REGISTER_FILE\p_DATA_MEM_SIZE=s32'00000000000000000000010000000000.$proc$/openlane/designs/riscv_stage2/src/riscv_stage2.v:40$449'.
  created $adff cell `$procdff$3044' with positive edge clock and positive level reset.
Creating register for signal `$paramod\REGISTER_FILE\p_DATA_MEM_SIZE=s32'00000000000000000000010000000000.$mem2reg_wr$\r_Registers$/openlane/designs/riscv_stage2/src/riscv_stage2.v:52$446_DATA' using process `$paramod\REGISTER_FILE\p_DATA_MEM_SIZE=s32'00000000000000000000010000000000.$proc$/openlane/designs/riscv_stage2/src/riscv_stage2.v:40$449'.
  created $adff cell `$procdff$3045' with positive edge clock and positive level reset.

15. Executing PROC_MEMWR pass (convert process memory writes to cells).

16. Executing PROC_CLEAN pass (remove empty switches from decision trees).
Found and cleaned up 6 empty switches in `\CONTROL_UNIT_3.$proc$/openlane/designs/riscv_stage2/src/riscv_stage2.v:1044$422'.
Removing empty process `CONTROL_UNIT_3.$proc$/openlane/designs/riscv_stage2/src/riscv_stage2.v:1044$422'.
Removing empty process `CONTROL_UNIT_3.$proc$/openlane/designs/riscv_stage2/src/riscv_stage2.v:1039$421'.
Found and cleaned up 3 empty switches in `\LSU_UNIT.$proc$/openlane/designs/riscv_stage2/src/riscv_stage2.v:889$418'.
Removing empty process `LSU_UNIT.$proc$/openlane/designs/riscv_stage2/src/riscv_stage2.v:889$418'.
Found and cleaned up 3 empty switches in `\LSU_UNIT.$proc$/openlane/designs/riscv_stage2/src/riscv_stage2.v:846$417'.
Removing empty process `LSU_UNIT.$proc$/openlane/designs/riscv_stage2/src/riscv_stage2.v:846$417'.
Removing empty process `EXECUTE_RESULT_REG.$proc$/openlane/designs/riscv_stage2/src/riscv_stage2.v:789$414'.
Found and cleaned up 1 empty switch in `\PC.$proc$/openlane/designs/riscv_stage2/src/riscv_stage2.v:758$412'.
Removing empty process `PC.$proc$/openlane/designs/riscv_stage2/src/riscv_stage2.v:758$412'.
Found and cleaned up 2 empty switches in `\mem_data_reg.$proc$/openlane/designs/riscv_stage2/src/riscv_stage2.v:733$409'.
Removing empty process `mem_data_reg.$proc$/openlane/designs/riscv_stage2/src/riscv_stage2.v:733$409'.
Found and cleaned up 2 empty switches in `\inst_reg.$proc$/openlane/designs/riscv_stage2/src/riscv_stage2.v:709$408'.
Removing empty process `inst_reg.$proc$/openlane/designs/riscv_stage2/src/riscv_stage2.v:709$408'.
Found and cleaned up 1 empty switch in `\MUX_SRC_B.$proc$/openlane/designs/riscv_stage2/src/riscv_stage2.v:687$407'.
Removing empty process `MUX_SRC_B.$proc$/openlane/designs/riscv_stage2/src/riscv_stage2.v:687$407'.
Found and cleaned up 1 empty switch in `\MUX_SRC_A.$proc$/openlane/designs/riscv_stage2/src/riscv_stage2.v:668$406'.
Removing empty process `MUX_SRC_A.$proc$/openlane/designs/riscv_stage2/src/riscv_stage2.v:668$406'.
Found and cleaned up 1 empty switch in `\rs2_reg.$proc$/openlane/designs/riscv_stage2/src/riscv_stage2.v:649$405'.
Removing empty process `rs2_reg.$proc$/openlane/designs/riscv_stage2/src/riscv_stage2.v:649$405'.
Found and cleaned up 1 empty switch in `\rs1_reg.$proc$/openlane/designs/riscv_stage2/src/riscv_stage2.v:629$404'.
Removing empty process `rs1_reg.$proc$/openlane/designs/riscv_stage2/src/riscv_stage2.v:629$404'.
Found and cleaned up 1 empty switch in `\MUX3_32.$proc$/openlane/designs/riscv_stage2/src/riscv_stage2.v:607$403'.
Removing empty process `MUX3_32.$proc$/openlane/designs/riscv_stage2/src/riscv_stage2.v:607$403'.
Found and cleaned up 5 empty switches in `\multiplier_sequential.$proc$/openlane/designs/riscv_stage2/src/riscv_stage2.v:528$393'.
Removing empty process `multiplier_sequential.$proc$/openlane/designs/riscv_stage2/src/riscv_stage2.v:528$393'.
Found and cleaned up 1 empty switch in `\RISCV_DMEM.$proc$/openlane/designs/riscv_stage2/src/riscv_stage2.v:471$379'.
Removing empty process `RISCV_DMEM.$proc$/openlane/designs/riscv_stage2/src/riscv_stage2.v:471$379'.
Found and cleaned up 5 empty switches in `\RISCV_DMEM.$proc$/openlane/designs/riscv_stage2/src/riscv_stage2.v:462$342'.
Removing empty process `RISCV_DMEM.$proc$/openlane/designs/riscv_stage2/src/riscv_stage2.v:462$342'.
Found and cleaned up 2 empty switches in `\RISCV_IMEM.$proc$/openlane/designs/riscv_stage2/src/riscv_stage2.v:428$336'.
Removing empty process `RISCV_IMEM.$proc$/openlane/designs/riscv_stage2/src/riscv_stage2.v:428$336'.
Found and cleaned up 1 empty switch in `\branch_comparator.$proc$/openlane/designs/riscv_stage2/src/riscv_stage2.v:374$325'.
Removing empty process `branch_comparator.$proc$/openlane/designs/riscv_stage2/src/riscv_stage2.v:374$325'.
Found and cleaned up 1 empty switch in `\imm_generator.$proc$/openlane/designs/riscv_stage2/src/riscv_stage2.v:331$324'.
Removing empty process `imm_generator.$proc$/openlane/designs/riscv_stage2/src/riscv_stage2.v:331$324'.
Found and cleaned up 1 empty switch in `\crc_unit_mux.$proc$/openlane/designs/riscv_stage2/src/riscv_stage2.v:306$323'.
Removing empty process `crc_unit_mux.$proc$/openlane/designs/riscv_stage2/src/riscv_stage2.v:306$323'.
Found and cleaned up 64 empty switches in `\crc32_block.$proc$/openlane/designs/riscv_stage2/src/riscv_stage2.v:197$122'.
Removing empty process `crc32_block.$proc$/openlane/designs/riscv_stage2/src/riscv_stage2.v:197$122'.
Found and cleaned up 16 empty switches in `\crc16_block.$proc$/openlane/designs/riscv_stage2/src/riscv_stage2.v:152$71'.
Removing empty process `crc16_block.$proc$/openlane/designs/riscv_stage2/src/riscv_stage2.v:152$71'.
Found and cleaned up 8 empty switches in `\crc8_block.$proc$/openlane/designs/riscv_stage2/src/riscv_stage2.v:117$45'.
Removing empty process `crc8_block.$proc$/openlane/designs/riscv_stage2/src/riscv_stage2.v:117$45'.
Found and cleaned up 1 empty switch in `\ALU.$proc$/openlane/designs/riscv_stage2/src/riscv_stage2.v:84$32'.
Removing empty process `ALU.$proc$/openlane/designs/riscv_stage2/src/riscv_stage2.v:84$32'.
Found and cleaned up 1 empty switch in `$paramod\REGISTER_FILE\p_DATA_MEM_SIZE=s32'00000000000000000000010000000000.$proc$/openlane/designs/riscv_stage2/src/riscv_stage2.v:0$461'.
Removing empty process `$paramod\REGISTER_FILE\p_DATA_MEM_SIZE=s32'00000000000000000000010000000000.$proc$/openlane/designs/riscv_stage2/src/riscv_stage2.v:0$461'.
Found and cleaned up 1 empty switch in `$paramod\REGISTER_FILE\p_DATA_MEM_SIZE=s32'00000000000000000000010000000000.$proc$/openlane/designs/riscv_stage2/src/riscv_stage2.v:0$458'.
Removing empty process `$paramod\REGISTER_FILE\p_DATA_MEM_SIZE=s32'00000000000000000000010000000000.$proc$/openlane/designs/riscv_stage2/src/riscv_stage2.v:0$458'.
Found and cleaned up 2 empty switches in `$paramod\REGISTER_FILE\p_DATA_MEM_SIZE=s32'00000000000000000000010000000000.$proc$/openlane/designs/riscv_stage2/src/riscv_stage2.v:40$449'.
Removing empty process `$paramod\REGISTER_FILE\p_DATA_MEM_SIZE=s32'00000000000000000000010000000000.$proc$/openlane/designs/riscv_stage2/src/riscv_stage2.v:40$449'.
Cleaned up 131 empty switches.

17. Executing CHECK pass (checking for obvious problems).
Checking module top...
Checking module STAGE2_LSU_UNIT...
Checking module STAGE2_DATAPATH...
Checking module STAGE2_MULT...
Checking module STAGE2_UNIFIED_MEMORY...
Checking module STAGE2_BRANCH_COMPARATOR...
Checking module STAGE2_IMM_GEN...
Checking module STAGE2_CRC...
Checking module STAGE2_CONTROL_UNIT...
Checking module STAGE2_ALU...
Checking module CONTROL_UNIT_3...
Checking module op_size_decoder...
Checking module LSU_UNIT...
Checking module DMEM_TO_REG_MUX...
Checking module PC_Next_MUX...
Checking module EXECUTE_RESULT_REG...
Checking module ADDR_MUX...
Checking module PC...
Checking module mem_data_reg...
Checking module inst_reg...
Checking module MUX_SRC_B...
Checking module MUX_SRC_A...
Checking module rs2_reg...
Checking module rs1_reg...
Checking module MUX3_32...
Checking module multiplier_sequential...
Checking module RISCV_DMEM...
Checking module RISCV_IMEM...
Checking module RISCV_ADDR_DECODER...
Checking module branch_comparator...
Checking module imm_generator...
Checking module crc_unit_mux...
Checking module crc32_block...
Checking module crc16_block...
Checking module crc8_block...
Checking module ALU...
Checking module $paramod\REGISTER_FILE\p_DATA_MEM_SIZE=s32'00000000000000000000010000000000...
Checking module MUX2_32...
Found and reported 0 problems.

18. Executing OPT_EXPR pass (perform const folding).
Optimizing module top.
Optimizing module STAGE2_LSU_UNIT.
Optimizing module STAGE2_DATAPATH.
Optimizing module STAGE2_MULT.
Optimizing module STAGE2_UNIFIED_MEMORY.
Optimizing module STAGE2_BRANCH_COMPARATOR.
Optimizing module STAGE2_IMM_GEN.
Optimizing module STAGE2_CRC.
Optimizing module STAGE2_CONTROL_UNIT.
Optimizing module STAGE2_ALU.
Optimizing module CONTROL_UNIT_3.
<suppressed ~8 debug messages>
Optimizing module op_size_decoder.
Optimizing module LSU_UNIT.
<suppressed ~11 debug messages>
Optimizing module DMEM_TO_REG_MUX.
Optimizing module PC_Next_MUX.
Optimizing module EXECUTE_RESULT_REG.
Optimizing module ADDR_MUX.
Optimizing module PC.
Optimizing module mem_data_reg.
Optimizing module inst_reg.
Optimizing module MUX_SRC_B.
<suppressed ~1 debug messages>
Optimizing module MUX_SRC_A.
Optimizing module rs2_reg.
Optimizing module rs1_reg.
Optimizing module MUX3_32.
Optimizing module multiplier_sequential.
<suppressed ~11 debug messages>
Optimizing module RISCV_DMEM.
Optimizing module RISCV_IMEM.
<suppressed ~2 debug messages>
Optimizing module RISCV_ADDR_DECODER.
Optimizing module branch_comparator.
<suppressed ~1 debug messages>
Optimizing module imm_generator.
Optimizing module crc_unit_mux.
<suppressed ~1 debug messages>
Optimizing module crc32_block.
<suppressed ~193 debug messages>
Optimizing module crc16_block.
<suppressed ~49 debug messages>
Optimizing module crc8_block.
<suppressed ~25 debug messages>
Optimizing module ALU.
<suppressed ~1 debug messages>
Optimizing module $paramod\REGISTER_FILE\p_DATA_MEM_SIZE=s32'00000000000000000000010000000000.
<suppressed ~35 debug messages>
Optimizing module MUX2_32.

19. Executing FLATTEN pass (flatten design).
Deleting now unused module STAGE2_LSU_UNIT.
Deleting now unused module STAGE2_DATAPATH.
Deleting now unused module STAGE2_MULT.
Deleting now unused module STAGE2_UNIFIED_MEMORY.
Deleting now unused module STAGE2_BRANCH_COMPARATOR.
Deleting now unused module STAGE2_IMM_GEN.
Deleting now unused module STAGE2_CRC.
Deleting now unused module STAGE2_CONTROL_UNIT.
Deleting now unused module STAGE2_ALU.
Deleting now unused module CONTROL_UNIT_3.
Deleting now unused module op_size_decoder.
Deleting now unused module LSU_UNIT.
Deleting now unused module DMEM_TO_REG_MUX.
Deleting now unused module PC_Next_MUX.
Deleting now unused module EXECUTE_RESULT_REG.
Deleting now unused module ADDR_MUX.
Deleting now unused module PC.
Deleting now unused module mem_data_reg.
Deleting now unused module inst_reg.
Deleting now unused module MUX_SRC_B.
Deleting now unused module MUX_SRC_A.
Deleting now unused module rs2_reg.
Deleting now unused module rs1_reg.
Deleting now unused module MUX3_32.
Deleting now unused module multiplier_sequential.
Deleting now unused module RISCV_DMEM.
Deleting now unused module RISCV_IMEM.
Deleting now unused module RISCV_ADDR_DECODER.
Deleting now unused module branch_comparator.
Deleting now unused module imm_generator.
Deleting now unused module crc_unit_mux.
Deleting now unused module crc32_block.
Deleting now unused module crc16_block.
Deleting now unused module crc8_block.
Deleting now unused module ALU.
Deleting now unused module $paramod\REGISTER_FILE\p_DATA_MEM_SIZE=s32'00000000000000000000010000000000.
Deleting now unused module MUX2_32.
<suppressed ~37 debug messages>

20. Executing OPT_EXPR pass (perform const folding).
Optimizing module top.
<suppressed ~1 debug messages>

21. Executing OPT_CLEAN pass (remove unused cells and wires).
Finding unused cells or wires in module \top..
Removed 55 unused cells and 1002 unused wires.
<suppressed ~58 debug messages>

22. Executing OPT pass (performing simple optimizations).

22.1. Executing OPT_EXPR pass (perform const folding).
Optimizing module top.

22.2. Executing OPT_MERGE pass (detect identical cells).
Finding identical cells in module `\top'.
<suppressed ~3321 debug messages>
Removed a total of 1107 cells.

22.3. Executing OPT_MUXTREE pass (detect dead branches in mux trees).
Running muxtree optimizer on module \top..
  Creating internal representation of mux trees.
  Evaluating internal representation of mux trees.
  Analyzing evaluation results.
    dead port 2/2 on $mux $flatten\blkProj14523_5.\blk4197_44.$procmux$572.
    dead port 2/2 on $mux $flatten\blkProj14999_7.\blk2116_47.$procmux$2370.
    dead port 2/2 on $mux $flatten\blkProj14999_7.\blk2116_47.$procmux$2658.
    dead port 2/2 on $mux $flatten\blkProj14999_7.\blk2116_47.$procmux$1866.
    dead port 2/2 on $mux $flatten\blkProj14999_7.\blk2116_47.$procmux$2118.
    dead port 2/2 on $mux $flatten\blkProj14999_7.\blk2116_47.$procmux$2406.
    dead port 2/2 on $mux $flatten\blkProj14999_7.\blk2116_47.$procmux$2694.
    dead port 2/2 on $mux $flatten\blkProj14999_7.\blk2116_47.$procmux$1902.
    dead port 2/2 on $mux $flatten\blkProj14999_7.\blk2116_47.$procmux$2154.
    dead port 2/2 on $mux $flatten\blkProj14999_7.\blk2116_47.$procmux$2442.
    dead port 2/2 on $mux $flatten\blkProj14999_7.\blk2116_47.$procmux$2730.
    dead port 2/2 on $mux $flatten\blkProj14999_7.\blk2116_47.$procmux$2190.
    dead port 2/2 on $mux $flatten\blkProj14999_7.\blk2116_47.$procmux$1938.
    dead port 2/2 on $mux $flatten\blkProj14999_7.\blk2116_47.$procmux$2478.
    dead port 2/2 on $mux $flatten\blkProj14999_7.\blk2116_47.$procmux$2766.
    dead port 2/2 on $mux $flatten\blkProj14999_7.\blk2116_47.$procmux$2226.
    dead port 2/2 on $mux $flatten\blkProj14999_7.\blk2116_47.$procmux$1974.
    dead port 2/2 on $mux $flatten\blkProj14999_7.\blk2116_47.$procmux$2802.
    dead port 2/2 on $mux $flatten\blkProj14999_7.\blk2116_47.$procmux$2514.
    dead port 2/2 on $mux $flatten\blkProj14999_7.\blk2116_47.$procmux$1758.
    dead port 2/2 on $mux $flatten\blkProj14523_5.\blk4197_44.$procmux$610.
    dead port 2/2 on $mux $flatten\blkProj14523_5.\blk4197_44.$procmux$612.
    dead port 2/2 on $mux $flatten\blkProj14999_7.\blk2116_47.$procmux$2262.
    dead port 2/2 on $mux $flatten\blkProj14999_7.\blk2116_47.$procmux$2010.
    dead port 2/2 on $mux $flatten\blkProj14999_7.\blk2116_47.$procmux$2838.
    dead port 2/2 on $mux $flatten\blkProj14999_7.\blk2116_47.$procmux$2550.
    dead port 2/2 on $mux $flatten\blkProj14523_5.\blk4197_44.$procmux$649.
    dead port 2/2 on $mux $flatten\blkProj14999_7.\blk2116_47.$procmux$1794.
    dead port 2/2 on $mux $flatten\blkProj14999_7.\blk2116_47.$procmux$2298.
    dead port 2/2 on $mux $flatten\blkProj14999_7.\blk2116_47.$procmux$2874.
    dead port 2/2 on $mux $flatten\blkProj14999_7.\blk2116_47.$procmux$2046.
    dead port 2/2 on $mux $flatten\blkProj14999_7.\blk2116_47.$procmux$2586.
    dead port 2/2 on $mux $flatten\blkProj14999_7.\blkProj14963_55.\blk3901_67.$procmux$1356.
    dead port 2/2 on $mux $flatten\blkProj14999_7.\blkProj14963_55.\blk3902_64.$procmux$1246.
    dead port 2/2 on $mux $flatten\blkProj14999_7.\blkProj14963_55.\blk3902_64.$procmux$1252.
    dead port 2/2 on $mux $flatten\blkProj14999_7.\blkProj14963_55.\blk3902_64.$procmux$1258.
    dead port 2/2 on $mux $flatten\blkProj14999_7.\blkProj14963_55.\blk3902_64.$procmux$1264.
    dead port 2/2 on $mux $flatten\blkProj14999_7.\blkProj14963_55.\blk3902_64.$procmux$1270.
    dead port 2/2 on $mux $flatten\blkProj14999_7.\blkProj14963_55.\blk3902_64.$procmux$1276.
    dead port 2/2 on $mux $flatten\blkProj14999_7.\blkProj14963_55.\blk3902_64.$procmux$1282.
    dead port 2/2 on $mux $flatten\blkProj14999_7.\blkProj14963_55.\blk3902_64.$procmux$1288.
    dead port 2/2 on $mux $flatten\blkProj14999_7.\blkProj14963_55.\blk3902_64.$procmux$1294.
    dead port 2/2 on $mux $flatten\blkProj14999_7.\blkProj14963_55.\blk3902_64.$procmux$1300.
    dead port 2/2 on $mux $flatten\blkProj14999_7.\blkProj14963_55.\blk3902_64.$procmux$1306.
    dead port 2/2 on $mux $flatten\blkProj14999_7.\blkProj14963_55.\blk3902_64.$procmux$1312.
    dead port 2/2 on $mux $flatten\blkProj14523_5.\blk4197_44.$procmux$495.
    dead port 2/2 on $mux $flatten\blkProj14999_7.\blk2116_47.$procmux$2334.
    dead port 2/2 on $mux $flatten\blkProj14999_7.\blkProj15103_101.\blk4110_21.$procmux$1099.
    dead port 2/2 on $mux $flatten\blkProj14999_7.\blkProj15103_101.\blk4110_21.$procmux$1106.
    dead port 2/2 on $mux $flatten\blkProj14999_7.\blk2116_47.$procmux$1830.
    dead port 2/2 on $mux $flatten\blkProj14523_5.\blk4197_44.$procmux$529.
    dead port 2/2 on $mux $flatten\blkProj14999_7.\blkProj15103_101.\blk4110_21.$procmux$1116.
    dead port 2/2 on $mux $flatten\blkProj14999_7.\blk2116_47.$procmux$2622.
    dead port 2/2 on $mux $flatten\blkProj14999_7.\blk2116_47.$procmux$2082.
    dead port 2/2 on $mux $flatten\blkProj14999_7.\blkProj15103_101.\blk4110_21.$procmux$1126.
    dead port 1/2 on $mux $flatten\blkProj14523_5.\blk4197_44.$procmux$568.
    dead port 2/2 on $mux $flatten\blkProj14523_5.\blk4197_44.$procmux$570.
Removed 57 multiplexer ports.
<suppressed ~172 debug messages>

22.4. Executing OPT_REDUCE pass (consolidate $*mux and $reduce_* inputs).
  Optimizing cells in module \top.
    New ctrl vector for $pmux cell $flatten\blkProj14999_7.\blk2116_47.$procmux$2697: { $flatten\blkProj14999_7.\blk2116_47.$procmux$1752_CMP $auto$opt_reduce.cc:134:opt_pmux$3233 }
    New ctrl vector for $pmux cell $flatten\blkProj14999_7.\blk2116_47.$procmux$1905: { $flatten\blkProj14999_7.\blk2116_47.$procmux$1730_CMP $auto$opt_reduce.cc:134:opt_pmux$3235 }
    New ctrl vector for $pmux cell $flatten\blkProj14999_7.\blk2116_47.$procmux$2157: { $flatten\blkProj14999_7.\blk2116_47.$procmux$1737_CMP $auto$opt_reduce.cc:134:opt_pmux$3237 }
    New ctrl vector for $pmux cell $flatten\blkProj14999_7.\blk2116_47.$procmux$2445: { $flatten\blkProj14999_7.\blk2116_47.$procmux$1745_CMP $auto$opt_reduce.cc:134:opt_pmux$3239 }
    New ctrl vector for $pmux cell $flatten\blkProj14999_7.\blk2116_47.$procmux$2733: { $flatten\blkProj14999_7.\blk2116_47.$procmux$1753_CMP $auto$opt_reduce.cc:134:opt_pmux$3241 }
    New ctrl vector for $pmux cell $flatten\blkProj14999_7.\blk2116_47.$procmux$2193: { $flatten\blkProj14999_7.\blk2116_47.$procmux$1738_CMP $auto$opt_reduce.cc:134:opt_pmux$3243 }
    New ctrl vector for $pmux cell $flatten\blkProj14999_7.\blk2116_47.$procmux$1941: { $flatten\blkProj14999_7.\blk2116_47.$procmux$1731_CMP $auto$opt_reduce.cc:134:opt_pmux$3245 }
    New ctrl vector for $pmux cell $flatten\blkProj14999_7.\blk2116_47.$procmux$2481: { $flatten\blkProj14999_7.\blk2116_47.$procmux$1746_CMP $auto$opt_reduce.cc:134:opt_pmux$3247 }
    New ctrl vector for $pmux cell $flatten\blkProj14999_7.\blk2116_47.$procmux$2769: { $flatten\blkProj14999_7.\blk2116_47.$procmux$1754_CMP $auto$opt_reduce.cc:134:opt_pmux$3249 }
    New ctrl vector for $pmux cell $flatten\blkProj14999_7.\blk2116_47.$procmux$1725: { $flatten\blkProj14999_7.\blk2116_47.$procmux$1757_CMP $auto$opt_reduce.cc:134:opt_pmux$3251 }
    New ctrl vector for $pmux cell $flatten\blkProj14999_7.\blk2116_47.$procmux$2229: { $flatten\blkProj14999_7.\blk2116_47.$procmux$1739_CMP $auto$opt_reduce.cc:134:opt_pmux$3253 }
    New ctrl vector for $pmux cell $flatten\blkProj14999_7.\blk2116_47.$procmux$1977: { $flatten\blkProj14999_7.\blk2116_47.$procmux$1732_CMP $auto$opt_reduce.cc:134:opt_pmux$3255 }
    New ctrl vector for $pmux cell $flatten\blkProj14999_7.\blk2116_47.$procmux$2805: { $flatten\blkProj14999_7.\blk2116_47.$procmux$1755_CMP $auto$opt_reduce.cc:134:opt_pmux$3257 }
    New ctrl vector for $pmux cell $flatten\blkProj14999_7.\blk2116_47.$procmux$2373: { $flatten\blkProj14999_7.\blk2116_47.$procmux$1743_CMP $auto$opt_reduce.cc:134:opt_pmux$3259 }
    New ctrl vector for $pmux cell $flatten\blkProj14999_7.\blk2116_47.$procmux$2517: { $flatten\blkProj14999_7.\blk2116_47.$procmux$1747_CMP $auto$opt_reduce.cc:134:opt_pmux$3261 }
    New ctrl vector for $pmux cell $flatten\blkProj14999_7.\blk2116_47.$procmux$1761: { $auto$opt_reduce.cc:134:opt_pmux$3263 $flatten\blkProj14999_7.\blk2116_47.$procmux$1726_CMP }
    New ctrl vector for $pmux cell $flatten\blkProj14999_7.\blk2116_47.$procmux$2265: { $flatten\blkProj14999_7.\blk2116_47.$procmux$1740_CMP $auto$opt_reduce.cc:134:opt_pmux$3265 }
    New ctrl vector for $pmux cell $flatten\blkProj14999_7.\blk2116_47.$procmux$2013: { $flatten\blkProj14999_7.\blk2116_47.$procmux$1733_CMP $auto$opt_reduce.cc:134:opt_pmux$3267 }
    New ctrl vector for $pmux cell $flatten\blkProj14999_7.\blk2116_47.$procmux$2841: { $flatten\blkProj14999_7.\blk2116_47.$procmux$1756_CMP $auto$opt_reduce.cc:134:opt_pmux$3269 }
    New ctrl vector for $pmux cell $flatten\blkProj14999_7.\blk2116_47.$procmux$2553: { $flatten\blkProj14999_7.\blk2116_47.$procmux$1748_CMP $auto$opt_reduce.cc:134:opt_pmux$3271 }
    New ctrl vector for $pmux cell $flatten\blkProj14999_7.\blk2116_47.$procmux$2661: { $flatten\blkProj14999_7.\blk2116_47.$procmux$1751_CMP $auto$opt_reduce.cc:134:opt_pmux$3273 }
    New ctrl vector for $pmux cell $flatten\blkProj14523_5.\blk4197_44.$procmux$652: { $flatten\blkProj14523_5.\blk4197_44.$procmux$671_CMP $flatten\blkProj14523_5.\blk4197_44.$procmux$573_CMP $flatten\blkProj14523_5.\blk4197_44.$procmux$1028_CMP $flatten\blkProj14523_5.\blk4197_44.$procmux$1027_CMP $flatten\blkProj14523_5.\blk4197_44.$procmux$1026_CMP $flatten\blkProj14523_5.\blk4197_44.$procmux$1024_CMP $flatten\blkProj14523_5.\blk4197_44.$procmux$660_CMP $flatten\blkProj14523_5.\blk4197_44.$procmux$1007_CMP $flatten\blkProj14523_5.\blk4197_44.$procmux$1006_CMP $flatten\blkProj14523_5.\blk4197_44.$procmux$1004_CMP $flatten\blkProj14523_5.\blk4197_44.$procmux$1018_CMP $flatten\blkProj14523_5.\blk4197_44.$procmux$1058_CMP $flatten\blkProj14523_5.\blk4197_44.$procmux$1057_CMP $auto$opt_reduce.cc:134:opt_pmux$3275 }
    New ctrl vector for $pmux cell $flatten\blkProj14523_5.\blk4197_44.$procmux$1056: $auto$opt_reduce.cc:134:opt_pmux$3277
    New ctrl vector for $pmux cell $flatten\blkProj14999_7.\blk2116_47.$procmux$1797: { $flatten\blkProj14999_7.\blk2116_47.$procmux$1727_CMP $auto$opt_reduce.cc:134:opt_pmux$3279 }
    New ctrl vector for $pmux cell $flatten\blkProj14999_7.\blk2116_47.$procmux$1869: { $flatten\blkProj14999_7.\blk2116_47.$procmux$1729_CMP $auto$opt_reduce.cc:134:opt_pmux$3281 }
    New ctrl vector for $pmux cell $flatten\blkProj14999_7.\blk2116_47.$procmux$2301: { $flatten\blkProj14999_7.\blk2116_47.$procmux$1741_CMP $auto$opt_reduce.cc:134:opt_pmux$3283 }
    New ctrl vector for $pmux cell $flatten\blkProj14999_7.\blk2116_47.$procmux$2049: { $flatten\blkProj14999_7.\blk2116_47.$procmux$1734_CMP $auto$opt_reduce.cc:134:opt_pmux$3285 }
    New ctrl vector for $pmux cell $flatten\blkProj14523_5.\blk4197_44.$procmux$714: $auto$opt_reduce.cc:134:opt_pmux$3287
    New ctrl vector for $pmux cell $flatten\blkProj14999_7.\blk2116_47.$procmux$2589: { $flatten\blkProj14999_7.\blk2116_47.$procmux$1749_CMP $auto$opt_reduce.cc:134:opt_pmux$3289 }
    New ctrl vector for $pmux cell $flatten\blkProj14523_5.\blk4197_44.$procmux$730: $auto$opt_reduce.cc:134:opt_pmux$3291
    New ctrl vector for $pmux cell $flatten\blkProj14999_7.\blk2116_47.$procmux$2121: { $flatten\blkProj14999_7.\blk2116_47.$procmux$1736_CMP $auto$opt_reduce.cc:134:opt_pmux$3293 }
    Consolidated identical input bits for $mux cell $flatten\blkProj14999_7.\blkProj14963_55.\blk3902_64.$procmux$1244:
      Old ports: A=0, B=32'11111111000000000000000000000000, Y=$flatten\blkProj14999_7.\blkProj14963_55.\blk3902_64.$procmux$1244_Y
      New ports: A=1'0, B=1'1, Y=$flatten\blkProj14999_7.\blkProj14963_55.\blk3902_64.$procmux$1244_Y [24]
      New connections: { $flatten\blkProj14999_7.\blkProj14963_55.\blk3902_64.$procmux$1244_Y [31:25] $flatten\blkProj14999_7.\blkProj14963_55.\blk3902_64.$procmux$1244_Y [23:0] } = { $flatten\blkProj14999_7.\blkProj14963_55.\blk3902_64.$procmux$1244_Y [24] $flatten\blkProj14999_7.\blkProj14963_55.\blk3902_64.$procmux$1244_Y [24] $flatten\blkProj14999_7.\blkProj14963_55.\blk3902_64.$procmux$1244_Y [24] $flatten\blkProj14999_7.\blkProj14963_55.\blk3902_64.$procmux$1244_Y [24] $flatten\blkProj14999_7.\blkProj14963_55.\blk3902_64.$procmux$1244_Y [24] $flatten\blkProj14999_7.\blkProj14963_55.\blk3902_64.$procmux$1244_Y [24] $flatten\blkProj14999_7.\blkProj14963_55.\blk3902_64.$procmux$1244_Y [24] 24'000000000000000000000000 }
    Consolidated identical input bits for $mux cell $flatten\blkProj14999_7.\blkProj14963_55.\blk3902_64.$procmux$1262:
      Old ports: A=0, B=16711680, Y=$flatten\blkProj14999_7.\blkProj14963_55.\blk3902_64.$procmux$1262_Y
      New ports: A=1'0, B=1'1, Y=$flatten\blkProj14999_7.\blkProj14963_55.\blk3902_64.$procmux$1262_Y [16]
      New connections: { $flatten\blkProj14999_7.\blkProj14963_55.\blk3902_64.$procmux$1262_Y [31:17] $flatten\blkProj14999_7.\blkProj14963_55.\blk3902_64.$procmux$1262_Y [15:0] } = { 8'00000000 $flatten\blkProj14999_7.\blkProj14963_55.\blk3902_64.$procmux$1262_Y [16] $flatten\blkProj14999_7.\blkProj14963_55.\blk3902_64.$procmux$1262_Y [16] $flatten\blkProj14999_7.\blkProj14963_55.\blk3902_64.$procmux$1262_Y [16] $flatten\blkProj14999_7.\blkProj14963_55.\blk3902_64.$procmux$1262_Y [16] $flatten\blkProj14999_7.\blkProj14963_55.\blk3902_64.$procmux$1262_Y [16] $flatten\blkProj14999_7.\blkProj14963_55.\blk3902_64.$procmux$1262_Y [16] $flatten\blkProj14999_7.\blkProj14963_55.\blk3902_64.$procmux$1262_Y [16] 16'0000000000000000 }
    Consolidated identical input bits for $mux cell $flatten\blkProj14999_7.\blkProj14963_55.\blk3902_64.$procmux$1280:
      Old ports: A=0, B=65280, Y=$flatten\blkProj14999_7.\blkProj14963_55.\blk3902_64.$procmux$1280_Y
      New ports: A=1'0, B=1'1, Y=$flatten\blkProj14999_7.\blkProj14963_55.\blk3902_64.$procmux$1280_Y [8]
      New connections: { $flatten\blkProj14999_7.\blkProj14963_55.\blk3902_64.$procmux$1280_Y [31:9] $flatten\blkProj14999_7.\blkProj14963_55.\blk3902_64.$procmux$1280_Y [7:0] } = { 16'0000000000000000 $flatten\blkProj14999_7.\blkProj14963_55.\blk3902_64.$procmux$1280_Y [8] $flatten\blkProj14999_7.\blkProj14963_55.\blk3902_64.$procmux$1280_Y [8] $flatten\blkProj14999_7.\blkProj14963_55.\blk3902_64.$procmux$1280_Y [8] $flatten\blkProj14999_7.\blkProj14963_55.\blk3902_64.$procmux$1280_Y [8] $flatten\blkProj14999_7.\blkProj14963_55.\blk3902_64.$procmux$1280_Y [8] $flatten\blkProj14999_7.\blkProj14963_55.\blk3902_64.$procmux$1280_Y [8] $flatten\blkProj14999_7.\blkProj14963_55.\blk3902_64.$procmux$1280_Y [8] 8'00000000 }
    Consolidated identical input bits for $mux cell $flatten\blkProj14999_7.\blkProj14963_55.\blk3902_64.$procmux$1298:
      Old ports: A=0, B=255, Y=$flatten\blkProj14999_7.\blkProj14963_55.\blk3902_64.$procmux$1298_Y
      New ports: A=1'0, B=1'1, Y=$flatten\blkProj14999_7.\blkProj14963_55.\blk3902_64.$procmux$1298_Y [0]
      New connections: $flatten\blkProj14999_7.\blkProj14963_55.\blk3902_64.$procmux$1298_Y [31:1] = { 24'000000000000000000000000 $flatten\blkProj14999_7.\blkProj14963_55.\blk3902_64.$procmux$1298_Y [0] $flatten\blkProj14999_7.\blkProj14963_55.\blk3902_64.$procmux$1298_Y [0] $flatten\blkProj14999_7.\blkProj14963_55.\blk3902_64.$procmux$1298_Y [0] $flatten\blkProj14999_7.\blkProj14963_55.\blk3902_64.$procmux$1298_Y [0] $flatten\blkProj14999_7.\blkProj14963_55.\blk3902_64.$procmux$1298_Y [0] $flatten\blkProj14999_7.\blkProj14963_55.\blk3902_64.$procmux$1298_Y [0] $flatten\blkProj14999_7.\blkProj14963_55.\blk3902_64.$procmux$1298_Y [0] }
    New ctrl vector for $pmux cell $flatten\blkProj14523_5.\blk4197_44.$procmux$896: $auto$opt_reduce.cc:134:opt_pmux$3295
    New ctrl vector for $pmux cell $flatten\blkProj14523_5.\blk4197_44.$procmux$1016: { $auto$opt_reduce.cc:134:opt_pmux$3299 $auto$opt_reduce.cc:134:opt_pmux$3297 $flatten\blkProj14523_5.\blk4197_44.$procmux$1003_CMP }
    New ctrl vector for $pmux cell $flatten\blkProj14523_5.\blk4197_44.$procmux$947: $auto$opt_reduce.cc:134:opt_pmux$3301
    New ctrl vector for $pmux cell $flatten\blkProj14523_5.\blk4197_44.$procmux$1002: { $auto$opt_reduce.cc:134:opt_pmux$3303 $flatten\blkProj14523_5.\blk4197_44.$procmux$1003_CMP }
    New ctrl vector for $pmux cell $flatten\blkProj14999_7.\blk2116_47.$procmux$2337: { $flatten\blkProj14999_7.\blk2116_47.$procmux$1742_CMP $auto$opt_reduce.cc:134:opt_pmux$3305 }
    New ctrl vector for $pmux cell $flatten\blkProj14999_7.\blk2116_47.$procmux$1833: { $flatten\blkProj14999_7.\blk2116_47.$procmux$1728_CMP $auto$opt_reduce.cc:134:opt_pmux$3307 }
    New ctrl vector for $pmux cell $flatten\blkProj14999_7.\blk2116_47.$procmux$2625: { $flatten\blkProj14999_7.\blk2116_47.$procmux$1750_CMP $auto$opt_reduce.cc:134:opt_pmux$3309 }
    New ctrl vector for $pmux cell $flatten\blkProj14999_7.\blk2116_47.$procmux$2409: { $flatten\blkProj14999_7.\blk2116_47.$procmux$1744_CMP $auto$opt_reduce.cc:134:opt_pmux$3311 }
    New ctrl vector for $pmux cell $flatten\blkProj14999_7.\blk2116_47.$procmux$2085: { $flatten\blkProj14999_7.\blk2116_47.$procmux$1735_CMP $auto$opt_reduce.cc:134:opt_pmux$3313 }
    New ctrl vector for $pmux cell $flatten\blkProj14523_5.\blk4197_44.$procmux$966: $auto$opt_reduce.cc:134:opt_pmux$3315
  Optimizing cells in module \top.
    Consolidated identical input bits for $mux cell $flatten\blkProj14999_7.\blkProj14963_55.\blk3902_64.$procmux$1315:
      Old ports: A=0, B=$flatten\blkProj14999_7.\blkProj14963_55.\blk3902_64.$2$memwr$\r_Mem$/openlane/designs/riscv_stage2/src/riscv_stage2.v:467$341_EN[31:0]$378, Y=$flatten\blkProj14999_7.\blkProj14963_55.\blk3902_64.$0$memwr$\r_Mem$/openlane/designs/riscv_stage2/src/riscv_stage2.v:467$341_EN[31:0]$354
      New ports: A=1'0, B=$flatten\blkProj14999_7.\blkProj14963_55.\blk3902_64.$procmux$1244_Y [24], Y=$flatten\blkProj14999_7.\blkProj14963_55.\blk3902_64.$0$memwr$\r_Mem$/openlane/designs/riscv_stage2/src/riscv_stage2.v:467$341_EN[31:0]$354 [24]
      New connections: { $flatten\blkProj14999_7.\blkProj14963_55.\blk3902_64.$0$memwr$\r_Mem$/openlane/designs/riscv_stage2/src/riscv_stage2.v:467$341_EN[31:0]$354 [31:25] $flatten\blkProj14999_7.\blkProj14963_55.\blk3902_64.$0$memwr$\r_Mem$/openlane/designs/riscv_stage2/src/riscv_stage2.v:467$341_EN[31:0]$354 [23:0] } = { $flatten\blkProj14999_7.\blkProj14963_55.\blk3902_64.$0$memwr$\r_Mem$/openlane/designs/riscv_stage2/src/riscv_stage2.v:467$341_EN[31:0]$354 [24] $flatten\blkProj14999_7.\blkProj14963_55.\blk3902_64.$0$memwr$\r_Mem$/openlane/designs/riscv_stage2/src/riscv_stage2.v:467$341_EN[31:0]$354 [24] $flatten\blkProj14999_7.\blkProj14963_55.\blk3902_64.$0$memwr$\r_Mem$/openlane/designs/riscv_stage2/src/riscv_stage2.v:467$341_EN[31:0]$354 [24] $flatten\blkProj14999_7.\blkProj14963_55.\blk3902_64.$0$memwr$\r_Mem$/openlane/designs/riscv_stage2/src/riscv_stage2.v:467$341_EN[31:0]$354 [24] $flatten\blkProj14999_7.\blkProj14963_55.\blk3902_64.$0$memwr$\r_Mem$/openlane/designs/riscv_stage2/src/riscv_stage2.v:467$341_EN[31:0]$354 [24] $flatten\blkProj14999_7.\blkProj14963_55.\blk3902_64.$0$memwr$\r_Mem$/openlane/designs/riscv_stage2/src/riscv_stage2.v:467$341_EN[31:0]$354 [24] $flatten\blkProj14999_7.\blkProj14963_55.\blk3902_64.$0$memwr$\r_Mem$/openlane/designs/riscv_stage2/src/riscv_stage2.v:467$341_EN[31:0]$354 [24] 24'000000000000000000000000 }
    Consolidated identical input bits for $mux cell $flatten\blkProj14999_7.\blkProj14963_55.\blk3902_64.$procmux$1324:
      Old ports: A=0, B=$flatten\blkProj14999_7.\blkProj14963_55.\blk3902_64.$2$memwr$\r_Mem$/openlane/designs/riscv_stage2/src/riscv_stage2.v:466$340_EN[31:0]$375, Y=$flatten\blkProj14999_7.\blkProj14963_55.\blk3902_64.$0$memwr$\r_Mem$/openlane/designs/riscv_stage2/src/riscv_stage2.v:466$340_EN[31:0]$351
      New ports: A=1'0, B=$flatten\blkProj14999_7.\blkProj14963_55.\blk3902_64.$procmux$1262_Y [16], Y=$flatten\blkProj14999_7.\blkProj14963_55.\blk3902_64.$0$memwr$\r_Mem$/openlane/designs/riscv_stage2/src/riscv_stage2.v:466$340_EN[31:0]$351 [16]
      New connections: { $flatten\blkProj14999_7.\blkProj14963_55.\blk3902_64.$0$memwr$\r_Mem$/openlane/designs/riscv_stage2/src/riscv_stage2.v:466$340_EN[31:0]$351 [31:17] $flatten\blkProj14999_7.\blkProj14963_55.\blk3902_64.$0$memwr$\r_Mem$/openlane/designs/riscv_stage2/src/riscv_stage2.v:466$340_EN[31:0]$351 [15:0] } = { 8'00000000 $flatten\blkProj14999_7.\blkProj14963_55.\blk3902_64.$0$memwr$\r_Mem$/openlane/designs/riscv_stage2/src/riscv_stage2.v:466$340_EN[31:0]$351 [16] $flatten\blkProj14999_7.\blkProj14963_55.\blk3902_64.$0$memwr$\r_Mem$/openlane/designs/riscv_stage2/src/riscv_stage2.v:466$340_EN[31:0]$351 [16] $flatten\blkProj14999_7.\blkProj14963_55.\blk3902_64.$0$memwr$\r_Mem$/openlane/designs/riscv_stage2/src/riscv_stage2.v:466$340_EN[31:0]$351 [16] $flatten\blkProj14999_7.\blkProj14963_55.\blk3902_64.$0$memwr$\r_Mem$/openlane/designs/riscv_stage2/src/riscv_stage2.v:466$340_EN[31:0]$351 [16] $flatten\blkProj14999_7.\blkProj14963_55.\blk3902_64.$0$memwr$\r_Mem$/openlane/designs/riscv_stage2/src/riscv_stage2.v:466$340_EN[31:0]$351 [16] $flatten\blkProj14999_7.\blkProj14963_55.\blk3902_64.$0$memwr$\r_Mem$/openlane/designs/riscv_stage2/src/riscv_stage2.v:466$340_EN[31:0]$351 [16] $flatten\blkProj14999_7.\blkProj14963_55.\blk3902_64.$0$memwr$\r_Mem$/openlane/designs/riscv_stage2/src/riscv_stage2.v:466$340_EN[31:0]$351 [16] 16'0000000000000000 }
    Consolidated identical input bits for $mux cell $flatten\blkProj14999_7.\blkProj14963_55.\blk3902_64.$procmux$1333:
      Old ports: A=0, B=$flatten\blkProj14999_7.\blkProj14963_55.\blk3902_64.$2$memwr$\r_Mem$/openlane/designs/riscv_stage2/src/riscv_stage2.v:465$339_EN[31:0]$372, Y=$flatten\blkProj14999_7.\blkProj14963_55.\blk3902_64.$0$memwr$\r_Mem$/openlane/designs/riscv_stage2/src/riscv_stage2.v:465$339_EN[31:0]$348
      New ports: A=1'0, B=$flatten\blkProj14999_7.\blkProj14963_55.\blk3902_64.$procmux$1280_Y [8], Y=$flatten\blkProj14999_7.\blkProj14963_55.\blk3902_64.$0$memwr$\r_Mem$/openlane/designs/riscv_stage2/src/riscv_stage2.v:465$339_EN[31:0]$348 [8]
      New connections: { $flatten\blkProj14999_7.\blkProj14963_55.\blk3902_64.$0$memwr$\r_Mem$/openlane/designs/riscv_stage2/src/riscv_stage2.v:465$339_EN[31:0]$348 [31:9] $flatten\blkProj14999_7.\blkProj14963_55.\blk3902_64.$0$memwr$\r_Mem$/openlane/designs/riscv_stage2/src/riscv_stage2.v:465$339_EN[31:0]$348 [7:0] } = { 16'0000000000000000 $flatten\blkProj14999_7.\blkProj14963_55.\blk3902_64.$0$memwr$\r_Mem$/openlane/designs/riscv_stage2/src/riscv_stage2.v:465$339_EN[31:0]$348 [8] $flatten\blkProj14999_7.\blkProj14963_55.\blk3902_64.$0$memwr$\r_Mem$/openlane/designs/riscv_stage2/src/riscv_stage2.v:465$339_EN[31:0]$348 [8] $flatten\blkProj14999_7.\blkProj14963_55.\blk3902_64.$0$memwr$\r_Mem$/openlane/designs/riscv_stage2/src/riscv_stage2.v:465$339_EN[31:0]$348 [8] $flatten\blkProj14999_7.\blkProj14963_55.\blk3902_64.$0$memwr$\r_Mem$/openlane/designs/riscv_stage2/src/riscv_stage2.v:465$339_EN[31:0]$348 [8] $flatten\blkProj14999_7.\blkProj14963_55.\blk3902_64.$0$memwr$\r_Mem$/openlane/designs/riscv_stage2/src/riscv_stage2.v:465$339_EN[31:0]$348 [8] $flatten\blkProj14999_7.\blkProj14963_55.\blk3902_64.$0$memwr$\r_Mem$/openlane/designs/riscv_stage2/src/riscv_stage2.v:465$339_EN[31:0]$348 [8] $flatten\blkProj14999_7.\blkProj14963_55.\blk3902_64.$0$memwr$\r_Mem$/openlane/designs/riscv_stage2/src/riscv_stage2.v:465$339_EN[31:0]$348 [8] 8'00000000 }
    Consolidated identical input bits for $mux cell $flatten\blkProj14999_7.\blkProj14963_55.\blk3902_64.$procmux$1342:
      Old ports: A=0, B=$flatten\blkProj14999_7.\blkProj14963_55.\blk3902_64.$2$memwr$\r_Mem$/openlane/designs/riscv_stage2/src/riscv_stage2.v:464$338_EN[31:0]$369, Y=$flatten\blkProj14999_7.\blkProj14963_55.\blk3902_64.$0$memwr$\r_Mem$/openlane/designs/riscv_stage2/src/riscv_stage2.v:464$338_EN[31:0]$345
      New ports: A=1'0, B=$flatten\blkProj14999_7.\blkProj14963_55.\blk3902_64.$procmux$1298_Y [0], Y=$flatten\blkProj14999_7.\blkProj14963_55.\blk3902_64.$0$memwr$\r_Mem$/openlane/designs/riscv_stage2/src/riscv_stage2.v:464$338_EN[31:0]$345 [0]
      New connections: $flatten\blkProj14999_7.\blkProj14963_55.\blk3902_64.$0$memwr$\r_Mem$/openlane/designs/riscv_stage2/src/riscv_stage2.v:464$338_EN[31:0]$345 [31:1] = { 24'000000000000000000000000 $flatten\blkProj14999_7.\blkProj14963_55.\blk3902_64.$0$memwr$\r_Mem$/openlane/designs/riscv_stage2/src/riscv_stage2.v:464$338_EN[31:0]$345 [0] $flatten\blkProj14999_7.\blkProj14963_55.\blk3902_64.$0$memwr$\r_Mem$/openlane/designs/riscv_stage2/src/riscv_stage2.v:464$338_EN[31:0]$345 [0] $flatten\blkProj14999_7.\blkProj14963_55.\blk3902_64.$0$memwr$\r_Mem$/openlane/designs/riscv_stage2/src/riscv_stage2.v:464$338_EN[31:0]$345 [0] $flatten\blkProj14999_7.\blkProj14963_55.\blk3902_64.$0$memwr$\r_Mem$/openlane/designs/riscv_stage2/src/riscv_stage2.v:464$338_EN[31:0]$345 [0] $flatten\blkProj14999_7.\blkProj14963_55.\blk3902_64.$0$memwr$\r_Mem$/openlane/designs/riscv_stage2/src/riscv_stage2.v:464$338_EN[31:0]$345 [0] $flatten\blkProj14999_7.\blkProj14963_55.\blk3902_64.$0$memwr$\r_Mem$/openlane/designs/riscv_stage2/src/riscv_stage2.v:464$338_EN[31:0]$345 [0] $flatten\blkProj14999_7.\blkProj14963_55.\blk3902_64.$0$memwr$\r_Mem$/openlane/designs/riscv_stage2/src/riscv_stage2.v:464$338_EN[31:0]$345 [0] }
  Optimizing cells in module \top.
Performed a total of 49 changes.

22.5. Executing OPT_MERGE pass (detect identical cells).
Finding identical cells in module `\top'.
<suppressed ~147 debug messages>
Removed a total of 49 cells.

22.6. Executing OPT_DFF pass (perform DFF optimizations).

22.7. Executing OPT_CLEAN pass (remove unused cells and wires).
Finding unused cells or wires in module \top..
Removed 0 unused cells and 1230 unused wires.
<suppressed ~22 debug messages>

22.8. Executing OPT_EXPR pass (perform const folding).
Optimizing module top.

22.9. Rerunning OPT passes. (Maybe there is more to do..)

22.10. Executing OPT_MUXTREE pass (detect dead branches in mux trees).
Running muxtree optimizer on module \top..
  Creating internal representation of mux trees.
  Evaluating internal representation of mux trees.
  Analyzing evaluation results.
Removed 0 multiplexer ports.
<suppressed ~150 debug messages>

22.11. Executing OPT_REDUCE pass (consolidate $*mux and $reduce_* inputs).
  Optimizing cells in module \top.
Performed a total of 0 changes.

22.12. Executing OPT_MERGE pass (detect identical cells).
Finding identical cells in module `\top'.
Removed a total of 0 cells.

22.13. Executing OPT_DFF pass (perform DFF optimizations).

22.14. Executing OPT_CLEAN pass (remove unused cells and wires).
Finding unused cells or wires in module \top..

22.15. Executing OPT_EXPR pass (perform const folding).
Optimizing module top.

22.16. Finished OPT passes. (There is nothing left to do.)

23. Executing FSM pass (extract and optimize FSM).

23.1. Executing FSM_DETECT pass (finding FSMs in design).
Not marking top.blkProj14523_5.blk4197_44.state as FSM state register:
    Circuit seems to be self-resetting.
Not marking top.blkProj14999_7.blkProj14991_42.blk3979_4.state as FSM state register:
    Circuit seems to be self-resetting.

23.2. Executing FSM_EXTRACT pass (extracting FSM from design).

23.3. Executing FSM_OPT pass (simple optimizations of FSMs).

23.4. Executing OPT_CLEAN pass (remove unused cells and wires).
Finding unused cells or wires in module \top..

23.5. Executing FSM_OPT pass (simple optimizations of FSMs).

23.6. Executing FSM_RECODE pass (re-assigning FSM state encoding).

23.7. Executing FSM_INFO pass (dumping all available information on FSM cells).

23.8. Executing FSM_MAP pass (mapping FSMs to basic logic).

24. Executing OPT pass (performing simple optimizations).

24.1. Executing OPT_EXPR pass (perform const folding).
Optimizing module top.

24.2. Executing OPT_MERGE pass (detect identical cells).
Finding identical cells in module `\top'.
Removed a total of 0 cells.

24.3. Executing OPT_MUXTREE pass (detect dead branches in mux trees).
Running muxtree optimizer on module \top..
  Creating internal representation of mux trees.
  Evaluating internal representation of mux trees.
  Analyzing evaluation results.
Removed 0 multiplexer ports.
<suppressed ~150 debug messages>

24.4. Executing OPT_REDUCE pass (consolidate $*mux and $reduce_* inputs).
  Optimizing cells in module \top.
Performed a total of 0 changes.

24.5. Executing OPT_MERGE pass (detect identical cells).
Finding identical cells in module `\top'.
Removed a total of 0 cells.

24.6. Executing OPT_DFF pass (perform DFF optimizations).
Adding EN signal on $flatten\blkProj14999_7.\blkProj14991_42.\blk3979_4.$procdff$2994 ($adff) from module top (D = $flatten\blkProj14999_7.\blkProj14991_42.\blk3979_4.$0\accum[63:0], Q = \blkProj14999_7.blkProj14991_42.blk3979_4.accum).
Adding EN signal on $flatten\blkProj14999_7.\blkProj14991_42.\blk3979_4.$procdff$2993 ($adff) from module top (D = $flatten\blkProj14999_7.\blkProj14991_42.\blk3979_4.$0\multiplier[31:0], Q = \blkProj14999_7.blkProj14991_42.blk3979_4.multiplier).
Adding EN signal on $flatten\blkProj14999_7.\blkProj14991_42.\blk3979_4.$procdff$2992 ($adff) from module top (D = $flatten\blkProj14999_7.\blkProj14991_42.\blk3979_4.$0\multiplicand[63:0], Q = \blkProj14999_7.blkProj14991_42.blk3979_4.multiplicand).
Adding EN signal on $flatten\blkProj14999_7.\blkProj14991_42.\blk3979_4.$procdff$2991 ($adff) from module top (D = $flatten\blkProj14999_7.\blkProj14991_42.\blk3979_4.$xor$/openlane/designs/riscv_stage2/src/riscv_stage2.v:546$394_Y, Q = \blkProj14999_7.blkProj14991_42.blk3979_4.sign_result_r).
Adding EN signal on $flatten\blkProj14999_7.\blkProj14991_42.\blk3979_4.$procdff$2990 ($adff) from module top (D = \blkProj14999_7.blkProj14991_42.blk3979_4.funct3_i, Q = \blkProj14999_7.blkProj14991_42.blk3979_4.funct3_r).
Adding EN signal on $flatten\blkProj14999_7.\blkProj14991_42.\blk3979_4.$procdff$2989 ($adff) from module top (D = $flatten\blkProj14999_7.\blkProj14991_42.\blk3979_4.$0\count[5:0], Q = \blkProj14999_7.blkProj14991_42.blk3979_4.count).
Adding EN signal on $flatten\blkProj14999_7.\blkProj14991_42.\blk3979_4.$procdff$2988 ($adff) from module top (D = $flatten\blkProj14999_7.\blkProj14991_42.\blk3979_4.$0\state[1:0], Q = \blkProj14999_7.blkProj14991_42.blk3979_4.state).
Adding EN signal on $flatten\blkProj14999_7.\blkProj14991_42.\blk3979_4.$procdff$2987 ($adff) from module top (D = $flatten\blkProj14999_7.\blkProj14991_42.\blk3979_4.$0\done_o[0:0], Q = \blkProj14999_7.blkProj14991_42.blk3979_4.done_o).
Adding EN signal on $flatten\blkProj14999_7.\blkProj14991_42.\blk3979_4.$procdff$2985 ($adff) from module top (D = $flatten\blkProj14999_7.\blkProj14991_42.\blk3979_4.$procmux$1235_Y, Q = \blkProj14999_7.blkProj14991_42.blk3979_4.result_o).
Adding SRST signal on $flatten\blkProj14999_7.\blkProj14963_55.\blk3902_64.$procdff$2998 ($dff) from module top (D = $flatten\blkProj14999_7.\blkProj14963_55.\blk3902_64.$memrd$\r_Mem$/openlane/designs/riscv_stage2/src/riscv_stage2.v:473$380_DATA, Q = \blkProj14999_7.blkProj14963_55.blk3902_64.o_Data, rval = 0).
Adding EN signal on $flatten\blkProj14999_7.\blk4086_75.$procdff$2980 ($adff) from module top (D = \blkProj14999_7.blk4086_75.pc_next_i, Q = \blkProj14999_7.blk4086_75.pc_o).
Adding SRST signal on $flatten\blkProj14999_7.\blk4000_70.$procdff$2981 ($dff) from module top (D = $flatten\blkProj14999_7.\blk4000_70.$procmux$1140_Y, Q = \blkProj14999_7.blk4000_70.o_Data, rval = 0).
Adding EN signal on $auto$ff.cc:266:slice$3365 ($sdff) from module top (D = \blkProj14999_7.blk4000_70.i_Data, Q = \blkProj14999_7.blk4000_70.o_Data).
Adding SRST signal on $flatten\blkProj14999_7.\blk3999_71.$procdff$2982 ($dff) from module top (D = $flatten\blkProj14999_7.\blk3999_71.$procmux$1145_Y, Q = \blkProj14999_7.blk3999_71.o_Instruction, rval = 19).
Adding EN signal on $auto$ff.cc:266:slice$3367 ($sdff) from module top (D = \blkProj14999_7.blk3999_71.i_Instruction, Q = \blkProj14999_7.blk3999_71.o_Instruction).
Adding EN signal on $flatten\blkProj14999_7.\blk3995_50.$procdff$2983 ($adff) from module top (D = \blkProj14999_7.blk3995_50.rs2_data_i, Q = \blkProj14999_7.blk3995_50.rs2_data_o).
Adding EN signal on $flatten\blkProj14999_7.\blk3994_49.$procdff$2984 ($adff) from module top (D = \blkProj14999_7.blk3994_49.rs1_data_i, Q = \blkProj14999_7.blk3994_49.rs1_data_o).
Adding EN signal on $flatten\blkProj14999_7.\blk2116_47.$procdff$3043 ($adff) from module top (D = $flatten\blkProj14999_7.\blk2116_47.$4\r_Registers[31][31:0], Q = \blkProj14999_7.blk2116_47.r_Registers[31]).
Adding EN signal on $flatten\blkProj14999_7.\blk2116_47.$procdff$3042 ($adff) from module top (D = $flatten\blkProj14999_7.\blk2116_47.$4\r_Registers[30][31:0], Q = \blkProj14999_7.blk2116_47.r_Registers[30]).
Adding EN signal on $flatten\blkProj14999_7.\blk2116_47.$procdff$3041 ($adff) from module top (D = $flatten\blkProj14999_7.\blk2116_47.$4\r_Registers[29][31:0], Q = \blkProj14999_7.blk2116_47.r_Registers[29]).
Adding EN signal on $flatten\blkProj14999_7.\blk2116_47.$procdff$3040 ($adff) from module top (D = $flatten\blkProj14999_7.\blk2116_47.$4\r_Registers[28][31:0], Q = \blkProj14999_7.blk2116_47.r_Registers[28]).
Adding EN signal on $flatten\blkProj14999_7.\blk2116_47.$procdff$3039 ($adff) from module top (D = $flatten\blkProj14999_7.\blk2116_47.$4\r_Registers[27][31:0], Q = \blkProj14999_7.blk2116_47.r_Registers[27]).
Adding EN signal on $flatten\blkProj14999_7.\blk2116_47.$procdff$3038 ($adff) from module top (D = $flatten\blkProj14999_7.\blk2116_47.$4\r_Registers[26][31:0], Q = \blkProj14999_7.blk2116_47.r_Registers[26]).
Adding EN signal on $flatten\blkProj14999_7.\blk2116_47.$procdff$3037 ($adff) from module top (D = $flatten\blkProj14999_7.\blk2116_47.$4\r_Registers[25][31:0], Q = \blkProj14999_7.blk2116_47.r_Registers[25]).
Adding EN signal on $flatten\blkProj14999_7.\blk2116_47.$procdff$3036 ($adff) from module top (D = $flatten\blkProj14999_7.\blk2116_47.$4\r_Registers[24][31:0], Q = \blkProj14999_7.blk2116_47.r_Registers[24]).
Adding EN signal on $flatten\blkProj14999_7.\blk2116_47.$procdff$3035 ($adff) from module top (D = $flatten\blkProj14999_7.\blk2116_47.$4\r_Registers[23][31:0], Q = \blkProj14999_7.blk2116_47.r_Registers[23]).
Adding EN signal on $flatten\blkProj14999_7.\blk2116_47.$procdff$3034 ($adff) from module top (D = $flatten\blkProj14999_7.\blk2116_47.$4\r_Registers[22][31:0], Q = \blkProj14999_7.blk2116_47.r_Registers[22]).
Adding EN signal on $flatten\blkProj14999_7.\blk2116_47.$procdff$3033 ($adff) from module top (D = $flatten\blkProj14999_7.\blk2116_47.$4\r_Registers[21][31:0], Q = \blkProj14999_7.blk2116_47.r_Registers[21]).
Adding EN signal on $flatten\blkProj14999_7.\blk2116_47.$procdff$3032 ($adff) from module top (D = $flatten\blkProj14999_7.\blk2116_47.$4\r_Registers[20][31:0], Q = \blkProj14999_7.blk2116_47.r_Registers[20]).
Adding EN signal on $flatten\blkProj14999_7.\blk2116_47.$procdff$3031 ($adff) from module top (D = $flatten\blkProj14999_7.\blk2116_47.$4\r_Registers[19][31:0], Q = \blkProj14999_7.blk2116_47.r_Registers[19]).
Adding EN signal on $flatten\blkProj14999_7.\blk2116_47.$procdff$3030 ($adff) from module top (D = $flatten\blkProj14999_7.\blk2116_47.$4\r_Registers[18][31:0], Q = \blkProj14999_7.blk2116_47.r_Registers[18]).
Adding EN signal on $flatten\blkProj14999_7.\blk2116_47.$procdff$3029 ($adff) from module top (D = $flatten\blkProj14999_7.\blk2116_47.$4\r_Registers[17][31:0], Q = \blkProj14999_7.blk2116_47.r_Registers[17]).
Adding EN signal on $flatten\blkProj14999_7.\blk2116_47.$procdff$3028 ($adff) from module top (D = $flatten\blkProj14999_7.\blk2116_47.$4\r_Registers[16][31:0], Q = \blkProj14999_7.blk2116_47.r_Registers[16]).
Adding EN signal on $flatten\blkProj14999_7.\blk2116_47.$procdff$3027 ($adff) from module top (D = $flatten\blkProj14999_7.\blk2116_47.$4\r_Registers[15][31:0], Q = \blkProj14999_7.blk2116_47.r_Registers[15]).
Adding EN signal on $flatten\blkProj14999_7.\blk2116_47.$procdff$3026 ($adff) from module top (D = $flatten\blkProj14999_7.\blk2116_47.$4\r_Registers[14][31:0], Q = \blkProj14999_7.blk2116_47.r_Registers[14]).
Adding EN signal on $flatten\blkProj14999_7.\blk2116_47.$procdff$3025 ($adff) from module top (D = $flatten\blkProj14999_7.\blk2116_47.$4\r_Registers[13][31:0], Q = \blkProj14999_7.blk2116_47.r_Registers[13]).
Adding EN signal on $flatten\blkProj14999_7.\blk2116_47.$procdff$3024 ($adff) from module top (D = $flatten\blkProj14999_7.\blk2116_47.$4\r_Registers[12][31:0], Q = \blkProj14999_7.blk2116_47.r_Registers[12]).
Adding EN signal on $flatten\blkProj14999_7.\blk2116_47.$procdff$3023 ($adff) from module top (D = $flatten\blkProj14999_7.\blk2116_47.$4\r_Registers[11][31:0], Q = \blkProj14999_7.blk2116_47.r_Registers[11]).
Adding EN signal on $flatten\blkProj14999_7.\blk2116_47.$procdff$3022 ($adff) from module top (D = $flatten\blkProj14999_7.\blk2116_47.$4\r_Registers[10][31:0], Q = \blkProj14999_7.blk2116_47.r_Registers[10]).
Adding EN signal on $flatten\blkProj14999_7.\blk2116_47.$procdff$3021 ($adff) from module top (D = $flatten\blkProj14999_7.\blk2116_47.$4\r_Registers[9][31:0], Q = \blkProj14999_7.blk2116_47.r_Registers[9]).
Adding EN signal on $flatten\blkProj14999_7.\blk2116_47.$procdff$3020 ($adff) from module top (D = $flatten\blkProj14999_7.\blk2116_47.$4\r_Registers[8][31:0], Q = \blkProj14999_7.blk2116_47.r_Registers[8]).
Adding EN signal on $flatten\blkProj14999_7.\blk2116_47.$procdff$3019 ($adff) from module top (D = $flatten\blkProj14999_7.\blk2116_47.$4\r_Registers[7][31:0], Q = \blkProj14999_7.blk2116_47.r_Registers[7]).
Adding EN signal on $flatten\blkProj14999_7.\blk2116_47.$procdff$3018 ($adff) from module top (D = $flatten\blkProj14999_7.\blk2116_47.$4\r_Registers[6][31:0], Q = \blkProj14999_7.blk2116_47.r_Registers[6]).
Adding EN signal on $flatten\blkProj14999_7.\blk2116_47.$procdff$3017 ($adff) from module top (D = $flatten\blkProj14999_7.\blk2116_47.$4\r_Registers[5][31:0], Q = \blkProj14999_7.blk2116_47.r_Registers[5]).
Adding EN signal on $flatten\blkProj14999_7.\blk2116_47.$procdff$3016 ($adff) from module top (D = $flatten\blkProj14999_7.\blk2116_47.$4\r_Registers[4][31:0], Q = \blkProj14999_7.blk2116_47.r_Registers[4]).
Adding EN signal on $flatten\blkProj14999_7.\blk2116_47.$procdff$3015 ($adff) from module top (D = $flatten\blkProj14999_7.\blk2116_47.$4\r_Registers[3][31:0], Q = \blkProj14999_7.blk2116_47.r_Registers[3]).
Adding EN signal on $flatten\blkProj14999_7.\blk2116_47.$procdff$3014 ($adff) from module top (D = $flatten\blkProj14999_7.\blk2116_47.$4\r_Registers[2][31:0], Q = \blkProj14999_7.blk2116_47.r_Registers[2]).
Adding EN signal on $flatten\blkProj14999_7.\blk2116_47.$procdff$3013 ($adff) from module top (D = $flatten\blkProj14999_7.\blk2116_47.$4\r_Registers[1][31:0], Q = \blkProj14999_7.blk2116_47.r_Registers[1]).
Adding EN signal on $flatten\blkProj14999_7.\blk2116_47.$procdff$3012 ($adff) from module top (D = $flatten\blkProj14999_7.\blk2116_47.$4\r_Registers[0][31:0], Q = \blkProj14999_7.blk2116_47.r_Registers[0]).

24.7. Executing OPT_CLEAN pass (remove unused cells and wires).
Finding unused cells or wires in module \top..
Removed 45 unused cells and 45 unused wires.
<suppressed ~46 debug messages>

24.8. Executing OPT_EXPR pass (perform const folding).
Optimizing module top.
<suppressed ~37 debug messages>

24.9. Rerunning OPT passes. (Maybe there is more to do..)

24.10. Executing OPT_MUXTREE pass (detect dead branches in mux trees).
Running muxtree optimizer on module \top..
  Creating internal representation of mux trees.
  Evaluating internal representation of mux trees.
  Analyzing evaluation results.
Removed 0 multiplexer ports.
<suppressed ~146 debug messages>

24.11. Executing OPT_REDUCE pass (consolidate $*mux and $reduce_* inputs).
  Optimizing cells in module \top.
    New ctrl vector for $pmux cell $flatten\blkProj14999_7.\blk2116_47.$procmux$1725: $flatten\blkProj14999_7.\blk2116_47.$procmux$1757_CMP
    New ctrl vector for $pmux cell $flatten\blkProj14999_7.\blk2116_47.$procmux$1761: $flatten\blkProj14999_7.\blk2116_47.$procmux$1726_CMP
    New ctrl vector for $pmux cell $flatten\blkProj14999_7.\blk2116_47.$procmux$1797: $flatten\blkProj14999_7.\blk2116_47.$procmux$1727_CMP
    New ctrl vector for $pmux cell $flatten\blkProj14999_7.\blk2116_47.$procmux$1833: $flatten\blkProj14999_7.\blk2116_47.$procmux$1728_CMP
    New ctrl vector for $pmux cell $flatten\blkProj14999_7.\blk2116_47.$procmux$1869: $flatten\blkProj14999_7.\blk2116_47.$procmux$1729_CMP
    New ctrl vector for $pmux cell $flatten\blkProj14999_7.\blk2116_47.$procmux$1905: $flatten\blkProj14999_7.\blk2116_47.$procmux$1730_CMP
    New ctrl vector for $pmux cell $flatten\blkProj14999_7.\blk2116_47.$procmux$1941: $flatten\blkProj14999_7.\blk2116_47.$procmux$1731_CMP
    New ctrl vector for $pmux cell $flatten\blkProj14999_7.\blk2116_47.$procmux$1977: $flatten\blkProj14999_7.\blk2116_47.$procmux$1732_CMP
    New ctrl vector for $pmux cell $flatten\blkProj14999_7.\blk2116_47.$procmux$2013: $flatten\blkProj14999_7.\blk2116_47.$procmux$1733_CMP
    New ctrl vector for $pmux cell $flatten\blkProj14999_7.\blk2116_47.$procmux$2049: $flatten\blkProj14999_7.\blk2116_47.$procmux$1734_CMP
    New ctrl vector for $pmux cell $flatten\blkProj14999_7.\blk2116_47.$procmux$2085: $flatten\blkProj14999_7.\blk2116_47.$procmux$1735_CMP
    New ctrl vector for $pmux cell $flatten\blkProj14999_7.\blk2116_47.$procmux$2121: $flatten\blkProj14999_7.\blk2116_47.$procmux$1736_CMP
    New ctrl vector for $pmux cell $flatten\blkProj14999_7.\blk2116_47.$procmux$2157: $flatten\blkProj14999_7.\blk2116_47.$procmux$1737_CMP
    New ctrl vector for $pmux cell $flatten\blkProj14999_7.\blk2116_47.$procmux$2193: $flatten\blkProj14999_7.\blk2116_47.$procmux$1738_CMP
    New ctrl vector for $pmux cell $flatten\blkProj14999_7.\blk2116_47.$procmux$2229: $flatten\blkProj14999_7.\blk2116_47.$procmux$1739_CMP
    New ctrl vector for $pmux cell $flatten\blkProj14999_7.\blk2116_47.$procmux$2265: $flatten\blkProj14999_7.\blk2116_47.$procmux$1740_CMP
    New ctrl vector for $pmux cell $flatten\blkProj14999_7.\blk2116_47.$procmux$2301: $flatten\blkProj14999_7.\blk2116_47.$procmux$1741_CMP
    New ctrl vector for $pmux cell $flatten\blkProj14999_7.\blk2116_47.$procmux$2337: $flatten\blkProj14999_7.\blk2116_47.$procmux$1742_CMP
    New ctrl vector for $pmux cell $flatten\blkProj14999_7.\blk2116_47.$procmux$2373: $flatten\blkProj14999_7.\blk2116_47.$procmux$1743_CMP
    New ctrl vector for $pmux cell $flatten\blkProj14999_7.\blk2116_47.$procmux$2409: $flatten\blkProj14999_7.\blk2116_47.$procmux$1744_CMP
    New ctrl vector for $pmux cell $flatten\blkProj14999_7.\blk2116_47.$procmux$2445: $flatten\blkProj14999_7.\blk2116_47.$procmux$1745_CMP
    New ctrl vector for $pmux cell $flatten\blkProj14999_7.\blk2116_47.$procmux$2481: $flatten\blkProj14999_7.\blk2116_47.$procmux$1746_CMP
    New ctrl vector for $pmux cell $flatten\blkProj14999_7.\blk2116_47.$procmux$2517: $flatten\blkProj14999_7.\blk2116_47.$procmux$1747_CMP
    New ctrl vector for $pmux cell $flatten\blkProj14999_7.\blk2116_47.$procmux$2553: $flatten\blkProj14999_7.\blk2116_47.$procmux$1748_CMP
    New ctrl vector for $pmux cell $flatten\blkProj14999_7.\blk2116_47.$procmux$2589: $flatten\blkProj14999_7.\blk2116_47.$procmux$1749_CMP
    New ctrl vector for $pmux cell $flatten\blkProj14999_7.\blk2116_47.$procmux$2625: $flatten\blkProj14999_7.\blk2116_47.$procmux$1750_CMP
    New ctrl vector for $pmux cell $flatten\blkProj14999_7.\blk2116_47.$procmux$2661: $flatten\blkProj14999_7.\blk2116_47.$procmux$1751_CMP
    New ctrl vector for $pmux cell $flatten\blkProj14999_7.\blk2116_47.$procmux$2697: $flatten\blkProj14999_7.\blk2116_47.$procmux$1752_CMP
    New ctrl vector for $pmux cell $flatten\blkProj14999_7.\blk2116_47.$procmux$2733: $flatten\blkProj14999_7.\blk2116_47.$procmux$1753_CMP
    New ctrl vector for $pmux cell $flatten\blkProj14999_7.\blk2116_47.$procmux$2769: $flatten\blkProj14999_7.\blk2116_47.$procmux$1754_CMP
    New ctrl vector for $pmux cell $flatten\blkProj14999_7.\blk2116_47.$procmux$2805: $flatten\blkProj14999_7.\blk2116_47.$procmux$1755_CMP
    New ctrl vector for $pmux cell $flatten\blkProj14999_7.\blk2116_47.$procmux$2841: $flatten\blkProj14999_7.\blk2116_47.$procmux$1756_CMP
  Optimizing cells in module \top.
Performed a total of 32 changes.

24.12. Executing OPT_MERGE pass (detect identical cells).
Finding identical cells in module `\top'.
<suppressed ~30 debug messages>
Removed a total of 10 cells.

24.13. Executing OPT_DFF pass (perform DFF optimizations).

24.14. Executing OPT_CLEAN pass (remove unused cells and wires).
Finding unused cells or wires in module \top..
Removed 0 unused cells and 10 unused wires.
<suppressed ~1 debug messages>

24.15. Executing OPT_EXPR pass (perform const folding).
Optimizing module top.

24.16. Rerunning OPT passes. (Maybe there is more to do..)

24.17. Executing OPT_MUXTREE pass (detect dead branches in mux trees).
Running muxtree optimizer on module \top..
  Creating internal representation of mux trees.
  Evaluating internal representation of mux trees.
  Analyzing evaluation results.
Removed 0 multiplexer ports.
<suppressed ~146 debug messages>

24.18. Executing OPT_REDUCE pass (consolidate $*mux and $reduce_* inputs).
  Optimizing cells in module \top.
Performed a total of 0 changes.

24.19. Executing OPT_MERGE pass (detect identical cells).
Finding identical cells in module `\top'.
Removed a total of 0 cells.

24.20. Executing OPT_DFF pass (perform DFF optimizations).

24.21. Executing OPT_CLEAN pass (remove unused cells and wires).
Finding unused cells or wires in module \top..

24.22. Executing OPT_EXPR pass (perform const folding).
Optimizing module top.

24.23. Finished OPT passes. (There is nothing left to do.)

25. Executing WREDUCE pass (reducing word size of cells).
Removed top 9 address bits (of 11) from memory init port top.$flatten\blkProj14999_7.\blkProj14963_55.\blk3902_64.$auto$proc_memwr.cc:45:proc_memwr$3046 (blkProj14999_7.blkProj14963_55.blk3902_64.r_Mem).
Removed top 9 address bits (of 11) from memory init port top.$flatten\blkProj14999_7.\blkProj14963_55.\blk3902_64.$auto$proc_memwr.cc:45:proc_memwr$3047 (blkProj14999_7.blkProj14963_55.blk3902_64.r_Mem).
Removed top 9 address bits (of 11) from memory init port top.$flatten\blkProj14999_7.\blkProj14963_55.\blk3902_64.$auto$proc_memwr.cc:45:proc_memwr$3048 (blkProj14999_7.blkProj14963_55.blk3902_64.r_Mem).
Removed top 9 address bits (of 11) from memory init port top.$flatten\blkProj14999_7.\blkProj14963_55.\blk3902_64.$auto$proc_memwr.cc:45:proc_memwr$3049 (blkProj14999_7.blkProj14963_55.blk3902_64.r_Mem).
Removed top 9 address bits (of 11) from memory read port top.$flatten\blkProj14999_7.\blkProj14963_55.\blk3902_64.$memrd$\r_Mem$/openlane/designs/riscv_stage2/src/riscv_stage2.v:473$380 (blkProj14999_7.blkProj14963_55.blk3902_64.r_Mem).
Removed top 1 bits (of 2) from port B of cell top.$auto$opt_dff.cc:195:make_patterns_logic$3356 ($ne).
Removed top 1 bits (of 2) from port B of cell top.$auto$opt_dff.cc:195:make_patterns_logic$3322 ($ne).
Removed top 2 bits (of 4) from mux cell top.$flatten\blkProj14523_5.\blk4197_44.$ternary$/openlane/designs/riscv_stage2/src/riscv_stage2.v:997$439 ($mux).
Removed top 2 bits (of 5) from mux cell top.$flatten\blkProj14523_5.\blk4197_44.$ternary$/openlane/designs/riscv_stage2/src/riscv_stage2.v:1292$445 ($mux).
Removed top 1 bits (of 3) from port B of cell top.$flatten\blkProj14523_5.\blk4197_44.$procmux$491_CMP0 ($eq).
Removed top 1 bits (of 3) from port B of cell top.$flatten\blkProj14523_5.\blk4197_44.$procmux$492_CMP0 ($eq).
Removed top 2 bits (of 3) from port B of cell top.$flatten\blkProj14523_5.\blk4197_44.$procmux$493_CMP0 ($eq).
Removed top 1 bits (of 7) from port B of cell top.$flatten\blkProj14523_5.\blk4197_44.$procmux$571_CMP0 ($eq).
Removed top 4 bits (of 5) from port B of cell top.$flatten\blkProj14523_5.\blk4197_44.$procmux$573_CMP0 ($eq).
Removed top 2 bits (of 7) from port B of cell top.$flatten\blkProj14523_5.\blk4197_44.$procmux$640_CMP0 ($eq).
Removed top 1 bits (of 7) from port B of cell top.$flatten\blkProj14523_5.\blk4197_44.$procmux$641_CMP0 ($eq).
Removed top 1 bits (of 7) from port B of cell top.$flatten\blkProj14523_5.\blk4197_44.$procmux$645_CMP0 ($eq).
Removed top 5 bits (of 7) from port B of cell top.$flatten\blkProj14523_5.\blk4197_44.$procmux$646_CMP0 ($eq).
Removed top 2 bits (of 7) from port B of cell top.$flatten\blkProj14523_5.\blk4197_44.$procmux$647_CMP0 ($eq).
Removed top 1 bits (of 5) from port B of cell top.$flatten\blkProj14523_5.\blk4197_44.$procmux$660_CMP0 ($eq).
Removed top 1 bits (of 5) from port B of cell top.$flatten\blkProj14523_5.\blk4197_44.$procmux$891_CMP0 ($eq).
Removed top 1 bits (of 5) from port B of cell top.$flatten\blkProj14523_5.\blk4197_44.$procmux$1007_CMP0 ($eq).
Removed top 1 bits (of 5) from port B of cell top.$flatten\blkProj14523_5.\blk4197_44.$procmux$1008_CMP0 ($eq).
Removed top 1 bits (of 5) from port B of cell top.$flatten\blkProj14523_5.\blk4197_44.$procmux$1009_CMP0 ($eq).
Removed top 2 bits (of 5) from port B of cell top.$flatten\blkProj14523_5.\blk4197_44.$procmux$1010_CMP0 ($eq).
Removed top 2 bits (of 5) from port B of cell top.$flatten\blkProj14523_5.\blk4197_44.$procmux$1011_CMP0 ($eq).
Removed top 1 bits (of 5) from port B of cell top.$flatten\blkProj14523_5.\blk4197_44.$procmux$1024_CMP0 ($eq).
Removed top 1 bits (of 5) from port B of cell top.$flatten\blkProj14523_5.\blk4197_44.$procmux$1026_CMP0 ($eq).
Removed top 1 bits (of 5) from port B of cell top.$flatten\blkProj14523_5.\blk4197_44.$procmux$1027_CMP0 ($eq).
Removed top 2 bits (of 5) from port B of cell top.$flatten\blkProj14523_5.\blk4197_44.$procmux$1028_CMP0 ($eq).
Removed top 2 bits (of 5) from port B of cell top.$flatten\blkProj14523_5.\blk4197_44.$procmux$1031_CMP0 ($eq).
Removed top 3 bits (of 5) from port B of cell top.$flatten\blkProj14523_5.\blk4197_44.$procmux$1032_CMP0 ($eq).
Removed top 1 bits (of 4) from mux cell top.$flatten\blkProj14523_5.\blk4197_44.$procmux$1052 ($mux).
Removed top 3 bits (of 5) from port B of cell top.$flatten\blkProj14523_5.\blk4197_44.$procmux$1067_CMP0 ($eq).
Removed top 6 bits (of 7) from port B of cell top.$flatten\blkProj14523_5.\blk4197_44.$eq$/openlane/designs/riscv_stage2/src/riscv_stage2.v:1083$435 ($eq).
Removed top 1 bits (of 2) from port B of cell top.$flatten\blkProj14999_7.\blk3998_111.$procmux$1153_CMP0 ($eq).
Removed top 1 bits (of 2) from port B of cell top.$flatten\blkProj14999_7.\blk3997_110.$procmux$1158_CMP0 ($eq).
Removed top 1 bits (of 2) from port B of cell top.$flatten\blkProj14999_7.\blk3989_105.$procmux$1166_CMP0 ($eq).
Removed top 1 bits (of 2) from port B of cell top.$flatten\blkProj14999_7.\blkProj15103_101.\blk4110_21.$procmux$1100_CMP0 ($eq).
Removed top 1 bits (of 2) from port B of cell top.$flatten\blkProj14999_7.\blkProj15103_101.\blk4110_21.$procmux$1092_CMP0 ($eq).
Removed top 3 bits (of 7) from port B of cell top.$flatten\blkProj14999_7.\blkProj14957_56.\blk3885_16.$procmux$1375_CMP4 ($eq).
Removed top 3 bits (of 16) from port B of cell top.$flatten\blkProj14999_7.\blkProj14963_55.\blk3900_57.$eq$/openlane/designs/riscv_stage2/src/riscv_stage2.v:410$332 ($eq).
Removed top 9 bits (of 11) from mux cell top.$flatten\blkProj14999_7.\blkProj14963_55.\blk3902_64.$procmux$1348 ($mux).
Removed top 9 bits (of 11) from mux cell top.$flatten\blkProj14999_7.\blkProj14963_55.\blk3902_64.$procmux$1339 ($mux).
Removed top 9 bits (of 11) from mux cell top.$flatten\blkProj14999_7.\blkProj14963_55.\blk3902_64.$procmux$1330 ($mux).
Removed top 9 bits (of 11) from mux cell top.$flatten\blkProj14999_7.\blkProj14963_55.\blk3902_64.$procmux$1321 ($mux).
Removed top 9 bits (of 11) from mux cell top.$flatten\blkProj14999_7.\blkProj14963_55.\blk3902_64.$procmux$1310 ($mux).
Removed top 9 bits (of 11) from mux cell top.$flatten\blkProj14999_7.\blkProj14963_55.\blk3902_64.$procmux$1292 ($mux).
Removed top 9 bits (of 11) from mux cell top.$flatten\blkProj14999_7.\blkProj14963_55.\blk3902_64.$procmux$1274 ($mux).
Removed top 9 bits (of 11) from mux cell top.$flatten\blkProj14999_7.\blkProj14963_55.\blk3902_64.$procmux$1256 ($mux).
Removed top 9 bits (of 32) from port B of cell top.$flatten\blkProj14999_7.\blkProj14963_55.\blk3901_67.$procmux$1354_CMP0 ($eq).
Removed top 9 bits (of 32) from port B of cell top.$flatten\blkProj14999_7.\blkProj14963_55.\blk3901_67.$procmux$1353_CMP0 ($eq).
Removed top 8 bits (of 32) from mux cell top.$flatten\blkProj14999_7.\blkProj14963_55.\blk3901_67.$procmux$1351 ($pmux).
Removed top 9 bits (of 32) from port B of cell top.$flatten\blkProj14999_7.\blkProj14963_55.\blk3901_67.$procmux$1352_CMP0 ($eq).
Removed top 3 bits (of 4) from port B of cell top.$flatten\blkProj14999_7.\blkProj14268_54.\blk3085_2.$procmux$1656_CMP0 ($eq).
Removed top 2 bits (of 4) from port B of cell top.$flatten\blkProj14999_7.\blkProj14268_54.\blk3085_2.$procmux$1655_CMP0 ($eq).
Removed top 2 bits (of 4) from port B of cell top.$flatten\blkProj14999_7.\blkProj14268_54.\blk3085_2.$procmux$1654_CMP0 ($eq).
Removed top 1 bits (of 4) from port B of cell top.$flatten\blkProj14999_7.\blkProj14268_54.\blk3085_2.$procmux$1653_CMP0 ($eq).
Removed top 1 bits (of 4) from port B of cell top.$flatten\blkProj14999_7.\blkProj14268_54.\blk3085_2.$procmux$1652_CMP0 ($eq).
Removed top 1 bits (of 4) from port B of cell top.$flatten\blkProj14999_7.\blkProj14268_54.\blk3085_2.$procmux$1651_CMP0 ($eq).
Removed top 1 bits (of 4) from port B of cell top.$flatten\blkProj14999_7.\blkProj14268_54.\blk3085_2.$procmux$1650_CMP0 ($eq).
Removed top 31 bits (of 32) from mux cell top.$flatten\blkProj14999_7.\blkProj14268_54.\blk3085_2.$ternary$/openlane/designs/riscv_stage2/src/riscv_stage2.v:96$44 ($mux).
Removed top 31 bits (of 32) from mux cell top.$flatten\blkProj14999_7.\blkProj14268_54.\blk3085_2.$ternary$/openlane/designs/riscv_stage2/src/riscv_stage2.v:95$42 ($mux).
Removed top 1 bits (of 5) from port B of cell top.$flatten\blkProj14999_7.\blk2116_47.$procmux$1675_CMP0 ($eq).
Removed top 1 bits (of 5) from port B of cell top.$flatten\blkProj14999_7.\blk2116_47.$procmux$1676_CMP0 ($eq).
Removed top 1 bits (of 5) from port B of cell top.$flatten\blkProj14999_7.\blk2116_47.$procmux$1677_CMP0 ($eq).
Removed top 1 bits (of 5) from port B of cell top.$flatten\blkProj14999_7.\blk2116_47.$procmux$1678_CMP0 ($eq).
Removed top 1 bits (of 5) from port B of cell top.$flatten\blkProj14999_7.\blk2116_47.$procmux$1679_CMP0 ($eq).
Removed top 1 bits (of 5) from port B of cell top.$flatten\blkProj14999_7.\blk2116_47.$procmux$1680_CMP0 ($eq).
Removed top 1 bits (of 5) from port B of cell top.$flatten\blkProj14999_7.\blk2116_47.$procmux$1681_CMP0 ($eq).
Removed top 1 bits (of 5) from port B of cell top.$flatten\blkProj14999_7.\blk2116_47.$procmux$1682_CMP0 ($eq).
Removed top 2 bits (of 5) from port B of cell top.$flatten\blkProj14999_7.\blk2116_47.$procmux$1683_CMP0 ($eq).
Removed top 2 bits (of 5) from port B of cell top.$flatten\blkProj14999_7.\blk2116_47.$procmux$1684_CMP0 ($eq).
Removed top 2 bits (of 5) from port B of cell top.$flatten\blkProj14999_7.\blk2116_47.$procmux$1685_CMP0 ($eq).
Removed top 2 bits (of 5) from port B of cell top.$flatten\blkProj14999_7.\blk2116_47.$procmux$1686_CMP0 ($eq).
Removed top 3 bits (of 5) from port B of cell top.$flatten\blkProj14999_7.\blk2116_47.$procmux$1687_CMP0 ($eq).
Removed top 3 bits (of 5) from port B of cell top.$flatten\blkProj14999_7.\blk2116_47.$procmux$1688_CMP0 ($eq).
Removed top 4 bits (of 5) from port B of cell top.$flatten\blkProj14999_7.\blk2116_47.$procmux$1689_CMP0 ($eq).
Removed top 1 bits (of 5) from port B of cell top.$flatten\blkProj14999_7.\blk2116_47.$procmux$1708_CMP0 ($eq).
Removed top 1 bits (of 5) from port B of cell top.$flatten\blkProj14999_7.\blk2116_47.$procmux$1709_CMP0 ($eq).
Removed top 1 bits (of 5) from port B of cell top.$flatten\blkProj14999_7.\blk2116_47.$procmux$1710_CMP0 ($eq).
Removed top 1 bits (of 5) from port B of cell top.$flatten\blkProj14999_7.\blk2116_47.$procmux$1711_CMP0 ($eq).
Removed top 1 bits (of 5) from port B of cell top.$flatten\blkProj14999_7.\blk2116_47.$procmux$1712_CMP0 ($eq).
Removed top 1 bits (of 5) from port B of cell top.$flatten\blkProj14999_7.\blk2116_47.$procmux$1713_CMP0 ($eq).
Removed top 1 bits (of 5) from port B of cell top.$flatten\blkProj14999_7.\blk2116_47.$procmux$1714_CMP0 ($eq).
Removed top 1 bits (of 5) from port B of cell top.$flatten\blkProj14999_7.\blk2116_47.$procmux$1715_CMP0 ($eq).
Removed top 2 bits (of 5) from port B of cell top.$flatten\blkProj14999_7.\blk2116_47.$procmux$1716_CMP0 ($eq).
Removed top 2 bits (of 5) from port B of cell top.$flatten\blkProj14999_7.\blk2116_47.$procmux$1717_CMP0 ($eq).
Removed top 2 bits (of 5) from port B of cell top.$flatten\blkProj14999_7.\blk2116_47.$procmux$1718_CMP0 ($eq).
Removed top 2 bits (of 5) from port B of cell top.$flatten\blkProj14999_7.\blk2116_47.$procmux$1719_CMP0 ($eq).
Removed top 3 bits (of 5) from port B of cell top.$flatten\blkProj14999_7.\blk2116_47.$procmux$1720_CMP0 ($eq).
Removed top 3 bits (of 5) from port B of cell top.$flatten\blkProj14999_7.\blk2116_47.$procmux$1721_CMP0 ($eq).
Removed top 4 bits (of 5) from port B of cell top.$flatten\blkProj14999_7.\blk2116_47.$procmux$1722_CMP0 ($eq).
Removed top 1 bits (of 5) from port B of cell top.$flatten\blkProj14999_7.\blk2116_47.$procmux$1742_CMP0 ($eq).
Removed top 1 bits (of 5) from port B of cell top.$flatten\blkProj14999_7.\blk2116_47.$procmux$1743_CMP0 ($eq).
Removed top 1 bits (of 5) from port B of cell top.$flatten\blkProj14999_7.\blk2116_47.$procmux$1744_CMP0 ($eq).
Removed top 1 bits (of 5) from port B of cell top.$flatten\blkProj14999_7.\blk2116_47.$procmux$1745_CMP0 ($eq).
Removed top 1 bits (of 5) from port B of cell top.$flatten\blkProj14999_7.\blk2116_47.$procmux$1746_CMP0 ($eq).
Removed top 1 bits (of 5) from port B of cell top.$flatten\blkProj14999_7.\blk2116_47.$procmux$1747_CMP0 ($eq).
Removed top 1 bits (of 5) from port B of cell top.$flatten\blkProj14999_7.\blk2116_47.$procmux$1748_CMP0 ($eq).
Removed top 1 bits (of 5) from port B of cell top.$flatten\blkProj14999_7.\blk2116_47.$procmux$1749_CMP0 ($eq).
Removed top 2 bits (of 5) from port B of cell top.$flatten\blkProj14999_7.\blk2116_47.$procmux$1750_CMP0 ($eq).
Removed top 2 bits (of 5) from port B of cell top.$flatten\blkProj14999_7.\blk2116_47.$procmux$1751_CMP0 ($eq).
Removed top 2 bits (of 5) from port B of cell top.$flatten\blkProj14999_7.\blk2116_47.$procmux$1752_CMP0 ($eq).
Removed top 2 bits (of 5) from port B of cell top.$flatten\blkProj14999_7.\blk2116_47.$procmux$1753_CMP0 ($eq).
Removed top 3 bits (of 5) from port B of cell top.$flatten\blkProj14999_7.\blk2116_47.$procmux$1754_CMP0 ($eq).
Removed top 3 bits (of 5) from port B of cell top.$flatten\blkProj14999_7.\blk2116_47.$procmux$1755_CMP0 ($eq).
Removed top 4 bits (of 5) from port B of cell top.$flatten\blkProj14999_7.\blk2116_47.$procmux$1756_CMP0 ($eq).
Removed top 1 bits (of 3) from port B of cell top.$flatten\blkProj14999_7.\blkProj14991_42.\blk3979_4.$procmux$1236_CMP2 ($eq).
Removed top 1 bits (of 3) from port B of cell top.$flatten\blkProj14999_7.\blkProj14991_42.\blk3979_4.$procmux$1236_CMP1 ($eq).
Removed top 2 bits (of 3) from port B of cell top.$flatten\blkProj14999_7.\blkProj14991_42.\blk3979_4.$procmux$1236_CMP0 ($eq).
Removed top 1 bits (of 2) from port B of cell top.$flatten\blkProj14999_7.\blkProj14991_42.\blk3979_4.$procmux$1175_CMP0 ($eq).
Removed top 1 bits (of 6) from port B of cell top.$flatten\blkProj14999_7.\blkProj14991_42.\blk3979_4.$eq$/openlane/designs/riscv_stage2/src/riscv_stage2.v:565$399 ($eq).
Removed top 1 bits (of 3) from port B of cell top.$flatten\blkProj14999_7.\blkProj14991_42.\blk3979_4.$eq$/openlane/designs/riscv_stage2/src/riscv_stage2.v:516$382 ($eq).
Removed top 1 bits (of 4) from port A of cell top.$flatten\blkProj14999_7.\blkProj14952_41.\blk3878_4.$procmux$1378_CMP0 ($eq).
Removed top 2 bits (of 4) from port B of cell top.$flatten\blkProj14999_7.\blkProj14952_41.\blk3878_4.$procmux$1378_CMP0 ($eq).
Removed top 3 bits (of 16) from mux cell top.$flatten\blkProj14999_7.\blkProj14952_41.\blk3875_1.$procmux$1622 ($mux).
Removed top 3 bits (of 16) from mux cell top.$flatten\blkProj14999_7.\blkProj14952_41.\blk3875_1.$procmux$1625 ($mux).
Removed top 3 bits (of 16) from mux cell top.$flatten\blkProj14999_7.\blkProj14952_41.\blk3875_1.$procmux$1628 ($mux).
Removed top 3 bits (of 16) from mux cell top.$flatten\blkProj14999_7.\blkProj14952_41.\blk3875_1.$procmux$1631 ($mux).
Removed top 3 bits (of 16) from mux cell top.$flatten\blkProj14999_7.\blkProj14952_41.\blk3875_1.$procmux$1634 ($mux).
Removed top 3 bits (of 16) from mux cell top.$flatten\blkProj14999_7.\blkProj14952_41.\blk3875_1.$procmux$1637 ($mux).
Removed top 3 bits (of 16) from mux cell top.$flatten\blkProj14999_7.\blkProj14952_41.\blk3875_1.$procmux$1640 ($mux).
Removed top 3 bits (of 16) from mux cell top.$flatten\blkProj14999_7.\blkProj14952_41.\blk3875_1.$procmux$1643 ($mux).
Removed top 3 bits (of 16) from mux cell top.$flatten\blkProj14999_7.\blkProj14952_41.\blk3876_2.$procmux$1574 ($mux).
Removed top 3 bits (of 16) from mux cell top.$flatten\blkProj14999_7.\blkProj14952_41.\blk3876_2.$procmux$1577 ($mux).
Removed top 3 bits (of 16) from mux cell top.$flatten\blkProj14999_7.\blkProj14952_41.\blk3876_2.$procmux$1580 ($mux).
Removed top 3 bits (of 16) from mux cell top.$flatten\blkProj14999_7.\blkProj14952_41.\blk3876_2.$procmux$1583 ($mux).
Removed top 3 bits (of 16) from mux cell top.$flatten\blkProj14999_7.\blkProj14952_41.\blk3876_2.$procmux$1586 ($mux).
Removed top 3 bits (of 16) from mux cell top.$flatten\blkProj14999_7.\blkProj14952_41.\blk3876_2.$procmux$1589 ($mux).
Removed top 3 bits (of 16) from mux cell top.$flatten\blkProj14999_7.\blkProj14952_41.\blk3876_2.$procmux$1592 ($mux).
Removed top 3 bits (of 16) from mux cell top.$flatten\blkProj14999_7.\blkProj14952_41.\blk3876_2.$procmux$1595 ($mux).
Removed top 3 bits (of 16) from mux cell top.$flatten\blkProj14999_7.\blkProj14952_41.\blk3877_3.$procmux$1382 ($mux).
Removed top 3 bits (of 16) from mux cell top.$flatten\blkProj14999_7.\blkProj14952_41.\blk3877_3.$procmux$1385 ($mux).
Removed top 3 bits (of 16) from mux cell top.$flatten\blkProj14999_7.\blkProj14952_41.\blk3877_3.$procmux$1388 ($mux).
Removed top 3 bits (of 16) from mux cell top.$flatten\blkProj14999_7.\blkProj14952_41.\blk3877_3.$procmux$1391 ($mux).
Removed top 3 bits (of 16) from mux cell top.$flatten\blkProj14999_7.\blkProj14952_41.\blk3877_3.$procmux$1394 ($mux).
Removed top 3 bits (of 16) from mux cell top.$flatten\blkProj14999_7.\blkProj14952_41.\blk3877_3.$procmux$1397 ($mux).
Removed top 3 bits (of 16) from mux cell top.$flatten\blkProj14999_7.\blkProj14952_41.\blk3877_3.$procmux$1400 ($mux).
Removed top 3 bits (of 16) from mux cell top.$flatten\blkProj14999_7.\blkProj14952_41.\blk3877_3.$procmux$1403 ($mux).
Removed top 3 bits (of 16) from mux cell top.$flatten\blkProj14999_7.\blkProj14952_41.\blk3877_3.$procmux$1406 ($mux).
Removed top 3 bits (of 16) from mux cell top.$flatten\blkProj14999_7.\blkProj14952_41.\blk3877_3.$procmux$1409 ($mux).
Removed top 3 bits (of 16) from mux cell top.$flatten\blkProj14999_7.\blkProj14952_41.\blk3877_3.$procmux$1412 ($mux).
Removed top 3 bits (of 16) from mux cell top.$flatten\blkProj14999_7.\blkProj14952_41.\blk3877_3.$procmux$1415 ($mux).
Removed top 3 bits (of 16) from mux cell top.$flatten\blkProj14999_7.\blkProj14952_41.\blk3877_3.$procmux$1418 ($mux).
Removed top 3 bits (of 16) from mux cell top.$flatten\blkProj14999_7.\blkProj14952_41.\blk3877_3.$procmux$1421 ($mux).
Removed top 3 bits (of 16) from mux cell top.$flatten\blkProj14999_7.\blkProj14952_41.\blk3877_3.$procmux$1424 ($mux).
Removed top 3 bits (of 16) from mux cell top.$flatten\blkProj14999_7.\blkProj14952_41.\blk3877_3.$procmux$1427 ($mux).
Removed top 3 bits (of 16) from mux cell top.$flatten\blkProj14999_7.\blkProj14952_41.\blk3877_3.$procmux$1430 ($mux).
Removed top 3 bits (of 16) from mux cell top.$flatten\blkProj14999_7.\blkProj14952_41.\blk3877_3.$procmux$1433 ($mux).
Removed top 3 bits (of 16) from mux cell top.$flatten\blkProj14999_7.\blkProj14952_41.\blk3877_3.$procmux$1436 ($mux).
Removed top 3 bits (of 16) from mux cell top.$flatten\blkProj14999_7.\blkProj14952_41.\blk3877_3.$procmux$1439 ($mux).
Removed top 3 bits (of 16) from mux cell top.$flatten\blkProj14999_7.\blkProj14952_41.\blk3877_3.$procmux$1442 ($mux).
Removed top 3 bits (of 16) from mux cell top.$flatten\blkProj14999_7.\blkProj14952_41.\blk3877_3.$procmux$1445 ($mux).
Removed top 3 bits (of 16) from mux cell top.$flatten\blkProj14999_7.\blkProj14952_41.\blk3877_3.$procmux$1448 ($mux).
Removed top 3 bits (of 16) from mux cell top.$flatten\blkProj14999_7.\blkProj14952_41.\blk3877_3.$procmux$1451 ($mux).
Removed top 3 bits (of 16) from mux cell top.$flatten\blkProj14999_7.\blkProj14952_41.\blk3877_3.$procmux$1454 ($mux).
Removed top 3 bits (of 16) from mux cell top.$flatten\blkProj14999_7.\blkProj14952_41.\blk3877_3.$procmux$1457 ($mux).
Removed top 3 bits (of 16) from mux cell top.$flatten\blkProj14999_7.\blkProj14952_41.\blk3877_3.$procmux$1460 ($mux).
Removed top 3 bits (of 16) from mux cell top.$flatten\blkProj14999_7.\blkProj14952_41.\blk3877_3.$procmux$1463 ($mux).
Removed top 3 bits (of 16) from mux cell top.$flatten\blkProj14999_7.\blkProj14952_41.\blk3877_3.$procmux$1466 ($mux).
Removed top 3 bits (of 16) from mux cell top.$flatten\blkProj14999_7.\blkProj14952_41.\blk3877_3.$procmux$1469 ($mux).
Removed top 3 bits (of 16) from mux cell top.$flatten\blkProj14999_7.\blkProj14952_41.\blk3877_3.$procmux$1472 ($mux).
Removed top 3 bits (of 16) from mux cell top.$flatten\blkProj14999_7.\blkProj14952_41.\blk3877_3.$procmux$1475 ($mux).
Removed top 3 bits (of 16) from mux cell top.$flatten\blkProj14999_7.\blkProj14952_41.\blk3877_3.$procmux$1478 ($mux).
Removed top 3 bits (of 16) from mux cell top.$flatten\blkProj14999_7.\blkProj14952_41.\blk3877_3.$procmux$1481 ($mux).
Removed top 3 bits (of 16) from mux cell top.$flatten\blkProj14999_7.\blkProj14952_41.\blk3877_3.$procmux$1484 ($mux).
Removed top 3 bits (of 16) from mux cell top.$flatten\blkProj14999_7.\blkProj14952_41.\blk3877_3.$procmux$1487 ($mux).
Removed top 3 bits (of 16) from mux cell top.$flatten\blkProj14999_7.\blkProj14952_41.\blk3877_3.$procmux$1490 ($mux).
Removed top 3 bits (of 16) from mux cell top.$flatten\blkProj14999_7.\blkProj14952_41.\blk3877_3.$procmux$1493 ($mux).
Removed top 3 bits (of 16) from mux cell top.$flatten\blkProj14999_7.\blkProj14952_41.\blk3877_3.$procmux$1496 ($mux).
Removed top 3 bits (of 16) from mux cell top.$flatten\blkProj14999_7.\blkProj14952_41.\blk3877_3.$procmux$1499 ($mux).
Removed top 3 bits (of 16) from mux cell top.$flatten\blkProj14999_7.\blkProj14952_41.\blk3877_3.$procmux$1502 ($mux).
Removed top 3 bits (of 16) from mux cell top.$flatten\blkProj14999_7.\blkProj14952_41.\blk3877_3.$procmux$1505 ($mux).
Removed top 3 bits (of 16) from mux cell top.$flatten\blkProj14999_7.\blkProj14952_41.\blk3877_3.$procmux$1508 ($mux).
Removed top 3 bits (of 16) from mux cell top.$flatten\blkProj14999_7.\blkProj14952_41.\blk3877_3.$procmux$1511 ($mux).
Removed top 3 bits (of 16) from mux cell top.$flatten\blkProj14999_7.\blkProj14952_41.\blk3877_3.$procmux$1514 ($mux).
Removed top 3 bits (of 16) from mux cell top.$flatten\blkProj14999_7.\blkProj14952_41.\blk3877_3.$procmux$1517 ($mux).
Removed top 3 bits (of 16) from mux cell top.$flatten\blkProj14999_7.\blkProj14952_41.\blk3877_3.$procmux$1520 ($mux).
Removed top 3 bits (of 16) from mux cell top.$flatten\blkProj14999_7.\blkProj14952_41.\blk3877_3.$procmux$1523 ($mux).
Removed top 1 bits (of 4) from port A of cell top.$flatten\blkProj14999_7.\blkProj14952_41.\blk3878_4.$procmux$1379_CMP0 ($eq).
Removed top 3 bits (of 4) from port B of cell top.$flatten\blkProj14999_7.\blkProj14952_41.\blk3878_4.$procmux$1379_CMP0 ($eq).
Removed top 2 bits (of 3) from port B of cell top.$flatten\blkProj14999_7.\blkProj14991_42.\blk3979_4.$eq$/openlane/designs/riscv_stage2/src/riscv_stage2.v:516$381 ($eq).
Removed top 2 bits (of 5) from wire top.$flatten\blkProj14523_5.\blk4197_44.$ternary$/openlane/designs/riscv_stage2/src/riscv_stage2.v:1292$445_Y.
Removed top 2 bits (of 4) from wire top.$flatten\blkProj14523_5.\blk4197_44.$ternary$/openlane/designs/riscv_stage2/src/riscv_stage2.v:997$439_Y.
Removed top 31 bits (of 32) from wire top.$flatten\blkProj14999_7.\blkProj14268_54.\blk3085_2.$ternary$/openlane/designs/riscv_stage2/src/riscv_stage2.v:95$42_Y.
Removed top 31 bits (of 32) from wire top.$flatten\blkProj14999_7.\blkProj14268_54.\blk3085_2.$ternary$/openlane/designs/riscv_stage2/src/riscv_stage2.v:96$44_Y.
Removed top 8 bits (of 32) from wire top.$flatten\blkProj14999_7.\blkProj14963_55.\blk3901_67.$2\o_Instruction[31:0].
Removed top 9 bits (of 11) from wire top.$flatten\blkProj14999_7.\blkProj14963_55.\blk3902_64.$0$memwr$\r_Mem$/openlane/designs/riscv_stage2/src/riscv_stage2.v:464$338_ADDR[10:0]$343.
Removed top 1 bits (of 32) from wire top.$flatten\blkProj14999_7.\blkProj14963_55.\blk3902_64.$0$memwr$\r_Mem$/openlane/designs/riscv_stage2/src/riscv_stage2.v:464$338_DATA[31:0]$344.
Removed top 11 bits (of 32) from wire top.$flatten\blkProj14999_7.\blkProj14963_55.\blk3902_64.$0$memwr$\r_Mem$/openlane/designs/riscv_stage2/src/riscv_stage2.v:465$339_DATA[31:0]$347.
Removed top 16 bits (of 32) from wire top.$flatten\blkProj14999_7.\blkProj14963_55.\blk3902_64.$0$memwr$\r_Mem$/openlane/designs/riscv_stage2/src/riscv_stage2.v:465$339_EN[31:0]$348.
Removed top 9 bits (of 11) from wire top.$flatten\blkProj14999_7.\blkProj14963_55.\blk3902_64.$0$memwr$\r_Mem$/openlane/designs/riscv_stage2/src/riscv_stage2.v:466$340_ADDR[10:0]$349.
Removed top 1 bits (of 32) from wire top.$flatten\blkProj14999_7.\blkProj14963_55.\blk3902_64.$0$memwr$\r_Mem$/openlane/designs/riscv_stage2/src/riscv_stage2.v:466$340_DATA[31:0]$350.
Removed top 11 bits (of 32) from wire top.$flatten\blkProj14999_7.\blkProj14963_55.\blk3902_64.$0$memwr$\r_Mem$/openlane/designs/riscv_stage2/src/riscv_stage2.v:467$341_DATA[31:0]$353.
Removed top 24 bits (of 32) from wire top.$flatten\blkProj14999_7.\blkProj14963_55.\blk3902_64.$2$memwr$\r_Mem$/openlane/designs/riscv_stage2/src/riscv_stage2.v:464$338_EN[31:0]$369.
Removed top 9 bits (of 11) from wire top.$flatten\blkProj14999_7.\blkProj14963_55.\blk3902_64.$2$memwr$\r_Mem$/openlane/designs/riscv_stage2/src/riscv_stage2.v:465$339_ADDR[10:0]$370.
Removed top 16 bits (of 32) from wire top.$flatten\blkProj14999_7.\blkProj14963_55.\blk3902_64.$2$memwr$\r_Mem$/openlane/designs/riscv_stage2/src/riscv_stage2.v:465$339_EN[31:0]$372.
Removed top 9 bits (of 11) from wire top.$flatten\blkProj14999_7.\blkProj14963_55.\blk3902_64.$2$memwr$\r_Mem$/openlane/designs/riscv_stage2/src/riscv_stage2.v:466$340_ADDR[10:0]$373.
Removed top 8 bits (of 32) from wire top.$flatten\blkProj14999_7.\blkProj14963_55.\blk3902_64.$2$memwr$\r_Mem$/openlane/designs/riscv_stage2/src/riscv_stage2.v:466$340_EN[31:0]$375.
Removed top 9 bits (of 11) from wire top.$flatten\blkProj14999_7.\blkProj14963_55.\blk3902_64.$2$memwr$\r_Mem$/openlane/designs/riscv_stage2/src/riscv_stage2.v:467$341_ADDR[10:0]$376.
Removed top 1 bits (of 4) from wire top.w_8.

26. Executing PEEPOPT pass (run peephole optimizers).

27. Executing OPT_CLEAN pass (remove unused cells and wires).
Finding unused cells or wires in module \top..
Removed 0 unused cells and 19 unused wires.
<suppressed ~1 debug messages>

28. Executing ALUMACC pass (create $alu and $macc cells).
Extracting $alu and $macc cells in module top:
  creating $macc model for $flatten\blkProj14999_7.\blkProj14268_54.\blk3085_2.$add$/openlane/designs/riscv_stage2/src/riscv_stage2.v:87$33 ($add).
  creating $macc model for $flatten\blkProj14999_7.\blkProj14268_54.\blk3085_2.$sub$/openlane/designs/riscv_stage2/src/riscv_stage2.v:88$34 ($sub).
  creating $macc model for $flatten\blkProj14999_7.\blkProj14991_42.\blk3979_4.$add$/openlane/designs/riscv_stage2/src/riscv_stage2.v:520$388 ($add).
  creating $macc model for $flatten\blkProj14999_7.\blkProj14991_42.\blk3979_4.$add$/openlane/designs/riscv_stage2/src/riscv_stage2.v:521$391 ($add).
  creating $macc model for $flatten\blkProj14999_7.\blkProj14991_42.\blk3979_4.$add$/openlane/designs/riscv_stage2/src/riscv_stage2.v:559$395 ($add).
  creating $macc model for $flatten\blkProj14999_7.\blkProj14991_42.\blk3979_4.$add$/openlane/designs/riscv_stage2/src/riscv_stage2.v:563$398 ($add).
  creating $macc model for $flatten\blkProj14999_7.\blkProj14991_42.\blk3979_4.$add$/openlane/designs/riscv_stage2/src/riscv_stage2.v:575$401 ($add).
  creating $alu model for $macc $flatten\blkProj14999_7.\blkProj14991_42.\blk3979_4.$add$/openlane/designs/riscv_stage2/src/riscv_stage2.v:575$401.
  creating $alu model for $macc $flatten\blkProj14999_7.\blkProj14991_42.\blk3979_4.$add$/openlane/designs/riscv_stage2/src/riscv_stage2.v:563$398.
  creating $alu model for $macc $flatten\blkProj14999_7.\blkProj14991_42.\blk3979_4.$add$/openlane/designs/riscv_stage2/src/riscv_stage2.v:559$395.
  creating $alu model for $macc $flatten\blkProj14999_7.\blkProj14991_42.\blk3979_4.$add$/openlane/designs/riscv_stage2/src/riscv_stage2.v:521$391.
  creating $alu model for $macc $flatten\blkProj14999_7.\blkProj14991_42.\blk3979_4.$add$/openlane/designs/riscv_stage2/src/riscv_stage2.v:520$388.
  creating $alu model for $macc $flatten\blkProj14999_7.\blkProj14268_54.\blk3085_2.$sub$/openlane/designs/riscv_stage2/src/riscv_stage2.v:88$34.
  creating $alu model for $macc $flatten\blkProj14999_7.\blkProj14268_54.\blk3085_2.$add$/openlane/designs/riscv_stage2/src/riscv_stage2.v:87$33.
  creating $alu model for $flatten\blkProj14999_7.\blkProj14268_54.\blk3085_2.$lt$/openlane/designs/riscv_stage2/src/riscv_stage2.v:95$41 ($lt): new $alu
  creating $alu model for $flatten\blkProj14999_7.\blkProj14268_54.\blk3085_2.$lt$/openlane/designs/riscv_stage2/src/riscv_stage2.v:96$43 ($lt): new $alu
  creating $alu cell for $flatten\blkProj14999_7.\blkProj14268_54.\blk3085_2.$lt$/openlane/designs/riscv_stage2/src/riscv_stage2.v:96$43: $auto$alumacc.cc:485:replace_alu$3552
  creating $alu cell for $flatten\blkProj14999_7.\blkProj14268_54.\blk3085_2.$lt$/openlane/designs/riscv_stage2/src/riscv_stage2.v:95$41: $auto$alumacc.cc:485:replace_alu$3563
  creating $alu cell for $flatten\blkProj14999_7.\blkProj14268_54.\blk3085_2.$add$/openlane/designs/riscv_stage2/src/riscv_stage2.v:87$33: $auto$alumacc.cc:485:replace_alu$3576
  creating $alu cell for $flatten\blkProj14999_7.\blkProj14268_54.\blk3085_2.$sub$/openlane/designs/riscv_stage2/src/riscv_stage2.v:88$34: $auto$alumacc.cc:485:replace_alu$3579
  creating $alu cell for $flatten\blkProj14999_7.\blkProj14991_42.\blk3979_4.$add$/openlane/designs/riscv_stage2/src/riscv_stage2.v:520$388: $auto$alumacc.cc:485:replace_alu$3582
  creating $alu cell for $flatten\blkProj14999_7.\blkProj14991_42.\blk3979_4.$add$/openlane/designs/riscv_stage2/src/riscv_stage2.v:521$391: $auto$alumacc.cc:485:replace_alu$3585
  creating $alu cell for $flatten\blkProj14999_7.\blkProj14991_42.\blk3979_4.$add$/openlane/designs/riscv_stage2/src/riscv_stage2.v:559$395: $auto$alumacc.cc:485:replace_alu$3588
  creating $alu cell for $flatten\blkProj14999_7.\blkProj14991_42.\blk3979_4.$add$/openlane/designs/riscv_stage2/src/riscv_stage2.v:563$398: $auto$alumacc.cc:485:replace_alu$3591
  creating $alu cell for $flatten\blkProj14999_7.\blkProj14991_42.\blk3979_4.$add$/openlane/designs/riscv_stage2/src/riscv_stage2.v:575$401: $auto$alumacc.cc:485:replace_alu$3594
  created 9 $alu and 0 $macc cells.

29. Executing SHARE pass (SAT-based resource sharing).
Found 3 cells in module top that may be considered for resource sharing.
  Analyzing resource sharing options for $flatten\blkProj14999_7.\blkProj14268_54.\blk3085_2.$sshr$/openlane/designs/riscv_stage2/src/riscv_stage2.v:94$40 ($sshr):
    Found 2 activation_patterns using ctrl signal { $flatten\blkProj14999_7.\blkProj14268_54.\blk3085_2.$procmux$1649_CMP \blkProj14999_7.blk4086_75.pcwrite_cond_i $flatten\blkProj14999_7.\blk3989_105.$procmux$1166_CMP $flatten\blkProj14999_7.\blk3989_105.$procmux$1165_CMP }.
    No candidates found.
  Analyzing resource sharing options for $flatten\blkProj14999_7.\blkProj14268_54.\blk3085_2.$shr$/openlane/designs/riscv_stage2/src/riscv_stage2.v:93$39 ($shr):
    Found 2 activation_patterns using ctrl signal { $flatten\blkProj14999_7.\blkProj14268_54.\blk3085_2.$procmux$1650_CMP \blkProj14999_7.blk4086_75.pcwrite_cond_i $flatten\blkProj14999_7.\blk3989_105.$procmux$1166_CMP $flatten\blkProj14999_7.\blk3989_105.$procmux$1165_CMP }.
    No candidates found.
  Analyzing resource sharing options for $flatten\blkProj14999_7.\blkProj14268_54.\blk3085_2.$shl$/openlane/designs/riscv_stage2/src/riscv_stage2.v:92$38 ($shl):
    Found 2 activation_patterns using ctrl signal { $flatten\blkProj14999_7.\blkProj14268_54.\blk3085_2.$procmux$1651_CMP \blkProj14999_7.blk4086_75.pcwrite_cond_i $flatten\blkProj14999_7.\blk3989_105.$procmux$1166_CMP $flatten\blkProj14999_7.\blk3989_105.$procmux$1165_CMP }.
    No candidates found.

30. Executing OPT pass (performing simple optimizations).

30.1. Executing OPT_EXPR pass (perform const folding).
Optimizing module top.
<suppressed ~2 debug messages>

30.2. Executing OPT_MERGE pass (detect identical cells).
Finding identical cells in module `\top'.
Removed a total of 0 cells.

30.3. Executing OPT_MUXTREE pass (detect dead branches in mux trees).
Running muxtree optimizer on module \top..
  Creating internal representation of mux trees.
  Evaluating internal representation of mux trees.
  Analyzing evaluation results.
Removed 0 multiplexer ports.
<suppressed ~146 debug messages>

30.4. Executing OPT_REDUCE pass (consolidate $*mux and $reduce_* inputs).
  Optimizing cells in module \top.
Performed a total of 0 changes.

30.5. Executing OPT_MERGE pass (detect identical cells).
Finding identical cells in module `\top'.
Removed a total of 0 cells.

30.6. Executing OPT_DFF pass (perform DFF optimizations).

30.7. Executing OPT_CLEAN pass (remove unused cells and wires).
Finding unused cells or wires in module \top..
Removed 2 unused cells and 4 unused wires.
<suppressed ~3 debug messages>

30.8. Executing OPT_EXPR pass (perform const folding).
Optimizing module top.

30.9. Rerunning OPT passes. (Maybe there is more to do..)

30.10. Executing OPT_MUXTREE pass (detect dead branches in mux trees).
Running muxtree optimizer on module \top..
  Creating internal representation of mux trees.
  Evaluating internal representation of mux trees.
  Analyzing evaluation results.
Removed 0 multiplexer ports.
<suppressed ~146 debug messages>

30.11. Executing OPT_REDUCE pass (consolidate $*mux and $reduce_* inputs).
  Optimizing cells in module \top.
Performed a total of 0 changes.

30.12. Executing OPT_MERGE pass (detect identical cells).
Finding identical cells in module `\top'.
Removed a total of 0 cells.

30.13. Executing OPT_DFF pass (perform DFF optimizations).

30.14. Executing OPT_CLEAN pass (remove unused cells and wires).
Finding unused cells or wires in module \top..

30.15. Executing OPT_EXPR pass (perform const folding).
Optimizing module top.

30.16. Finished OPT passes. (There is nothing left to do.)

31. Executing MEMORY pass.

31.1. Executing OPT_MEM pass (optimize memories).
Performed a total of 96 transformations.

31.2. Executing OPT_MEM_PRIORITY pass (removing unnecessary memory write priority relations).
Performed a total of 6 transformations.

31.3. Executing OPT_MEM_FEEDBACK pass (finding memory read-to-write feedback paths).
  Analyzing top.blkProj14999_7.blkProj14963_55.blk3902_64.r_Mem write port 0.
  Analyzing top.blkProj14999_7.blkProj14963_55.blk3902_64.r_Mem write port 1.
  Analyzing top.blkProj14999_7.blkProj14963_55.blk3902_64.r_Mem write port 2.
  Analyzing top.blkProj14999_7.blkProj14963_55.blk3902_64.r_Mem write port 3.

31.4. Executing MEMORY_BMUX2ROM pass (converting muxes to ROMs).

31.5. Executing MEMORY_DFF pass (merging $dff cells to $memrd).
Checking read port `\blkProj14999_7.blkProj14963_55.blk3902_64.r_Mem'[0] in module `\top': merging output FF to cell.
    Write port 0: don't care on collision.
    Write port 1: don't care on collision.
    Write port 2: don't care on collision.
    Write port 3: don't care on collision.

31.6. Executing OPT_CLEAN pass (remove unused cells and wires).
Finding unused cells or wires in module \top..
Removed 1 unused cells and 33 unused wires.
<suppressed ~2 debug messages>

31.7. Executing MEMORY_SHARE pass (consolidating $memrd/$memwr cells).
Consolidating write ports of memory top.blkProj14999_7.blkProj14963_55.blk3902_64.r_Mem by address:
  Merging ports 0, 1 (address \blkProj14999_7.blkProj14963_55.blk3901_67.i_Address [3:2]).
  Merging ports 0, 2 (address \blkProj14999_7.blkProj14963_55.blk3901_67.i_Address [3:2]).
  Merging ports 0, 3 (address \blkProj14999_7.blkProj14963_55.blk3901_67.i_Address [3:2]).

31.8. Executing OPT_MEM_WIDEN pass (optimize memories where all ports are wide).
Performed a total of 0 transformations.

31.9. Executing OPT_CLEAN pass (remove unused cells and wires).
Finding unused cells or wires in module \top..
Removed 8 unused cells and 8 unused wires.
<suppressed ~9 debug messages>

31.10. Executing MEMORY_COLLECT pass (generating $mem cells).

32. Executing OPT_CLEAN pass (remove unused cells and wires).
Finding unused cells or wires in module \top..

33. Executing OPT pass (performing simple optimizations).

33.1. Executing OPT_EXPR pass (perform const folding).
Optimizing module top.
<suppressed ~520 debug messages>

33.2. Executing OPT_MERGE pass (detect identical cells).
Finding identical cells in module `\top'.
Removed a total of 0 cells.

33.3. Executing OPT_DFF pass (perform DFF optimizations).

33.4. Executing OPT_CLEAN pass (remove unused cells and wires).
Finding unused cells or wires in module \top..
Removed 5 unused cells and 217 unused wires.
<suppressed ~6 debug messages>

33.5. Finished fast OPT passes.

34. Executing MEMORY_MAP pass (converting memories to logic and flip-flops).
Mapping memory \blkProj14999_7.blkProj14963_55.blk3902_64.r_Mem in module \top:
  created 3 $dff cells and 0 static cells of width 32.
Extracted data FF from read port 0 of top.blkProj14999_7.blkProj14963_55.blk3902_64.r_Mem: $\blkProj14999_7.blkProj14963_55.blk3902_64.r_Mem$rdreg[0]
  read interface: 1 $dff and 3 $mux cells.
  write interface: 12 write mux blocks.

35. Executing OPT pass (performing simple optimizations).

35.1. Executing OPT_EXPR pass (perform const folding).
Optimizing module top.
<suppressed ~19 debug messages>

35.2. Executing OPT_MERGE pass (detect identical cells).
Finding identical cells in module `\top'.
Removed a total of 0 cells.

35.3. Executing OPT_MUXTREE pass (detect dead branches in mux trees).
Running muxtree optimizer on module \top..
  Creating internal representation of mux trees.
  Evaluating internal representation of mux trees.
  Analyzing evaluation results.
Removed 0 multiplexer ports.
<suppressed ~103 debug messages>

35.4. Executing OPT_REDUCE pass (consolidate $*mux and $reduce_* inputs).
  Optimizing cells in module \top.
    Consolidated identical input bits for $mux cell $flatten\blkProj14523_5.\blk4197_44.$procmux$565:
      Old ports: A=5'00010, B=5'10101, Y=$flatten\blkProj14523_5.\blk4197_44.$4\next_state[4:0]
      New ports: A=2'10, B=2'01, Y=$flatten\blkProj14523_5.\blk4197_44.$4\next_state[4:0] [1:0]
      New connections: $flatten\blkProj14523_5.\blk4197_44.$4\next_state[4:0] [4:2] = { $flatten\blkProj14523_5.\blk4197_44.$4\next_state[4:0] [0] 1'0 $flatten\blkProj14523_5.\blk4197_44.$4\next_state[4:0] [0] }
    Consolidated identical input bits for $mux cell $flatten\blkProj14523_5.\blk4197_44.$ternary$/openlane/designs/riscv_stage2/src/riscv_stage2.v:1002$440:
      Old ports: A=4'0111, B=4'1000, Y=$flatten\blkProj14523_5.\blk4197_44.$ternary$/openlane/designs/riscv_stage2/src/riscv_stage2.v:1002$440_Y
      New ports: A=2'01, B=2'10, Y={ $flatten\blkProj14523_5.\blk4197_44.$ternary$/openlane/designs/riscv_stage2/src/riscv_stage2.v:1002$440_Y [3] $flatten\blkProj14523_5.\blk4197_44.$ternary$/openlane/designs/riscv_stage2/src/riscv_stage2.v:1002$440_Y [0] }
      New connections: $flatten\blkProj14523_5.\blk4197_44.$ternary$/openlane/designs/riscv_stage2/src/riscv_stage2.v:1002$440_Y [2:1] = { $flatten\blkProj14523_5.\blk4197_44.$ternary$/openlane/designs/riscv_stage2/src/riscv_stage2.v:1002$440_Y [0] $flatten\blkProj14523_5.\blk4197_44.$ternary$/openlane/designs/riscv_stage2/src/riscv_stage2.v:1002$440_Y [0] }
    Consolidated identical input bits for $mux cell $flatten\blkProj14523_5.\blk4197_44.$ternary$/openlane/designs/riscv_stage2/src/riscv_stage2.v:1292$445:
      Old ports: A=3'011, B=3'100, Y=$auto$wreduce.cc:455:run$3531 [2:0]
      New ports: A=2'01, B=2'10, Y={ $auto$wreduce.cc:455:run$3531 [2] $auto$wreduce.cc:455:run$3531 [0] }
      New connections: $auto$wreduce.cc:455:run$3531 [1] = $auto$wreduce.cc:455:run$3531 [0]
    Consolidated identical input bits for $mux cell $flatten\blkProj14999_7.\blkProj14952_41.\blk3875_1.$procmux$1622:
      Old ports: A={ $flatten\blkProj14999_7.\blkProj14952_41.\blk3875_1.$7\crc[15:0] [11:0] 1'0 }, B={ $auto$opt_expr.cc:205:group_cell_inputs$3664 [1] $flatten\blkProj14999_7.\blkProj14952_41.\blk3875_1.$7\crc[15:0] [10:5] $auto$opt_expr.cc:205:group_cell_inputs$3664 [0] $flatten\blkProj14999_7.\blkProj14952_41.\blk3875_1.$7\crc[15:0] [3:0] 1'1 }, Y=\blkProj14999_7.blkProj14952_41.blk3878_4.crc8_i [12:0]
      New ports: A={ $flatten\blkProj14999_7.\blkProj14952_41.\blk3875_1.$7\crc[15:0] [11] $flatten\blkProj14999_7.\blkProj14952_41.\blk3875_1.$7\crc[15:0] [4] 1'0 }, B={ $auto$opt_expr.cc:205:group_cell_inputs$3664 1'1 }, Y={ \blkProj14999_7.blkProj14952_41.blk3878_4.crc8_i [12] \blkProj14999_7.blkProj14952_41.blk3878_4.crc8_i [5] \blkProj14999_7.blkProj14952_41.blk3878_4.crc8_i [0] }
      New connections: { \blkProj14999_7.blkProj14952_41.blk3878_4.crc8_i [11:6] \blkProj14999_7.blkProj14952_41.blk3878_4.crc8_i [4:1] } = { $flatten\blkProj14999_7.\blkProj14952_41.\blk3875_1.$7\crc[15:0] [10:5] $flatten\blkProj14999_7.\blkProj14952_41.\blk3875_1.$7\crc[15:0] [3:0] }
    Consolidated identical input bits for $mux cell $flatten\blkProj14999_7.\blkProj14952_41.\blk3875_1.$procmux$1625:
      Old ports: A={ $flatten\blkProj14999_7.\blkProj14952_41.\blk3875_1.$6\crc[15:0] [11:0] 1'0 }, B={ $auto$opt_expr.cc:205:group_cell_inputs$3660 [1] $flatten\blkProj14999_7.\blkProj14952_41.\blk3875_1.$6\crc[15:0] [10:5] $auto$opt_expr.cc:205:group_cell_inputs$3660 [0] $flatten\blkProj14999_7.\blkProj14952_41.\blk3875_1.$6\crc[15:0] [3:0] 1'1 }, Y={ \blkProj14999_7.blkProj14952_41.blk3878_4.crc8_i [13] $flatten\blkProj14999_7.\blkProj14952_41.\blk3875_1.$7\crc[15:0] [11:0] }
      New ports: A={ $flatten\blkProj14999_7.\blkProj14952_41.\blk3875_1.$6\crc[15:0] [11] $flatten\blkProj14999_7.\blkProj14952_41.\blk3875_1.$6\crc[15:0] [4] 1'0 }, B={ $auto$opt_expr.cc:205:group_cell_inputs$3660 1'1 }, Y={ \blkProj14999_7.blkProj14952_41.blk3878_4.crc8_i [13] $flatten\blkProj14999_7.\blkProj14952_41.\blk3875_1.$7\crc[15:0] [5] $flatten\blkProj14999_7.\blkProj14952_41.\blk3875_1.$7\crc[15:0] [0] }
      New connections: { $flatten\blkProj14999_7.\blkProj14952_41.\blk3875_1.$7\crc[15:0] [11:6] $flatten\blkProj14999_7.\blkProj14952_41.\blk3875_1.$7\crc[15:0] [4:1] } = { $flatten\blkProj14999_7.\blkProj14952_41.\blk3875_1.$6\crc[15:0] [10:5] $flatten\blkProj14999_7.\blkProj14952_41.\blk3875_1.$6\crc[15:0] [3:0] }
    Consolidated identical input bits for $mux cell $flatten\blkProj14999_7.\blkProj14952_41.\blk3875_1.$procmux$1628:
      Old ports: A={ $flatten\blkProj14999_7.\blkProj14952_41.\blk3875_1.$5\crc[15:0] [11:0] 1'0 }, B={ $auto$opt_expr.cc:205:group_cell_inputs$3656 [1] $flatten\blkProj14999_7.\blkProj14952_41.\blk3875_1.$5\crc[15:0] [10:5] $auto$opt_expr.cc:205:group_cell_inputs$3656 [0] $flatten\blkProj14999_7.\blkProj14952_41.\blk3875_1.$5\crc[15:0] [3:0] 1'1 }, Y={ \blkProj14999_7.blkProj14952_41.blk3878_4.crc8_i [14] $flatten\blkProj14999_7.\blkProj14952_41.\blk3875_1.$6\crc[15:0] [11:0] }
      New ports: A={ $flatten\blkProj14999_7.\blkProj14952_41.\blk3875_1.$5\crc[15:0] [11] $flatten\blkProj14999_7.\blkProj14952_41.\blk3875_1.$5\crc[15:0] [4] 1'0 }, B={ $auto$opt_expr.cc:205:group_cell_inputs$3656 1'1 }, Y={ \blkProj14999_7.blkProj14952_41.blk3878_4.crc8_i [14] $flatten\blkProj14999_7.\blkProj14952_41.\blk3875_1.$6\crc[15:0] [5] $flatten\blkProj14999_7.\blkProj14952_41.\blk3875_1.$6\crc[15:0] [0] }
      New connections: { $flatten\blkProj14999_7.\blkProj14952_41.\blk3875_1.$6\crc[15:0] [11:6] $flatten\blkProj14999_7.\blkProj14952_41.\blk3875_1.$6\crc[15:0] [4:1] } = { $flatten\blkProj14999_7.\blkProj14952_41.\blk3875_1.$5\crc[15:0] [10:5] $flatten\blkProj14999_7.\blkProj14952_41.\blk3875_1.$5\crc[15:0] [3:0] }
    Consolidated identical input bits for $mux cell $flatten\blkProj14999_7.\blkProj14952_41.\blk3875_1.$procmux$1631:
      Old ports: A={ $flatten\blkProj14999_7.\blkProj14952_41.\blk3875_1.$4\crc[15:0] [11:0] 1'0 }, B={ $auto$opt_expr.cc:205:group_cell_inputs$3652 [1] $flatten\blkProj14999_7.\blkProj14952_41.\blk3875_1.$4\crc[15:0] [10:5] $auto$opt_expr.cc:205:group_cell_inputs$3652 [0] $flatten\blkProj14999_7.\blkProj14952_41.\blk3875_1.$4\crc[15:0] [3:0] 1'1 }, Y={ \blkProj14999_7.blkProj14952_41.blk3878_4.crc8_i [15] $flatten\blkProj14999_7.\blkProj14952_41.\blk3875_1.$5\crc[15:0] [11:0] }
      New ports: A={ $flatten\blkProj14999_7.\blkProj14952_41.\blk3875_1.$4\crc[15:0] [11] $flatten\blkProj14999_7.\blkProj14952_41.\blk3875_1.$4\crc[15:0] [4] 1'0 }, B={ $auto$opt_expr.cc:205:group_cell_inputs$3652 1'1 }, Y={ \blkProj14999_7.blkProj14952_41.blk3878_4.crc8_i [15] $flatten\blkProj14999_7.\blkProj14952_41.\blk3875_1.$5\crc[15:0] [5] $flatten\blkProj14999_7.\blkProj14952_41.\blk3875_1.$5\crc[15:0] [0] }
      New connections: { $flatten\blkProj14999_7.\blkProj14952_41.\blk3875_1.$5\crc[15:0] [11:6] $flatten\blkProj14999_7.\blkProj14952_41.\blk3875_1.$5\crc[15:0] [4:1] } = { $flatten\blkProj14999_7.\blkProj14952_41.\blk3875_1.$4\crc[15:0] [10:5] $flatten\blkProj14999_7.\blkProj14952_41.\blk3875_1.$4\crc[15:0] [3:0] }
    Consolidated identical input bits for $mux cell $flatten\blkProj14999_7.\blkProj14952_41.\blk3875_1.$procmux$1634:
      Old ports: A={ $flatten\blkProj14999_7.\blkProj14952_41.\blk3875_1.$3\crc[15:0] [11:0] 1'0 }, B={ $auto$opt_expr.cc:205:group_cell_inputs$3648 [1] $flatten\blkProj14999_7.\blkProj14952_41.\blk3875_1.$3\crc[15:0] [10:5] $auto$opt_expr.cc:205:group_cell_inputs$3648 [0] $flatten\blkProj14999_7.\blkProj14952_41.\blk3875_1.$3\crc[15:0] [3:0] 1'1 }, Y=$flatten\blkProj14999_7.\blkProj14952_41.\blk3875_1.$4\crc[15:0] [12:0]
      New ports: A={ $flatten\blkProj14999_7.\blkProj14952_41.\blk3875_1.$3\crc[15:0] [11] $flatten\blkProj14999_7.\blkProj14952_41.\blk3875_1.$3\crc[15:0] [4] 1'0 }, B={ $auto$opt_expr.cc:205:group_cell_inputs$3648 1'1 }, Y={ $flatten\blkProj14999_7.\blkProj14952_41.\blk3875_1.$4\crc[15:0] [12] $flatten\blkProj14999_7.\blkProj14952_41.\blk3875_1.$4\crc[15:0] [5] $flatten\blkProj14999_7.\blkProj14952_41.\blk3875_1.$4\crc[15:0] [0] }
      New connections: { $flatten\blkProj14999_7.\blkProj14952_41.\blk3875_1.$4\crc[15:0] [11:6] $flatten\blkProj14999_7.\blkProj14952_41.\blk3875_1.$4\crc[15:0] [4:1] } = { $flatten\blkProj14999_7.\blkProj14952_41.\blk3875_1.$3\crc[15:0] [10:5] $flatten\blkProj14999_7.\blkProj14952_41.\blk3875_1.$3\crc[15:0] [3:0] }
    Consolidated identical input bits for $mux cell $flatten\blkProj14999_7.\blkProj14952_41.\blk3875_1.$procmux$1637:
      Old ports: A={ $flatten\blkProj14999_7.\blkProj14952_41.\blk3875_1.$2\crc[15:0] [11:0] 1'0 }, B={ $auto$opt_expr.cc:205:group_cell_inputs$3644 [1] $flatten\blkProj14999_7.\blkProj14952_41.\blk3875_1.$2\crc[15:0] [10:5] $auto$opt_expr.cc:205:group_cell_inputs$3644 [0] $flatten\blkProj14999_7.\blkProj14952_41.\blk3875_1.$2\crc[15:0] [3:0] 1'1 }, Y=$flatten\blkProj14999_7.\blkProj14952_41.\blk3875_1.$3\crc[15:0] [12:0]
      New ports: A={ $flatten\blkProj14999_7.\blkProj14952_41.\blk3875_1.$2\crc[15:0] [11] $flatten\blkProj14999_7.\blkProj14952_41.\blk3875_1.$2\crc[15:0] [4] 1'0 }, B={ $auto$opt_expr.cc:205:group_cell_inputs$3644 1'1 }, Y={ $flatten\blkProj14999_7.\blkProj14952_41.\blk3875_1.$3\crc[15:0] [12] $flatten\blkProj14999_7.\blkProj14952_41.\blk3875_1.$3\crc[15:0] [5] $flatten\blkProj14999_7.\blkProj14952_41.\blk3875_1.$3\crc[15:0] [0] }
      New connections: { $flatten\blkProj14999_7.\blkProj14952_41.\blk3875_1.$3\crc[15:0] [11:6] $flatten\blkProj14999_7.\blkProj14952_41.\blk3875_1.$3\crc[15:0] [4:1] } = { $flatten\blkProj14999_7.\blkProj14952_41.\blk3875_1.$2\crc[15:0] [10:5] $flatten\blkProj14999_7.\blkProj14952_41.\blk3875_1.$2\crc[15:0] [3:0] }
    Consolidated identical input bits for $mux cell $flatten\blkProj14999_7.\blkProj14952_41.\blk3875_1.$procmux$1640:
      Old ports: A={ $flatten\blkProj14999_7.\blkProj14952_41.\blk3875_1.$1\crc[15:0] [11:0] 1'0 }, B={ $auto$opt_expr.cc:205:group_cell_inputs$3640 [1] $flatten\blkProj14999_7.\blkProj14952_41.\blk3875_1.$1\crc[15:0] [10:5] $auto$opt_expr.cc:205:group_cell_inputs$3640 [0] $flatten\blkProj14999_7.\blkProj14952_41.\blk3875_1.$1\crc[15:0] [3:0] 1'1 }, Y=$flatten\blkProj14999_7.\blkProj14952_41.\blk3875_1.$2\crc[15:0] [12:0]
      New ports: A={ $flatten\blkProj14999_7.\blkProj14952_41.\blk3875_1.$1\crc[15:0] [11] $flatten\blkProj14999_7.\blkProj14952_41.\blk3875_1.$1\crc[15:0] [4] 1'0 }, B={ $auto$opt_expr.cc:205:group_cell_inputs$3640 1'1 }, Y={ $flatten\blkProj14999_7.\blkProj14952_41.\blk3875_1.$2\crc[15:0] [12] $flatten\blkProj14999_7.\blkProj14952_41.\blk3875_1.$2\crc[15:0] [5] $flatten\blkProj14999_7.\blkProj14952_41.\blk3875_1.$2\crc[15:0] [0] }
      New connections: { $flatten\blkProj14999_7.\blkProj14952_41.\blk3875_1.$2\crc[15:0] [11:6] $flatten\blkProj14999_7.\blkProj14952_41.\blk3875_1.$2\crc[15:0] [4:1] } = { $flatten\blkProj14999_7.\blkProj14952_41.\blk3875_1.$1\crc[15:0] [10:5] $flatten\blkProj14999_7.\blkProj14952_41.\blk3875_1.$1\crc[15:0] [3:0] }
    Consolidated identical input bits for $mux cell $flatten\blkProj14999_7.\blkProj14952_41.\blk3875_1.$procmux$1643:
      Old ports: A={ $auto$opt_expr.cc:205:group_cell_inputs$3632 [3:0] 9'111111110 }, B={ $auto$opt_expr.cc:205:group_cell_inputs$3636 [1] $auto$opt_expr.cc:205:group_cell_inputs$3632 [2:0] 9'111011111 }, Y=$flatten\blkProj14999_7.\blkProj14952_41.\blk3875_1.$1\crc[15:0] [12:0]
      New ports: A={ $auto$opt_expr.cc:205:group_cell_inputs$3632 [3] 2'10 }, B={ $auto$opt_expr.cc:205:group_cell_inputs$3636 [1] 2'01 }, Y={ $flatten\blkProj14999_7.\blkProj14952_41.\blk3875_1.$1\crc[15:0] [12] $flatten\blkProj14999_7.\blkProj14952_41.\blk3875_1.$1\crc[15:0] [5] $flatten\blkProj14999_7.\blkProj14952_41.\blk3875_1.$1\crc[15:0] [0] }
      New connections: { $flatten\blkProj14999_7.\blkProj14952_41.\blk3875_1.$1\crc[15:0] [11:6] $flatten\blkProj14999_7.\blkProj14952_41.\blk3875_1.$1\crc[15:0] [4:1] } = { $auto$opt_expr.cc:205:group_cell_inputs$3632 [2:0] 7'1111111 }
    Consolidated identical input bits for $mux cell $flatten\blkProj14999_7.\blkProj14952_41.\blk3876_2.$procmux$1574:
      Old ports: A={ $flatten\blkProj14999_7.\blkProj14952_41.\blk3876_2.$15\crc[15:0] [11:0] 1'0 }, B={ $auto$opt_expr.cc:205:group_cell_inputs$3699 [1] $flatten\blkProj14999_7.\blkProj14952_41.\blk3876_2.$15\crc[15:0] [10:5] $auto$opt_expr.cc:205:group_cell_inputs$3699 [0] $flatten\blkProj14999_7.\blkProj14952_41.\blk3876_2.$15\crc[15:0] [3:0] 1'1 }, Y=\blkProj14999_7.blkProj14952_41.blk3878_4.crc16_i [12:0]
      New ports: A={ $flatten\blkProj14999_7.\blkProj14952_41.\blk3876_2.$15\crc[15:0] [11] $flatten\blkProj14999_7.\blkProj14952_41.\blk3876_2.$15\crc[15:0] [4] 1'0 }, B={ $auto$opt_expr.cc:205:group_cell_inputs$3699 1'1 }, Y={ \blkProj14999_7.blkProj14952_41.blk3878_4.crc16_i [12] \blkProj14999_7.blkProj14952_41.blk3878_4.crc16_i [5] \blkProj14999_7.blkProj14952_41.blk3878_4.crc16_i [0] }
      New connections: { \blkProj14999_7.blkProj14952_41.blk3878_4.crc16_i [11:6] \blkProj14999_7.blkProj14952_41.blk3878_4.crc16_i [4:1] } = { $flatten\blkProj14999_7.\blkProj14952_41.\blk3876_2.$15\crc[15:0] [10:5] $flatten\blkProj14999_7.\blkProj14952_41.\blk3876_2.$15\crc[15:0] [3:0] }
    Consolidated identical input bits for $mux cell $flatten\blkProj14999_7.\blkProj14952_41.\blk3876_2.$procmux$1577:
      Old ports: A={ $flatten\blkProj14999_7.\blkProj14952_41.\blk3876_2.$14\crc[15:0] [11:0] 1'0 }, B={ $auto$opt_expr.cc:205:group_cell_inputs$3695 [1] $flatten\blkProj14999_7.\blkProj14952_41.\blk3876_2.$14\crc[15:0] [10:5] $auto$opt_expr.cc:205:group_cell_inputs$3695 [0] $flatten\blkProj14999_7.\blkProj14952_41.\blk3876_2.$14\crc[15:0] [3:0] 1'1 }, Y={ \blkProj14999_7.blkProj14952_41.blk3878_4.crc16_i [13] $flatten\blkProj14999_7.\blkProj14952_41.\blk3876_2.$15\crc[15:0] [11:0] }
      New ports: A={ $flatten\blkProj14999_7.\blkProj14952_41.\blk3876_2.$14\crc[15:0] [11] $flatten\blkProj14999_7.\blkProj14952_41.\blk3876_2.$14\crc[15:0] [4] 1'0 }, B={ $auto$opt_expr.cc:205:group_cell_inputs$3695 1'1 }, Y={ \blkProj14999_7.blkProj14952_41.blk3878_4.crc16_i [13] $flatten\blkProj14999_7.\blkProj14952_41.\blk3876_2.$15\crc[15:0] [5] $flatten\blkProj14999_7.\blkProj14952_41.\blk3876_2.$15\crc[15:0] [0] }
      New connections: { $flatten\blkProj14999_7.\blkProj14952_41.\blk3876_2.$15\crc[15:0] [11:6] $flatten\blkProj14999_7.\blkProj14952_41.\blk3876_2.$15\crc[15:0] [4:1] } = { $flatten\blkProj14999_7.\blkProj14952_41.\blk3876_2.$14\crc[15:0] [10:5] $flatten\blkProj14999_7.\blkProj14952_41.\blk3876_2.$14\crc[15:0] [3:0] }
    Consolidated identical input bits for $mux cell $flatten\blkProj14999_7.\blkProj14952_41.\blk3876_2.$procmux$1580:
      Old ports: A={ $flatten\blkProj14999_7.\blkProj14952_41.\blk3876_2.$13\crc[15:0] [11:0] 1'0 }, B={ $auto$opt_expr.cc:205:group_cell_inputs$3691 [1] $flatten\blkProj14999_7.\blkProj14952_41.\blk3876_2.$13\crc[15:0] [10:5] $auto$opt_expr.cc:205:group_cell_inputs$3691 [0] $flatten\blkProj14999_7.\blkProj14952_41.\blk3876_2.$13\crc[15:0] [3:0] 1'1 }, Y={ \blkProj14999_7.blkProj14952_41.blk3878_4.crc16_i [14] $flatten\blkProj14999_7.\blkProj14952_41.\blk3876_2.$14\crc[15:0] [11:0] }
      New ports: A={ $flatten\blkProj14999_7.\blkProj14952_41.\blk3876_2.$13\crc[15:0] [11] $flatten\blkProj14999_7.\blkProj14952_41.\blk3876_2.$13\crc[15:0] [4] 1'0 }, B={ $auto$opt_expr.cc:205:group_cell_inputs$3691 1'1 }, Y={ \blkProj14999_7.blkProj14952_41.blk3878_4.crc16_i [14] $flatten\blkProj14999_7.\blkProj14952_41.\blk3876_2.$14\crc[15:0] [5] $flatten\blkProj14999_7.\blkProj14952_41.\blk3876_2.$14\crc[15:0] [0] }
      New connections: { $flatten\blkProj14999_7.\blkProj14952_41.\blk3876_2.$14\crc[15:0] [11:6] $flatten\blkProj14999_7.\blkProj14952_41.\blk3876_2.$14\crc[15:0] [4:1] } = { $flatten\blkProj14999_7.\blkProj14952_41.\blk3876_2.$13\crc[15:0] [10:5] $flatten\blkProj14999_7.\blkProj14952_41.\blk3876_2.$13\crc[15:0] [3:0] }
    Consolidated identical input bits for $mux cell $flatten\blkProj14999_7.\blkProj14952_41.\blk3876_2.$procmux$1583:
      Old ports: A={ $flatten\blkProj14999_7.\blkProj14952_41.\blk3876_2.$12\crc[15:0] [11:0] 1'0 }, B={ $auto$opt_expr.cc:205:group_cell_inputs$3687 [1] $flatten\blkProj14999_7.\blkProj14952_41.\blk3876_2.$12\crc[15:0] [10:5] $auto$opt_expr.cc:205:group_cell_inputs$3687 [0] $flatten\blkProj14999_7.\blkProj14952_41.\blk3876_2.$12\crc[15:0] [3:0] 1'1 }, Y={ \blkProj14999_7.blkProj14952_41.blk3878_4.crc16_i [15] $flatten\blkProj14999_7.\blkProj14952_41.\blk3876_2.$13\crc[15:0] [11:0] }
      New ports: A={ $flatten\blkProj14999_7.\blkProj14952_41.\blk3876_2.$12\crc[15:0] [11] $flatten\blkProj14999_7.\blkProj14952_41.\blk3876_2.$12\crc[15:0] [4] 1'0 }, B={ $auto$opt_expr.cc:205:group_cell_inputs$3687 1'1 }, Y={ \blkProj14999_7.blkProj14952_41.blk3878_4.crc16_i [15] $flatten\blkProj14999_7.\blkProj14952_41.\blk3876_2.$13\crc[15:0] [5] $flatten\blkProj14999_7.\blkProj14952_41.\blk3876_2.$13\crc[15:0] [0] }
      New connections: { $flatten\blkProj14999_7.\blkProj14952_41.\blk3876_2.$13\crc[15:0] [11:6] $flatten\blkProj14999_7.\blkProj14952_41.\blk3876_2.$13\crc[15:0] [4:1] } = { $flatten\blkProj14999_7.\blkProj14952_41.\blk3876_2.$12\crc[15:0] [10:5] $flatten\blkProj14999_7.\blkProj14952_41.\blk3876_2.$12\crc[15:0] [3:0] }
    Consolidated identical input bits for $mux cell $flatten\blkProj14999_7.\blkProj14952_41.\blk3876_2.$procmux$1586:
      Old ports: A={ $flatten\blkProj14999_7.\blkProj14952_41.\blk3876_2.$11\crc[15:0] [11:0] 1'0 }, B={ $auto$opt_expr.cc:205:group_cell_inputs$3683 [1] $flatten\blkProj14999_7.\blkProj14952_41.\blk3876_2.$11\crc[15:0] [10:5] $auto$opt_expr.cc:205:group_cell_inputs$3683 [0] $flatten\blkProj14999_7.\blkProj14952_41.\blk3876_2.$11\crc[15:0] [3:0] 1'1 }, Y=$flatten\blkProj14999_7.\blkProj14952_41.\blk3876_2.$12\crc[15:0] [12:0]
      New ports: A={ $flatten\blkProj14999_7.\blkProj14952_41.\blk3876_2.$11\crc[15:0] [11] $flatten\blkProj14999_7.\blkProj14952_41.\blk3876_2.$11\crc[15:0] [4] 1'0 }, B={ $auto$opt_expr.cc:205:group_cell_inputs$3683 1'1 }, Y={ $flatten\blkProj14999_7.\blkProj14952_41.\blk3876_2.$12\crc[15:0] [12] $flatten\blkProj14999_7.\blkProj14952_41.\blk3876_2.$12\crc[15:0] [5] $flatten\blkProj14999_7.\blkProj14952_41.\blk3876_2.$12\crc[15:0] [0] }
      New connections: { $flatten\blkProj14999_7.\blkProj14952_41.\blk3876_2.$12\crc[15:0] [11:6] $flatten\blkProj14999_7.\blkProj14952_41.\blk3876_2.$12\crc[15:0] [4:1] } = { $flatten\blkProj14999_7.\blkProj14952_41.\blk3876_2.$11\crc[15:0] [10:5] $flatten\blkProj14999_7.\blkProj14952_41.\blk3876_2.$11\crc[15:0] [3:0] }
    Consolidated identical input bits for $mux cell $flatten\blkProj14999_7.\blkProj14952_41.\blk3876_2.$procmux$1589:
      Old ports: A={ $flatten\blkProj14999_7.\blkProj14952_41.\blk3876_2.$10\crc[15:0] [11:0] 1'0 }, B={ $auto$opt_expr.cc:205:group_cell_inputs$3679 [1] $flatten\blkProj14999_7.\blkProj14952_41.\blk3876_2.$10\crc[15:0] [10:5] $auto$opt_expr.cc:205:group_cell_inputs$3679 [0] $flatten\blkProj14999_7.\blkProj14952_41.\blk3876_2.$10\crc[15:0] [3:0] 1'1 }, Y=$flatten\blkProj14999_7.\blkProj14952_41.\blk3876_2.$11\crc[15:0] [12:0]
      New ports: A={ $flatten\blkProj14999_7.\blkProj14952_41.\blk3876_2.$10\crc[15:0] [11] $flatten\blkProj14999_7.\blkProj14952_41.\blk3876_2.$10\crc[15:0] [4] 1'0 }, B={ $auto$opt_expr.cc:205:group_cell_inputs$3679 1'1 }, Y={ $flatten\blkProj14999_7.\blkProj14952_41.\blk3876_2.$11\crc[15:0] [12] $flatten\blkProj14999_7.\blkProj14952_41.\blk3876_2.$11\crc[15:0] [5] $flatten\blkProj14999_7.\blkProj14952_41.\blk3876_2.$11\crc[15:0] [0] }
      New connections: { $flatten\blkProj14999_7.\blkProj14952_41.\blk3876_2.$11\crc[15:0] [11:6] $flatten\blkProj14999_7.\blkProj14952_41.\blk3876_2.$11\crc[15:0] [4:1] } = { $flatten\blkProj14999_7.\blkProj14952_41.\blk3876_2.$10\crc[15:0] [10:5] $flatten\blkProj14999_7.\blkProj14952_41.\blk3876_2.$10\crc[15:0] [3:0] }
    Consolidated identical input bits for $mux cell $flatten\blkProj14999_7.\blkProj14952_41.\blk3876_2.$procmux$1592:
      Old ports: A={ $flatten\blkProj14999_7.\blkProj14952_41.\blk3876_2.$9\crc[15:0] [11:0] 1'0 }, B={ $auto$opt_expr.cc:205:group_cell_inputs$3675 [1] $flatten\blkProj14999_7.\blkProj14952_41.\blk3876_2.$9\crc[15:0] [10:5] $auto$opt_expr.cc:205:group_cell_inputs$3675 [0] $flatten\blkProj14999_7.\blkProj14952_41.\blk3876_2.$9\crc[15:0] [3:0] 1'1 }, Y=$flatten\blkProj14999_7.\blkProj14952_41.\blk3876_2.$10\crc[15:0] [12:0]
      New ports: A={ $flatten\blkProj14999_7.\blkProj14952_41.\blk3876_2.$9\crc[15:0] [11] $flatten\blkProj14999_7.\blkProj14952_41.\blk3876_2.$9\crc[15:0] [4] 1'0 }, B={ $auto$opt_expr.cc:205:group_cell_inputs$3675 1'1 }, Y={ $flatten\blkProj14999_7.\blkProj14952_41.\blk3876_2.$10\crc[15:0] [12] $flatten\blkProj14999_7.\blkProj14952_41.\blk3876_2.$10\crc[15:0] [5] $flatten\blkProj14999_7.\blkProj14952_41.\blk3876_2.$10\crc[15:0] [0] }
      New connections: { $flatten\blkProj14999_7.\blkProj14952_41.\blk3876_2.$10\crc[15:0] [11:6] $flatten\blkProj14999_7.\blkProj14952_41.\blk3876_2.$10\crc[15:0] [4:1] } = { $flatten\blkProj14999_7.\blkProj14952_41.\blk3876_2.$9\crc[15:0] [10:5] $flatten\blkProj14999_7.\blkProj14952_41.\blk3876_2.$9\crc[15:0] [3:0] }
    Consolidated identical input bits for $mux cell $flatten\blkProj14999_7.\blkProj14952_41.\blk3876_2.$procmux$1595:
      Old ports: A={ $auto$opt_expr.cc:205:group_cell_inputs$3668 [3:0] \blkProj14999_7.blkProj14952_41.blk3878_4.crc8_i [7:0] 1'0 }, B={ $auto$opt_expr.cc:205:group_cell_inputs$3671 [1] $auto$opt_expr.cc:205:group_cell_inputs$3668 [2:0] \blkProj14999_7.blkProj14952_41.blk3878_4.crc8_i [7:5] $auto$opt_expr.cc:205:group_cell_inputs$3671 [0] \blkProj14999_7.blkProj14952_41.blk3878_4.crc8_i [3:0] 1'1 }, Y={ $flatten\blkProj14999_7.\blkProj14952_41.\blk3876_2.$10\crc[15:0] [13] $flatten\blkProj14999_7.\blkProj14952_41.\blk3876_2.$9\crc[15:0] [11:0] }
      New ports: A={ $auto$opt_expr.cc:205:group_cell_inputs$3668 [3] \blkProj14999_7.blkProj14952_41.blk3878_4.crc8_i [4] 1'0 }, B={ $auto$opt_expr.cc:205:group_cell_inputs$3671 1'1 }, Y={ $flatten\blkProj14999_7.\blkProj14952_41.\blk3876_2.$10\crc[15:0] [13] $flatten\blkProj14999_7.\blkProj14952_41.\blk3876_2.$9\crc[15:0] [5] $flatten\blkProj14999_7.\blkProj14952_41.\blk3876_2.$9\crc[15:0] [0] }
      New connections: { $flatten\blkProj14999_7.\blkProj14952_41.\blk3876_2.$9\crc[15:0] [11:6] $flatten\blkProj14999_7.\blkProj14952_41.\blk3876_2.$9\crc[15:0] [4:1] } = { $auto$opt_expr.cc:205:group_cell_inputs$3668 [2:0] \blkProj14999_7.blkProj14952_41.blk3878_4.crc8_i [7:5] \blkProj14999_7.blkProj14952_41.blk3878_4.crc8_i [3:0] }
    Consolidated identical input bits for $mux cell $flatten\blkProj14999_7.\blkProj14952_41.\blk3877_3.$procmux$1382:
      Old ports: A={ $flatten\blkProj14999_7.\blkProj14952_41.\blk3877_3.$63\crc[15:0] [11:0] 1'0 }, B={ $auto$opt_expr.cc:205:group_cell_inputs$3909 [1] $flatten\blkProj14999_7.\blkProj14952_41.\blk3877_3.$63\crc[15:0] [10:5] $auto$opt_expr.cc:205:group_cell_inputs$3909 [0] $flatten\blkProj14999_7.\blkProj14952_41.\blk3877_3.$63\crc[15:0] [3:0] 1'1 }, Y=\blkProj14999_7.blkProj14952_41.blk3878_4.crc32_i [12:0]
      New ports: A={ $flatten\blkProj14999_7.\blkProj14952_41.\blk3877_3.$63\crc[15:0] [11] $flatten\blkProj14999_7.\blkProj14952_41.\blk3877_3.$63\crc[15:0] [4] 1'0 }, B={ $auto$opt_expr.cc:205:group_cell_inputs$3909 1'1 }, Y={ \blkProj14999_7.blkProj14952_41.blk3878_4.crc32_i [12] \blkProj14999_7.blkProj14952_41.blk3878_4.crc32_i [5] \blkProj14999_7.blkProj14952_41.blk3878_4.crc32_i [0] }
      New connections: { \blkProj14999_7.blkProj14952_41.blk3878_4.crc32_i [11:6] \blkProj14999_7.blkProj14952_41.blk3878_4.crc32_i [4:1] } = { $flatten\blkProj14999_7.\blkProj14952_41.\blk3877_3.$63\crc[15:0] [10:5] $flatten\blkProj14999_7.\blkProj14952_41.\blk3877_3.$63\crc[15:0] [3:0] }
    Consolidated identical input bits for $mux cell $flatten\blkProj14999_7.\blkProj14952_41.\blk3877_3.$procmux$1385:
      Old ports: A={ $flatten\blkProj14999_7.\blkProj14952_41.\blk3877_3.$62\crc[15:0] [11:0] 1'0 }, B={ $auto$opt_expr.cc:205:group_cell_inputs$3905 [1] $flatten\blkProj14999_7.\blkProj14952_41.\blk3877_3.$62\crc[15:0] [10:5] $auto$opt_expr.cc:205:group_cell_inputs$3905 [0] $flatten\blkProj14999_7.\blkProj14952_41.\blk3877_3.$62\crc[15:0] [3:0] 1'1 }, Y={ \blkProj14999_7.blkProj14952_41.blk3878_4.crc32_i [13] $flatten\blkProj14999_7.\blkProj14952_41.\blk3877_3.$63\crc[15:0] [11:0] }
      New ports: A={ $flatten\blkProj14999_7.\blkProj14952_41.\blk3877_3.$62\crc[15:0] [11] $flatten\blkProj14999_7.\blkProj14952_41.\blk3877_3.$62\crc[15:0] [4] 1'0 }, B={ $auto$opt_expr.cc:205:group_cell_inputs$3905 1'1 }, Y={ \blkProj14999_7.blkProj14952_41.blk3878_4.crc32_i [13] $flatten\blkProj14999_7.\blkProj14952_41.\blk3877_3.$63\crc[15:0] [5] $flatten\blkProj14999_7.\blkProj14952_41.\blk3877_3.$63\crc[15:0] [0] }
      New connections: { $flatten\blkProj14999_7.\blkProj14952_41.\blk3877_3.$63\crc[15:0] [11:6] $flatten\blkProj14999_7.\blkProj14952_41.\blk3877_3.$63\crc[15:0] [4:1] } = { $flatten\blkProj14999_7.\blkProj14952_41.\blk3877_3.$62\crc[15:0] [10:5] $flatten\blkProj14999_7.\blkProj14952_41.\blk3877_3.$62\crc[15:0] [3:0] }
    Consolidated identical input bits for $mux cell $flatten\blkProj14999_7.\blkProj14952_41.\blk3877_3.$procmux$1388:
      Old ports: A={ $flatten\blkProj14999_7.\blkProj14952_41.\blk3877_3.$61\crc[15:0] [11:0] 1'0 }, B={ $auto$opt_expr.cc:205:group_cell_inputs$3901 [1] $flatten\blkProj14999_7.\blkProj14952_41.\blk3877_3.$61\crc[15:0] [10:5] $auto$opt_expr.cc:205:group_cell_inputs$3901 [0] $flatten\blkProj14999_7.\blkProj14952_41.\blk3877_3.$61\crc[15:0] [3:0] 1'1 }, Y={ \blkProj14999_7.blkProj14952_41.blk3878_4.crc32_i [14] $flatten\blkProj14999_7.\blkProj14952_41.\blk3877_3.$62\crc[15:0] [11:0] }
      New ports: A={ $flatten\blkProj14999_7.\blkProj14952_41.\blk3877_3.$61\crc[15:0] [11] $flatten\blkProj14999_7.\blkProj14952_41.\blk3877_3.$61\crc[15:0] [4] 1'0 }, B={ $auto$opt_expr.cc:205:group_cell_inputs$3901 1'1 }, Y={ \blkProj14999_7.blkProj14952_41.blk3878_4.crc32_i [14] $flatten\blkProj14999_7.\blkProj14952_41.\blk3877_3.$62\crc[15:0] [5] $flatten\blkProj14999_7.\blkProj14952_41.\blk3877_3.$62\crc[15:0] [0] }
      New connections: { $flatten\blkProj14999_7.\blkProj14952_41.\blk3877_3.$62\crc[15:0] [11:6] $flatten\blkProj14999_7.\blkProj14952_41.\blk3877_3.$62\crc[15:0] [4:1] } = { $flatten\blkProj14999_7.\blkProj14952_41.\blk3877_3.$61\crc[15:0] [10:5] $flatten\blkProj14999_7.\blkProj14952_41.\blk3877_3.$61\crc[15:0] [3:0] }
    Consolidated identical input bits for $mux cell $flatten\blkProj14999_7.\blkProj14952_41.\blk3877_3.$procmux$1391:
      Old ports: A={ $flatten\blkProj14999_7.\blkProj14952_41.\blk3877_3.$60\crc[15:0] [11:0] 1'0 }, B={ $auto$opt_expr.cc:205:group_cell_inputs$3897 [1] $flatten\blkProj14999_7.\blkProj14952_41.\blk3877_3.$60\crc[15:0] [10:5] $auto$opt_expr.cc:205:group_cell_inputs$3897 [0] $flatten\blkProj14999_7.\blkProj14952_41.\blk3877_3.$60\crc[15:0] [3:0] 1'1 }, Y={ \blkProj14999_7.blkProj14952_41.blk3878_4.crc32_i [15] $flatten\blkProj14999_7.\blkProj14952_41.\blk3877_3.$61\crc[15:0] [11:0] }
      New ports: A={ $flatten\blkProj14999_7.\blkProj14952_41.\blk3877_3.$60\crc[15:0] [11] $flatten\blkProj14999_7.\blkProj14952_41.\blk3877_3.$60\crc[15:0] [4] 1'0 }, B={ $auto$opt_expr.cc:205:group_cell_inputs$3897 1'1 }, Y={ \blkProj14999_7.blkProj14952_41.blk3878_4.crc32_i [15] $flatten\blkProj14999_7.\blkProj14952_41.\blk3877_3.$61\crc[15:0] [5] $flatten\blkProj14999_7.\blkProj14952_41.\blk3877_3.$61\crc[15:0] [0] }
      New connections: { $flatten\blkProj14999_7.\blkProj14952_41.\blk3877_3.$61\crc[15:0] [11:6] $flatten\blkProj14999_7.\blkProj14952_41.\blk3877_3.$61\crc[15:0] [4:1] } = { $flatten\blkProj14999_7.\blkProj14952_41.\blk3877_3.$60\crc[15:0] [10:5] $flatten\blkProj14999_7.\blkProj14952_41.\blk3877_3.$60\crc[15:0] [3:0] }
    Consolidated identical input bits for $mux cell $flatten\blkProj14999_7.\blkProj14952_41.\blk3877_3.$procmux$1394:
      Old ports: A={ $flatten\blkProj14999_7.\blkProj14952_41.\blk3877_3.$59\crc[15:0] [11:0] 1'0 }, B={ $auto$opt_expr.cc:205:group_cell_inputs$3893 [1] $flatten\blkProj14999_7.\blkProj14952_41.\blk3877_3.$59\crc[15:0] [10:5] $auto$opt_expr.cc:205:group_cell_inputs$3893 [0] $flatten\blkProj14999_7.\blkProj14952_41.\blk3877_3.$59\crc[15:0] [3:0] 1'1 }, Y=$flatten\blkProj14999_7.\blkProj14952_41.\blk3877_3.$60\crc[15:0] [12:0]
      New ports: A={ $flatten\blkProj14999_7.\blkProj14952_41.\blk3877_3.$59\crc[15:0] [11] $flatten\blkProj14999_7.\blkProj14952_41.\blk3877_3.$59\crc[15:0] [4] 1'0 }, B={ $auto$opt_expr.cc:205:group_cell_inputs$3893 1'1 }, Y={ $flatten\blkProj14999_7.\blkProj14952_41.\blk3877_3.$60\crc[15:0] [12] $flatten\blkProj14999_7.\blkProj14952_41.\blk3877_3.$60\crc[15:0] [5] $flatten\blkProj14999_7.\blkProj14952_41.\blk3877_3.$60\crc[15:0] [0] }
      New connections: { $flatten\blkProj14999_7.\blkProj14952_41.\blk3877_3.$60\crc[15:0] [11:6] $flatten\blkProj14999_7.\blkProj14952_41.\blk3877_3.$60\crc[15:0] [4:1] } = { $flatten\blkProj14999_7.\blkProj14952_41.\blk3877_3.$59\crc[15:0] [10:5] $flatten\blkProj14999_7.\blkProj14952_41.\blk3877_3.$59\crc[15:0] [3:0] }
    Consolidated identical input bits for $mux cell $flatten\blkProj14999_7.\blkProj14952_41.\blk3877_3.$procmux$1397:
      Old ports: A={ $flatten\blkProj14999_7.\blkProj14952_41.\blk3877_3.$58\crc[15:0] [11:0] 1'0 }, B={ $auto$opt_expr.cc:205:group_cell_inputs$3889 [1] $flatten\blkProj14999_7.\blkProj14952_41.\blk3877_3.$58\crc[15:0] [10:5] $auto$opt_expr.cc:205:group_cell_inputs$3889 [0] $flatten\blkProj14999_7.\blkProj14952_41.\blk3877_3.$58\crc[15:0] [3:0] 1'1 }, Y=$flatten\blkProj14999_7.\blkProj14952_41.\blk3877_3.$59\crc[15:0] [12:0]
      New ports: A={ $flatten\blkProj14999_7.\blkProj14952_41.\blk3877_3.$58\crc[15:0] [11] $flatten\blkProj14999_7.\blkProj14952_41.\blk3877_3.$58\crc[15:0] [4] 1'0 }, B={ $auto$opt_expr.cc:205:group_cell_inputs$3889 1'1 }, Y={ $flatten\blkProj14999_7.\blkProj14952_41.\blk3877_3.$59\crc[15:0] [12] $flatten\blkProj14999_7.\blkProj14952_41.\blk3877_3.$59\crc[15:0] [5] $flatten\blkProj14999_7.\blkProj14952_41.\blk3877_3.$59\crc[15:0] [0] }
      New connections: { $flatten\blkProj14999_7.\blkProj14952_41.\blk3877_3.$59\crc[15:0] [11:6] $flatten\blkProj14999_7.\blkProj14952_41.\blk3877_3.$59\crc[15:0] [4:1] } = { $flatten\blkProj14999_7.\blkProj14952_41.\blk3877_3.$58\crc[15:0] [10:5] $flatten\blkProj14999_7.\blkProj14952_41.\blk3877_3.$58\crc[15:0] [3:0] }
    Consolidated identical input bits for $mux cell $flatten\blkProj14999_7.\blkProj14952_41.\blk3877_3.$procmux$1400:
      Old ports: A={ $flatten\blkProj14999_7.\blkProj14952_41.\blk3877_3.$57\crc[15:0] [11:0] 1'0 }, B={ $auto$opt_expr.cc:205:group_cell_inputs$3885 [1] $flatten\blkProj14999_7.\blkProj14952_41.\blk3877_3.$57\crc[15:0] [10:5] $auto$opt_expr.cc:205:group_cell_inputs$3885 [0] $flatten\blkProj14999_7.\blkProj14952_41.\blk3877_3.$57\crc[15:0] [3:0] 1'1 }, Y=$flatten\blkProj14999_7.\blkProj14952_41.\blk3877_3.$58\crc[15:0] [12:0]
      New ports: A={ $flatten\blkProj14999_7.\blkProj14952_41.\blk3877_3.$57\crc[15:0] [11] $flatten\blkProj14999_7.\blkProj14952_41.\blk3877_3.$57\crc[15:0] [4] 1'0 }, B={ $auto$opt_expr.cc:205:group_cell_inputs$3885 1'1 }, Y={ $flatten\blkProj14999_7.\blkProj14952_41.\blk3877_3.$58\crc[15:0] [12] $flatten\blkProj14999_7.\blkProj14952_41.\blk3877_3.$58\crc[15:0] [5] $flatten\blkProj14999_7.\blkProj14952_41.\blk3877_3.$58\crc[15:0] [0] }
      New connections: { $flatten\blkProj14999_7.\blkProj14952_41.\blk3877_3.$58\crc[15:0] [11:6] $flatten\blkProj14999_7.\blkProj14952_41.\blk3877_3.$58\crc[15:0] [4:1] } = { $flatten\blkProj14999_7.\blkProj14952_41.\blk3877_3.$57\crc[15:0] [10:5] $flatten\blkProj14999_7.\blkProj14952_41.\blk3877_3.$57\crc[15:0] [3:0] }
    Consolidated identical input bits for $mux cell $flatten\blkProj14999_7.\blkProj14952_41.\blk3877_3.$procmux$1403:
      Old ports: A={ $auto$opt_expr.cc:205:group_cell_inputs$3878 [3:0] $auto$opt_expr.cc:205:group_cell_inputs$3880 1'0 }, B={ $auto$opt_expr.cc:205:group_cell_inputs$3881 [1] $auto$opt_expr.cc:205:group_cell_inputs$3878 [2:0] $auto$opt_expr.cc:205:group_cell_inputs$3880 [7:5] $auto$opt_expr.cc:205:group_cell_inputs$3881 [0] $auto$opt_expr.cc:205:group_cell_inputs$3880 [3:0] 1'1 }, Y=$flatten\blkProj14999_7.\blkProj14952_41.\blk3877_3.$57\crc[15:0] [12:0]
      New ports: A={ $auto$opt_expr.cc:205:group_cell_inputs$3878 [3] $auto$opt_expr.cc:205:group_cell_inputs$3880 [4] 1'0 }, B={ $auto$opt_expr.cc:205:group_cell_inputs$3881 1'1 }, Y={ $flatten\blkProj14999_7.\blkProj14952_41.\blk3877_3.$57\crc[15:0] [12] $flatten\blkProj14999_7.\blkProj14952_41.\blk3877_3.$57\crc[15:0] [5] $flatten\blkProj14999_7.\blkProj14952_41.\blk3877_3.$57\crc[15:0] [0] }
      New connections: { $flatten\blkProj14999_7.\blkProj14952_41.\blk3877_3.$57\crc[15:0] [11:6] $flatten\blkProj14999_7.\blkProj14952_41.\blk3877_3.$57\crc[15:0] [4:1] } = { $auto$opt_expr.cc:205:group_cell_inputs$3878 [2:0] $auto$opt_expr.cc:205:group_cell_inputs$3880 [7:5] $auto$opt_expr.cc:205:group_cell_inputs$3880 [3:0] }
    Consolidated identical input bits for $mux cell $flatten\blkProj14999_7.\blkProj14952_41.\blk3877_3.$procmux$1406:
      Old ports: A={ $flatten\blkProj14999_7.\blkProj14952_41.\blk3877_3.$55\crc[15:0] [11:0] 1'0 }, B={ $auto$opt_expr.cc:205:group_cell_inputs$3874 [1] $flatten\blkProj14999_7.\blkProj14952_41.\blk3877_3.$55\crc[15:0] [10:5] $auto$opt_expr.cc:205:group_cell_inputs$3874 [0] $flatten\blkProj14999_7.\blkProj14952_41.\blk3877_3.$55\crc[15:0] [3:0] 1'1 }, Y={ $flatten\blkProj14999_7.\blkProj14952_41.\blk3877_3.$56\crc[15:0] [12:8] $auto$opt_expr.cc:205:group_cell_inputs$3880 }
      New ports: A={ $flatten\blkProj14999_7.\blkProj14952_41.\blk3877_3.$55\crc[15:0] [11] $flatten\blkProj14999_7.\blkProj14952_41.\blk3877_3.$55\crc[15:0] [4] 1'0 }, B={ $auto$opt_expr.cc:205:group_cell_inputs$3874 1'1 }, Y={ $flatten\blkProj14999_7.\blkProj14952_41.\blk3877_3.$56\crc[15:0] [12] $auto$opt_expr.cc:205:group_cell_inputs$3880 [5] $auto$opt_expr.cc:205:group_cell_inputs$3880 [0] }
      New connections: { $flatten\blkProj14999_7.\blkProj14952_41.\blk3877_3.$56\crc[15:0] [11:8] $auto$opt_expr.cc:205:group_cell_inputs$3880 [7:6] $auto$opt_expr.cc:205:group_cell_inputs$3880 [4:1] } = { $flatten\blkProj14999_7.\blkProj14952_41.\blk3877_3.$55\crc[15:0] [10:5] $flatten\blkProj14999_7.\blkProj14952_41.\blk3877_3.$55\crc[15:0] [3:0] }
    Consolidated identical input bits for $mux cell $flatten\blkProj14999_7.\blkProj14952_41.\blk3877_3.$procmux$1409:
      Old ports: A={ $flatten\blkProj14999_7.\blkProj14952_41.\blk3877_3.$54\crc[15:0] [11:0] 1'0 }, B={ $auto$opt_expr.cc:205:group_cell_inputs$3870 [1] $flatten\blkProj14999_7.\blkProj14952_41.\blk3877_3.$54\crc[15:0] [10:5] $auto$opt_expr.cc:205:group_cell_inputs$3870 [0] $flatten\blkProj14999_7.\blkProj14952_41.\blk3877_3.$54\crc[15:0] [3:0] 1'1 }, Y=$flatten\blkProj14999_7.\blkProj14952_41.\blk3877_3.$55\crc[15:0] [12:0]
      New ports: A={ $flatten\blkProj14999_7.\blkProj14952_41.\blk3877_3.$54\crc[15:0] [11] $flatten\blkProj14999_7.\blkProj14952_41.\blk3877_3.$54\crc[15:0] [4] 1'0 }, B={ $auto$opt_expr.cc:205:group_cell_inputs$3870 1'1 }, Y={ $flatten\blkProj14999_7.\blkProj14952_41.\blk3877_3.$55\crc[15:0] [12] $flatten\blkProj14999_7.\blkProj14952_41.\blk3877_3.$55\crc[15:0] [5] $flatten\blkProj14999_7.\blkProj14952_41.\blk3877_3.$55\crc[15:0] [0] }
      New connections: { $flatten\blkProj14999_7.\blkProj14952_41.\blk3877_3.$55\crc[15:0] [11:6] $flatten\blkProj14999_7.\blkProj14952_41.\blk3877_3.$55\crc[15:0] [4:1] } = { $flatten\blkProj14999_7.\blkProj14952_41.\blk3877_3.$54\crc[15:0] [10:5] $flatten\blkProj14999_7.\blkProj14952_41.\blk3877_3.$54\crc[15:0] [3:0] }
    Consolidated identical input bits for $mux cell $flatten\blkProj14999_7.\blkProj14952_41.\blk3877_3.$procmux$1412:
      Old ports: A={ $flatten\blkProj14999_7.\blkProj14952_41.\blk3877_3.$53\crc[15:0] [11:0] 1'0 }, B={ $auto$opt_expr.cc:205:group_cell_inputs$3866 [1] $flatten\blkProj14999_7.\blkProj14952_41.\blk3877_3.$53\crc[15:0] [10:5] $auto$opt_expr.cc:205:group_cell_inputs$3866 [0] $flatten\blkProj14999_7.\blkProj14952_41.\blk3877_3.$53\crc[15:0] [3:0] 1'1 }, Y=$flatten\blkProj14999_7.\blkProj14952_41.\blk3877_3.$54\crc[15:0] [12:0]
      New ports: A={ $flatten\blkProj14999_7.\blkProj14952_41.\blk3877_3.$53\crc[15:0] [11] $flatten\blkProj14999_7.\blkProj14952_41.\blk3877_3.$53\crc[15:0] [4] 1'0 }, B={ $auto$opt_expr.cc:205:group_cell_inputs$3866 1'1 }, Y={ $flatten\blkProj14999_7.\blkProj14952_41.\blk3877_3.$54\crc[15:0] [12] $flatten\blkProj14999_7.\blkProj14952_41.\blk3877_3.$54\crc[15:0] [5] $flatten\blkProj14999_7.\blkProj14952_41.\blk3877_3.$54\crc[15:0] [0] }
      New connections: { $flatten\blkProj14999_7.\blkProj14952_41.\blk3877_3.$54\crc[15:0] [11:6] $flatten\blkProj14999_7.\blkProj14952_41.\blk3877_3.$54\crc[15:0] [4:1] } = { $flatten\blkProj14999_7.\blkProj14952_41.\blk3877_3.$53\crc[15:0] [10:5] $flatten\blkProj14999_7.\blkProj14952_41.\blk3877_3.$53\crc[15:0] [3:0] }
    Consolidated identical input bits for $mux cell $flatten\blkProj14999_7.\blkProj14952_41.\blk3877_3.$procmux$1415:
      Old ports: A={ $flatten\blkProj14999_7.\blkProj14952_41.\blk3877_3.$52\crc[15:0] [11:0] 1'0 }, B={ $auto$opt_expr.cc:205:group_cell_inputs$3862 [1] $flatten\blkProj14999_7.\blkProj14952_41.\blk3877_3.$52\crc[15:0] [10:5] $auto$opt_expr.cc:205:group_cell_inputs$3862 [0] $flatten\blkProj14999_7.\blkProj14952_41.\blk3877_3.$52\crc[15:0] [3:0] 1'1 }, Y=$flatten\blkProj14999_7.\blkProj14952_41.\blk3877_3.$53\crc[15:0] [12:0]
      New ports: A={ $flatten\blkProj14999_7.\blkProj14952_41.\blk3877_3.$52\crc[15:0] [11] $flatten\blkProj14999_7.\blkProj14952_41.\blk3877_3.$52\crc[15:0] [4] 1'0 }, B={ $auto$opt_expr.cc:205:group_cell_inputs$3862 1'1 }, Y={ $flatten\blkProj14999_7.\blkProj14952_41.\blk3877_3.$53\crc[15:0] [12] $flatten\blkProj14999_7.\blkProj14952_41.\blk3877_3.$53\crc[15:0] [5] $flatten\blkProj14999_7.\blkProj14952_41.\blk3877_3.$53\crc[15:0] [0] }
      New connections: { $flatten\blkProj14999_7.\blkProj14952_41.\blk3877_3.$53\crc[15:0] [11:6] $flatten\blkProj14999_7.\blkProj14952_41.\blk3877_3.$53\crc[15:0] [4:1] } = { $flatten\blkProj14999_7.\blkProj14952_41.\blk3877_3.$52\crc[15:0] [10:5] $flatten\blkProj14999_7.\blkProj14952_41.\blk3877_3.$52\crc[15:0] [3:0] }
    Consolidated identical input bits for $mux cell $flatten\blkProj14999_7.\blkProj14952_41.\blk3877_3.$procmux$1418:
      Old ports: A={ $flatten\blkProj14999_7.\blkProj14952_41.\blk3877_3.$51\crc[15:0] [11:0] 1'0 }, B={ $auto$opt_expr.cc:205:group_cell_inputs$3858 [1] $flatten\blkProj14999_7.\blkProj14952_41.\blk3877_3.$51\crc[15:0] [10:5] $auto$opt_expr.cc:205:group_cell_inputs$3858 [0] $flatten\blkProj14999_7.\blkProj14952_41.\blk3877_3.$51\crc[15:0] [3:0] 1'1 }, Y=$flatten\blkProj14999_7.\blkProj14952_41.\blk3877_3.$52\crc[15:0] [12:0]
      New ports: A={ $flatten\blkProj14999_7.\blkProj14952_41.\blk3877_3.$51\crc[15:0] [11] $flatten\blkProj14999_7.\blkProj14952_41.\blk3877_3.$51\crc[15:0] [4] 1'0 }, B={ $auto$opt_expr.cc:205:group_cell_inputs$3858 1'1 }, Y={ $flatten\blkProj14999_7.\blkProj14952_41.\blk3877_3.$52\crc[15:0] [12] $flatten\blkProj14999_7.\blkProj14952_41.\blk3877_3.$52\crc[15:0] [5] $flatten\blkProj14999_7.\blkProj14952_41.\blk3877_3.$52\crc[15:0] [0] }
      New connections: { $flatten\blkProj14999_7.\blkProj14952_41.\blk3877_3.$52\crc[15:0] [11:6] $flatten\blkProj14999_7.\blkProj14952_41.\blk3877_3.$52\crc[15:0] [4:1] } = { $flatten\blkProj14999_7.\blkProj14952_41.\blk3877_3.$51\crc[15:0] [10:5] $flatten\blkProj14999_7.\blkProj14952_41.\blk3877_3.$51\crc[15:0] [3:0] }
    Consolidated identical input bits for $mux cell $flatten\blkProj14999_7.\blkProj14952_41.\blk3877_3.$procmux$1421:
      Old ports: A={ $flatten\blkProj14999_7.\blkProj14952_41.\blk3877_3.$50\crc[15:0] [11:0] 1'0 }, B={ $auto$opt_expr.cc:205:group_cell_inputs$3854 [1] $flatten\blkProj14999_7.\blkProj14952_41.\blk3877_3.$50\crc[15:0] [10:5] $auto$opt_expr.cc:205:group_cell_inputs$3854 [0] $flatten\blkProj14999_7.\blkProj14952_41.\blk3877_3.$50\crc[15:0] [3:0] 1'1 }, Y=$flatten\blkProj14999_7.\blkProj14952_41.\blk3877_3.$51\crc[15:0] [12:0]
      New ports: A={ $flatten\blkProj14999_7.\blkProj14952_41.\blk3877_3.$50\crc[15:0] [11] $flatten\blkProj14999_7.\blkProj14952_41.\blk3877_3.$50\crc[15:0] [4] 1'0 }, B={ $auto$opt_expr.cc:205:group_cell_inputs$3854 1'1 }, Y={ $flatten\blkProj14999_7.\blkProj14952_41.\blk3877_3.$51\crc[15:0] [12] $flatten\blkProj14999_7.\blkProj14952_41.\blk3877_3.$51\crc[15:0] [5] $flatten\blkProj14999_7.\blkProj14952_41.\blk3877_3.$51\crc[15:0] [0] }
      New connections: { $flatten\blkProj14999_7.\blkProj14952_41.\blk3877_3.$51\crc[15:0] [11:6] $flatten\blkProj14999_7.\blkProj14952_41.\blk3877_3.$51\crc[15:0] [4:1] } = { $flatten\blkProj14999_7.\blkProj14952_41.\blk3877_3.$50\crc[15:0] [10:5] $flatten\blkProj14999_7.\blkProj14952_41.\blk3877_3.$50\crc[15:0] [3:0] }
    Consolidated identical input bits for $mux cell $flatten\blkProj14999_7.\blkProj14952_41.\blk3877_3.$procmux$1424:
      Old ports: A={ $flatten\blkProj14999_7.\blkProj14952_41.\blk3877_3.$49\crc[15:0] [11:0] 1'0 }, B={ $auto$opt_expr.cc:205:group_cell_inputs$3850 [1] $flatten\blkProj14999_7.\blkProj14952_41.\blk3877_3.$49\crc[15:0] [10:5] $auto$opt_expr.cc:205:group_cell_inputs$3850 [0] $flatten\blkProj14999_7.\blkProj14952_41.\blk3877_3.$49\crc[15:0] [3:0] 1'1 }, Y=$flatten\blkProj14999_7.\blkProj14952_41.\blk3877_3.$50\crc[15:0] [12:0]
      New ports: A={ $flatten\blkProj14999_7.\blkProj14952_41.\blk3877_3.$49\crc[15:0] [11] $flatten\blkProj14999_7.\blkProj14952_41.\blk3877_3.$49\crc[15:0] [4] 1'0 }, B={ $auto$opt_expr.cc:205:group_cell_inputs$3850 1'1 }, Y={ $flatten\blkProj14999_7.\blkProj14952_41.\blk3877_3.$50\crc[15:0] [12] $flatten\blkProj14999_7.\blkProj14952_41.\blk3877_3.$50\crc[15:0] [5] $flatten\blkProj14999_7.\blkProj14952_41.\blk3877_3.$50\crc[15:0] [0] }
      New connections: { $flatten\blkProj14999_7.\blkProj14952_41.\blk3877_3.$50\crc[15:0] [11:6] $flatten\blkProj14999_7.\blkProj14952_41.\blk3877_3.$50\crc[15:0] [4:1] } = { $flatten\blkProj14999_7.\blkProj14952_41.\blk3877_3.$49\crc[15:0] [10:5] $flatten\blkProj14999_7.\blkProj14952_41.\blk3877_3.$49\crc[15:0] [3:0] }
    Consolidated identical input bits for $mux cell $flatten\blkProj14999_7.\blkProj14952_41.\blk3877_3.$procmux$1427:
      Old ports: A={ $auto$opt_expr.cc:205:group_cell_inputs$3843 [3:0] $auto$opt_expr.cc:205:group_cell_inputs$3845 1'0 }, B={ $auto$opt_expr.cc:205:group_cell_inputs$3846 [1] $auto$opt_expr.cc:205:group_cell_inputs$3843 [2:0] $auto$opt_expr.cc:205:group_cell_inputs$3845 [7:5] $auto$opt_expr.cc:205:group_cell_inputs$3846 [0] $auto$opt_expr.cc:205:group_cell_inputs$3845 [3:0] 1'1 }, Y=$flatten\blkProj14999_7.\blkProj14952_41.\blk3877_3.$49\crc[15:0] [12:0]
      New ports: A={ $auto$opt_expr.cc:205:group_cell_inputs$3843 [3] $auto$opt_expr.cc:205:group_cell_inputs$3845 [4] 1'0 }, B={ $auto$opt_expr.cc:205:group_cell_inputs$3846 1'1 }, Y={ $flatten\blkProj14999_7.\blkProj14952_41.\blk3877_3.$49\crc[15:0] [12] $flatten\blkProj14999_7.\blkProj14952_41.\blk3877_3.$49\crc[15:0] [5] $flatten\blkProj14999_7.\blkProj14952_41.\blk3877_3.$49\crc[15:0] [0] }
      New connections: { $flatten\blkProj14999_7.\blkProj14952_41.\blk3877_3.$49\crc[15:0] [11:6] $flatten\blkProj14999_7.\blkProj14952_41.\blk3877_3.$49\crc[15:0] [4:1] } = { $auto$opt_expr.cc:205:group_cell_inputs$3843 [2:0] $auto$opt_expr.cc:205:group_cell_inputs$3845 [7:5] $auto$opt_expr.cc:205:group_cell_inputs$3845 [3:0] }
    Consolidated identical input bits for $mux cell $flatten\blkProj14999_7.\blkProj14952_41.\blk3877_3.$procmux$1430:
      Old ports: A={ $flatten\blkProj14999_7.\blkProj14952_41.\blk3877_3.$47\crc[15:0] [11:0] 1'0 }, B={ $auto$opt_expr.cc:205:group_cell_inputs$3839 [1] $flatten\blkProj14999_7.\blkProj14952_41.\blk3877_3.$47\crc[15:0] [10:5] $auto$opt_expr.cc:205:group_cell_inputs$3839 [0] $flatten\blkProj14999_7.\blkProj14952_41.\blk3877_3.$47\crc[15:0] [3:0] 1'1 }, Y={ $flatten\blkProj14999_7.\blkProj14952_41.\blk3877_3.$48\crc[15:0] [12:8] $auto$opt_expr.cc:205:group_cell_inputs$3845 }
      New ports: A={ $flatten\blkProj14999_7.\blkProj14952_41.\blk3877_3.$47\crc[15:0] [11] $flatten\blkProj14999_7.\blkProj14952_41.\blk3877_3.$47\crc[15:0] [4] 1'0 }, B={ $auto$opt_expr.cc:205:group_cell_inputs$3839 1'1 }, Y={ $flatten\blkProj14999_7.\blkProj14952_41.\blk3877_3.$48\crc[15:0] [12] $auto$opt_expr.cc:205:group_cell_inputs$3845 [5] $auto$opt_expr.cc:205:group_cell_inputs$3845 [0] }
      New connections: { $flatten\blkProj14999_7.\blkProj14952_41.\blk3877_3.$48\crc[15:0] [11:8] $auto$opt_expr.cc:205:group_cell_inputs$3845 [7:6] $auto$opt_expr.cc:205:group_cell_inputs$3845 [4:1] } = { $flatten\blkProj14999_7.\blkProj14952_41.\blk3877_3.$47\crc[15:0] [10:5] $flatten\blkProj14999_7.\blkProj14952_41.\blk3877_3.$47\crc[15:0] [3:0] }
    Consolidated identical input bits for $mux cell $flatten\blkProj14999_7.\blkProj14952_41.\blk3877_3.$procmux$1433:
      Old ports: A={ $flatten\blkProj14999_7.\blkProj14952_41.\blk3877_3.$46\crc[15:0] [11:0] 1'0 }, B={ $auto$opt_expr.cc:205:group_cell_inputs$3835 [1] $flatten\blkProj14999_7.\blkProj14952_41.\blk3877_3.$46\crc[15:0] [10:5] $auto$opt_expr.cc:205:group_cell_inputs$3835 [0] $flatten\blkProj14999_7.\blkProj14952_41.\blk3877_3.$46\crc[15:0] [3:0] 1'1 }, Y=$flatten\blkProj14999_7.\blkProj14952_41.\blk3877_3.$47\crc[15:0] [12:0]
      New ports: A={ $flatten\blkProj14999_7.\blkProj14952_41.\blk3877_3.$46\crc[15:0] [11] $flatten\blkProj14999_7.\blkProj14952_41.\blk3877_3.$46\crc[15:0] [4] 1'0 }, B={ $auto$opt_expr.cc:205:group_cell_inputs$3835 1'1 }, Y={ $flatten\blkProj14999_7.\blkProj14952_41.\blk3877_3.$47\crc[15:0] [12] $flatten\blkProj14999_7.\blkProj14952_41.\blk3877_3.$47\crc[15:0] [5] $flatten\blkProj14999_7.\blkProj14952_41.\blk3877_3.$47\crc[15:0] [0] }
      New connections: { $flatten\blkProj14999_7.\blkProj14952_41.\blk3877_3.$47\crc[15:0] [11:6] $flatten\blkProj14999_7.\blkProj14952_41.\blk3877_3.$47\crc[15:0] [4:1] } = { $flatten\blkProj14999_7.\blkProj14952_41.\blk3877_3.$46\crc[15:0] [10:5] $flatten\blkProj14999_7.\blkProj14952_41.\blk3877_3.$46\crc[15:0] [3:0] }
    Consolidated identical input bits for $mux cell $flatten\blkProj14999_7.\blkProj14952_41.\blk3877_3.$procmux$1436:
      Old ports: A={ $flatten\blkProj14999_7.\blkProj14952_41.\blk3877_3.$45\crc[15:0] [11:0] 1'0 }, B={ $auto$opt_expr.cc:205:group_cell_inputs$3831 [1] $flatten\blkProj14999_7.\blkProj14952_41.\blk3877_3.$45\crc[15:0] [10:5] $auto$opt_expr.cc:205:group_cell_inputs$3831 [0] $flatten\blkProj14999_7.\blkProj14952_41.\blk3877_3.$45\crc[15:0] [3:0] 1'1 }, Y=$flatten\blkProj14999_7.\blkProj14952_41.\blk3877_3.$46\crc[15:0] [12:0]
      New ports: A={ $flatten\blkProj14999_7.\blkProj14952_41.\blk3877_3.$45\crc[15:0] [11] $flatten\blkProj14999_7.\blkProj14952_41.\blk3877_3.$45\crc[15:0] [4] 1'0 }, B={ $auto$opt_expr.cc:205:group_cell_inputs$3831 1'1 }, Y={ $flatten\blkProj14999_7.\blkProj14952_41.\blk3877_3.$46\crc[15:0] [12] $flatten\blkProj14999_7.\blkProj14952_41.\blk3877_3.$46\crc[15:0] [5] $flatten\blkProj14999_7.\blkProj14952_41.\blk3877_3.$46\crc[15:0] [0] }
      New connections: { $flatten\blkProj14999_7.\blkProj14952_41.\blk3877_3.$46\crc[15:0] [11:6] $flatten\blkProj14999_7.\blkProj14952_41.\blk3877_3.$46\crc[15:0] [4:1] } = { $flatten\blkProj14999_7.\blkProj14952_41.\blk3877_3.$45\crc[15:0] [10:5] $flatten\blkProj14999_7.\blkProj14952_41.\blk3877_3.$45\crc[15:0] [3:0] }
    Consolidated identical input bits for $mux cell $flatten\blkProj14999_7.\blkProj14952_41.\blk3877_3.$procmux$1439:
      Old ports: A={ $flatten\blkProj14999_7.\blkProj14952_41.\blk3877_3.$44\crc[15:0] [11:0] 1'0 }, B={ $auto$opt_expr.cc:205:group_cell_inputs$3827 [1] $flatten\blkProj14999_7.\blkProj14952_41.\blk3877_3.$44\crc[15:0] [10:5] $auto$opt_expr.cc:205:group_cell_inputs$3827 [0] $flatten\blkProj14999_7.\blkProj14952_41.\blk3877_3.$44\crc[15:0] [3:0] 1'1 }, Y=$flatten\blkProj14999_7.\blkProj14952_41.\blk3877_3.$45\crc[15:0] [12:0]
      New ports: A={ $flatten\blkProj14999_7.\blkProj14952_41.\blk3877_3.$44\crc[15:0] [11] $flatten\blkProj14999_7.\blkProj14952_41.\blk3877_3.$44\crc[15:0] [4] 1'0 }, B={ $auto$opt_expr.cc:205:group_cell_inputs$3827 1'1 }, Y={ $flatten\blkProj14999_7.\blkProj14952_41.\blk3877_3.$45\crc[15:0] [12] $flatten\blkProj14999_7.\blkProj14952_41.\blk3877_3.$45\crc[15:0] [5] $flatten\blkProj14999_7.\blkProj14952_41.\blk3877_3.$45\crc[15:0] [0] }
      New connections: { $flatten\blkProj14999_7.\blkProj14952_41.\blk3877_3.$45\crc[15:0] [11:6] $flatten\blkProj14999_7.\blkProj14952_41.\blk3877_3.$45\crc[15:0] [4:1] } = { $flatten\blkProj14999_7.\blkProj14952_41.\blk3877_3.$44\crc[15:0] [10:5] $flatten\blkProj14999_7.\blkProj14952_41.\blk3877_3.$44\crc[15:0] [3:0] }
    Consolidated identical input bits for $mux cell $flatten\blkProj14999_7.\blkProj14952_41.\blk3877_3.$procmux$1442:
      Old ports: A={ $flatten\blkProj14999_7.\blkProj14952_41.\blk3877_3.$43\crc[15:0] [11:0] 1'0 }, B={ $auto$opt_expr.cc:205:group_cell_inputs$3823 [1] $flatten\blkProj14999_7.\blkProj14952_41.\blk3877_3.$43\crc[15:0] [10:5] $auto$opt_expr.cc:205:group_cell_inputs$3823 [0] $flatten\blkProj14999_7.\blkProj14952_41.\blk3877_3.$43\crc[15:0] [3:0] 1'1 }, Y=$flatten\blkProj14999_7.\blkProj14952_41.\blk3877_3.$44\crc[15:0] [12:0]
      New ports: A={ $flatten\blkProj14999_7.\blkProj14952_41.\blk3877_3.$43\crc[15:0] [11] $flatten\blkProj14999_7.\blkProj14952_41.\blk3877_3.$43\crc[15:0] [4] 1'0 }, B={ $auto$opt_expr.cc:205:group_cell_inputs$3823 1'1 }, Y={ $flatten\blkProj14999_7.\blkProj14952_41.\blk3877_3.$44\crc[15:0] [12] $flatten\blkProj14999_7.\blkProj14952_41.\blk3877_3.$44\crc[15:0] [5] $flatten\blkProj14999_7.\blkProj14952_41.\blk3877_3.$44\crc[15:0] [0] }
      New connections: { $flatten\blkProj14999_7.\blkProj14952_41.\blk3877_3.$44\crc[15:0] [11:6] $flatten\blkProj14999_7.\blkProj14952_41.\blk3877_3.$44\crc[15:0] [4:1] } = { $flatten\blkProj14999_7.\blkProj14952_41.\blk3877_3.$43\crc[15:0] [10:5] $flatten\blkProj14999_7.\blkProj14952_41.\blk3877_3.$43\crc[15:0] [3:0] }
    Consolidated identical input bits for $mux cell $flatten\blkProj14999_7.\blkProj14952_41.\blk3877_3.$procmux$1445:
      Old ports: A={ $flatten\blkProj14999_7.\blkProj14952_41.\blk3877_3.$42\crc[15:0] [11:0] 1'0 }, B={ $auto$opt_expr.cc:205:group_cell_inputs$3819 [1] $flatten\blkProj14999_7.\blkProj14952_41.\blk3877_3.$42\crc[15:0] [10:5] $auto$opt_expr.cc:205:group_cell_inputs$3819 [0] $flatten\blkProj14999_7.\blkProj14952_41.\blk3877_3.$42\crc[15:0] [3:0] 1'1 }, Y=$flatten\blkProj14999_7.\blkProj14952_41.\blk3877_3.$43\crc[15:0] [12:0]
      New ports: A={ $flatten\blkProj14999_7.\blkProj14952_41.\blk3877_3.$42\crc[15:0] [11] $flatten\blkProj14999_7.\blkProj14952_41.\blk3877_3.$42\crc[15:0] [4] 1'0 }, B={ $auto$opt_expr.cc:205:group_cell_inputs$3819 1'1 }, Y={ $flatten\blkProj14999_7.\blkProj14952_41.\blk3877_3.$43\crc[15:0] [12] $flatten\blkProj14999_7.\blkProj14952_41.\blk3877_3.$43\crc[15:0] [5] $flatten\blkProj14999_7.\blkProj14952_41.\blk3877_3.$43\crc[15:0] [0] }
      New connections: { $flatten\blkProj14999_7.\blkProj14952_41.\blk3877_3.$43\crc[15:0] [11:6] $flatten\blkProj14999_7.\blkProj14952_41.\blk3877_3.$43\crc[15:0] [4:1] } = { $flatten\blkProj14999_7.\blkProj14952_41.\blk3877_3.$42\crc[15:0] [10:5] $flatten\blkProj14999_7.\blkProj14952_41.\blk3877_3.$42\crc[15:0] [3:0] }
    Consolidated identical input bits for $mux cell $flatten\blkProj14999_7.\blkProj14952_41.\blk3877_3.$procmux$1448:
      Old ports: A={ $flatten\blkProj14999_7.\blkProj14952_41.\blk3877_3.$41\crc[15:0] [11:0] 1'0 }, B={ $auto$opt_expr.cc:205:group_cell_inputs$3815 [1] $flatten\blkProj14999_7.\blkProj14952_41.\blk3877_3.$41\crc[15:0] [10:5] $auto$opt_expr.cc:205:group_cell_inputs$3815 [0] $flatten\blkProj14999_7.\blkProj14952_41.\blk3877_3.$41\crc[15:0] [3:0] 1'1 }, Y=$flatten\blkProj14999_7.\blkProj14952_41.\blk3877_3.$42\crc[15:0] [12:0]
      New ports: A={ $flatten\blkProj14999_7.\blkProj14952_41.\blk3877_3.$41\crc[15:0] [11] $flatten\blkProj14999_7.\blkProj14952_41.\blk3877_3.$41\crc[15:0] [4] 1'0 }, B={ $auto$opt_expr.cc:205:group_cell_inputs$3815 1'1 }, Y={ $flatten\blkProj14999_7.\blkProj14952_41.\blk3877_3.$42\crc[15:0] [12] $flatten\blkProj14999_7.\blkProj14952_41.\blk3877_3.$42\crc[15:0] [5] $flatten\blkProj14999_7.\blkProj14952_41.\blk3877_3.$42\crc[15:0] [0] }
      New connections: { $flatten\blkProj14999_7.\blkProj14952_41.\blk3877_3.$42\crc[15:0] [11:6] $flatten\blkProj14999_7.\blkProj14952_41.\blk3877_3.$42\crc[15:0] [4:1] } = { $flatten\blkProj14999_7.\blkProj14952_41.\blk3877_3.$41\crc[15:0] [10:5] $flatten\blkProj14999_7.\blkProj14952_41.\blk3877_3.$41\crc[15:0] [3:0] }
    Consolidated identical input bits for $mux cell $flatten\blkProj14999_7.\blkProj14952_41.\blk3877_3.$procmux$1451:
      Old ports: A={ $auto$opt_expr.cc:205:group_cell_inputs$3808 [3:0] $auto$opt_expr.cc:205:group_cell_inputs$3810 1'0 }, B={ $auto$opt_expr.cc:205:group_cell_inputs$3811 [1] $auto$opt_expr.cc:205:group_cell_inputs$3808 [2:0] $auto$opt_expr.cc:205:group_cell_inputs$3810 [7:5] $auto$opt_expr.cc:205:group_cell_inputs$3811 [0] $auto$opt_expr.cc:205:group_cell_inputs$3810 [3:0] 1'1 }, Y=$flatten\blkProj14999_7.\blkProj14952_41.\blk3877_3.$41\crc[15:0] [12:0]
      New ports: A={ $auto$opt_expr.cc:205:group_cell_inputs$3808 [3] $auto$opt_expr.cc:205:group_cell_inputs$3810 [4] 1'0 }, B={ $auto$opt_expr.cc:205:group_cell_inputs$3811 1'1 }, Y={ $flatten\blkProj14999_7.\blkProj14952_41.\blk3877_3.$41\crc[15:0] [12] $flatten\blkProj14999_7.\blkProj14952_41.\blk3877_3.$41\crc[15:0] [5] $flatten\blkProj14999_7.\blkProj14952_41.\blk3877_3.$41\crc[15:0] [0] }
      New connections: { $flatten\blkProj14999_7.\blkProj14952_41.\blk3877_3.$41\crc[15:0] [11:6] $flatten\blkProj14999_7.\blkProj14952_41.\blk3877_3.$41\crc[15:0] [4:1] } = { $auto$opt_expr.cc:205:group_cell_inputs$3808 [2:0] $auto$opt_expr.cc:205:group_cell_inputs$3810 [7:5] $auto$opt_expr.cc:205:group_cell_inputs$3810 [3:0] }
    Consolidated identical input bits for $mux cell $flatten\blkProj14999_7.\blkProj14952_41.\blk3877_3.$procmux$1454:
      Old ports: A={ $flatten\blkProj14999_7.\blkProj14952_41.\blk3877_3.$39\crc[15:0] [11:0] 1'0 }, B={ $auto$opt_expr.cc:205:group_cell_inputs$3804 [1] $flatten\blkProj14999_7.\blkProj14952_41.\blk3877_3.$39\crc[15:0] [10:5] $auto$opt_expr.cc:205:group_cell_inputs$3804 [0] $flatten\blkProj14999_7.\blkProj14952_41.\blk3877_3.$39\crc[15:0] [3:0] 1'1 }, Y={ $flatten\blkProj14999_7.\blkProj14952_41.\blk3877_3.$40\crc[15:0] [12:8] $auto$opt_expr.cc:205:group_cell_inputs$3810 }
      New ports: A={ $flatten\blkProj14999_7.\blkProj14952_41.\blk3877_3.$39\crc[15:0] [11] $flatten\blkProj14999_7.\blkProj14952_41.\blk3877_3.$39\crc[15:0] [4] 1'0 }, B={ $auto$opt_expr.cc:205:group_cell_inputs$3804 1'1 }, Y={ $flatten\blkProj14999_7.\blkProj14952_41.\blk3877_3.$40\crc[15:0] [12] $auto$opt_expr.cc:205:group_cell_inputs$3810 [5] $auto$opt_expr.cc:205:group_cell_inputs$3810 [0] }
      New connections: { $flatten\blkProj14999_7.\blkProj14952_41.\blk3877_3.$40\crc[15:0] [11:8] $auto$opt_expr.cc:205:group_cell_inputs$3810 [7:6] $auto$opt_expr.cc:205:group_cell_inputs$3810 [4:1] } = { $flatten\blkProj14999_7.\blkProj14952_41.\blk3877_3.$39\crc[15:0] [10:5] $flatten\blkProj14999_7.\blkProj14952_41.\blk3877_3.$39\crc[15:0] [3:0] }
    Consolidated identical input bits for $mux cell $flatten\blkProj14999_7.\blkProj14952_41.\blk3877_3.$procmux$1457:
      Old ports: A={ $flatten\blkProj14999_7.\blkProj14952_41.\blk3877_3.$38\crc[15:0] [11:0] 1'0 }, B={ $auto$opt_expr.cc:205:group_cell_inputs$3800 [1] $flatten\blkProj14999_7.\blkProj14952_41.\blk3877_3.$38\crc[15:0] [10:5] $auto$opt_expr.cc:205:group_cell_inputs$3800 [0] $flatten\blkProj14999_7.\blkProj14952_41.\blk3877_3.$38\crc[15:0] [3:0] 1'1 }, Y=$flatten\blkProj14999_7.\blkProj14952_41.\blk3877_3.$39\crc[15:0] [12:0]
      New ports: A={ $flatten\blkProj14999_7.\blkProj14952_41.\blk3877_3.$38\crc[15:0] [11] $flatten\blkProj14999_7.\blkProj14952_41.\blk3877_3.$38\crc[15:0] [4] 1'0 }, B={ $auto$opt_expr.cc:205:group_cell_inputs$3800 1'1 }, Y={ $flatten\blkProj14999_7.\blkProj14952_41.\blk3877_3.$39\crc[15:0] [12] $flatten\blkProj14999_7.\blkProj14952_41.\blk3877_3.$39\crc[15:0] [5] $flatten\blkProj14999_7.\blkProj14952_41.\blk3877_3.$39\crc[15:0] [0] }
      New connections: { $flatten\blkProj14999_7.\blkProj14952_41.\blk3877_3.$39\crc[15:0] [11:6] $flatten\blkProj14999_7.\blkProj14952_41.\blk3877_3.$39\crc[15:0] [4:1] } = { $flatten\blkProj14999_7.\blkProj14952_41.\blk3877_3.$38\crc[15:0] [10:5] $flatten\blkProj14999_7.\blkProj14952_41.\blk3877_3.$38\crc[15:0] [3:0] }
    Consolidated identical input bits for $mux cell $flatten\blkProj14999_7.\blkProj14952_41.\blk3877_3.$procmux$1460:
      Old ports: A={ $flatten\blkProj14999_7.\blkProj14952_41.\blk3877_3.$37\crc[15:0] [11:0] 1'0 }, B={ $auto$opt_expr.cc:205:group_cell_inputs$3796 [1] $flatten\blkProj14999_7.\blkProj14952_41.\blk3877_3.$37\crc[15:0] [10:5] $auto$opt_expr.cc:205:group_cell_inputs$3796 [0] $flatten\blkProj14999_7.\blkProj14952_41.\blk3877_3.$37\crc[15:0] [3:0] 1'1 }, Y=$flatten\blkProj14999_7.\blkProj14952_41.\blk3877_3.$38\crc[15:0] [12:0]
      New ports: A={ $flatten\blkProj14999_7.\blkProj14952_41.\blk3877_3.$37\crc[15:0] [11] $flatten\blkProj14999_7.\blkProj14952_41.\blk3877_3.$37\crc[15:0] [4] 1'0 }, B={ $auto$opt_expr.cc:205:group_cell_inputs$3796 1'1 }, Y={ $flatten\blkProj14999_7.\blkProj14952_41.\blk3877_3.$38\crc[15:0] [12] $flatten\blkProj14999_7.\blkProj14952_41.\blk3877_3.$38\crc[15:0] [5] $flatten\blkProj14999_7.\blkProj14952_41.\blk3877_3.$38\crc[15:0] [0] }
      New connections: { $flatten\blkProj14999_7.\blkProj14952_41.\blk3877_3.$38\crc[15:0] [11:6] $flatten\blkProj14999_7.\blkProj14952_41.\blk3877_3.$38\crc[15:0] [4:1] } = { $flatten\blkProj14999_7.\blkProj14952_41.\blk3877_3.$37\crc[15:0] [10:5] $flatten\blkProj14999_7.\blkProj14952_41.\blk3877_3.$37\crc[15:0] [3:0] }
    Consolidated identical input bits for $mux cell $flatten\blkProj14999_7.\blkProj14952_41.\blk3877_3.$procmux$1463:
      Old ports: A={ $flatten\blkProj14999_7.\blkProj14952_41.\blk3877_3.$36\crc[15:0] [11:0] 1'0 }, B={ $auto$opt_expr.cc:205:group_cell_inputs$3792 [1] $flatten\blkProj14999_7.\blkProj14952_41.\blk3877_3.$36\crc[15:0] [10:5] $auto$opt_expr.cc:205:group_cell_inputs$3792 [0] $flatten\blkProj14999_7.\blkProj14952_41.\blk3877_3.$36\crc[15:0] [3:0] 1'1 }, Y=$flatten\blkProj14999_7.\blkProj14952_41.\blk3877_3.$37\crc[15:0] [12:0]
      New ports: A={ $flatten\blkProj14999_7.\blkProj14952_41.\blk3877_3.$36\crc[15:0] [11] $flatten\blkProj14999_7.\blkProj14952_41.\blk3877_3.$36\crc[15:0] [4] 1'0 }, B={ $auto$opt_expr.cc:205:group_cell_inputs$3792 1'1 }, Y={ $flatten\blkProj14999_7.\blkProj14952_41.\blk3877_3.$37\crc[15:0] [12] $flatten\blkProj14999_7.\blkProj14952_41.\blk3877_3.$37\crc[15:0] [5] $flatten\blkProj14999_7.\blkProj14952_41.\blk3877_3.$37\crc[15:0] [0] }
      New connections: { $flatten\blkProj14999_7.\blkProj14952_41.\blk3877_3.$37\crc[15:0] [11:6] $flatten\blkProj14999_7.\blkProj14952_41.\blk3877_3.$37\crc[15:0] [4:1] } = { $flatten\blkProj14999_7.\blkProj14952_41.\blk3877_3.$36\crc[15:0] [10:5] $flatten\blkProj14999_7.\blkProj14952_41.\blk3877_3.$36\crc[15:0] [3:0] }
    Consolidated identical input bits for $mux cell $flatten\blkProj14999_7.\blkProj14952_41.\blk3877_3.$procmux$1466:
      Old ports: A={ $flatten\blkProj14999_7.\blkProj14952_41.\blk3877_3.$35\crc[15:0] [11:0] 1'0 }, B={ $auto$opt_expr.cc:205:group_cell_inputs$3788 [1] $flatten\blkProj14999_7.\blkProj14952_41.\blk3877_3.$35\crc[15:0] [10:5] $auto$opt_expr.cc:205:group_cell_inputs$3788 [0] $flatten\blkProj14999_7.\blkProj14952_41.\blk3877_3.$35\crc[15:0] [3:0] 1'1 }, Y=$flatten\blkProj14999_7.\blkProj14952_41.\blk3877_3.$36\crc[15:0] [12:0]
      New ports: A={ $flatten\blkProj14999_7.\blkProj14952_41.\blk3877_3.$35\crc[15:0] [11] $flatten\blkProj14999_7.\blkProj14952_41.\blk3877_3.$35\crc[15:0] [4] 1'0 }, B={ $auto$opt_expr.cc:205:group_cell_inputs$3788 1'1 }, Y={ $flatten\blkProj14999_7.\blkProj14952_41.\blk3877_3.$36\crc[15:0] [12] $flatten\blkProj14999_7.\blkProj14952_41.\blk3877_3.$36\crc[15:0] [5] $flatten\blkProj14999_7.\blkProj14952_41.\blk3877_3.$36\crc[15:0] [0] }
      New connections: { $flatten\blkProj14999_7.\blkProj14952_41.\blk3877_3.$36\crc[15:0] [11:6] $flatten\blkProj14999_7.\blkProj14952_41.\blk3877_3.$36\crc[15:0] [4:1] } = { $flatten\blkProj14999_7.\blkProj14952_41.\blk3877_3.$35\crc[15:0] [10:5] $flatten\blkProj14999_7.\blkProj14952_41.\blk3877_3.$35\crc[15:0] [3:0] }
    Consolidated identical input bits for $mux cell $flatten\blkProj14999_7.\blkProj14952_41.\blk3877_3.$procmux$1469:
      Old ports: A={ $flatten\blkProj14999_7.\blkProj14952_41.\blk3877_3.$34\crc[15:0] [11:0] 1'0 }, B={ $auto$opt_expr.cc:205:group_cell_inputs$3784 [1] $flatten\blkProj14999_7.\blkProj14952_41.\blk3877_3.$34\crc[15:0] [10:5] $auto$opt_expr.cc:205:group_cell_inputs$3784 [0] $flatten\blkProj14999_7.\blkProj14952_41.\blk3877_3.$34\crc[15:0] [3:0] 1'1 }, Y=$flatten\blkProj14999_7.\blkProj14952_41.\blk3877_3.$35\crc[15:0] [12:0]
      New ports: A={ $flatten\blkProj14999_7.\blkProj14952_41.\blk3877_3.$34\crc[15:0] [11] $flatten\blkProj14999_7.\blkProj14952_41.\blk3877_3.$34\crc[15:0] [4] 1'0 }, B={ $auto$opt_expr.cc:205:group_cell_inputs$3784 1'1 }, Y={ $flatten\blkProj14999_7.\blkProj14952_41.\blk3877_3.$35\crc[15:0] [12] $flatten\blkProj14999_7.\blkProj14952_41.\blk3877_3.$35\crc[15:0] [5] $flatten\blkProj14999_7.\blkProj14952_41.\blk3877_3.$35\crc[15:0] [0] }
      New connections: { $flatten\blkProj14999_7.\blkProj14952_41.\blk3877_3.$35\crc[15:0] [11:6] $flatten\blkProj14999_7.\blkProj14952_41.\blk3877_3.$35\crc[15:0] [4:1] } = { $flatten\blkProj14999_7.\blkProj14952_41.\blk3877_3.$34\crc[15:0] [10:5] $flatten\blkProj14999_7.\blkProj14952_41.\blk3877_3.$34\crc[15:0] [3:0] }
    Consolidated identical input bits for $mux cell $flatten\blkProj14999_7.\blkProj14952_41.\blk3877_3.$procmux$1472:
      Old ports: A={ $flatten\blkProj14999_7.\blkProj14952_41.\blk3877_3.$33\crc[15:0] [11:0] 1'0 }, B={ $auto$opt_expr.cc:205:group_cell_inputs$3780 [1] $flatten\blkProj14999_7.\blkProj14952_41.\blk3877_3.$33\crc[15:0] [10:5] $auto$opt_expr.cc:205:group_cell_inputs$3780 [0] $flatten\blkProj14999_7.\blkProj14952_41.\blk3877_3.$33\crc[15:0] [3:0] 1'1 }, Y=$flatten\blkProj14999_7.\blkProj14952_41.\blk3877_3.$34\crc[15:0] [12:0]
      New ports: A={ $flatten\blkProj14999_7.\blkProj14952_41.\blk3877_3.$33\crc[15:0] [11] $flatten\blkProj14999_7.\blkProj14952_41.\blk3877_3.$33\crc[15:0] [4] 1'0 }, B={ $auto$opt_expr.cc:205:group_cell_inputs$3780 1'1 }, Y={ $flatten\blkProj14999_7.\blkProj14952_41.\blk3877_3.$34\crc[15:0] [12] $flatten\blkProj14999_7.\blkProj14952_41.\blk3877_3.$34\crc[15:0] [5] $flatten\blkProj14999_7.\blkProj14952_41.\blk3877_3.$34\crc[15:0] [0] }
      New connections: { $flatten\blkProj14999_7.\blkProj14952_41.\blk3877_3.$34\crc[15:0] [11:6] $flatten\blkProj14999_7.\blkProj14952_41.\blk3877_3.$34\crc[15:0] [4:1] } = { $flatten\blkProj14999_7.\blkProj14952_41.\blk3877_3.$33\crc[15:0] [10:5] $flatten\blkProj14999_7.\blkProj14952_41.\blk3877_3.$33\crc[15:0] [3:0] }
    Consolidated identical input bits for $mux cell $flatten\blkProj14999_7.\blkProj14952_41.\blk3877_3.$procmux$1475:
      Old ports: A={ $auto$opt_expr.cc:205:group_cell_inputs$3773 [3:0] $auto$opt_expr.cc:205:group_cell_inputs$3775 1'0 }, B={ $auto$opt_expr.cc:205:group_cell_inputs$3776 [1] $auto$opt_expr.cc:205:group_cell_inputs$3773 [2:0] $auto$opt_expr.cc:205:group_cell_inputs$3775 [7:5] $auto$opt_expr.cc:205:group_cell_inputs$3776 [0] $auto$opt_expr.cc:205:group_cell_inputs$3775 [3:0] 1'1 }, Y=$flatten\blkProj14999_7.\blkProj14952_41.\blk3877_3.$33\crc[15:0] [12:0]
      New ports: A={ $auto$opt_expr.cc:205:group_cell_inputs$3773 [3] $auto$opt_expr.cc:205:group_cell_inputs$3775 [4] 1'0 }, B={ $auto$opt_expr.cc:205:group_cell_inputs$3776 1'1 }, Y={ $flatten\blkProj14999_7.\blkProj14952_41.\blk3877_3.$33\crc[15:0] [12] $flatten\blkProj14999_7.\blkProj14952_41.\blk3877_3.$33\crc[15:0] [5] $flatten\blkProj14999_7.\blkProj14952_41.\blk3877_3.$33\crc[15:0] [0] }
      New connections: { $flatten\blkProj14999_7.\blkProj14952_41.\blk3877_3.$33\crc[15:0] [11:6] $flatten\blkProj14999_7.\blkProj14952_41.\blk3877_3.$33\crc[15:0] [4:1] } = { $auto$opt_expr.cc:205:group_cell_inputs$3773 [2:0] $auto$opt_expr.cc:205:group_cell_inputs$3775 [7:5] $auto$opt_expr.cc:205:group_cell_inputs$3775 [3:0] }
    Consolidated identical input bits for $mux cell $flatten\blkProj14999_7.\blkProj14952_41.\blk3877_3.$procmux$1478:
      Old ports: A={ $flatten\blkProj14999_7.\blkProj14952_41.\blk3877_3.$31\crc[15:0] [11:0] 1'0 }, B={ $auto$opt_expr.cc:205:group_cell_inputs$3769 [1] $flatten\blkProj14999_7.\blkProj14952_41.\blk3877_3.$31\crc[15:0] [10:5] $auto$opt_expr.cc:205:group_cell_inputs$3769 [0] $flatten\blkProj14999_7.\blkProj14952_41.\blk3877_3.$31\crc[15:0] [3:0] 1'1 }, Y={ $flatten\blkProj14999_7.\blkProj14952_41.\blk3877_3.$32\crc[15:0] [12:8] $auto$opt_expr.cc:205:group_cell_inputs$3775 }
      New ports: A={ $flatten\blkProj14999_7.\blkProj14952_41.\blk3877_3.$31\crc[15:0] [11] $flatten\blkProj14999_7.\blkProj14952_41.\blk3877_3.$31\crc[15:0] [4] 1'0 }, B={ $auto$opt_expr.cc:205:group_cell_inputs$3769 1'1 }, Y={ $flatten\blkProj14999_7.\blkProj14952_41.\blk3877_3.$32\crc[15:0] [12] $auto$opt_expr.cc:205:group_cell_inputs$3775 [5] $auto$opt_expr.cc:205:group_cell_inputs$3775 [0] }
      New connections: { $flatten\blkProj14999_7.\blkProj14952_41.\blk3877_3.$32\crc[15:0] [11:8] $auto$opt_expr.cc:205:group_cell_inputs$3775 [7:6] $auto$opt_expr.cc:205:group_cell_inputs$3775 [4:1] } = { $flatten\blkProj14999_7.\blkProj14952_41.\blk3877_3.$31\crc[15:0] [10:5] $flatten\blkProj14999_7.\blkProj14952_41.\blk3877_3.$31\crc[15:0] [3:0] }
    Consolidated identical input bits for $mux cell $flatten\blkProj14999_7.\blkProj14952_41.\blk3877_3.$procmux$1481:
      Old ports: A={ $flatten\blkProj14999_7.\blkProj14952_41.\blk3877_3.$30\crc[15:0] [11:0] 1'0 }, B={ $auto$opt_expr.cc:205:group_cell_inputs$3765 [1] $flatten\blkProj14999_7.\blkProj14952_41.\blk3877_3.$30\crc[15:0] [10:5] $auto$opt_expr.cc:205:group_cell_inputs$3765 [0] $flatten\blkProj14999_7.\blkProj14952_41.\blk3877_3.$30\crc[15:0] [3:0] 1'1 }, Y=$flatten\blkProj14999_7.\blkProj14952_41.\blk3877_3.$31\crc[15:0] [12:0]
      New ports: A={ $flatten\blkProj14999_7.\blkProj14952_41.\blk3877_3.$30\crc[15:0] [11] $flatten\blkProj14999_7.\blkProj14952_41.\blk3877_3.$30\crc[15:0] [4] 1'0 }, B={ $auto$opt_expr.cc:205:group_cell_inputs$3765 1'1 }, Y={ $flatten\blkProj14999_7.\blkProj14952_41.\blk3877_3.$31\crc[15:0] [12] $flatten\blkProj14999_7.\blkProj14952_41.\blk3877_3.$31\crc[15:0] [5] $flatten\blkProj14999_7.\blkProj14952_41.\blk3877_3.$31\crc[15:0] [0] }
      New connections: { $flatten\blkProj14999_7.\blkProj14952_41.\blk3877_3.$31\crc[15:0] [11:6] $flatten\blkProj14999_7.\blkProj14952_41.\blk3877_3.$31\crc[15:0] [4:1] } = { $flatten\blkProj14999_7.\blkProj14952_41.\blk3877_3.$30\crc[15:0] [10:5] $flatten\blkProj14999_7.\blkProj14952_41.\blk3877_3.$30\crc[15:0] [3:0] }
    Consolidated identical input bits for $mux cell $flatten\blkProj14999_7.\blkProj14952_41.\blk3877_3.$procmux$1484:
      Old ports: A={ $flatten\blkProj14999_7.\blkProj14952_41.\blk3877_3.$29\crc[15:0] [11:0] 1'0 }, B={ $auto$opt_expr.cc:205:group_cell_inputs$3761 [1] $flatten\blkProj14999_7.\blkProj14952_41.\blk3877_3.$29\crc[15:0] [10:5] $auto$opt_expr.cc:205:group_cell_inputs$3761 [0] $flatten\blkProj14999_7.\blkProj14952_41.\blk3877_3.$29\crc[15:0] [3:0] 1'1 }, Y=$flatten\blkProj14999_7.\blkProj14952_41.\blk3877_3.$30\crc[15:0] [12:0]
      New ports: A={ $flatten\blkProj14999_7.\blkProj14952_41.\blk3877_3.$29\crc[15:0] [11] $flatten\blkProj14999_7.\blkProj14952_41.\blk3877_3.$29\crc[15:0] [4] 1'0 }, B={ $auto$opt_expr.cc:205:group_cell_inputs$3761 1'1 }, Y={ $flatten\blkProj14999_7.\blkProj14952_41.\blk3877_3.$30\crc[15:0] [12] $flatten\blkProj14999_7.\blkProj14952_41.\blk3877_3.$30\crc[15:0] [5] $flatten\blkProj14999_7.\blkProj14952_41.\blk3877_3.$30\crc[15:0] [0] }
      New connections: { $flatten\blkProj14999_7.\blkProj14952_41.\blk3877_3.$30\crc[15:0] [11:6] $flatten\blkProj14999_7.\blkProj14952_41.\blk3877_3.$30\crc[15:0] [4:1] } = { $flatten\blkProj14999_7.\blkProj14952_41.\blk3877_3.$29\crc[15:0] [10:5] $flatten\blkProj14999_7.\blkProj14952_41.\blk3877_3.$29\crc[15:0] [3:0] }
    Consolidated identical input bits for $mux cell $flatten\blkProj14999_7.\blkProj14952_41.\blk3877_3.$procmux$1487:
      Old ports: A={ $flatten\blkProj14999_7.\blkProj14952_41.\blk3877_3.$28\crc[15:0] [11:0] 1'0 }, B={ $auto$opt_expr.cc:205:group_cell_inputs$3757 [1] $flatten\blkProj14999_7.\blkProj14952_41.\blk3877_3.$28\crc[15:0] [10:5] $auto$opt_expr.cc:205:group_cell_inputs$3757 [0] $flatten\blkProj14999_7.\blkProj14952_41.\blk3877_3.$28\crc[15:0] [3:0] 1'1 }, Y=$flatten\blkProj14999_7.\blkProj14952_41.\blk3877_3.$29\crc[15:0] [12:0]
      New ports: A={ $flatten\blkProj14999_7.\blkProj14952_41.\blk3877_3.$28\crc[15:0] [11] $flatten\blkProj14999_7.\blkProj14952_41.\blk3877_3.$28\crc[15:0] [4] 1'0 }, B={ $auto$opt_expr.cc:205:group_cell_inputs$3757 1'1 }, Y={ $flatten\blkProj14999_7.\blkProj14952_41.\blk3877_3.$29\crc[15:0] [12] $flatten\blkProj14999_7.\blkProj14952_41.\blk3877_3.$29\crc[15:0] [5] $flatten\blkProj14999_7.\blkProj14952_41.\blk3877_3.$29\crc[15:0] [0] }
      New connections: { $flatten\blkProj14999_7.\blkProj14952_41.\blk3877_3.$29\crc[15:0] [11:6] $flatten\blkProj14999_7.\blkProj14952_41.\blk3877_3.$29\crc[15:0] [4:1] } = { $flatten\blkProj14999_7.\blkProj14952_41.\blk3877_3.$28\crc[15:0] [10:5] $flatten\blkProj14999_7.\blkProj14952_41.\blk3877_3.$28\crc[15:0] [3:0] }
    Consolidated identical input bits for $mux cell $flatten\blkProj14999_7.\blkProj14952_41.\blk3877_3.$procmux$1490:
      Old ports: A={ $flatten\blkProj14999_7.\blkProj14952_41.\blk3877_3.$27\crc[15:0] [11:0] 1'0 }, B={ $auto$opt_expr.cc:205:group_cell_inputs$3753 [1] $flatten\blkProj14999_7.\blkProj14952_41.\blk3877_3.$27\crc[15:0] [10:5] $auto$opt_expr.cc:205:group_cell_inputs$3753 [0] $flatten\blkProj14999_7.\blkProj14952_41.\blk3877_3.$27\crc[15:0] [3:0] 1'1 }, Y=$flatten\blkProj14999_7.\blkProj14952_41.\blk3877_3.$28\crc[15:0] [12:0]
      New ports: A={ $flatten\blkProj14999_7.\blkProj14952_41.\blk3877_3.$27\crc[15:0] [11] $flatten\blkProj14999_7.\blkProj14952_41.\blk3877_3.$27\crc[15:0] [4] 1'0 }, B={ $auto$opt_expr.cc:205:group_cell_inputs$3753 1'1 }, Y={ $flatten\blkProj14999_7.\blkProj14952_41.\blk3877_3.$28\crc[15:0] [12] $flatten\blkProj14999_7.\blkProj14952_41.\blk3877_3.$28\crc[15:0] [5] $flatten\blkProj14999_7.\blkProj14952_41.\blk3877_3.$28\crc[15:0] [0] }
      New connections: { $flatten\blkProj14999_7.\blkProj14952_41.\blk3877_3.$28\crc[15:0] [11:6] $flatten\blkProj14999_7.\blkProj14952_41.\blk3877_3.$28\crc[15:0] [4:1] } = { $flatten\blkProj14999_7.\blkProj14952_41.\blk3877_3.$27\crc[15:0] [10:5] $flatten\blkProj14999_7.\blkProj14952_41.\blk3877_3.$27\crc[15:0] [3:0] }
    Consolidated identical input bits for $mux cell $flatten\blkProj14999_7.\blkProj14952_41.\blk3877_3.$procmux$1493:
      Old ports: A={ $flatten\blkProj14999_7.\blkProj14952_41.\blk3877_3.$26\crc[15:0] [11:0] 1'0 }, B={ $auto$opt_expr.cc:205:group_cell_inputs$3749 [1] $flatten\blkProj14999_7.\blkProj14952_41.\blk3877_3.$26\crc[15:0] [10:5] $auto$opt_expr.cc:205:group_cell_inputs$3749 [0] $flatten\blkProj14999_7.\blkProj14952_41.\blk3877_3.$26\crc[15:0] [3:0] 1'1 }, Y=$flatten\blkProj14999_7.\blkProj14952_41.\blk3877_3.$27\crc[15:0] [12:0]
      New ports: A={ $flatten\blkProj14999_7.\blkProj14952_41.\blk3877_3.$26\crc[15:0] [11] $flatten\blkProj14999_7.\blkProj14952_41.\blk3877_3.$26\crc[15:0] [4] 1'0 }, B={ $auto$opt_expr.cc:205:group_cell_inputs$3749 1'1 }, Y={ $flatten\blkProj14999_7.\blkProj14952_41.\blk3877_3.$27\crc[15:0] [12] $flatten\blkProj14999_7.\blkProj14952_41.\blk3877_3.$27\crc[15:0] [5] $flatten\blkProj14999_7.\blkProj14952_41.\blk3877_3.$27\crc[15:0] [0] }
      New connections: { $flatten\blkProj14999_7.\blkProj14952_41.\blk3877_3.$27\crc[15:0] [11:6] $flatten\blkProj14999_7.\blkProj14952_41.\blk3877_3.$27\crc[15:0] [4:1] } = { $flatten\blkProj14999_7.\blkProj14952_41.\blk3877_3.$26\crc[15:0] [10:5] $flatten\blkProj14999_7.\blkProj14952_41.\blk3877_3.$26\crc[15:0] [3:0] }
    Consolidated identical input bits for $mux cell $flatten\blkProj14999_7.\blkProj14952_41.\blk3877_3.$procmux$1496:
      Old ports: A={ $flatten\blkProj14999_7.\blkProj14952_41.\blk3877_3.$25\crc[15:0] [11:0] 1'0 }, B={ $auto$opt_expr.cc:205:group_cell_inputs$3745 [1] $flatten\blkProj14999_7.\blkProj14952_41.\blk3877_3.$25\crc[15:0] [10:5] $auto$opt_expr.cc:205:group_cell_inputs$3745 [0] $flatten\blkProj14999_7.\blkProj14952_41.\blk3877_3.$25\crc[15:0] [3:0] 1'1 }, Y=$flatten\blkProj14999_7.\blkProj14952_41.\blk3877_3.$26\crc[15:0] [12:0]
      New ports: A={ $flatten\blkProj14999_7.\blkProj14952_41.\blk3877_3.$25\crc[15:0] [11] $flatten\blkProj14999_7.\blkProj14952_41.\blk3877_3.$25\crc[15:0] [4] 1'0 }, B={ $auto$opt_expr.cc:205:group_cell_inputs$3745 1'1 }, Y={ $flatten\blkProj14999_7.\blkProj14952_41.\blk3877_3.$26\crc[15:0] [12] $flatten\blkProj14999_7.\blkProj14952_41.\blk3877_3.$26\crc[15:0] [5] $flatten\blkProj14999_7.\blkProj14952_41.\blk3877_3.$26\crc[15:0] [0] }
      New connections: { $flatten\blkProj14999_7.\blkProj14952_41.\blk3877_3.$26\crc[15:0] [11:6] $flatten\blkProj14999_7.\blkProj14952_41.\blk3877_3.$26\crc[15:0] [4:1] } = { $flatten\blkProj14999_7.\blkProj14952_41.\blk3877_3.$25\crc[15:0] [10:5] $flatten\blkProj14999_7.\blkProj14952_41.\blk3877_3.$25\crc[15:0] [3:0] }
    Consolidated identical input bits for $mux cell $flatten\blkProj14999_7.\blkProj14952_41.\blk3877_3.$procmux$1499:
      Old ports: A={ $auto$opt_expr.cc:205:group_cell_inputs$3738 [3:0] $auto$opt_expr.cc:205:group_cell_inputs$3740 1'0 }, B={ $auto$opt_expr.cc:205:group_cell_inputs$3741 [1] $auto$opt_expr.cc:205:group_cell_inputs$3738 [2:0] $auto$opt_expr.cc:205:group_cell_inputs$3740 [7:5] $auto$opt_expr.cc:205:group_cell_inputs$3741 [0] $auto$opt_expr.cc:205:group_cell_inputs$3740 [3:0] 1'1 }, Y=$flatten\blkProj14999_7.\blkProj14952_41.\blk3877_3.$25\crc[15:0] [12:0]
      New ports: A={ $auto$opt_expr.cc:205:group_cell_inputs$3738 [3] $auto$opt_expr.cc:205:group_cell_inputs$3740 [4] 1'0 }, B={ $auto$opt_expr.cc:205:group_cell_inputs$3741 1'1 }, Y={ $flatten\blkProj14999_7.\blkProj14952_41.\blk3877_3.$25\crc[15:0] [12] $flatten\blkProj14999_7.\blkProj14952_41.\blk3877_3.$25\crc[15:0] [5] $flatten\blkProj14999_7.\blkProj14952_41.\blk3877_3.$25\crc[15:0] [0] }
      New connections: { $flatten\blkProj14999_7.\blkProj14952_41.\blk3877_3.$25\crc[15:0] [11:6] $flatten\blkProj14999_7.\blkProj14952_41.\blk3877_3.$25\crc[15:0] [4:1] } = { $auto$opt_expr.cc:205:group_cell_inputs$3738 [2:0] $auto$opt_expr.cc:205:group_cell_inputs$3740 [7:5] $auto$opt_expr.cc:205:group_cell_inputs$3740 [3:0] }
    Consolidated identical input bits for $mux cell $flatten\blkProj14999_7.\blkProj14952_41.\blk3877_3.$procmux$1502:
      Old ports: A={ $flatten\blkProj14999_7.\blkProj14952_41.\blk3877_3.$23\crc[15:0] [11:0] 1'0 }, B={ $auto$opt_expr.cc:205:group_cell_inputs$3734 [1] $flatten\blkProj14999_7.\blkProj14952_41.\blk3877_3.$23\crc[15:0] [10:5] $auto$opt_expr.cc:205:group_cell_inputs$3734 [0] $flatten\blkProj14999_7.\blkProj14952_41.\blk3877_3.$23\crc[15:0] [3:0] 1'1 }, Y={ $flatten\blkProj14999_7.\blkProj14952_41.\blk3877_3.$24\crc[15:0] [12:8] $auto$opt_expr.cc:205:group_cell_inputs$3740 }
      New ports: A={ $flatten\blkProj14999_7.\blkProj14952_41.\blk3877_3.$23\crc[15:0] [11] $flatten\blkProj14999_7.\blkProj14952_41.\blk3877_3.$23\crc[15:0] [4] 1'0 }, B={ $auto$opt_expr.cc:205:group_cell_inputs$3734 1'1 }, Y={ $flatten\blkProj14999_7.\blkProj14952_41.\blk3877_3.$24\crc[15:0] [12] $auto$opt_expr.cc:205:group_cell_inputs$3740 [5] $auto$opt_expr.cc:205:group_cell_inputs$3740 [0] }
      New connections: { $flatten\blkProj14999_7.\blkProj14952_41.\blk3877_3.$24\crc[15:0] [11:8] $auto$opt_expr.cc:205:group_cell_inputs$3740 [7:6] $auto$opt_expr.cc:205:group_cell_inputs$3740 [4:1] } = { $flatten\blkProj14999_7.\blkProj14952_41.\blk3877_3.$23\crc[15:0] [10:5] $flatten\blkProj14999_7.\blkProj14952_41.\blk3877_3.$23\crc[15:0] [3:0] }
    Consolidated identical input bits for $mux cell $flatten\blkProj14999_7.\blkProj14952_41.\blk3877_3.$procmux$1505:
      Old ports: A={ $flatten\blkProj14999_7.\blkProj14952_41.\blk3877_3.$22\crc[15:0] [11:0] 1'0 }, B={ $auto$opt_expr.cc:205:group_cell_inputs$3730 [1] $flatten\blkProj14999_7.\blkProj14952_41.\blk3877_3.$22\crc[15:0] [10:5] $auto$opt_expr.cc:205:group_cell_inputs$3730 [0] $flatten\blkProj14999_7.\blkProj14952_41.\blk3877_3.$22\crc[15:0] [3:0] 1'1 }, Y=$flatten\blkProj14999_7.\blkProj14952_41.\blk3877_3.$23\crc[15:0] [12:0]
      New ports: A={ $flatten\blkProj14999_7.\blkProj14952_41.\blk3877_3.$22\crc[15:0] [11] $flatten\blkProj14999_7.\blkProj14952_41.\blk3877_3.$22\crc[15:0] [4] 1'0 }, B={ $auto$opt_expr.cc:205:group_cell_inputs$3730 1'1 }, Y={ $flatten\blkProj14999_7.\blkProj14952_41.\blk3877_3.$23\crc[15:0] [12] $flatten\blkProj14999_7.\blkProj14952_41.\blk3877_3.$23\crc[15:0] [5] $flatten\blkProj14999_7.\blkProj14952_41.\blk3877_3.$23\crc[15:0] [0] }
      New connections: { $flatten\blkProj14999_7.\blkProj14952_41.\blk3877_3.$23\crc[15:0] [11:6] $flatten\blkProj14999_7.\blkProj14952_41.\blk3877_3.$23\crc[15:0] [4:1] } = { $flatten\blkProj14999_7.\blkProj14952_41.\blk3877_3.$22\crc[15:0] [10:5] $flatten\blkProj14999_7.\blkProj14952_41.\blk3877_3.$22\crc[15:0] [3:0] }
    Consolidated identical input bits for $mux cell $flatten\blkProj14999_7.\blkProj14952_41.\blk3877_3.$procmux$1508:
      Old ports: A={ $flatten\blkProj14999_7.\blkProj14952_41.\blk3877_3.$21\crc[15:0] [11:0] 1'0 }, B={ $auto$opt_expr.cc:205:group_cell_inputs$3726 [1] $flatten\blkProj14999_7.\blkProj14952_41.\blk3877_3.$21\crc[15:0] [10:5] $auto$opt_expr.cc:205:group_cell_inputs$3726 [0] $flatten\blkProj14999_7.\blkProj14952_41.\blk3877_3.$21\crc[15:0] [3:0] 1'1 }, Y=$flatten\blkProj14999_7.\blkProj14952_41.\blk3877_3.$22\crc[15:0] [12:0]
      New ports: A={ $flatten\blkProj14999_7.\blkProj14952_41.\blk3877_3.$21\crc[15:0] [11] $flatten\blkProj14999_7.\blkProj14952_41.\blk3877_3.$21\crc[15:0] [4] 1'0 }, B={ $auto$opt_expr.cc:205:group_cell_inputs$3726 1'1 }, Y={ $flatten\blkProj14999_7.\blkProj14952_41.\blk3877_3.$22\crc[15:0] [12] $flatten\blkProj14999_7.\blkProj14952_41.\blk3877_3.$22\crc[15:0] [5] $flatten\blkProj14999_7.\blkProj14952_41.\blk3877_3.$22\crc[15:0] [0] }
      New connections: { $flatten\blkProj14999_7.\blkProj14952_41.\blk3877_3.$22\crc[15:0] [11:6] $flatten\blkProj14999_7.\blkProj14952_41.\blk3877_3.$22\crc[15:0] [4:1] } = { $flatten\blkProj14999_7.\blkProj14952_41.\blk3877_3.$21\crc[15:0] [10:5] $flatten\blkProj14999_7.\blkProj14952_41.\blk3877_3.$21\crc[15:0] [3:0] }
    Consolidated identical input bits for $mux cell $flatten\blkProj14999_7.\blkProj14952_41.\blk3877_3.$procmux$1511:
      Old ports: A={ $flatten\blkProj14999_7.\blkProj14952_41.\blk3877_3.$20\crc[15:0] [11:0] 1'0 }, B={ $auto$opt_expr.cc:205:group_cell_inputs$3722 [1] $flatten\blkProj14999_7.\blkProj14952_41.\blk3877_3.$20\crc[15:0] [10:5] $auto$opt_expr.cc:205:group_cell_inputs$3722 [0] $flatten\blkProj14999_7.\blkProj14952_41.\blk3877_3.$20\crc[15:0] [3:0] 1'1 }, Y=$flatten\blkProj14999_7.\blkProj14952_41.\blk3877_3.$21\crc[15:0] [12:0]
      New ports: A={ $flatten\blkProj14999_7.\blkProj14952_41.\blk3877_3.$20\crc[15:0] [11] $flatten\blkProj14999_7.\blkProj14952_41.\blk3877_3.$20\crc[15:0] [4] 1'0 }, B={ $auto$opt_expr.cc:205:group_cell_inputs$3722 1'1 }, Y={ $flatten\blkProj14999_7.\blkProj14952_41.\blk3877_3.$21\crc[15:0] [12] $flatten\blkProj14999_7.\blkProj14952_41.\blk3877_3.$21\crc[15:0] [5] $flatten\blkProj14999_7.\blkProj14952_41.\blk3877_3.$21\crc[15:0] [0] }
      New connections: { $flatten\blkProj14999_7.\blkProj14952_41.\blk3877_3.$21\crc[15:0] [11:6] $flatten\blkProj14999_7.\blkProj14952_41.\blk3877_3.$21\crc[15:0] [4:1] } = { $flatten\blkProj14999_7.\blkProj14952_41.\blk3877_3.$20\crc[15:0] [10:5] $flatten\blkProj14999_7.\blkProj14952_41.\blk3877_3.$20\crc[15:0] [3:0] }
    Consolidated identical input bits for $mux cell $flatten\blkProj14999_7.\blkProj14952_41.\blk3877_3.$procmux$1514:
      Old ports: A={ $flatten\blkProj14999_7.\blkProj14952_41.\blk3877_3.$19\crc[15:0] [11:0] 1'0 }, B={ $auto$opt_expr.cc:205:group_cell_inputs$3718 [1] $flatten\blkProj14999_7.\blkProj14952_41.\blk3877_3.$19\crc[15:0] [10:5] $auto$opt_expr.cc:205:group_cell_inputs$3718 [0] $flatten\blkProj14999_7.\blkProj14952_41.\blk3877_3.$19\crc[15:0] [3:0] 1'1 }, Y=$flatten\blkProj14999_7.\blkProj14952_41.\blk3877_3.$20\crc[15:0] [12:0]
      New ports: A={ $flatten\blkProj14999_7.\blkProj14952_41.\blk3877_3.$19\crc[15:0] [11] $flatten\blkProj14999_7.\blkProj14952_41.\blk3877_3.$19\crc[15:0] [4] 1'0 }, B={ $auto$opt_expr.cc:205:group_cell_inputs$3718 1'1 }, Y={ $flatten\blkProj14999_7.\blkProj14952_41.\blk3877_3.$20\crc[15:0] [12] $flatten\blkProj14999_7.\blkProj14952_41.\blk3877_3.$20\crc[15:0] [5] $flatten\blkProj14999_7.\blkProj14952_41.\blk3877_3.$20\crc[15:0] [0] }
      New connections: { $flatten\blkProj14999_7.\blkProj14952_41.\blk3877_3.$20\crc[15:0] [11:6] $flatten\blkProj14999_7.\blkProj14952_41.\blk3877_3.$20\crc[15:0] [4:1] } = { $flatten\blkProj14999_7.\blkProj14952_41.\blk3877_3.$19\crc[15:0] [10:5] $flatten\blkProj14999_7.\blkProj14952_41.\blk3877_3.$19\crc[15:0] [3:0] }
    Consolidated identical input bits for $mux cell $flatten\blkProj14999_7.\blkProj14952_41.\blk3877_3.$procmux$1517:
      Old ports: A={ $flatten\blkProj14999_7.\blkProj14952_41.\blk3877_3.$18\crc[15:0] [11:0] 1'0 }, B={ $auto$opt_expr.cc:205:group_cell_inputs$3714 [1] $flatten\blkProj14999_7.\blkProj14952_41.\blk3877_3.$18\crc[15:0] [10:5] $auto$opt_expr.cc:205:group_cell_inputs$3714 [0] $flatten\blkProj14999_7.\blkProj14952_41.\blk3877_3.$18\crc[15:0] [3:0] 1'1 }, Y=$flatten\blkProj14999_7.\blkProj14952_41.\blk3877_3.$19\crc[15:0] [12:0]
      New ports: A={ $flatten\blkProj14999_7.\blkProj14952_41.\blk3877_3.$18\crc[15:0] [11] $flatten\blkProj14999_7.\blkProj14952_41.\blk3877_3.$18\crc[15:0] [4] 1'0 }, B={ $auto$opt_expr.cc:205:group_cell_inputs$3714 1'1 }, Y={ $flatten\blkProj14999_7.\blkProj14952_41.\blk3877_3.$19\crc[15:0] [12] $flatten\blkProj14999_7.\blkProj14952_41.\blk3877_3.$19\crc[15:0] [5] $flatten\blkProj14999_7.\blkProj14952_41.\blk3877_3.$19\crc[15:0] [0] }
      New connections: { $flatten\blkProj14999_7.\blkProj14952_41.\blk3877_3.$19\crc[15:0] [11:6] $flatten\blkProj14999_7.\blkProj14952_41.\blk3877_3.$19\crc[15:0] [4:1] } = { $flatten\blkProj14999_7.\blkProj14952_41.\blk3877_3.$18\crc[15:0] [10:5] $flatten\blkProj14999_7.\blkProj14952_41.\blk3877_3.$18\crc[15:0] [3:0] }
    Consolidated identical input bits for $mux cell $flatten\blkProj14999_7.\blkProj14952_41.\blk3877_3.$procmux$1520:
      Old ports: A={ $flatten\blkProj14999_7.\blkProj14952_41.\blk3877_3.$17\crc[15:0] [11:0] 1'0 }, B={ $auto$opt_expr.cc:205:group_cell_inputs$3710 [1] $flatten\blkProj14999_7.\blkProj14952_41.\blk3877_3.$17\crc[15:0] [10:5] $auto$opt_expr.cc:205:group_cell_inputs$3710 [0] $flatten\blkProj14999_7.\blkProj14952_41.\blk3877_3.$17\crc[15:0] [3:0] 1'1 }, Y=$flatten\blkProj14999_7.\blkProj14952_41.\blk3877_3.$18\crc[15:0] [12:0]
      New ports: A={ $flatten\blkProj14999_7.\blkProj14952_41.\blk3877_3.$17\crc[15:0] [11] $flatten\blkProj14999_7.\blkProj14952_41.\blk3877_3.$17\crc[15:0] [4] 1'0 }, B={ $auto$opt_expr.cc:205:group_cell_inputs$3710 1'1 }, Y={ $flatten\blkProj14999_7.\blkProj14952_41.\blk3877_3.$18\crc[15:0] [12] $flatten\blkProj14999_7.\blkProj14952_41.\blk3877_3.$18\crc[15:0] [5] $flatten\blkProj14999_7.\blkProj14952_41.\blk3877_3.$18\crc[15:0] [0] }
      New connections: { $flatten\blkProj14999_7.\blkProj14952_41.\blk3877_3.$18\crc[15:0] [11:6] $flatten\blkProj14999_7.\blkProj14952_41.\blk3877_3.$18\crc[15:0] [4:1] } = { $flatten\blkProj14999_7.\blkProj14952_41.\blk3877_3.$17\crc[15:0] [10:5] $flatten\blkProj14999_7.\blkProj14952_41.\blk3877_3.$17\crc[15:0] [3:0] }
    Consolidated identical input bits for $mux cell $flatten\blkProj14999_7.\blkProj14952_41.\blk3877_3.$procmux$1523:
      Old ports: A={ $auto$opt_expr.cc:205:group_cell_inputs$3703 [3:0] \blkProj14999_7.blkProj14952_41.blk3878_4.crc16_i [7:0] 1'0 }, B={ $auto$opt_expr.cc:205:group_cell_inputs$3706 [1] $auto$opt_expr.cc:205:group_cell_inputs$3703 [2:0] \blkProj14999_7.blkProj14952_41.blk3878_4.crc16_i [7:5] $auto$opt_expr.cc:205:group_cell_inputs$3706 [0] \blkProj14999_7.blkProj14952_41.blk3878_4.crc16_i [3:0] 1'1 }, Y=$flatten\blkProj14999_7.\blkProj14952_41.\blk3877_3.$17\crc[15:0] [12:0]
      New ports: A={ $auto$opt_expr.cc:205:group_cell_inputs$3703 [3] \blkProj14999_7.blkProj14952_41.blk3878_4.crc16_i [4] 1'0 }, B={ $auto$opt_expr.cc:205:group_cell_inputs$3706 1'1 }, Y={ $flatten\blkProj14999_7.\blkProj14952_41.\blk3877_3.$17\crc[15:0] [12] $flatten\blkProj14999_7.\blkProj14952_41.\blk3877_3.$17\crc[15:0] [5] $flatten\blkProj14999_7.\blkProj14952_41.\blk3877_3.$17\crc[15:0] [0] }
      New connections: { $flatten\blkProj14999_7.\blkProj14952_41.\blk3877_3.$17\crc[15:0] [11:6] $flatten\blkProj14999_7.\blkProj14952_41.\blk3877_3.$17\crc[15:0] [4:1] } = { $auto$opt_expr.cc:205:group_cell_inputs$3703 [2:0] \blkProj14999_7.blkProj14952_41.blk3878_4.crc16_i [7:5] \blkProj14999_7.blkProj14952_41.blk3878_4.crc16_i [3:0] }
    Consolidated identical input bits for $pmux cell $flatten\blkProj14999_7.\blkProj14963_55.\blk3901_67.$procmux$1351:
      Old ports: A=24'000000000000000000010011, B=72'101000000000001010010011010100000000001100010011011000101000001110110011, Y=$auto$wreduce.cc:455:run$3535 [23:0]
      New ports: A=6'000000, B=18'101010011100001111, Y={ $auto$wreduce.cc:455:run$3535 [23] $auto$wreduce.cc:455:run$3535 [20] $auto$wreduce.cc:455:run$3535 [9:7] $auto$wreduce.cc:455:run$3535 [5] }
      New connections: { $auto$wreduce.cc:455:run$3535 [22:21] $auto$wreduce.cc:455:run$3535 [19:10] $auto$wreduce.cc:455:run$3535 [6] $auto$wreduce.cc:455:run$3535 [4:0] } = { $auto$wreduce.cc:455:run$3535 [8:7] 2'00 $auto$wreduce.cc:455:run$3535 [5] 1'0 $auto$wreduce.cc:455:run$3535 [5] 11'00000010011 }
    Consolidated identical input bits for $mux cell $flatten\blkProj14999_7.\blkProj14963_55.\blk3901_67.$procmux$1359:
      Old ports: A=0, B={ 8'00000000 $auto$wreduce.cc:455:run$3535 [23:0] }, Y=\blkProj14999_7.blkProj14963_55.blk1779_46.B
      New ports: A=24'000000000000000000000000, B=$auto$wreduce.cc:455:run$3535 [23:0], Y=\blkProj14999_7.blkProj14963_55.blk1779_46.B [23:0]
      New connections: \blkProj14999_7.blkProj14963_55.blk1779_46.B [31:24] = 8'00000000
    Consolidated identical input bits for $mux cell $flatten\blkProj14999_7.\blkProj15103_101.\blk4110_21.$procmux$1096:
      Old ports: A=4'0011, B=4'1100, Y=$flatten\blkProj14999_7.\blkProj15103_101.\blk4110_21.$3\byte_write_i[3:0]
      New ports: A=2'01, B=2'10, Y={ $flatten\blkProj14999_7.\blkProj15103_101.\blk4110_21.$3\byte_write_i[3:0] [2] $flatten\blkProj14999_7.\blkProj15103_101.\blk4110_21.$3\byte_write_i[3:0] [0] }
      New connections: { $flatten\blkProj14999_7.\blkProj15103_101.\blk4110_21.$3\byte_write_i[3:0] [3] $flatten\blkProj14999_7.\blkProj15103_101.\blk4110_21.$3\byte_write_i[3:0] [1] } = { $flatten\blkProj14999_7.\blkProj15103_101.\blk4110_21.$3\byte_write_i[3:0] [2] $flatten\blkProj14999_7.\blkProj15103_101.\blk4110_21.$3\byte_write_i[3:0] [0] }
  Optimizing cells in module \top.
    Consolidated identical input bits for $mux cell $flatten\blkProj14523_5.\blk4197_44.$procmux$608:
      Old ports: A=$flatten\blkProj14523_5.\blk4197_44.$4\next_state[4:0], B=5'10010, Y=$flatten\blkProj14523_5.\blk4197_44.$3\next_state[4:0]
      New ports: A={ $flatten\blkProj14523_5.\blk4197_44.$4\next_state[4:0] [0] $flatten\blkProj14523_5.\blk4197_44.$4\next_state[4:0] [1:0] }, B=3'110, Y={ $flatten\blkProj14523_5.\blk4197_44.$3\next_state[4:0] [4] $flatten\blkProj14523_5.\blk4197_44.$3\next_state[4:0] [1:0] }
      New connections: $flatten\blkProj14523_5.\blk4197_44.$3\next_state[4:0] [3:2] = { 1'0 $flatten\blkProj14523_5.\blk4197_44.$3\next_state[4:0] [0] }
    Consolidated identical input bits for $mux cell $flatten\blkProj14999_7.\blkProj14963_55.\blk3901_67.$procmux$1359:
      Old ports: A=24'000000000000000000000000, B=$auto$wreduce.cc:455:run$3535 [23:0], Y=\blkProj14999_7.blkProj14963_55.blk1779_46.B [23:0]
      New ports: A=7'0000000, B={ $auto$wreduce.cc:455:run$3535 [23] $auto$wreduce.cc:455:run$3535 [20] $auto$wreduce.cc:455:run$3535 [9:7] $auto$wreduce.cc:455:run$3535 [5] 1'1 }, Y={ \blkProj14999_7.blkProj14963_55.blk1779_46.B [23] \blkProj14999_7.blkProj14963_55.blk1779_46.B [20] \blkProj14999_7.blkProj14963_55.blk1779_46.B [9:7] \blkProj14999_7.blkProj14963_55.blk1779_46.B [5] \blkProj14999_7.blkProj14963_55.blk1779_46.B [0] }
      New connections: { \blkProj14999_7.blkProj14963_55.blk1779_46.B [22:21] \blkProj14999_7.blkProj14963_55.blk1779_46.B [19:10] \blkProj14999_7.blkProj14963_55.blk1779_46.B [6] \blkProj14999_7.blkProj14963_55.blk1779_46.B [4:1] } = { \blkProj14999_7.blkProj14963_55.blk1779_46.B [8:7] 2'00 \blkProj14999_7.blkProj14963_55.blk1779_46.B [5] 1'0 \blkProj14999_7.blkProj14963_55.blk1779_46.B [5] 6'000000 \blkProj14999_7.blkProj14963_55.blk1779_46.B [0] 2'00 \blkProj14999_7.blkProj14963_55.blk1779_46.B [0] }
  Optimizing cells in module \top.
Performed a total of 72 changes.

35.5. Executing OPT_MERGE pass (detect identical cells).
Finding identical cells in module `\top'.
<suppressed ~3 debug messages>
Removed a total of 1 cells.

35.6. Executing OPT_SHARE pass.
    Found cells that share an operand and can be merged by moving the $pmux $flatten\blkProj14999_7.\blkProj14268_54.\blk3085_2.$procmux$1646 in front of them:
        $auto$alumacc.cc:485:replace_alu$3579
        $auto$alumacc.cc:485:replace_alu$3576

35.7. Executing OPT_DFF pass (perform DFF optimizations).

35.8. Executing OPT_CLEAN pass (remove unused cells and wires).
Finding unused cells or wires in module \top..
Removed 1 unused cells and 31 unused wires.
<suppressed ~2 debug messages>

35.9. Executing OPT_EXPR pass (perform const folding).
Optimizing module top.
<suppressed ~36 debug messages>

35.10. Rerunning OPT passes. (Maybe there is more to do..)

35.11. Executing OPT_MUXTREE pass (detect dead branches in mux trees).
Running muxtree optimizer on module \top..
  Creating internal representation of mux trees.
  Evaluating internal representation of mux trees.
  Analyzing evaluation results.
Removed 0 multiplexer ports.
<suppressed ~101 debug messages>

35.12. Executing OPT_REDUCE pass (consolidate $*mux and $reduce_* inputs).
  Optimizing cells in module \top.
    New ctrl vector for $pmux cell $flatten\blkProj14999_7.\blkProj14268_54.\blk3085_2.$procmux$1646: { $flatten\blkProj14999_7.\blkProj14268_54.\blk3085_2.$procmux$1657_CMP $auto$opt_reduce.cc:134:opt_pmux$4028 $flatten\blkProj14999_7.\blkProj14268_54.\blk3085_2.$procmux$1654_CMP $flatten\blkProj14999_7.\blkProj14268_54.\blk3085_2.$procmux$1653_CMP $flatten\blkProj14999_7.\blkProj14268_54.\blk3085_2.$procmux$1652_CMP $flatten\blkProj14999_7.\blkProj14268_54.\blk3085_2.$procmux$1651_CMP $flatten\blkProj14999_7.\blkProj14268_54.\blk3085_2.$procmux$1650_CMP $flatten\blkProj14999_7.\blkProj14268_54.\blk3085_2.$procmux$1649_CMP $flatten\blkProj14999_7.\blkProj14268_54.\blk3085_2.$procmux$1648_CMP $flatten\blkProj14999_7.\blkProj14268_54.\blk3085_2.$procmux$1647_CMP }
    Consolidated identical input bits for $mux cell $flatten\blkProj14999_7.\blkProj14952_41.\blk3875_1.$procmux$1631:
      Old ports: A=3'110, B=3'001, Y={ \blkProj14999_7.blkProj14952_41.blk3878_4.crc8_i [15] \blkProj14999_7.blkProj14952_41.blk3878_4.crc8_i [8] \blkProj14999_7.blkProj14952_41.blk3878_4.crc8_i [3] }
      New ports: A=2'10, B=2'01, Y={ \blkProj14999_7.blkProj14952_41.blk3878_4.crc8_i [8] \blkProj14999_7.blkProj14952_41.blk3878_4.crc8_i [3] }
      New connections: \blkProj14999_7.blkProj14952_41.blk3878_4.crc8_i [15] = \blkProj14999_7.blkProj14952_41.blk3878_4.crc8_i [8]
  Optimizing cells in module \top.
Performed a total of 2 changes.

35.13. Executing OPT_MERGE pass (detect identical cells).
Finding identical cells in module `\top'.
Removed a total of 0 cells.

35.14. Executing OPT_SHARE pass.

35.15. Executing OPT_DFF pass (perform DFF optimizations).
Adding EN signal on $memory\blkProj14999_7.blkProj14963_55.blk3902_64.r_Mem[2]$3921 ($dff) from module top (D = \blkProj14999_7.blkProj14963_55.blk3902_64.i_Data [23:16], Q = \blkProj14999_7.blkProj14963_55.blk3902_64.r_Mem[2] [23:16]).
Adding EN signal on $memory\blkProj14999_7.blkProj14963_55.blk3902_64.r_Mem[2]$3921 ($dff) from module top (D = \blkProj14999_7.blkProj14963_55.blk3902_64.i_Data [7:0], Q = \blkProj14999_7.blkProj14963_55.blk3902_64.r_Mem[2] [7:0]).
Adding EN signal on $memory\blkProj14999_7.blkProj14963_55.blk3902_64.r_Mem[2]$3921 ($dff) from module top (D = \blkProj14999_7.blkProj14963_55.blk3902_64.i_Data [15:8], Q = \blkProj14999_7.blkProj14963_55.blk3902_64.r_Mem[2] [15:8]).
Adding EN signal on $memory\blkProj14999_7.blkProj14963_55.blk3902_64.r_Mem[2]$3921 ($dff) from module top (D = \blkProj14999_7.blkProj14963_55.blk3902_64.i_Data [31:24], Q = \blkProj14999_7.blkProj14963_55.blk3902_64.r_Mem[2] [31:24]).
Adding EN signal on $memory\blkProj14999_7.blkProj14963_55.blk3902_64.r_Mem[1]$3919 ($dff) from module top (D = \blkProj14999_7.blkProj14963_55.blk3902_64.i_Data [23:16], Q = \blkProj14999_7.blkProj14963_55.blk3902_64.r_Mem[1] [23:16]).
Adding EN signal on $memory\blkProj14999_7.blkProj14963_55.blk3902_64.r_Mem[1]$3919 ($dff) from module top (D = \blkProj14999_7.blkProj14963_55.blk3902_64.i_Data [31:24], Q = \blkProj14999_7.blkProj14963_55.blk3902_64.r_Mem[1] [31:24]).
Adding EN signal on $memory\blkProj14999_7.blkProj14963_55.blk3902_64.r_Mem[1]$3919 ($dff) from module top (D = \blkProj14999_7.blkProj14963_55.blk3902_64.i_Data [7:0], Q = \blkProj14999_7.blkProj14963_55.blk3902_64.r_Mem[1] [7:0]).
Adding EN signal on $memory\blkProj14999_7.blkProj14963_55.blk3902_64.r_Mem[1]$3919 ($dff) from module top (D = \blkProj14999_7.blkProj14963_55.blk3902_64.i_Data [15:8], Q = \blkProj14999_7.blkProj14963_55.blk3902_64.r_Mem[1] [15:8]).
Adding EN signal on $memory\blkProj14999_7.blkProj14963_55.blk3902_64.r_Mem[0]$3917 ($dff) from module top (D = \blkProj14999_7.blkProj14963_55.blk3902_64.i_Data [31:24], Q = \blkProj14999_7.blkProj14963_55.blk3902_64.r_Mem[0] [31:24]).
Adding EN signal on $memory\blkProj14999_7.blkProj14963_55.blk3902_64.r_Mem[0]$3917 ($dff) from module top (D = \blkProj14999_7.blkProj14963_55.blk3902_64.i_Data [7:0], Q = \blkProj14999_7.blkProj14963_55.blk3902_64.r_Mem[0] [7:0]).
Adding EN signal on $memory\blkProj14999_7.blkProj14963_55.blk3902_64.r_Mem[0]$3917 ($dff) from module top (D = \blkProj14999_7.blkProj14963_55.blk3902_64.i_Data [15:8], Q = \blkProj14999_7.blkProj14963_55.blk3902_64.r_Mem[0] [15:8]).
Adding EN signal on $memory\blkProj14999_7.blkProj14963_55.blk3902_64.r_Mem[0]$3917 ($dff) from module top (D = \blkProj14999_7.blkProj14963_55.blk3902_64.i_Data [23:16], Q = \blkProj14999_7.blkProj14963_55.blk3902_64.r_Mem[0] [23:16]).

35.16. Executing OPT_CLEAN pass (remove unused cells and wires).
Finding unused cells or wires in module \top..
Removed 12 unused cells and 25 unused wires.
<suppressed ~13 debug messages>

35.17. Executing OPT_EXPR pass (perform const folding).
Optimizing module top.

35.18. Rerunning OPT passes. (Maybe there is more to do..)

35.19. Executing OPT_MUXTREE pass (detect dead branches in mux trees).
Running muxtree optimizer on module \top..
  Creating internal representation of mux trees.
  Evaluating internal representation of mux trees.
  Analyzing evaluation results.
Removed 0 multiplexer ports.
<suppressed ~89 debug messages>

35.20. Executing OPT_REDUCE pass (consolidate $*mux and $reduce_* inputs).
  Optimizing cells in module \top.
Performed a total of 0 changes.

35.21. Executing OPT_MERGE pass (detect identical cells).
Finding identical cells in module `\top'.
Removed a total of 0 cells.

35.22. Executing OPT_SHARE pass.

35.23. Executing OPT_DFF pass (perform DFF optimizations).

35.24. Executing OPT_CLEAN pass (remove unused cells and wires).
Finding unused cells or wires in module \top..

35.25. Executing OPT_EXPR pass (perform const folding).
Optimizing module top.

35.26. Finished OPT passes. (There is nothing left to do.)

36. Executing TECHMAP pass (map to technology primitives).

36.1. Executing Verilog-2005 frontend: /build/bin/../share/yosys/techmap.v
Parsing Verilog input from `/build/bin/../share/yosys/techmap.v' to AST representation.
Generating RTLIL representation for module `\_90_simplemap_bool_ops'.
Generating RTLIL representation for module `\_90_simplemap_reduce_ops'.
Generating RTLIL representation for module `\_90_simplemap_logic_ops'.
Generating RTLIL representation for module `\_90_simplemap_compare_ops'.
Generating RTLIL representation for module `\_90_simplemap_various'.
Generating RTLIL representation for module `\_90_simplemap_registers'.
Generating RTLIL representation for module `\_90_shift_ops_shr_shl_sshl_sshr'.
Generating RTLIL representation for module `\_90_shift_shiftx'.
Generating RTLIL representation for module `\_90_fa'.
Generating RTLIL representation for module `\_90_lcu'.
Generating RTLIL representation for module `\_90_alu'.
Generating RTLIL representation for module `\_90_macc'.
Generating RTLIL representation for module `\_90_alumacc'.
Generating RTLIL representation for module `\$__div_mod_u'.
Generating RTLIL representation for module `\$__div_mod_trunc'.
Generating RTLIL representation for module `\_90_div'.
Generating RTLIL representation for module `\_90_mod'.
Generating RTLIL representation for module `\$__div_mod_floor'.
Generating RTLIL representation for module `\_90_divfloor'.
Generating RTLIL representation for module `\_90_modfloor'.
Generating RTLIL representation for module `\_90_pow'.
Generating RTLIL representation for module `\_90_pmux'.
Generating RTLIL representation for module `\_90_demux'.
Generating RTLIL representation for module `\_90_lut'.
Successfully finished Verilog frontend.

36.2. Continuing TECHMAP pass.
Using extmapper simplemap for cells of type $reduce_and.
Using template $paramod$59b03ae2620a41577de8da5f5c97b2919e82362b\_90_pmux for cells of type $pmux.
Using template $paramod$54d740639e1393b22262823179ff783ea9f17a35\_90_pmux for cells of type $pmux.
Using template $paramod$8fabc56b80a569262acfc42757a02ca0b8e91278\_90_pmux for cells of type $pmux.
Using template $paramod$fbc7873bff55778c0b3173955b7e4bce1d9d6834\_90_alu for cells of type $alu.
Using extmapper simplemap for cells of type $dffe.
Using extmapper simplemap for cells of type $and.
Using extmapper simplemap for cells of type $ne.
Using extmapper simplemap for cells of type $reduce_bool.
Using extmapper simplemap for cells of type $not.
Using extmapper simplemap for cells of type $adffe.
Using extmapper simplemap for cells of type $eq.
Running "alumacc" on wrapper $extern:wrap:$neg:A_SIGNED=1:A_WIDTH=32:Y_WIDTH=32:394426c56d1a028ba8fdd5469b163e04011def47.
Using template $extern:wrap:$neg:A_SIGNED=1:A_WIDTH=32:Y_WIDTH=32:394426c56d1a028ba8fdd5469b163e04011def47 for cells of type $extern:wrap:$neg:A_SIGNED=1:A_WIDTH=32:Y_WIDTH=32:394426c56d1a028ba8fdd5469b163e04011def47.
Using extmapper simplemap for cells of type $mux.
Using extmapper simplemap for cells of type $adff.
Using template $paramod$33afdd83bf3811dac2de7a968d39eea5718691bc\_90_pmux for cells of type $pmux.
Using extmapper simplemap for cells of type $logic_not.
Using extmapper simplemap for cells of type $reduce_or.
Using template $paramod$730057d8259da96d4776b15a47b747852ed4c479\_90_pmux for cells of type $pmux.
Using template $paramod$a3a90a2bc861cf441cf3c1f1141ea9bbd00a0c23\_90_pmux for cells of type $pmux.
Using template $paramod$521ce43182eecb9f60c72393a788160d2c356bf5\_90_pmux for cells of type $pmux.
Using template $paramod$97565c3687be688407d1272a293bd9d0ae6852dc\_90_pmux for cells of type $pmux.
Using template $paramod$20d3ee62d72123142eb855d7ddafd835e31ba009\_90_pmux for cells of type $pmux.
Using extmapper simplemap for cells of type $xor.
Using extmapper simplemap for cells of type $or.
Using extmapper simplemap for cells of type $sdff.
Using template $paramod$constmap:4621fcf06a436d1e2a4080e2ed9866a7d07a6e07$paramod$e765c459d3029c22a22a27989e94858fd9ebfa9c\_90_shift_ops_shr_shl_sshl_sshr for cells of type $sshr.
Using template $paramod$constmap:4621fcf06a436d1e2a4080e2ed9866a7d07a6e07$paramod$b8fb36dbb218c8f6b30171c756a8f8357614d906\_90_shift_ops_shr_shl_sshl_sshr for cells of type $shr.
Using template $paramod$constmap:4621fcf06a436d1e2a4080e2ed9866a7d07a6e07$paramod$ccbcf9cf459c8d68b04688a9a5245ee9d295a0be\_90_shift_ops_shr_shl_sshl_sshr for cells of type $shl.
Using template $paramod$2653f68ddb8eab7b1907b4a20767b72a824a7a36\_90_alu for cells of type $alu.
Using template $paramod$104d3d1e82b09b030a785dad8a5e608a6d4401f7\_90_pmux for cells of type $pmux.
Using template $paramod$d5c1c4131927aec19f116e7a36372b1981bfcd7e\_90_pmux for cells of type $pmux.
Using template $paramod$c2e415ef15bc3ccd2723772353a6b450d3d76206\_90_pmux for cells of type $pmux.
Using template $paramod$645fe0cc96ae5edb83bff90cc2c78f4a20ca3e3c\_90_pmux for cells of type $pmux.
Using extmapper simplemap for cells of type $sdffe.
Using template $paramod$c15e84c77f007506123baf6c4be45847f0e33a3b\_90_pmux for cells of type $pmux.
Using template $paramod$6a42b6fefed750f8a1c58eab59479d960557103c\_90_alu for cells of type $alu.
Using extmapper simplemap for cells of type $logic_and.
Using template $paramod$c83925f608704c3fa34790ddcfce9302bdcd7533\_90_pmux for cells of type $pmux.
Using template $paramod$cc80a4e89b0341cb117f5d28b0e7244620640141\_90_alu for cells of type $alu.
Using template $paramod$32efbfac1c4dc57230cf86180788fdfd12e3b511\_90_alu for cells of type $alu.
Using template $paramod$039520c137afc9cd69dd56c3fb11a4e1fbe5f664\_90_alu for cells of type $alu.
Using extmapper simplemap for cells of type $logic_or.
Using extmapper simplemap for cells of type $pos.
Using template $paramod\_90_lcu\WIDTH=32'00000000000000000000000000100000 for cells of type $lcu.
Using template $paramod\_90_lcu\WIDTH=32'00000000000000000000000001000000 for cells of type $lcu.
Using template $paramod\_90_lcu\WIDTH=32'00000000000000000000000000000110 for cells of type $lcu.
Using template $paramod$c6baa65225090ac0a120feab1b920965244aa496\_90_alu for cells of type $alu.
No more expansions possible.
<suppressed ~4785 debug messages>

37. Executing OPT pass (performing simple optimizations).

37.1. Executing OPT_EXPR pass (perform const folding).
Optimizing module top.
<suppressed ~3518 debug messages>

37.2. Executing OPT_MERGE pass (detect identical cells).
Finding identical cells in module `\top'.
<suppressed ~6933 debug messages>
Removed a total of 2311 cells.

37.3. Executing OPT_DFF pass (perform DFF optimizations).

37.4. Executing OPT_CLEAN pass (remove unused cells and wires).
Finding unused cells or wires in module \top..
Removed 193 unused cells and 3682 unused wires.
<suppressed ~204 debug messages>

37.5. Finished fast OPT passes.

38. Executing ABC pass (technology mapping using ABC).

38.1. Extracting gate netlist of module `\top' to `<abc-temp-dir>/input.blif'..
Extracted 9521 gates and 11077 wires to a netlist network with 1554 inputs and 553 outputs.

38.1.1. Executing ABC.
Running ABC command: "<yosys-exe-dir>/yosys-abc" -s -f <abc-temp-dir>/abc.script 2>&1
ABC: ABC command line: "source <abc-temp-dir>/abc.script".
ABC: 
ABC: + read_blif <abc-temp-dir>/input.blif 
ABC: + read_library <abc-temp-dir>/stdcells.genlib 
ABC: Entered genlib library with 13 gates from file "<abc-temp-dir>/stdcells.genlib".
ABC: + strash 
ABC: + dretime 
ABC: + map 
ABC: + write_blif <abc-temp-dir>/output.blif 

38.1.2. Re-integrating ABC results.
ABC RESULTS:              XNOR cells:      177
ABC RESULTS:               NOR cells:      238
ABC RESULTS:               MUX cells:      928
ABC RESULTS:               NOT cells:      273
ABC RESULTS:               AND cells:      145
ABC RESULTS:             ORNOT cells:      181
ABC RESULTS:               XOR cells:      352
ABC RESULTS:              NAND cells:      274
ABC RESULTS:                OR cells:     3036
ABC RESULTS:            ANDNOT cells:     3592
ABC RESULTS:        internal signals:     8970
ABC RESULTS:           input signals:     1554
ABC RESULTS:          output signals:      553
Removing temp directory.

39. Executing OPT pass (performing simple optimizations).

39.1. Executing OPT_EXPR pass (perform const folding).
Optimizing module top.
<suppressed ~279 debug messages>

39.2. Executing OPT_MERGE pass (detect identical cells).
Finding identical cells in module `\top'.
<suppressed ~6 debug messages>
Removed a total of 2 cells.

39.3. Executing OPT_DFF pass (perform DFF optimizations).

39.4. Executing OPT_CLEAN pass (remove unused cells and wires).
Finding unused cells or wires in module \top..
Removed 5 unused cells and 3967 unused wires.
<suppressed ~142 debug messages>

39.5. Finished fast OPT passes.

40. Executing HIERARCHY pass (managing design hierarchy).

40.1. Analyzing design hierarchy..
Top module:  \top

40.2. Analyzing design hierarchy..
Top module:  \top
Removed 0 unused modules.

41. Printing statistics.

=== top ===

   Number of wires:               9103
   Number of wire bits:          13131
   Number of public wires:         212
   Number of public wire bits:    4208
   Number of memories:               0
   Number of memory bits:            0
   Number of processes:              0
   Number of cells:              10743
     $_ANDNOT_                    3591
     $_AND_                        145
     $_DFFE_PP0P_                 1312
     $_DFFE_PP1P_                   13
     $_DFFE_PP_                     96
     $_DFF_PP0_                     37
     $_MUX_                        928
     $_NAND_                       274
     $_NOR_                        237
     $_NOT_                        268
     $_ORNOT_                      181
     $_OR_                        3036
     $_SDFFE_PP0P_                  61
     $_SDFFE_PP1P_                   3
     $_SDFF_PP0_                    32
     $_XNOR_                       177
     $_XOR_                        352

42. Executing CHECK pass (checking for obvious problems).
Checking module top...
Found and reported 0 problems.

43. Generating Graphviz representation of design.
Writing dot description to `/openlane/designs/riscv_stage2/runs/RUN_2026.09.10_08.44.32/tmp/synthesis/post_techmap.dot'.
Dumping module top to page 1.

44. Executing SHARE pass (SAT-based resource sharing).

45. Executing OPT pass (performing simple optimizations).

45.1. Executing OPT_EXPR pass (perform const folding).
Optimizing module top.

45.2. Executing OPT_MERGE pass (detect identical cells).
Finding identical cells in module `\top'.
Removed a total of 0 cells.

45.3. Executing OPT_MUXTREE pass (detect dead branches in mux trees).
Running muxtree optimizer on module \top..
  Creating internal representation of mux trees.
  No muxes found in this module.
Removed 0 multiplexer ports.

45.4. Executing OPT_REDUCE pass (consolidate $*mux and $reduce_* inputs).
  Optimizing cells in module \top.
Performed a total of 0 changes.

45.5. Executing OPT_MERGE pass (detect identical cells).
Finding identical cells in module `\top'.
Removed a total of 0 cells.

45.6. Executing OPT_DFF pass (perform DFF optimizations).

45.7. Executing OPT_CLEAN pass (remove unused cells and wires).
Finding unused cells or wires in module \top..

45.8. Executing OPT_EXPR pass (perform const folding).
Optimizing module top.

45.9. Finished OPT passes. (There is nothing left to do.)

46. Executing OPT_CLEAN pass (remove unused cells and wires).
Finding unused cells or wires in module \top..
Removed 0 unused cells and 145 unused wires.
<suppressed ~145 debug messages>

47. Printing statistics.

=== top ===

   Number of wires:               8958
   Number of wire bits:          10746
   Number of public wires:          67
   Number of public wire bits:    1823
   Number of memories:               0
   Number of memory bits:            0
   Number of processes:              0
   Number of cells:              10743
     $_ANDNOT_                    3591
     $_AND_                        145
     $_DFFE_PP0P_                 1312
     $_DFFE_PP1P_                   13
     $_DFFE_PP_                     96
     $_DFF_PP0_                     37
     $_MUX_                        928
     $_NAND_                       274
     $_NOR_                        237
     $_NOT_                        268
     $_ORNOT_                      181
     $_OR_                        3036
     $_SDFFE_PP0P_                  61
     $_SDFFE_PP1P_                   3
     $_SDFF_PP0_                    32
     $_XNOR_                       177
     $_XOR_                        352

mapping tbuf

48. Executing TECHMAP pass (map to technology primitives).

48.1. Executing Verilog-2005 frontend: /home/ahmedizzat207/.ciel/sky130A/libs.tech/openlane/sky130_fd_sc_hd/tribuff_map.v
Parsing Verilog input from `/home/ahmedizzat207/.ciel/sky130A/libs.tech/openlane/sky130_fd_sc_hd/tribuff_map.v' to AST representation.
Generating RTLIL representation for module `\$_TBUF_'.
Successfully finished Verilog frontend.

48.2. Continuing TECHMAP pass.
No more expansions possible.
<suppressed ~3 debug messages>

49. Executing SIMPLEMAP pass (map simple cells to gate primitives).

50. Executing TECHMAP pass (map to technology primitives).

50.1. Executing Verilog-2005 frontend: /home/ahmedizzat207/.ciel/sky130A/libs.tech/openlane/sky130_fd_sc_hd/latch_map.v
Parsing Verilog input from `/home/ahmedizzat207/.ciel/sky130A/libs.tech/openlane/sky130_fd_sc_hd/latch_map.v' to AST representation.
Generating RTLIL representation for module `\$_DLATCH_P_'.
Generating RTLIL representation for module `\$_DLATCH_N_'.
Successfully finished Verilog frontend.

50.2. Continuing TECHMAP pass.
No more expansions possible.
<suppressed ~4 debug messages>

51. Executing SIMPLEMAP pass (map simple cells to gate primitives).

52. Executing DFFLIBMAP pass (mapping DFF cells to sequential cells from liberty file).
  cell sky130_fd_sc_hd__dfxtp_2 (noninv, pins=3, area=21.27) is a direct match for cell type $_DFF_P_.
  cell sky130_fd_sc_hd__dfrtp_2 (noninv, pins=4, area=26.28) is a direct match for cell type $_DFF_PN0_.
  cell sky130_fd_sc_hd__dfstp_2 (noninv, pins=4, area=26.28) is a direct match for cell type $_DFF_PN1_.
  cell sky130_fd_sc_hd__dfbbn_2 (noninv, pins=6, area=35.03) is a direct match for cell type $_DFFSR_NNN_.
  final dff cell mappings:
    unmapped dff cell: $_DFF_N_
    \sky130_fd_sc_hd__dfxtp_2 _DFF_P_ (.CLK( C), .D( D), .Q( Q));
    unmapped dff cell: $_DFF_NN0_
    unmapped dff cell: $_DFF_NN1_
    unmapped dff cell: $_DFF_NP0_
    unmapped dff cell: $_DFF_NP1_
    \sky130_fd_sc_hd__dfrtp_2 _DFF_PN0_ (.CLK( C), .D( D), .Q( Q), .RESET_B( R));
    \sky130_fd_sc_hd__dfstp_2 _DFF_PN1_ (.CLK( C), .D( D), .Q( Q), .SET_B( R));
    unmapped dff cell: $_DFF_PP0_
    unmapped dff cell: $_DFF_PP1_
    \sky130_fd_sc_hd__dfbbn_2 _DFFSR_NNN_ (.CLK_N( C), .D( D), .Q( Q), .Q_N(~Q), .RESET_B( R), .SET_B( S));
    unmapped dff cell: $_DFFSR_NNP_
    unmapped dff cell: $_DFFSR_NPN_
    unmapped dff cell: $_DFFSR_NPP_
    unmapped dff cell: $_DFFSR_PNN_
    unmapped dff cell: $_DFFSR_PNP_
    unmapped dff cell: $_DFFSR_PPN_
    unmapped dff cell: $_DFFSR_PPP_

52.1. Executing DFFLEGALIZE pass (convert FFs to types supported by the target).
Mapping DFF cells in module `\top':
  mapped 1349 $_DFF_PN0_ cells to \sky130_fd_sc_hd__dfrtp_2 cells.
  mapped 13 $_DFF_PN1_ cells to \sky130_fd_sc_hd__dfstp_2 cells.
  mapped 192 $_DFF_P_ cells to \sky130_fd_sc_hd__dfxtp_2 cells.

53. Printing statistics.

=== top ===

   Number of wires:              11901
   Number of wire bits:          13689
   Number of public wires:          67
   Number of public wire bits:    1823
   Number of memories:               0
   Number of memory bits:            0
   Number of processes:              0
   Number of cells:              13686
     $_ANDNOT_                    3591
     $_AND_                        145
     $_MUX_                       2509
     $_NAND_                       274
     $_NOR_                        237
     $_NOT_                       1630
     $_ORNOT_                      181
     $_OR_                        3036
     $_XNOR_                       177
     $_XOR_                        352
     sky130_fd_sc_hd__dfrtp_2     1349
     sky130_fd_sc_hd__dfstp_2       13
     sky130_fd_sc_hd__dfxtp_2      192

[INFO]: USING STRATEGY AREA 0

54. Executing ABC pass (technology mapping using ABC).

54.1. Extracting gate netlist of module `\top' to `/tmp/yosys-abc-njvH1q/input.blif'..
Extracted 12132 gates and 13689 wires to a netlist network with 1555 inputs and 2916 outputs.

54.1.1. Executing ABC.
Running ABC command: "/build/bin/yosys-abc" -s -f /tmp/yosys-abc-njvH1q/abc.script 2>&1
ABC: ABC command line: "source /tmp/yosys-abc-njvH1q/abc.script".
ABC: 
ABC: + read_blif /tmp/yosys-abc-njvH1q/input.blif 
ABC: + read_lib -w /openlane/designs/riscv_stage2/runs/RUN_2026.09.10_08.44.32/tmp/synthesis/trimmed.lib 
ABC: Parsing finished successfully.  Parsing time =     0.07 sec
ABC: Scl_LibertyReadGenlib() skipped sequential cell "sky130_fd_sc_hd__dfbbn_2".
ABC: Scl_LibertyReadGenlib() skipped sequential cell "sky130_fd_sc_hd__dfrbp_2".
ABC: Scl_LibertyReadGenlib() skipped sequential cell "sky130_fd_sc_hd__dfrtp_2".
ABC: Scl_LibertyReadGenlib() skipped sequential cell "sky130_fd_sc_hd__dfrtp_4".
ABC: Scl_LibertyReadGenlib() skipped sequential cell "sky130_fd_sc_hd__dfsbp_2".
ABC: Scl_LibertyReadGenlib() skipped sequential cell "sky130_fd_sc_hd__dfstp_2".
ABC: Scl_LibertyReadGenlib() skipped sequential cell "sky130_fd_sc_hd__dfstp_4".
ABC: Scl_LibertyReadGenlib() skipped sequential cell "sky130_fd_sc_hd__dfxbp_2".
ABC: Scl_LibertyReadGenlib() skipped sequential cell "sky130_fd_sc_hd__dfxtp_2".
ABC: Scl_LibertyReadGenlib() skipped sequential cell "sky130_fd_sc_hd__dfxtp_4".
ABC: Scl_LibertyReadGenlib() skipped sequential cell "sky130_fd_sc_hd__dlxtn_1".
ABC: Scl_LibertyReadGenlib() skipped sequential cell "sky130_fd_sc_hd__dlxtn_2".
ABC: Scl_LibertyReadGenlib() skipped sequential cell "sky130_fd_sc_hd__dlxtn_4".
ABC: Scl_LibertyReadGenlib() skipped sequential cell "sky130_fd_sc_hd__dlxtp_1".
ABC: Scl_LibertyReadGenlib() skipped three-state cell "sky130_fd_sc_hd__ebufn_2".
ABC: Scl_LibertyReadGenlib() skipped three-state cell "sky130_fd_sc_hd__ebufn_4".
ABC: Scl_LibertyReadGenlib() skipped three-state cell "sky130_fd_sc_hd__ebufn_8".
ABC: Library "sky130A_merged" from "/openlane/designs/riscv_stage2/runs/RUN_2026.09.10_08.44.32/tmp/synthesis/trimmed.lib" has 175 cells (17 skipped: 14 seq; 3 tri-state; 0 no func; 0 dont_use).  Time =     0.10 sec
ABC: Memory =    9.54 MB. Time =     0.10 sec
ABC: Warning: Detected 2 multi-output gates (for example, "sky130_fd_sc_hd__fa_1").
ABC: + read_constr -v /openlane/designs/riscv_stage2/runs/RUN_2026.09.10_08.44.32/tmp/synthesis/synthesis.sdc 
ABC: Setting driving cell to be "sky130_fd_sc_hd__inv_2".
ABC: Setting output load to be 33.442001.
ABC: + read_constr /openlane/designs/riscv_stage2/runs/RUN_2026.09.10_08.44.32/tmp/synthesis/synthesis.sdc 
ABC: + fx 
ABC: + mfs 
ABC: + strash 
ABC: + refactor 
ABC: + balance 
ABC: + rewrite 
ABC: + refactor 
ABC: + balance 
ABC: + rewrite 
ABC: + rewrite -z 
ABC: + balance 
ABC: + refactor -z 
ABC: + rewrite -z 
ABC: + balance 
ABC: + retime -D -D 50000.0 -M 5 
ABC: + scleanup 
ABC: Error: The network is combinational.
ABC: + fraig_store 
ABC: + balance 
ABC: + fraig_store 
ABC: + balance 
ABC: + rewrite 
ABC: + refactor 
ABC: + balance 
ABC: + rewrite 
ABC: + rewrite -z 
ABC: + balance 
ABC: + refactor -z 
ABC: + rewrite -z 
ABC: + balance 
ABC: + fraig_store 
ABC: + balance 
ABC: + rewrite 
ABC: + refactor 
ABC: + balance 
ABC: + rewrite 
ABC: + rewrite -z 
ABC: + balance 
ABC: + refactor -z 
ABC: + rewrite -z 
ABC: + balance 
ABC: + fraig_store 
ABC: + balance 
ABC: + rewrite 
ABC: + refactor 
ABC: + balance 
ABC: + rewrite 
ABC: + rewrite -z 
ABC: + balance 
ABC: + refactor -z 
ABC: + rewrite -z 
ABC: + balance 
ABC: + fraig_store 
ABC: + fraig_restore 
ABC: + amap -m -Q 0.1 -F 20 -A 20 -C 5000 
ABC: + retime -D -D 50000.0 
ABC: + &get -n 
ABC: + &st 
ABC: + &dch 
ABC: + &nf 
ABC: + &put 
ABC: + buffer -N 10 -S 750.0 
ABC: + upsize -D 50000.0 
ABC: Current delay (13409.75 ps) does not exceed the target delay (50000.00 ps). Upsizing is not performed.
ABC: + dnsize -D 50000.0 
ABC: + stime -p 
ABC: WireLoad = "none"  Gates =   9071 ( 39.2 %)   Cap = 14.7 ff (  7.9 %)   Area =    69754.40 ( 60.6 %)   Delay = 13806.16 ps  (  0.5 %)               
ABC: Path  0 --     253 : 0    5 pi                       A =   0.00  Df =  63.6  -35.0 ps  S =  94.8 ps  Cin =  0.0 ff  Cout =  19.4 ff  Cmax =   0.0 ff  G =    0  
ABC: Path  1 --    8163 : 4    4 sky130_fd_sc_hd__or4_2   A =   8.76  Df = 742.7 -450.6 ps  S = 138.9 ps  Cin =  1.5 ff  Cout =  13.3 ff  Cmax = 310.4 ff  G =  834  
ABC: Path  2 --    8164 : 4    4 sky130_fd_sc_hd__or4_2   A =   8.76  Df =1364.1 -921.6 ps  S = 138.9 ps  Cin =  1.5 ff  Cout =  13.3 ff  Cmax = 310.4 ff  G =  834  
ABC: Path  3 --    8165 : 4    4 sky130_fd_sc_hd__or4_2   A =   8.76  Df =1985.5-1392.6 ps  S = 139.1 ps  Cin =  1.5 ff  Cout =  13.3 ff  Cmax = 310.4 ff  G =  834  
ABC: Path  4 --    8166 : 4    4 sky130_fd_sc_hd__or4_2   A =   8.76  Df =2594.4-1858.7 ps  S = 131.0 ps  Cin =  1.5 ff  Cout =  11.1 ff  Cmax = 310.4 ff  G =  699  
ABC: Path  5 --    8167 : 4    4 sky130_fd_sc_hd__or4_2   A =   8.76  Df =3213.0-2330.7 ps  S = 139.4 ps  Cin =  1.5 ff  Cout =  13.3 ff  Cmax = 310.4 ff  G =  834  
ABC: Path  6 --    8168 : 4    4 sky130_fd_sc_hd__or4_2   A =   8.76  Df =3834.6-2801.9 ps  S = 138.9 ps  Cin =  1.5 ff  Cout =  13.3 ff  Cmax = 310.4 ff  G =  834  
ABC: Path  7 --    8169 : 4    5 sky130_fd_sc_hd__or4_2   A =   8.76  Df =4480.0-3275.9 ps  S = 154.8 ps  Cin =  1.5 ff  Cout =  19.4 ff  Cmax = 310.4 ff  G = 1216  
ABC: Path  8 --    8170 : 4    4 sky130_fd_sc_hd__nor4_2  A =  12.51  Df =4709.4-3448.5 ps  S = 277.3 ps  Cin =  4.3 ff  Cout =   7.2 ff  Cmax =  64.1 ff  G =  159  
ABC: Path  9 --    8171 : 4    5 sky130_fd_sc_hd__or4b_2  A =  10.01  Df =5395.3-3886.0 ps  S = 147.8 ps  Cin =  1.5 ff  Cout =  15.9 ff  Cmax = 265.5 ff  G = 1023  
ABC: Path 10 --    8176 : 4    4 sky130_fd_sc_hd__or4_2   A =   8.76  Df =6089.1-4417.1 ps  S = 139.4 ps  Cin =  1.5 ff  Cout =  13.3 ff  Cmax = 310.4 ff  G =  834  
ABC: Path 11 --    8177 : 4    4 sky130_fd_sc_hd__or4_2   A =   8.76  Df =6710.6-4888.2 ps  S = 138.9 ps  Cin =  1.5 ff  Cout =  13.3 ff  Cmax = 310.4 ff  G =  834  
ABC: Path 12 --    8178 : 4    4 sky130_fd_sc_hd__or4_2   A =   8.76  Df =7332.1-5359.2 ps  S = 138.9 ps  Cin =  1.5 ff  Cout =  13.3 ff  Cmax = 310.4 ff  G =  834  
ABC: Path 13 --    8179 : 4    4 sky130_fd_sc_hd__or4_2   A =   8.76  Df =7953.5-5830.1 ps  S = 138.9 ps  Cin =  1.5 ff  Cout =  13.3 ff  Cmax = 310.4 ff  G =  834  
ABC: Path 14 --    8180 : 4    4 sky130_fd_sc_hd__or4_2   A =   8.76  Df =8562.2-6296.2 ps  S = 131.4 ps  Cin =  1.5 ff  Cout =  11.1 ff  Cmax = 310.4 ff  G =  699  
ABC: Path 15 --    8181 : 3    3 sky130_fd_sc_hd__or3_2   A =   7.51  Df =9016.9-6626.6 ps  S =  92.5 ps  Cin =  1.5 ff  Cout =   7.7 ff  Cmax = 310.4 ff  G =  479  
ABC: Path 16 --    8182 : 3    4 sky130_fd_sc_hd__or3_2   A =   7.51  Df =9486.3-6957.5 ps  S = 109.6 ps  Cin =  1.5 ff  Cout =  13.3 ff  Cmax = 310.4 ff  G =  824  
ABC: Path 17 --    8183 : 4    2 sky130_fd_sc_hd__or4_2   A =   8.76  Df =10056.5-7404.1 ps  S = 112.9 ps  Cin =  1.5 ff  Cout =   6.1 ff  Cmax = 310.4 ff  G =  388  
ABC: Path 18 --    8184 : 2    3 sky130_fd_sc_hd__or2_2   A =   6.26  Df =10380.8-7603.5 ps  S =  76.2 ps  Cin =  1.5 ff  Cout =  10.8 ff  Cmax = 299.4 ff  G =  704  
ABC: Path 19 --    8185 : 3    4 sky130_fd_sc_hd__or3_2   A =   7.51  Df =10829.3-7918.7 ps  S =  99.8 ps  Cin =  1.5 ff  Cout =  10.2 ff  Cmax = 310.4 ff  G =  630  
ABC: Path 20 --    8186 : 4    2 sky130_fd_sc_hd__or4_2   A =   8.76  Df =11396.7-8367.8 ps  S = 112.8 ps  Cin =  1.5 ff  Cout =   6.1 ff  Cmax = 310.4 ff  G =  388  
ABC: Path 21 --    8187 : 2    2 sky130_fd_sc_hd__or2_2   A =   6.26  Df =11703.2-8567.3 ps  S =  64.4 ps  Cin =  1.5 ff  Cout =   6.1 ff  Cmax = 299.4 ff  G =  401  
ABC: Path 22 --    8188 : 2    2 sky130_fd_sc_hd__or2_2   A =   6.26  Df =11991.2-8748.3 ps  S =  64.4 ps  Cin =  1.5 ff  Cout =   6.1 ff  Cmax = 299.4 ff  G =  401  
ABC: Path 23 --    8189 : 2    2 sky130_fd_sc_hd__or2_2   A =   6.26  Df =12279.2-8929.3 ps  S =  64.4 ps  Cin =  1.5 ff  Cout =   6.1 ff  Cmax = 299.4 ff  G =  401  
ABC: Path 24 --    8190 : 2    2 sky130_fd_sc_hd__or2_2   A =   6.26  Df =12571.3-9110.2 ps  S =  67.0 ps  Cin =  1.5 ff  Cout =   7.2 ff  Cmax = 299.4 ff  G =  470  
ABC: Path 25 --    8192 : 3    3 sky130_fd_sc_hd__o21a_2  A =   8.76  Df =12793.3-9189.8 ps  S =  77.6 ps  Cin =  2.4 ff  Cout =  11.9 ff  Cmax = 294.8 ff  G =  471  
ABC: Path 26 --    8193 : 3    1 sky130_fd_sc_hd__a21oi_2 A =   8.76  Df =12932.5-9281.3 ps  S = 143.7 ps  Cin =  4.6 ff  Cout =   8.4 ff  Cmax = 128.2 ff  G =  181  
ABC: Path 27 --    8194 : 2    1 sky130_fd_sc_hd__xnor2_2 A =  16.27  Df =13088.0-9320.9 ps  S =  88.8 ps  Cin =  8.5 ff  Cout =   1.8 ff  Cmax = 121.8 ff  G =   20  
ABC: Path 28 --    8197 : 3    1 sky130_fd_sc_hd__mux2_2  A =  11.26  Df =13335.7-9426.4 ps  S =  44.0 ps  Cin =  2.3 ff  Cout =   1.8 ff  Cmax = 297.6 ff  G =   75  
ABC: Path 29 --    8201 : 3    1 sky130_fd_sc_hd__mux2_2  A =  11.26  Df =13587.3-9551.4 ps  S =  45.5 ps  Cin =  2.3 ff  Cout =   2.2 ff  Cmax = 297.6 ff  G =   92  
ABC: Path 30 --    8202 : 1    1 sky130_fd_sc_hd__buf_1   A =   3.75  Df =13806.2-9449.5 ps  S = 396.4 ps  Cin =  2.1 ff  Cout =  33.4 ff  Cmax = 130.0 ff  G = 1590  
ABC: Start-point = pi252 (\blkProj14999_7.blkProj14991_42.blk3979_4.accum [3]).  End-point = po192 ($auto$rtlil.cc:2607:MuxGate$39516).
ABC: + print_stats -m 
ABC: netlist                       : i/o = 1555/ 2916  lat =    0  nd =  9071  edge =  21638  area =69746.22  delay =35.00  lev = 35
ABC: + write_blif /tmp/yosys-abc-njvH1q/output.blif 

54.1.2. Re-integrating ABC results.
ABC RESULTS:   sky130_fd_sc_hd__nor4b_2 cells:        1
ABC RESULTS:   sky130_fd_sc_hd__or4bb_2 cells:        1
ABC RESULTS:   sky130_fd_sc_hd__o32ai_2 cells:        2
ABC RESULTS:   sky130_fd_sc_hd__a221oi_2 cells:        5
ABC RESULTS:   sky130_fd_sc_hd__a211oi_2 cells:        5
ABC RESULTS:   sky130_fd_sc_hd__nand3b_2 cells:        2
ABC RESULTS:   sky130_fd_sc_hd__a311oi_2 cells:        7
ABC RESULTS:   sky130_fd_sc_hd__mux4_2 cells:        6
ABC RESULTS:   sky130_fd_sc_hd__a21boi_2 cells:        2
ABC RESULTS:   sky130_fd_sc_hd__o32a_2 cells:        3
ABC RESULTS:   sky130_fd_sc_hd__and4bb_2 cells:        2
ABC RESULTS:   sky130_fd_sc_hd__nor3b_2 cells:        1
ABC RESULTS:   sky130_fd_sc_hd__a31oi_2 cells:        1
ABC RESULTS:   sky130_fd_sc_hd__o21bai_2 cells:        4
ABC RESULTS:   sky130_fd_sc_hd__o311a_2 cells:        5
ABC RESULTS:   sky130_fd_sc_hd__o2111a_2 cells:        2
ABC RESULTS:   sky130_fd_sc_hd__o2111ai_2 cells:        1
ABC RESULTS:   sky130_fd_sc_hd__a2111o_2 cells:        2
ABC RESULTS:   sky130_fd_sc_hd__a311o_2 cells:        8
ABC RESULTS:   sky130_fd_sc_hd__nand3_2 cells:       18
ABC RESULTS:   sky130_fd_sc_hd__nor4_2 cells:        2
ABC RESULTS:   sky130_fd_sc_hd__nand4_2 cells:        4
ABC RESULTS:   sky130_fd_sc_hd__o211ai_2 cells:        6
ABC RESULTS:   sky130_fd_sc_hd__o221ai_2 cells:        1
ABC RESULTS:   sky130_fd_sc_hd__nor2b_2 cells:       11
ABC RESULTS:   sky130_fd_sc_hd__nand2b_2 cells:        2
ABC RESULTS:   sky130_fd_sc_hd__xor2_2 cells:       63
ABC RESULTS:   sky130_fd_sc_hd__o22ai_2 cells:        3
ABC RESULTS:   sky130_fd_sc_hd__and4_2 cells:        7
ABC RESULTS:   sky130_fd_sc_hd__o22a_2 cells:       23
ABC RESULTS:   sky130_fd_sc_hd__a41o_2 cells:        2
ABC RESULTS:   sky130_fd_sc_hd__xnor2_2 cells:      283
ABC RESULTS:   sky130_fd_sc_hd__or3b_2 cells:       16
ABC RESULTS:   sky130_fd_sc_hd__o41a_2 cells:        8
ABC RESULTS:   sky130_fd_sc_hd__and4b_2 cells:       11
ABC RESULTS:   sky130_fd_sc_hd__or2b_2 cells:       14
ABC RESULTS:   sky130_fd_sc_hd__and2b_2 cells:       25
ABC RESULTS:   sky130_fd_sc_hd__o31ai_2 cells:        8
ABC RESULTS:   sky130_fd_sc_hd__and3_2 cells:      109
ABC RESULTS:   sky130_fd_sc_hd__or4_2 cells:      172
ABC RESULTS:   sky130_fd_sc_hd__or4b_2 cells:       14
ABC RESULTS:   sky130_fd_sc_hd__nor3_2 cells:       16
ABC RESULTS:   sky130_fd_sc_hd__or3_2 cells:       31
ABC RESULTS:   sky130_fd_sc_hd__o21a_2 cells:       87
ABC RESULTS:   sky130_fd_sc_hd__and3b_2 cells:       40
ABC RESULTS:   sky130_fd_sc_hd__a22oi_2 cells:        4
ABC RESULTS:   sky130_fd_sc_hd__a21bo_2 cells:       15
ABC RESULTS:   sky130_fd_sc_hd__or2_2 cells:      188
ABC RESULTS:   sky130_fd_sc_hd__o211a_2 cells:       65
ABC RESULTS:   sky130_fd_sc_hd__a211o_2 cells:      108
ABC RESULTS:   sky130_fd_sc_hd__a2bb2o_2 cells:       23
ABC RESULTS:   sky130_fd_sc_hd__o221a_2 cells:      117
ABC RESULTS:   sky130_fd_sc_hd__a221o_2 cells:      522
ABC RESULTS:   sky130_fd_sc_hd__nand2_2 cells:      301
ABC RESULTS:   sky130_fd_sc_hd__a32o_2 cells:       52
ABC RESULTS:   sky130_fd_sc_hd__o21ai_2 cells:       88
ABC RESULTS:   sky130_fd_sc_hd__o31a_2 cells:       35
ABC RESULTS:   sky130_fd_sc_hd__a21oi_2 cells:       92
ABC RESULTS:   sky130_fd_sc_hd__o21ba_2 cells:       10
ABC RESULTS:   sky130_fd_sc_hd__o2bb2a_2 cells:       27
ABC RESULTS:   sky130_fd_sc_hd__a21o_2 cells:      214
ABC RESULTS:   sky130_fd_sc_hd__a31o_2 cells:       57
ABC RESULTS:   sky130_fd_sc_hd__a22o_2 cells:      664
ABC RESULTS:   sky130_fd_sc_hd__and2_2 cells:      104
ABC RESULTS:   sky130_fd_sc_hd__nor2_2 cells:      213
ABC RESULTS:   sky130_fd_sc_hd__mux2_2 cells:     1583
ABC RESULTS:   sky130_fd_sc_hd__buf_1 cells:     2124
ABC RESULTS:   sky130_fd_sc_hd__inv_2 cells:     1429
ABC RESULTS:        internal signals:     9218
ABC RESULTS:           input signals:     1555
ABC RESULTS:          output signals:     2916
Removing temp directory.

55. Executing SETUNDEF pass (replace undef values with defined constants).

56. Executing HILOMAP pass (mapping to constant drivers).

57. Executing SPLITNETS pass (splitting up multi-bit signals).

58. Executing OPT_CLEAN pass (remove unused cells and wires).
Finding unused cells or wires in module \top..
Removed 0 unused cells and 13688 unused wires.
<suppressed ~231 debug messages>

59. Executing INSBUF pass (insert buffer cells for connected wires).

60. Executing CHECK pass (checking for obvious problems).
Checking module top...
Warning: Wire top.\o_exeout [31] is used but has no driver.
Warning: Wire top.\o_exeout [30] is used but has no driver.
Warning: Wire top.\o_exeout [29] is used but has no driver.
Warning: Wire top.\o_exeout [28] is used but has no driver.
Warning: Wire top.\o_exeout [27] is used but has no driver.
Warning: Wire top.\o_exeout [26] is used but has no driver.
Warning: Wire top.\o_exeout [25] is used but has no driver.
Warning: Wire top.\o_exeout [24] is used but has no driver.
Warning: Wire top.\o_exeout [23] is used but has no driver.
Warning: Wire top.\o_exeout [22] is used but has no driver.
Warning: Wire top.\o_exeout [21] is used but has no driver.
Warning: Wire top.\o_exeout [20] is used but has no driver.
Warning: Wire top.\o_exeout [19] is used but has no driver.
Warning: Wire top.\o_exeout [18] is used but has no driver.
Warning: Wire top.\o_exeout [17] is used but has no driver.
Warning: Wire top.\o_exeout [16] is used but has no driver.
Warning: Wire top.\o_exeout [15] is used but has no driver.
Warning: Wire top.\o_exeout [14] is used but has no driver.
Warning: Wire top.\o_exeout [13] is used but has no driver.
Warning: Wire top.\o_exeout [12] is used but has no driver.
Warning: Wire top.\o_exeout [11] is used but has no driver.
Warning: Wire top.\o_exeout [10] is used but has no driver.
Warning: Wire top.\o_exeout [9] is used but has no driver.
Warning: Wire top.\o_exeout [8] is used but has no driver.
Warning: Wire top.\o_exeout [7] is used but has no driver.
Warning: Wire top.\o_exeout [6] is used but has no driver.
Warning: Wire top.\o_exeout [5] is used but has no driver.
Warning: Wire top.\o_exeout [4] is used but has no driver.
Warning: Wire top.\o_exeout [3] is used but has no driver.
Warning: Wire top.\o_exeout [2] is used but has no driver.
Warning: Wire top.\o_exeout [1] is used but has no driver.
Warning: Wire top.\o_exeout [0] is used but has no driver.
Warning: Wire top.\o_Instruction [31] is used but has no driver.
Warning: Wire top.\o_Instruction [30] is used but has no driver.
Warning: Wire top.\o_Instruction [29] is used but has no driver.
Warning: Wire top.\o_Instruction [28] is used but has no driver.
Warning: Wire top.\o_Instruction [27] is used but has no driver.
Warning: Wire top.\o_Instruction [26] is used but has no driver.
Warning: Wire top.\o_Instruction [25] is used but has no driver.
Warning: Wire top.\o_Instruction [24] is used but has no driver.
Warning: Wire top.\o_Instruction [23] is used but has no driver.
Warning: Wire top.\o_Instruction [22] is used but has no driver.
Warning: Wire top.\o_Instruction [21] is used but has no driver.
Warning: Wire top.\o_Instruction [20] is used but has no driver.
Warning: Wire top.\o_Instruction [19] is used but has no driver.
Warning: Wire top.\o_Instruction [18] is used but has no driver.
Warning: Wire top.\o_Instruction [17] is used but has no driver.
Warning: Wire top.\o_Instruction [16] is used but has no driver.
Warning: Wire top.\o_Instruction [15] is used but has no driver.
Warning: Wire top.\o_Instruction [14] is used but has no driver.
Warning: Wire top.\o_Instruction [13] is used but has no driver.
Warning: Wire top.\o_Instruction [12] is used but has no driver.
Warning: Wire top.\o_Instruction [11] is used but has no driver.
Warning: Wire top.\o_Instruction [10] is used but has no driver.
Warning: Wire top.\o_Instruction [9] is used but has no driver.
Warning: Wire top.\o_Instruction [8] is used but has no driver.
Warning: Wire top.\o_Instruction [7] is used but has no driver.
Warning: Wire top.\o_Instruction [6] is used but has no driver.
Warning: Wire top.\o_Instruction [5] is used but has no driver.
Warning: Wire top.\o_Instruction [4] is used but has no driver.
Warning: Wire top.\o_Instruction [3] is used but has no driver.
Warning: Wire top.\o_Instruction [2] is used but has no driver.
Warning: Wire top.\o_Instruction [1] is used but has no driver.
Warning: Wire top.\o_Instruction [0] is used but has no driver.
Found and reported 64 problems.

61. Printing statistics.

=== top ===

   Number of wires:              10565
   Number of wire bits:          10627
   Number of public wires:        1531
   Number of public wire bits:    1593
   Number of memories:               0
   Number of memory bits:            0
   Number of processes:              0
   Number of cells:              10625
     sky130_fd_sc_hd__a2111o_2       2
     sky130_fd_sc_hd__a211o_2      108
     sky130_fd_sc_hd__a211oi_2       5
     sky130_fd_sc_hd__a21bo_2       15
     sky130_fd_sc_hd__a21boi_2       2
     sky130_fd_sc_hd__a21o_2       214
     sky130_fd_sc_hd__a21oi_2       92
     sky130_fd_sc_hd__a221o_2      522
     sky130_fd_sc_hd__a221oi_2       5
     sky130_fd_sc_hd__a22o_2       664
     sky130_fd_sc_hd__a22oi_2        4
     sky130_fd_sc_hd__a2bb2o_2      23
     sky130_fd_sc_hd__a311o_2        8
     sky130_fd_sc_hd__a311oi_2       7
     sky130_fd_sc_hd__a31o_2        57
     sky130_fd_sc_hd__a31oi_2        1
     sky130_fd_sc_hd__a32o_2        52
     sky130_fd_sc_hd__a41o_2         2
     sky130_fd_sc_hd__and2_2       104
     sky130_fd_sc_hd__and2b_2       25
     sky130_fd_sc_hd__and3_2       109
     sky130_fd_sc_hd__and3b_2       40
     sky130_fd_sc_hd__and4_2         7
     sky130_fd_sc_hd__and4b_2       11
     sky130_fd_sc_hd__and4bb_2       2
     sky130_fd_sc_hd__buf_1       2124
     sky130_fd_sc_hd__dfrtp_2     1349
     sky130_fd_sc_hd__dfstp_2       13
     sky130_fd_sc_hd__dfxtp_2      192
     sky130_fd_sc_hd__inv_2       1429
     sky130_fd_sc_hd__mux2_2      1583
     sky130_fd_sc_hd__mux4_2         6
     sky130_fd_sc_hd__nand2_2      301
     sky130_fd_sc_hd__nand2b_2       2
     sky130_fd_sc_hd__nand3_2       18
     sky130_fd_sc_hd__nand3b_2       2
     sky130_fd_sc_hd__nand4_2        4
     sky130_fd_sc_hd__nor2_2       213
     sky130_fd_sc_hd__nor2b_2       11
     sky130_fd_sc_hd__nor3_2        16
     sky130_fd_sc_hd__nor3b_2        1
     sky130_fd_sc_hd__nor4_2         2
     sky130_fd_sc_hd__nor4b_2        1
     sky130_fd_sc_hd__o2111a_2       2
     sky130_fd_sc_hd__o2111ai_2      1
     sky130_fd_sc_hd__o211a_2       65
     sky130_fd_sc_hd__o211ai_2       6
     sky130_fd_sc_hd__o21a_2        87
     sky130_fd_sc_hd__o21ai_2       88
     sky130_fd_sc_hd__o21ba_2       10
     sky130_fd_sc_hd__o21bai_2       4
     sky130_fd_sc_hd__o221a_2      117
     sky130_fd_sc_hd__o221ai_2       1
     sky130_fd_sc_hd__o22a_2        23
     sky130_fd_sc_hd__o22ai_2        3
     sky130_fd_sc_hd__o2bb2a_2      27
     sky130_fd_sc_hd__o311a_2        5
     sky130_fd_sc_hd__o31a_2        35
     sky130_fd_sc_hd__o31ai_2        8
     sky130_fd_sc_hd__o32a_2         3
     sky130_fd_sc_hd__o32ai_2        2
     sky130_fd_sc_hd__o41a_2         8
     sky130_fd_sc_hd__or2_2        188
     sky130_fd_sc_hd__or2b_2        14
     sky130_fd_sc_hd__or3_2         31
     sky130_fd_sc_hd__or3b_2        16
     sky130_fd_sc_hd__or4_2        172
     sky130_fd_sc_hd__or4b_2        14
     sky130_fd_sc_hd__or4bb_2        1
     sky130_fd_sc_hd__xnor2_2      283
     sky130_fd_sc_hd__xor2_2        63

   Chip area for module '\top': 109625.139200

62. Executing Verilog backend.
Dumping module `\top'.

Warnings: 65 unique messages, 66 total
End of script. Logfile hash: 960c4b6eae, CPU: user 12.78s system 0.11s, MEM: 102.15 MB peak
Yosys 0.30+48 (git sha1 14d50a176d5, gcc 8.3.1 -fPIC -Os)
Time spent: 64% 2x abc (22 sec), 8% 33x opt_expr (2 sec), ...
