OpenROAD 41a51eaf4ca2171c92ff38afb91eb37bbd3f36da 
This program is licensed under the BSD-3 license. See the LICENSE file for details.
Components of this program may be licensed under more restrictive licenses which must be honored.
[INFO]: Reading ODB at '/openlane/designs/riscv_stage2/runs/RUN_2026.09.10_08.44.32/results/routing/top.odb'…
define_corners Typical
read_liberty -corner Typical /home/ahmedizzat207/.ciel/sky130A/libs.ref/sky130_fd_sc_hd/lib/sky130_fd_sc_hd__tt_025C_1v80.lib
Using 1e-12 for capacitance...
Using 1e+03 for resistance...
Using 1e-09 for time...
Using 1e+00 for voltage...
Using 1e-03 for current...
Using 1e-09 for power...
Using 1e-06 for distance...
Reading design constraints file at '/openlane/designs/riscv_stage2/runs/RUN_2026.09.10_08.44.32/tmp/17-top.sdc'…
Net: _00501_
  Pin: _18606_/RESET_B (sky130_fd_sc_hd__dfrtp_1)
    Layer: met4
      Partial area ratio:   58.64
      Required ratio:    0.00 (Gate area) 
      Partial area ratio:  314.67
      Required ratio: 2778.20 (Side area) 
      Cumulative area ratio:  139.75
      Required ratio:    0.00 (Cumulative area) 
      Cumulative area ratio:  749.03
      Required ratio:    0.00 (Cumulative side area) 

    Layer: met3
      Partial area ratio:   78.39
      Required ratio:    0.00 (Gate area) 
      Partial area ratio:  420.00
      Required ratio:  400.00 (Side area) (VIOLATED)
      Cumulative area ratio:   81.11
      Required ratio:    0.00 (Cumulative area) 
      Cumulative area ratio:  434.36
      Required ratio:    0.00 (Cumulative side area) 

    Layer: met2
      Partial area ratio:    1.87
      Required ratio:    0.00 (Gate area) 
      Partial area ratio:    9.75
      Required ratio:  400.00 (Side area) 
      Cumulative area ratio:    2.72
      Required ratio:    0.00 (Cumulative area) 
      Cumulative area ratio:   14.36
      Required ratio:    0.00 (Cumulative side area) 

    Layer: met1
      Partial area ratio:    0.84
      Required ratio:    0.00 (Gate area) 
      Partial area ratio:    4.61
      Required ratio:  400.00 (Side area) 
      Cumulative area ratio:    0.84
      Required ratio:    0.00 (Cumulative area) 
      Cumulative area ratio:    4.61
      Required ratio:    0.00 (Cumulative side area) 

    Via: M3M4_PR
      Partial area ratio:    0.16
      Required ratio:    6.00 (Gate area) 
      Cumulative area ratio:    0.41
      Required ratio:    0.00 (Cumulative area) 

    Via: M2M3_PR
      Partial area ratio:    0.16
      Required ratio:    6.00 (Gate area) 
      Cumulative area ratio:    0.25
      Required ratio:    0.00 (Cumulative area) 

    Via: M1M2_PR
      Partial area ratio:    0.09
      Required ratio:    6.00 (Gate area) 
      Cumulative area ratio:    0.09
      Required ratio:    0.00 (Cumulative area) 


Net: _00960_
  Pin: _19065_/RESET_B (sky130_fd_sc_hd__dfrtp_1)
    Layer: met4
      Partial area ratio:   78.88
      Required ratio:    0.00 (Gate area) 
      Partial area ratio:  422.60
      Required ratio: 2778.20 (Side area) 
      Cumulative area ratio:  248.54
      Required ratio:    0.00 (Cumulative area) 
      Cumulative area ratio: 1333.78
      Required ratio:    0.00 (Cumulative side area) 

    Layer: met3
      Partial area ratio:  169.15
      Required ratio:    0.00 (Gate area) 
      Partial area ratio:  907.87
      Required ratio:  400.00 (Side area) (VIOLATED)
      Cumulative area ratio:  169.66
      Required ratio:    0.00 (Cumulative area) 
      Cumulative area ratio:  911.18
      Required ratio:    0.00 (Cumulative side area) 

    Layer: met2
      Partial area ratio:    0.51
      Required ratio:    0.00 (Gate area) 
      Partial area ratio:    3.31
      Required ratio:  400.00 (Side area) 
      Cumulative area ratio:    0.51
      Required ratio:    0.00 (Cumulative area) 
      Cumulative area ratio:    3.31
      Required ratio:    0.00 (Cumulative side area) 

    Layer: met1
      Partial area ratio:    0.00
      Required ratio:    0.00 (Gate area) 
      Partial area ratio:    0.00
      Required ratio:  400.00 (Side area) 
      Cumulative area ratio:    0.00
      Required ratio:    0.00 (Cumulative area) 
      Cumulative area ratio:    0.00
      Required ratio:    0.00 (Cumulative side area) 

    Via: M3M4_PR
      Partial area ratio:    0.16
      Required ratio:    6.00 (Gate area) 
      Cumulative area ratio:    0.41
      Required ratio:    0.00 (Cumulative area) 

    Via: M2M3_PR
      Partial area ratio:    0.16
      Required ratio:    6.00 (Gate area) 
      Cumulative area ratio:    0.25
      Required ratio:    0.00 (Cumulative area) 

    Via: M1M2_PR
      Partial area ratio:    0.09
      Required ratio:    6.00 (Gate area) 
      Cumulative area ratio:    0.09
      Required ratio:    0.00 (Cumulative area) 


Net: _00991_
  Pin: _19096_/RESET_B (sky130_fd_sc_hd__dfrtp_1)
    Layer: met4
      Partial area ratio:  169.10
      Required ratio:    0.00 (Gate area) 
      Partial area ratio:  905.65
      Required ratio: 2778.20 (Side area) 
      Cumulative area ratio:  255.37
      Required ratio:    0.00 (Cumulative area) 
      Cumulative area ratio: 1367.62
      Required ratio:    0.00 (Cumulative side area) 

    Layer: met3
      Partial area ratio:   84.96
      Required ratio:    0.00 (Gate area) 
      Partial area ratio:  455.05
      Required ratio:  400.00 (Side area) (VIOLATED)
      Cumulative area ratio:   86.27
      Required ratio:    0.00 (Cumulative area) 
      Cumulative area ratio:  461.96
      Required ratio:    0.00 (Cumulative side area) 

    Layer: met2
      Partial area ratio:    1.31
      Required ratio:    0.00 (Gate area) 
      Partial area ratio:    6.92
      Required ratio:  400.00 (Side area) 
      Cumulative area ratio:    1.31
      Required ratio:    0.00 (Cumulative area) 
      Cumulative area ratio:    6.92
      Required ratio:    0.00 (Cumulative side area) 

    Layer: met1
      Partial area ratio:    0.00
      Required ratio:    0.00 (Gate area) 
      Partial area ratio:    0.00
      Required ratio:  400.00 (Side area) 
      Cumulative area ratio:    0.00
      Required ratio:    0.00 (Cumulative area) 
      Cumulative area ratio:    0.00
      Required ratio:    0.00 (Cumulative side area) 

    Via: M3M4_PR
      Partial area ratio:    0.16
      Required ratio:    6.00 (Gate area) 
      Cumulative area ratio:    0.41
      Required ratio:    0.00 (Cumulative area) 

    Via: M2M3_PR
      Partial area ratio:    0.16
      Required ratio:    6.00 (Gate area) 
      Cumulative area ratio:    0.25
      Required ratio:    0.00 (Cumulative area) 

    Via: M1M2_PR
      Partial area ratio:    0.09
      Required ratio:    6.00 (Gate area) 
      Cumulative area ratio:    0.09
      Required ratio:    0.00 (Cumulative area) 


Net: _01361_
  Pin: _19658_/RESET_B (sky130_fd_sc_hd__dfrtp_1)
    Layer: met3
      Partial area ratio:   22.81
      Required ratio:    0.00 (Gate area) 
      Partial area ratio:  123.56
      Required ratio: 2778.20 (Side area) 
      Cumulative area ratio:  108.36
      Required ratio:    0.00 (Cumulative area) 
      Cumulative area ratio:  557.53
      Required ratio:    0.00 (Cumulative side area) 

    Layer: met2
      Partial area ratio:   84.71
      Required ratio:    0.00 (Gate area) 
      Partial area ratio:  429.36
      Required ratio:  400.00 (Side area) (VIOLATED)
      Cumulative area ratio:   85.55
      Required ratio:    0.00 (Cumulative area) 
      Cumulative area ratio:  433.97
      Required ratio:    0.00 (Cumulative side area) 

    Layer: met1
      Partial area ratio:    0.84
      Required ratio:    0.00 (Gate area) 
      Partial area ratio:    4.61
      Required ratio:  400.00 (Side area) 
      Cumulative area ratio:    0.84
      Required ratio:    0.00 (Cumulative area) 
      Cumulative area ratio:    4.61
      Required ratio:    0.00 (Cumulative side area) 

    Via: M2M3_PR
      Partial area ratio:    0.16
      Required ratio:    6.00 (Gate area) 
      Cumulative area ratio:    0.25
      Required ratio:    0.00 (Cumulative area) 

    Via: M1M2_PR
      Partial area ratio:    0.09
      Required ratio:    6.00 (Gate area) 
      Cumulative area ratio:    0.09
      Required ratio:    0.00 (Cumulative area) 


Net: _02964_
  Pin: _14713_/A1 (sky130_fd_sc_hd__mux2_1)
    Layer: met3
      Partial area ratio:   16.30
      Required ratio:    0.00 (Gate area) 
      Partial area ratio:   89.46
      Required ratio: 3130.28 (Side area) 
      Cumulative area ratio:  159.84
      Required ratio:    0.00 (Cumulative area) 
      Cumulative area ratio:  823.40
      Required ratio:    0.00 (Cumulative side area) 

    Layer: met2
      Partial area ratio:   27.30
      Required ratio:    0.00 (Gate area) 
      Partial area ratio:  137.93
      Required ratio: 2773.88 (Side area) 
      Cumulative area ratio:  143.54
      Required ratio:    0.00 (Cumulative area) 
      Cumulative area ratio:  733.93
      Required ratio:    0.00 (Cumulative side area) 

    Layer: met1
      Partial area ratio:    7.82
      Required ratio:    0.00 (Gate area) 
      Partial area ratio:   39.89
      Required ratio:  400.00 (Side area) 
      Cumulative area ratio:    7.82
      Required ratio:    0.00 (Cumulative area) 
      Cumulative area ratio:   39.89
      Required ratio:    0.00 (Cumulative side area) 

    Layer: li1
      Partial area ratio:    0.00
      Required ratio:    0.00 (Gate area) 
      Partial area ratio:    0.00
      Required ratio:   75.00 (Side area) 
      Cumulative area ratio:    0.00
      Required ratio:    0.00 (Cumulative area) 
      Cumulative area ratio:    0.00
      Required ratio:    0.00 (Cumulative side area) 

    Via: M2M3_PR
      Partial area ratio:    0.10
      Required ratio:    6.00 (Gate area) 
      Cumulative area ratio:    1.04
      Required ratio:    0.00 (Cumulative area) 

    Via: M1M2_PR
      Partial area ratio:    0.18
      Required ratio:    6.00 (Gate area) 
      Cumulative area ratio:    0.41
      Required ratio:    0.00 (Cumulative area) 

    Via: L1M1_PR
      Partial area ratio:    0.23
      Required ratio:    3.00 (Gate area) 
      Cumulative area ratio:    0.23
      Required ratio:    0.00 (Cumulative area) 

  Pin: _14801_/A1 (sky130_fd_sc_hd__mux2_1)
    Layer: met3
      Partial area ratio:   16.30
      Required ratio:    0.00 (Gate area) 
      Partial area ratio:   89.46
      Required ratio: 3130.28 (Side area) 
      Cumulative area ratio:  152.02
      Required ratio:    0.00 (Cumulative area) 
      Cumulative area ratio:  783.51
      Required ratio:    0.00 (Cumulative side area) 

    Layer: met2
      Partial area ratio:   27.30
      Required ratio:    0.00 (Gate area) 
      Partial area ratio:  137.93
      Required ratio: 2773.88 (Side area) 
      Cumulative area ratio:  135.72
      Required ratio:    0.00 (Cumulative area) 
      Cumulative area ratio:  694.04
      Required ratio:    0.00 (Cumulative side area) 

    Layer: met1
      Partial area ratio:  108.42
      Required ratio:    0.00 (Gate area) 
      Partial area ratio:  556.11
      Required ratio:  400.00 (Side area) (VIOLATED)
      Cumulative area ratio:  108.42
      Required ratio:    0.00 (Cumulative area) 
      Cumulative area ratio:  556.11
      Required ratio:    0.00 (Cumulative side area) 

    Layer: li1
      Partial area ratio:    0.00
      Required ratio:    0.00 (Gate area) 
      Partial area ratio:    0.00
      Required ratio:   75.00 (Side area) 
      Cumulative area ratio:    0.00
      Required ratio:    0.00 (Cumulative area) 
      Cumulative area ratio:    0.00
      Required ratio:    0.00 (Cumulative side area) 

    Via: M2M3_PR
      Partial area ratio:    0.10
      Required ratio:    6.00 (Gate area) 
      Cumulative area ratio:    0.86
      Required ratio:    0.00 (Cumulative area) 

    Via: M1M2_PR
      Partial area ratio:    0.54
      Required ratio:    6.00 (Gate area) 
      Cumulative area ratio:    0.77
      Required ratio:    0.00 (Cumulative area) 

    Via: L1M1_PR
      Partial area ratio:    0.23
      Required ratio:    3.00 (Gate area) 
      Cumulative area ratio:    0.23
      Required ratio:    0.00 (Cumulative area) 

  Pin: _15143_/A1 (sky130_fd_sc_hd__mux2_1)
    Layer: met3
      Partial area ratio:   16.30
      Required ratio:    0.00 (Gate area) 
      Partial area ratio:   89.46
      Required ratio: 3130.28 (Side area) 
      Cumulative area ratio:  179.17
      Required ratio:    0.00 (Cumulative area) 
      Cumulative area ratio:  923.18
      Required ratio:    0.00 (Cumulative side area) 

    Layer: met2
      Partial area ratio:   10.04
      Required ratio:    0.00 (Gate area) 
      Partial area ratio:   52.56
      Required ratio:  400.00 (Side area) 
      Cumulative area ratio:   27.16
      Required ratio:    0.00 (Cumulative area) 
      Cumulative area ratio:  139.67
      Required ratio:    0.00 (Cumulative side area) 

    Layer: met1
      Partial area ratio:   17.11
      Required ratio:    0.00 (Gate area) 
      Partial area ratio:   87.11
      Required ratio:  400.00 (Side area) 
      Cumulative area ratio:   17.11
      Required ratio:    0.00 (Cumulative area) 
      Cumulative area ratio:   87.11
      Required ratio:    0.00 (Cumulative side area) 

    Layer: li1
      Partial area ratio:    0.00
      Required ratio:    0.00 (Gate area) 
      Partial area ratio:    0.00
      Required ratio:   75.00 (Side area) 
      Cumulative area ratio:    0.00
      Required ratio:    0.00 (Cumulative area) 
      Cumulative area ratio:    0.00
      Required ratio:    0.00 (Cumulative side area) 

    Via: M2M3_PR
      Partial area ratio:    0.32
      Required ratio:    6.00 (Gate area) 
      Cumulative area ratio:    0.73
      Required ratio:    0.00 (Cumulative area) 

    Via: M1M2_PR
      Partial area ratio:    0.18
      Required ratio:    6.00 (Gate area) 
      Cumulative area ratio:    0.41
      Required ratio:    0.00 (Cumulative area) 

    Via: L1M1_PR
      Partial area ratio:    0.23
      Required ratio:    3.00 (Gate area) 
      Cumulative area ratio:    0.23
      Required ratio:    0.00 (Cumulative area) 

  Pin: _15212_/A1 (sky130_fd_sc_hd__mux2_1)
    Layer: met3
      Partial area ratio:   16.30
      Required ratio:    0.00 (Gate area) 
      Partial area ratio:   89.46
      Required ratio: 3130.28 (Side area) 
      Cumulative area ratio:  179.17
      Required ratio:    0.00 (Cumulative area) 
      Cumulative area ratio:  923.18
      Required ratio:    0.00 (Cumulative side area) 

    Layer: met2
      Partial area ratio:   10.04
      Required ratio:    0.00 (Gate area) 
      Partial area ratio:   52.56
      Required ratio:  400.00 (Side area) 
      Cumulative area ratio:   27.16
      Required ratio:    0.00 (Cumulative area) 
      Cumulative area ratio:  139.67
      Required ratio:    0.00 (Cumulative side area) 

    Layer: met1
      Partial area ratio:   17.11
      Required ratio:    0.00 (Gate area) 
      Partial area ratio:   87.11
      Required ratio:  400.00 (Side area) 
      Cumulative area ratio:   17.11
      Required ratio:    0.00 (Cumulative area) 
      Cumulative area ratio:   87.11
      Required ratio:    0.00 (Cumulative side area) 

    Layer: li1
      Partial area ratio:    0.00
      Required ratio:    0.00 (Gate area) 
      Partial area ratio:    0.00
      Required ratio:   75.00 (Side area) 
      Cumulative area ratio:    0.00
      Required ratio:    0.00 (Cumulative area) 
      Cumulative area ratio:    0.00
      Required ratio:    0.00 (Cumulative side area) 

    Via: M2M3_PR
      Partial area ratio:    0.32
      Required ratio:    6.00 (Gate area) 
      Cumulative area ratio:    0.73
      Required ratio:    0.00 (Cumulative area) 

    Via: M1M2_PR
      Partial area ratio:    0.18
      Required ratio:    6.00 (Gate area) 
      Cumulative area ratio:    0.41
      Required ratio:    0.00 (Cumulative area) 

    Via: L1M1_PR
      Partial area ratio:    0.23
      Required ratio:    3.00 (Gate area) 
      Cumulative area ratio:    0.23
      Required ratio:    0.00 (Cumulative area) 

  Pin: _15348_/A1 (sky130_fd_sc_hd__mux2_1)
    Layer: met3
      Partial area ratio:   16.30
      Required ratio:    0.00 (Gate area) 
      Partial area ratio:   89.46
      Required ratio: 3130.28 (Side area) 
      Cumulative area ratio:  192.77
      Required ratio:    0.00 (Cumulative area) 
      Cumulative area ratio:  992.70
      Required ratio:    0.00 (Cumulative side area) 

    Layer: met2
      Partial area ratio:   11.39
      Required ratio:    0.00 (Gate area) 
      Partial area ratio:   57.75
      Required ratio:  400.00 (Side area) 
      Cumulative area ratio:   13.59
      Required ratio:    0.00 (Cumulative area) 
      Cumulative area ratio:   69.53
      Required ratio:    0.00 (Cumulative side area) 

    Layer: met1
      Partial area ratio:    2.20
      Required ratio:    0.00 (Gate area) 
      Partial area ratio:   11.78
      Required ratio:  400.00 (Side area) 
      Cumulative area ratio:    2.20
      Required ratio:    0.00 (Cumulative area) 
      Cumulative area ratio:   11.78
      Required ratio:    0.00 (Cumulative side area) 

    Layer: li1
      Partial area ratio:    0.00
      Required ratio:    0.00 (Gate area) 
      Partial area ratio:    0.00
      Required ratio:   75.00 (Side area) 
      Cumulative area ratio:    0.00
      Required ratio:    0.00 (Cumulative area) 
      Cumulative area ratio:    0.00
      Required ratio:    0.00 (Cumulative side area) 

    Via: M2M3_PR
      Partial area ratio:    0.16
      Required ratio:    6.00 (Gate area) 
      Cumulative area ratio:    0.57
      Required ratio:    0.00 (Cumulative area) 

    Via: M1M2_PR
      Partial area ratio:    0.18
      Required ratio:    6.00 (Gate area) 
      Cumulative area ratio:    0.41
      Required ratio:    0.00 (Cumulative area) 

    Via: L1M1_PR
      Partial area ratio:    0.23
      Required ratio:    3.00 (Gate area) 
      Cumulative area ratio:    0.23
      Required ratio:    0.00 (Cumulative area) 

  Pin: _14869_/A1 (sky130_fd_sc_hd__mux2_1)
    Layer: met3
      Partial area ratio:   16.30
      Required ratio:    0.00 (Gate area) 
      Partial area ratio:   89.46
      Required ratio: 3130.28 (Side area) 
      Cumulative area ratio:  197.90
      Required ratio:    0.00 (Cumulative area) 
      Cumulative area ratio: 1019.15
      Required ratio:    0.00 (Cumulative side area) 

    Layer: met2
      Partial area ratio:   11.39
      Required ratio:    0.00 (Gate area) 
      Partial area ratio:   57.75
      Required ratio:  400.00 (Side area) 
      Cumulative area ratio:   18.73
      Required ratio:    0.00 (Cumulative area) 
      Cumulative area ratio:   95.97
      Required ratio:    0.00 (Cumulative side area) 

    Layer: met1
      Partial area ratio:    7.33
      Required ratio:    0.00 (Gate area) 
      Partial area ratio:   38.22
      Required ratio:  400.00 (Side area) 
      Cumulative area ratio:    7.33
      Required ratio:    0.00 (Cumulative area) 
      Cumulative area ratio:   38.22
      Required ratio:    0.00 (Cumulative side area) 

    Layer: li1
      Partial area ratio:    0.00
      Required ratio:    0.00 (Gate area) 
      Partial area ratio:    0.00
      Required ratio:   75.00 (Side area) 
      Cumulative area ratio:    0.00
      Required ratio:    0.00 (Cumulative area) 
      Cumulative area ratio:    0.00
      Required ratio:    0.00 (Cumulative side area) 

    Via: M2M3_PR
      Partial area ratio:    0.16
      Required ratio:    6.00 (Gate area) 
      Cumulative area ratio:    0.57
      Required ratio:    0.00 (Cumulative area) 

    Via: M1M2_PR
      Partial area ratio:    0.18
      Required ratio:    6.00 (Gate area) 
      Cumulative area ratio:    0.41
      Required ratio:    0.00 (Cumulative area) 

    Via: L1M1_PR
      Partial area ratio:    0.23
      Required ratio:    3.00 (Gate area) 
      Cumulative area ratio:    0.23
      Required ratio:    0.00 (Cumulative area) 

  Pin: _15005_/A1 (sky130_fd_sc_hd__mux2_1)
    Layer: met3
      Partial area ratio:   16.30
      Required ratio:    0.00 (Gate area) 
      Partial area ratio:   89.46
      Required ratio: 3130.28 (Side area) 
      Cumulative area ratio:  167.30
      Required ratio:    0.00 (Cumulative area) 
      Cumulative area ratio:  861.49
      Required ratio:    0.00 (Cumulative side area) 

    Layer: met2
      Partial area ratio:    2.86
      Required ratio:    0.00 (Gate area) 
      Partial area ratio:   15.09
      Required ratio:  400.00 (Side area) 
      Cumulative area ratio:   15.29
      Required ratio:    0.00 (Cumulative area) 
      Cumulative area ratio:   77.98
      Required ratio:    0.00 (Cumulative side area) 

    Layer: met1
      Partial area ratio:   12.42
      Required ratio:    0.00 (Gate area) 
      Partial area ratio:   62.89
      Required ratio:  400.00 (Side area) 
      Cumulative area ratio:   12.42
      Required ratio:    0.00 (Cumulative area) 
      Cumulative area ratio:   62.89
      Required ratio:    0.00 (Cumulative side area) 

    Layer: li1
      Partial area ratio:    0.00
      Required ratio:    0.00 (Gate area) 
      Partial area ratio:    0.00
      Required ratio:   75.00 (Side area) 
      Cumulative area ratio:    0.00
      Required ratio:    0.00 (Cumulative area) 
      Cumulative area ratio:    0.00
      Required ratio:    0.00 (Cumulative side area) 

    Via: M2M3_PR
      Partial area ratio:    0.11
      Required ratio:    6.00 (Gate area) 
      Cumulative area ratio:    0.69
      Required ratio:    0.00 (Cumulative area) 

    Via: M1M2_PR
      Partial area ratio:    0.36
      Required ratio:    6.00 (Gate area) 
      Cumulative area ratio:    0.59
      Required ratio:    0.00 (Cumulative area) 

    Via: L1M1_PR
      Partial area ratio:    0.23
      Required ratio:    3.00 (Gate area) 
      Cumulative area ratio:    0.23
      Required ratio:    0.00 (Cumulative area) 

  Pin: _15074_/A1 (sky130_fd_sc_hd__mux2_1)
    Layer: met3
      Partial area ratio:   16.30
      Required ratio:    0.00 (Gate area) 
      Partial area ratio:   89.46
      Required ratio: 3130.28 (Side area) 
      Cumulative area ratio:  171.19
      Required ratio:    0.00 (Cumulative area) 
      Cumulative area ratio:  882.49
      Required ratio:    0.00 (Cumulative side area) 

    Layer: met2
      Partial area ratio:    2.86
      Required ratio:    0.00 (Gate area) 
      Partial area ratio:   15.09
      Required ratio:  400.00 (Side area) 
      Cumulative area ratio:   19.17
      Required ratio:    0.00 (Cumulative area) 
      Cumulative area ratio:   98.98
      Required ratio:    0.00 (Cumulative side area) 

    Layer: met1
      Partial area ratio:    0.00
      Required ratio:    0.00 (Gate area) 
      Partial area ratio:    0.00
      Required ratio:  400.00 (Side area) 
      Cumulative area ratio:    0.00
      Required ratio:    0.00 (Cumulative area) 
      Cumulative area ratio:    0.00
      Required ratio:    0.00 (Cumulative side area) 

    Layer: li1
      Partial area ratio:    0.00
      Required ratio:    0.00 (Gate area) 
      Partial area ratio:    0.00
      Required ratio:   75.00 (Side area) 
      Cumulative area ratio:    0.00
      Required ratio:    0.00 (Cumulative area) 
      Cumulative area ratio:    0.00
      Required ratio:    0.00 (Cumulative side area) 

    Via: M2M3_PR
      Partial area ratio:    0.11
      Required ratio:    6.00 (Gate area) 
      Cumulative area ratio:    1.23
      Required ratio:    0.00 (Cumulative area) 

    Via: M1M2_PR
      Partial area ratio:    0.18
      Required ratio:    6.00 (Gate area) 
      Cumulative area ratio:    0.41
      Required ratio:    0.00 (Cumulative area) 

    Via: L1M1_PR
      Partial area ratio:    0.23
      Required ratio:    3.00 (Gate area) 
      Cumulative area ratio:    0.23
      Required ratio:    0.00 (Cumulative area) 

  Pin: _14937_/A1 (sky130_fd_sc_hd__mux2_1)
    Layer: met3
      Partial area ratio:   16.30
      Required ratio:    0.00 (Gate area) 
      Partial area ratio:   89.46
      Required ratio: 3130.28 (Side area) 
      Cumulative area ratio:  171.19
      Required ratio:    0.00 (Cumulative area) 
      Cumulative area ratio:  882.49
      Required ratio:    0.00 (Cumulative side area) 

    Layer: met2
      Partial area ratio:    2.86
      Required ratio:    0.00 (Gate area) 
      Partial area ratio:   15.09
      Required ratio:  400.00 (Side area) 
      Cumulative area ratio:   19.17
      Required ratio:    0.00 (Cumulative area) 
      Cumulative area ratio:   98.98
      Required ratio:    0.00 (Cumulative side area) 

    Layer: met1
      Partial area ratio:    3.89
      Required ratio:    0.00 (Gate area) 
      Partial area ratio:   21.00
      Required ratio:  400.00 (Side area) 
      Cumulative area ratio:    3.89
      Required ratio:    0.00 (Cumulative area) 
      Cumulative area ratio:   21.00
      Required ratio:    0.00 (Cumulative side area) 

    Layer: li1
      Partial area ratio:    0.00
      Required ratio:    0.00 (Gate area) 
      Partial area ratio:    0.00
      Required ratio:   75.00 (Side area) 
      Cumulative area ratio:    0.00
      Required ratio:    0.00 (Cumulative area) 
      Cumulative area ratio:    0.00
      Required ratio:    0.00 (Cumulative side area) 

    Via: M2M3_PR
      Partial area ratio:    0.11
      Required ratio:    6.00 (Gate area) 
      Cumulative area ratio:    1.05
      Required ratio:    0.00 (Cumulative area) 

    Via: M1M2_PR
      Partial area ratio:    0.36
      Required ratio:    6.00 (Gate area) 
      Cumulative area ratio:    0.59
      Required ratio:    0.00 (Cumulative area) 

    Via: L1M1_PR
      Partial area ratio:    0.23
      Required ratio:    3.00 (Gate area) 
      Cumulative area ratio:    0.23
      Required ratio:    0.00 (Cumulative area) 

  Pin: ANTENNA_2/DIODE (sky130_fd_sc_hd__diode_2)
    Layer: met3
      Partial area ratio:   16.30
      Required ratio:    0.00 (Gate area) 
      Partial area ratio:   89.46
      Required ratio: 3130.28 (Side area) 
      Cumulative area ratio:  152.02
      Required ratio:    0.00 (Cumulative area) 
      Cumulative area ratio:  783.51
      Required ratio:    0.00 (Cumulative side area) 

    Layer: met2
      Partial area ratio:   27.30
      Required ratio:    0.00 (Gate area) 
      Partial area ratio:  137.93
      Required ratio: 2773.88 (Side area) 
      Cumulative area ratio:   27.30
      Required ratio:    0.00 (Cumulative area) 
      Cumulative area ratio:  137.93
      Required ratio:    0.00 (Cumulative side area) 

    Layer: met1
      Partial area ratio:    0.00
      Required ratio:    0.00 (Gate area) 
      Partial area ratio:    0.00
      Required ratio: 2773.88 (Side area) 
      Cumulative area ratio:    0.00
      Required ratio:    0.00 (Cumulative area) 
      Cumulative area ratio:    0.00
      Required ratio:    0.00 (Cumulative side area) 

    Layer: li1
      Partial area ratio:    0.00
      Required ratio:    0.00 (Gate area) 
      Partial area ratio:    0.00
      Required ratio:  270.62 (Side area) 
      Cumulative area ratio:    0.00
      Required ratio:    0.00 (Cumulative area) 
      Cumulative area ratio:    0.00
      Required ratio:    0.00 (Cumulative side area) 

    Via: M2M3_PR
      Partial area ratio:    0.10
      Required ratio:    6.00 (Gate area) 
      Cumulative area ratio:    0.22
      Required ratio:    0.00 (Cumulative area) 

    Via: M1M2_PR
      Partial area ratio:    0.05
      Required ratio:    6.00 (Gate area) 
      Cumulative area ratio:    0.12
      Required ratio:    0.00 (Cumulative area) 

    Via: L1M1_PR
      Partial area ratio:    0.07
      Required ratio:    3.00 (Gate area) 
      Cumulative area ratio:    0.07
      Required ratio:    0.00 (Cumulative area) 

  Pin: _15416_/A1 (sky130_fd_sc_hd__mux2_1)
    Layer: met3
      Partial area ratio:   16.30
      Required ratio:    0.00 (Gate area) 
      Partial area ratio:   89.46
      Required ratio: 3130.28 (Side area) 
      Cumulative area ratio:  157.68
      Required ratio:    0.00 (Cumulative area) 
      Cumulative area ratio:  813.40
      Required ratio:    0.00 (Cumulative side area) 

    Layer: met2
      Partial area ratio:   27.30
      Required ratio:    0.00 (Gate area) 
      Partial area ratio:  137.93
      Required ratio: 2773.88 (Side area) 
      Cumulative area ratio:   32.96
      Required ratio:    0.00 (Cumulative area) 
      Cumulative area ratio:  167.82
      Required ratio:    0.00 (Cumulative side area) 

    Layer: met1
      Partial area ratio:    5.67
      Required ratio:    0.00 (Gate area) 
      Partial area ratio:   29.89
      Required ratio:  400.00 (Side area) 
      Cumulative area ratio:    5.67
      Required ratio:    0.00 (Cumulative area) 
      Cumulative area ratio:   29.89
      Required ratio:    0.00 (Cumulative side area) 

    Layer: li1
      Partial area ratio:    0.00
      Required ratio:    0.00 (Gate area) 
      Partial area ratio:    0.00
      Required ratio:   75.00 (Side area) 
      Cumulative area ratio:    0.00
      Required ratio:    0.00 (Cumulative area) 
      Cumulative area ratio:    0.00
      Required ratio:    0.00 (Cumulative side area) 

    Via: M2M3_PR
      Partial area ratio:    0.10
      Required ratio:    6.00 (Gate area) 
      Cumulative area ratio:    0.51
      Required ratio:    0.00 (Cumulative area) 

    Via: M1M2_PR
      Partial area ratio:    0.18
      Required ratio:    6.00 (Gate area) 
      Cumulative area ratio:    0.41
      Required ratio:    0.00 (Cumulative area) 

    Via: L1M1_PR
      Partial area ratio:    0.23
      Required ratio:    3.00 (Gate area) 
      Cumulative area ratio:    0.23
      Required ratio:    0.00 (Cumulative area) 


Net: _04405_
  Pin: _13763_/A1 (sky130_fd_sc_hd__mux2_1)
    Layer: met4
      Partial area ratio:   13.10
      Required ratio:    0.00 (Gate area) 
      Partial area ratio:   70.60
      Required ratio: 2956.40 (Side area) 
      Cumulative area ratio:   70.56
      Required ratio:    0.00 (Cumulative area) 
      Cumulative area ratio:  381.55
      Required ratio:    0.00 (Cumulative side area) 

    Layer: met3
      Partial area ratio:   57.12
      Required ratio:    0.00 (Gate area) 
      Partial area ratio:  308.44
      Required ratio:  400.00 (Side area) 
      Cumulative area ratio:   57.46
      Required ratio:    0.00 (Cumulative area) 
      Cumulative area ratio:  310.94
      Required ratio:    0.00 (Cumulative side area) 

    Layer: met2
      Partial area ratio:    0.34
      Required ratio:    0.00 (Gate area) 
      Partial area ratio:    2.50
      Required ratio:  400.00 (Side area) 
      Cumulative area ratio:    0.34
      Required ratio:    0.00 (Cumulative area) 
      Cumulative area ratio:    2.50
      Required ratio:    0.00 (Cumulative side area) 

    Layer: met1
      Partial area ratio:    0.00
      Required ratio:    0.00 (Gate area) 
      Partial area ratio:    0.00
      Required ratio:  400.00 (Side area) 
      Cumulative area ratio:    0.00
      Required ratio:    0.00 (Cumulative area) 
      Cumulative area ratio:    0.00
      Required ratio:    0.00 (Cumulative side area) 

    Layer: li1
      Partial area ratio:    0.00
      Required ratio:    0.00 (Gate area) 
      Partial area ratio:    0.00
      Required ratio:   75.00 (Side area) 
      Cumulative area ratio:    0.00
      Required ratio:    0.00 (Cumulative area) 
      Cumulative area ratio:    0.00
      Required ratio:    0.00 (Cumulative side area) 

    Via: M3M4_PR
      Partial area ratio:    0.32
      Required ratio:    6.00 (Gate area) 
      Cumulative area ratio:    1.04
      Required ratio:    0.00 (Cumulative area) 

    Via: M2M3_PR
      Partial area ratio:    0.32
      Required ratio:    6.00 (Gate area) 
      Cumulative area ratio:    0.73
      Required ratio:    0.00 (Cumulative area) 

    Via: M1M2_PR
      Partial area ratio:    0.18
      Required ratio:    6.00 (Gate area) 
      Cumulative area ratio:    0.41
      Required ratio:    0.00 (Cumulative area) 

    Via: L1M1_PR
      Partial area ratio:    0.23
      Required ratio:    3.00 (Gate area) 
      Cumulative area ratio:    0.23
      Required ratio:    0.00 (Cumulative area) 

  Pin: _13558_/A1 (sky130_fd_sc_hd__mux2_1)
    Layer: met2
      Partial area ratio:   16.24
      Required ratio:    0.00 (Gate area) 
      Partial area ratio:   84.33
      Required ratio:  400.00 (Side area) 
      Cumulative area ratio:   27.18
      Required ratio:    0.00 (Cumulative area) 
      Cumulative area ratio:  141.33
      Required ratio:    0.00 (Cumulative side area) 

    Layer: met1
      Partial area ratio:   10.93
      Required ratio:    0.00 (Gate area) 
      Partial area ratio:   57.00
      Required ratio:  400.00 (Side area) 
      Cumulative area ratio:   10.93
      Required ratio:    0.00 (Cumulative area) 
      Cumulative area ratio:   57.00
      Required ratio:    0.00 (Cumulative side area) 

    Layer: li1
      Partial area ratio:    0.00
      Required ratio:    0.00 (Gate area) 
      Partial area ratio:    0.00
      Required ratio:   75.00 (Side area) 
      Cumulative area ratio:    0.00
      Required ratio:    0.00 (Cumulative area) 
      Cumulative area ratio:    0.00
      Required ratio:    0.00 (Cumulative side area) 

    Via: M3M4_PR
      Partial area ratio:    0.05
      Required ratio:    6.00 (Gate area) 
      Cumulative area ratio:    1.27
      Required ratio:    0.00 (Cumulative area) 

    Via: M2M3_PR
      Partial area ratio:    0.63
      Required ratio:    6.00 (Gate area) 
      Cumulative area ratio:    1.22
      Required ratio:    0.00 (Cumulative area) 

    Via: M1M2_PR
      Partial area ratio:    0.36
      Required ratio:    6.00 (Gate area) 
      Cumulative area ratio:    0.59
      Required ratio:    0.00 (Cumulative area) 

    Via: L1M1_PR
      Partial area ratio:    0.23
      Required ratio:    3.00 (Gate area) 
      Cumulative area ratio:    0.23
      Required ratio:    0.00 (Cumulative area) 

  Pin: _15267_/A0 (sky130_fd_sc_hd__mux2_1)
    Layer: met2
      Partial area ratio:    1.10
      Required ratio:    0.00 (Gate area) 
      Partial area ratio:    6.28
      Required ratio:  400.00 (Side area) 
      Cumulative area ratio:    1.10
      Required ratio:    0.00 (Cumulative area) 
      Cumulative area ratio:    6.28
      Required ratio:    0.00 (Cumulative side area) 

    Layer: met1
      Partial area ratio:    0.00
      Required ratio:    0.00 (Gate area) 
      Partial area ratio:    0.00
      Required ratio:  400.00 (Side area) 
      Cumulative area ratio:    0.00
      Required ratio:    0.00 (Cumulative area) 
      Cumulative area ratio:    0.00
      Required ratio:    0.00 (Cumulative side area) 

    Layer: li1
      Partial area ratio:    0.00
      Required ratio:    0.00 (Gate area) 
      Partial area ratio:    0.00
      Required ratio:   75.00 (Side area) 
      Cumulative area ratio:    0.00
      Required ratio:    0.00 (Cumulative area) 
      Cumulative area ratio:    0.00
      Required ratio:    0.00 (Cumulative side area) 

    Via: M3M4_PR
      Partial area ratio:    0.05
      Required ratio:    6.00 (Gate area) 
      Cumulative area ratio:    2.40
      Required ratio:    0.00 (Cumulative area) 

    Via: M2M3_PR
      Partial area ratio:    0.32
      Required ratio:    6.00 (Gate area) 
      Cumulative area ratio:    0.73
      Required ratio:    0.00 (Cumulative area) 

    Via: M1M2_PR
      Partial area ratio:    0.18
      Required ratio:    6.00 (Gate area) 
      Cumulative area ratio:    0.41
      Required ratio:    0.00 (Cumulative area) 

    Via: L1M1_PR
      Partial area ratio:    0.23
      Required ratio:    3.00 (Gate area) 
      Cumulative area ratio:    0.23
      Required ratio:    0.00 (Cumulative area) 

  Pin: _13420_/A1 (sky130_fd_sc_hd__mux2_1)
    Layer: met2
      Partial area ratio:    0.34
      Required ratio:    0.00 (Gate area) 
      Partial area ratio:    2.50
      Required ratio:  400.00 (Side area) 
      Cumulative area ratio:    3.46
      Required ratio:    0.00 (Cumulative area) 
      Cumulative area ratio:   19.61
      Required ratio:    0.00 (Cumulative side area) 

    Layer: met1
      Partial area ratio:    3.11
      Required ratio:    0.00 (Gate area) 
      Partial area ratio:   17.11
      Required ratio:  400.00 (Side area) 
      Cumulative area ratio:    3.11
      Required ratio:    0.00 (Cumulative area) 
      Cumulative area ratio:   17.11
      Required ratio:    0.00 (Cumulative side area) 

    Layer: li1
      Partial area ratio:    0.00
      Required ratio:    0.00 (Gate area) 
      Partial area ratio:    0.00
      Required ratio:   75.00 (Side area) 
      Cumulative area ratio:    0.00
      Required ratio:    0.00 (Cumulative area) 
      Cumulative area ratio:    0.00
      Required ratio:    0.00 (Cumulative side area) 

    Via: M3M4_PR
      Partial area ratio:    0.05
      Required ratio:    6.00 (Gate area) 
      Cumulative area ratio:    2.40
      Required ratio:    0.00 (Cumulative area) 

    Via: M2M3_PR
      Partial area ratio:    0.32
      Required ratio:    6.00 (Gate area) 
      Cumulative area ratio:    0.73
      Required ratio:    0.00 (Cumulative area) 

    Via: M1M2_PR
      Partial area ratio:    0.18
      Required ratio:    6.00 (Gate area) 
      Cumulative area ratio:    0.41
      Required ratio:    0.00 (Cumulative area) 

    Via: L1M1_PR
      Partial area ratio:    0.23
      Required ratio:    3.00 (Gate area) 
      Cumulative area ratio:    0.23
      Required ratio:    0.00 (Cumulative area) 

  Pin: _13695_/A1 (sky130_fd_sc_hd__mux2_1)
    Layer: met2
      Partial area ratio:  128.13
      Required ratio:    0.00 (Gate area) 
      Partial area ratio:  650.00
      Required ratio:  400.00 (Side area) (VIOLATED)
      Cumulative area ratio:  128.80
      Required ratio:    0.00 (Cumulative area) 
      Cumulative area ratio:  654.11
      Required ratio:    0.00 (Cumulative side area) 

    Layer: met1
      Partial area ratio:    0.67
      Required ratio:    0.00 (Gate area) 
      Partial area ratio:    4.11
      Required ratio:  400.00 (Side area) 
      Cumulative area ratio:    0.67
      Required ratio:    0.00 (Cumulative area) 
      Cumulative area ratio:    4.11
      Required ratio:    0.00 (Cumulative side area) 

    Layer: li1
      Partial area ratio:    0.00
      Required ratio:    0.00 (Gate area) 
      Partial area ratio:    0.00
      Required ratio:   75.00 (Side area) 
      Cumulative area ratio:    0.00
      Required ratio:    0.00 (Cumulative area) 
      Cumulative area ratio:    0.00
      Required ratio:    0.00 (Cumulative side area) 

    Via: M3M4_PR
      Partial area ratio:    0.05
      Required ratio:    6.00 (Gate area) 
      Cumulative area ratio:    2.08
      Required ratio:    0.00 (Cumulative area) 

    Via: M2M3_PR
      Partial area ratio:    0.63
      Required ratio:    6.00 (Gate area) 
      Cumulative area ratio:    1.04
      Required ratio:    0.00 (Cumulative area) 

    Via: M1M2_PR
      Partial area ratio:    0.18
      Required ratio:    6.00 (Gate area) 
      Cumulative area ratio:    0.41
      Required ratio:    0.00 (Cumulative area) 

    Via: L1M1_PR
      Partial area ratio:    0.23
      Required ratio:    3.00 (Gate area) 
      Cumulative area ratio:    0.23
      Required ratio:    0.00 (Cumulative area) 

  Pin: _13900_/A1 (sky130_fd_sc_hd__mux2_1)
    Layer: met3
      Partial area ratio:    0.63
      Required ratio:    0.00 (Gate area) 
      Partial area ratio:    5.27
      Required ratio:  400.00 (Side area) 
      Cumulative area ratio:   11.95
      Required ratio:    0.00 (Cumulative area) 
      Cumulative area ratio:   63.41
      Required ratio:    0.00 (Cumulative side area) 

    Layer: met2
      Partial area ratio:    5.54
      Required ratio:    0.00 (Gate area) 
      Partial area ratio:   28.47
      Required ratio:  400.00 (Side area) 
      Cumulative area ratio:   11.32
      Required ratio:    0.00 (Cumulative area) 
      Cumulative area ratio:   58.14
      Required ratio:    0.00 (Cumulative side area) 

    Layer: met1
      Partial area ratio:    5.78
      Required ratio:    0.00 (Gate area) 
      Partial area ratio:   29.67
      Required ratio:  400.00 (Side area) 
      Cumulative area ratio:    5.78
      Required ratio:    0.00 (Cumulative area) 
      Cumulative area ratio:   29.67
      Required ratio:    0.00 (Cumulative side area) 

    Layer: li1
      Partial area ratio:    0.00
      Required ratio:    0.00 (Gate area) 
      Partial area ratio:    0.00
      Required ratio:   75.00 (Side area) 
      Cumulative area ratio:    0.00
      Required ratio:    0.00 (Cumulative area) 
      Cumulative area ratio:    0.00
      Required ratio:    0.00 (Cumulative side area) 

    Via: M3M4_PR
      Partial area ratio:    0.16
      Required ratio:    6.00 (Gate area) 
      Cumulative area ratio:    0.73
      Required ratio:    0.00 (Cumulative area) 

    Via: M2M3_PR
      Partial area ratio:    0.16
      Required ratio:    6.00 (Gate area) 
      Cumulative area ratio:    0.57
      Required ratio:    0.00 (Cumulative area) 

    Via: M1M2_PR
      Partial area ratio:    0.18
      Required ratio:    6.00 (Gate area) 
      Cumulative area ratio:    0.41
      Required ratio:    0.00 (Cumulative area) 

    Via: L1M1_PR
      Partial area ratio:    0.23
      Required ratio:    3.00 (Gate area) 
      Cumulative area ratio:    0.23
      Required ratio:    0.00 (Cumulative area) 

  Pin: _09084_/A1 (sky130_fd_sc_hd__mux2_1)
    Layer: met3
      Partial area ratio:    0.63
      Required ratio:    0.00 (Gate area) 
      Partial area ratio:    5.27
      Required ratio:  400.00 (Side area) 
      Cumulative area ratio:   10.10
      Required ratio:    0.00 (Cumulative area) 
      Cumulative area ratio:   56.52
      Required ratio:    0.00 (Cumulative side area) 

    Layer: met2
      Partial area ratio:    5.54
      Required ratio:    0.00 (Gate area) 
      Partial area ratio:   28.47
      Required ratio:  400.00 (Side area) 
      Cumulative area ratio:    9.47
      Required ratio:    0.00 (Cumulative area) 
      Cumulative area ratio:   51.25
      Required ratio:    0.00 (Cumulative side area) 

    Layer: met1
      Partial area ratio:    3.93
      Required ratio:    0.00 (Gate area) 
      Partial area ratio:   22.78
      Required ratio:  400.00 (Side area) 
      Cumulative area ratio:    3.93
      Required ratio:    0.00 (Cumulative area) 
      Cumulative area ratio:   22.78
      Required ratio:    0.00 (Cumulative side area) 

    Layer: li1
      Partial area ratio:    0.00
      Required ratio:    0.00 (Gate area) 
      Partial area ratio:    0.00
      Required ratio:   75.00 (Side area) 
      Cumulative area ratio:    0.00
      Required ratio:    0.00 (Cumulative area) 
      Cumulative area ratio:    0.00
      Required ratio:    0.00 (Cumulative side area) 

    Via: M3M4_PR
      Partial area ratio:    0.16
      Required ratio:    6.00 (Gate area) 
      Cumulative area ratio:    0.73
      Required ratio:    0.00 (Cumulative area) 

    Via: M2M3_PR
      Partial area ratio:    0.16
      Required ratio:    6.00 (Gate area) 
      Cumulative area ratio:    0.57
      Required ratio:    0.00 (Cumulative area) 

    Via: M1M2_PR
      Partial area ratio:    0.18
      Required ratio:    6.00 (Gate area) 
      Cumulative area ratio:    0.41
      Required ratio:    0.00 (Cumulative area) 

    Via: L1M1_PR
      Partial area ratio:    0.23
      Required ratio:    3.00 (Gate area) 
      Cumulative area ratio:    0.23
      Required ratio:    0.00 (Cumulative area) 

  Pin: _13489_/A1 (sky130_fd_sc_hd__mux2_1)
    Layer: met2
      Partial area ratio:   29.02
      Required ratio:    0.00 (Gate area) 
      Partial area ratio:  147.83
      Required ratio:  400.00 (Side area) 
      Cumulative area ratio:   29.69
      Required ratio:    0.00 (Cumulative area) 
      Cumulative area ratio:  151.94
      Required ratio:    0.00 (Cumulative side area) 

    Layer: met1
      Partial area ratio:    0.67
      Required ratio:    0.00 (Gate area) 
      Partial area ratio:    4.11
      Required ratio:  400.00 (Side area) 
      Cumulative area ratio:    0.67
      Required ratio:    0.00 (Cumulative area) 
      Cumulative area ratio:    4.11
      Required ratio:    0.00 (Cumulative side area) 

    Layer: li1
      Partial area ratio:    0.00
      Required ratio:    0.00 (Gate area) 
      Partial area ratio:    0.00
      Required ratio:   75.00 (Side area) 
      Cumulative area ratio:    0.00
      Required ratio:    0.00 (Cumulative area) 
      Cumulative area ratio:    0.00
      Required ratio:    0.00 (Cumulative side area) 

    Via: M3M4_PR
      Partial area ratio:    0.05
      Required ratio:    6.00 (Gate area) 
      Cumulative area ratio:    1.76
      Required ratio:    0.00 (Cumulative area) 

    Via: M2M3_PR
      Partial area ratio:    0.32
      Required ratio:    6.00 (Gate area) 
      Cumulative area ratio:    0.73
      Required ratio:    0.00 (Cumulative area) 

    Via: M1M2_PR
      Partial area ratio:    0.18
      Required ratio:    6.00 (Gate area) 
      Cumulative area ratio:    0.41
      Required ratio:    0.00 (Cumulative area) 

    Via: L1M1_PR
      Partial area ratio:    0.23
      Required ratio:    3.00 (Gate area) 
      Cumulative area ratio:    0.23
      Required ratio:    0.00 (Cumulative area) 

  Pin: _13627_/A1 (sky130_fd_sc_hd__mux2_1)
    Layer: met2
      Partial area ratio:   29.02
      Required ratio:    0.00 (Gate area) 
      Partial area ratio:  147.83
      Required ratio:  400.00 (Side area) 
      Cumulative area ratio:   30.71
      Required ratio:    0.00 (Cumulative area) 
      Cumulative area ratio:  157.06
      Required ratio:    0.00 (Cumulative side area) 

    Layer: met1
      Partial area ratio:    1.69
      Required ratio:    0.00 (Gate area) 
      Partial area ratio:    9.22
      Required ratio:  400.00 (Side area) 
      Cumulative area ratio:    1.69
      Required ratio:    0.00 (Cumulative area) 
      Cumulative area ratio:    9.22
      Required ratio:    0.00 (Cumulative side area) 

    Layer: li1
      Partial area ratio:    0.00
      Required ratio:    0.00 (Gate area) 
      Partial area ratio:    0.00
      Required ratio:   75.00 (Side area) 
      Cumulative area ratio:    0.00
      Required ratio:    0.00 (Cumulative area) 
      Cumulative area ratio:    0.00
      Required ratio:    0.00 (Cumulative side area) 

    Via: M3M4_PR
      Partial area ratio:    0.05
      Required ratio:    6.00 (Gate area) 
      Cumulative area ratio:    1.76
      Required ratio:    0.00 (Cumulative area) 

    Via: M2M3_PR
      Partial area ratio:    0.32
      Required ratio:    6.00 (Gate area) 
      Cumulative area ratio:    0.73
      Required ratio:    0.00 (Cumulative area) 

    Via: M1M2_PR
      Partial area ratio:    0.18
      Required ratio:    6.00 (Gate area) 
      Cumulative area ratio:    0.41
      Required ratio:    0.00 (Cumulative area) 

    Via: L1M1_PR
      Partial area ratio:    0.23
      Required ratio:    3.00 (Gate area) 
      Cumulative area ratio:    0.23
      Required ratio:    0.00 (Cumulative area) 

  Pin: _13831_/A1 (sky130_fd_sc_hd__mux2_1)
    Layer: met2
      Partial area ratio:    2.61
      Required ratio:    0.00 (Gate area) 
      Partial area ratio:   13.83
      Required ratio:  400.00 (Side area) 
      Cumulative area ratio:    2.61
      Required ratio:    0.00 (Cumulative area) 
      Cumulative area ratio:   13.83
      Required ratio:    0.00 (Cumulative side area) 

    Layer: met1
      Partial area ratio:    0.00
      Required ratio:    0.00 (Gate area) 
      Partial area ratio:    0.00
      Required ratio:  400.00 (Side area) 
      Cumulative area ratio:    0.00
      Required ratio:    0.00 (Cumulative area) 
      Cumulative area ratio:    0.00
      Required ratio:    0.00 (Cumulative side area) 

    Layer: li1
      Partial area ratio:    0.00
      Required ratio:    0.00 (Gate area) 
      Partial area ratio:    0.00
      Required ratio:   75.00 (Side area) 
      Cumulative area ratio:    0.00
      Required ratio:    0.00 (Cumulative area) 
      Cumulative area ratio:    0.00
      Required ratio:    0.00 (Cumulative side area) 

    Via: M3M4_PR
      Partial area ratio:    0.05
      Required ratio:    6.00 (Gate area) 
      Cumulative area ratio:    1.76
      Required ratio:    0.00 (Cumulative area) 

    Via: M2M3_PR
      Partial area ratio:    0.32
      Required ratio:    6.00 (Gate area) 
      Cumulative area ratio:    0.73
      Required ratio:    0.00 (Cumulative area) 

    Via: M1M2_PR
      Partial area ratio:    0.18
      Required ratio:    6.00 (Gate area) 
      Cumulative area ratio:    0.41
      Required ratio:    0.00 (Cumulative area) 

    Via: L1M1_PR
      Partial area ratio:    0.23
      Required ratio:    3.00 (Gate area) 
      Cumulative area ratio:    0.23
      Required ratio:    0.00 (Cumulative area) 


Net: _04535_
  Pin: _09735_/A (sky130_fd_sc_hd__buf_4)
    Layer: met2
      Partial area ratio:   12.12
      Required ratio:    0.00 (Gate area) 
      Partial area ratio:   64.57
      Required ratio: 2969.60 (Side area) 
      Cumulative area ratio:   26.61
      Required ratio:    0.00 (Cumulative area) 
      Cumulative area ratio:  138.61
      Required ratio:    0.00 (Cumulative side area) 

    Layer: met1
      Partial area ratio:   14.49
      Required ratio:    0.00 (Gate area) 
      Partial area ratio:   74.04
      Required ratio:  400.00 (Side area) 
      Cumulative area ratio:   14.49
      Required ratio:    0.00 (Cumulative area) 
      Cumulative area ratio:   74.04
      Required ratio:    0.00 (Cumulative side area) 

    Layer: li1
      Partial area ratio:    0.00
      Required ratio:    0.00 (Gate area) 
      Partial area ratio:    0.00
      Required ratio:   75.00 (Side area) 
      Cumulative area ratio:    0.00
      Required ratio:    0.00 (Cumulative area) 
      Cumulative area ratio:    0.00
      Required ratio:    0.00 (Cumulative side area) 

    Layer: met3
      Partial area ratio:   10.68
      Required ratio:    0.00 (Gate area) 
      Partial area ratio:   58.89
      Required ratio: 2969.60 (Side area) 
      Cumulative area ratio:   37.29
      Required ratio:    0.00 (Cumulative area) 
      Cumulative area ratio:  197.51
      Required ratio:    0.00 (Cumulative side area) 

    Layer: met4
      Partial area ratio:   16.47
      Required ratio:    0.00 (Gate area) 
      Partial area ratio:   89.03
      Required ratio: 3317.36 (Side area) 
      Cumulative area ratio:   53.77
      Required ratio:    0.00 (Cumulative area) 
      Cumulative area ratio:  286.54
      Required ratio:    0.00 (Cumulative side area) 

    Via: M2M3_PR
      Partial area ratio:    0.16
      Required ratio:    6.00 (Gate area) 
      Cumulative area ratio:    0.46
      Required ratio:    0.00 (Cumulative area) 

    Via: M1M2_PR
      Partial area ratio:    0.18
      Required ratio:    6.00 (Gate area) 
      Cumulative area ratio:    0.30
      Required ratio:    0.00 (Cumulative area) 

    Via: L1M1_PR
      Partial area ratio:    0.12
      Required ratio:    3.00 (Gate area) 
      Cumulative area ratio:    0.12
      Required ratio:    0.00 (Cumulative area) 

    Via: M3M4_PR
      Partial area ratio:    0.16
      Required ratio:    6.00 (Gate area) 
      Cumulative area ratio:    0.62
      Required ratio:    0.00 (Cumulative area) 

  Pin: _09982_/B1 (sky130_fd_sc_hd__a221o_1)
    Layer: met4
      Partial area ratio:   16.47
      Required ratio:    0.00 (Gate area) 
      Partial area ratio:   89.03
      Required ratio: 3317.36 (Side area) 
      Cumulative area ratio:  123.91
      Required ratio:    0.00 (Cumulative area) 
      Cumulative area ratio:  681.04
      Required ratio:    0.00 (Cumulative side area) 

    Layer: met3
      Partial area ratio:   87.83
      Required ratio:    0.00 (Gate area) 
      Partial area ratio:  482.00
      Required ratio:  400.00 (Side area) (VIOLATED)
      Cumulative area ratio:   92.12
      Required ratio:    0.00 (Cumulative area) 
      Cumulative area ratio:  504.26
      Required ratio:    0.00 (Cumulative side area) 

    Layer: met2
      Partial area ratio:    4.29
      Required ratio:    0.00 (Gate area) 
      Partial area ratio:   22.26
      Required ratio:  400.00 (Side area) 
      Cumulative area ratio:    4.29
      Required ratio:    0.00 (Cumulative area) 
      Cumulative area ratio:   22.26
      Required ratio:    0.00 (Cumulative side area) 

    Layer: met1
      Partial area ratio:    0.00
      Required ratio:    0.00 (Gate area) 
      Partial area ratio:    0.00
      Required ratio:  400.00 (Side area) 
      Cumulative area ratio:    0.00
      Required ratio:    0.00 (Cumulative area) 
      Cumulative area ratio:    0.00
      Required ratio:    0.00 (Cumulative side area) 

    Layer: li1
      Partial area ratio:    0.00
      Required ratio:    0.00 (Gate area) 
      Partial area ratio:    0.00
      Required ratio:   75.00 (Side area) 
      Cumulative area ratio:    0.00
      Required ratio:    0.00 (Cumulative area) 
      Cumulative area ratio:    0.00
      Required ratio:    0.00 (Cumulative side area) 

    Via: M3M4_PR
      Partial area ratio:    0.32
      Required ratio:    6.00 (Gate area) 
      Cumulative area ratio:    0.69
      Required ratio:    0.00 (Cumulative area) 

    Via: M2M3_PR
      Partial area ratio:    0.16
      Required ratio:    6.00 (Gate area) 
      Cumulative area ratio:    0.37
      Required ratio:    0.00 (Cumulative area) 

    Via: M1M2_PR
      Partial area ratio:    0.09
      Required ratio:    6.00 (Gate area) 
      Cumulative area ratio:    0.21
      Required ratio:    0.00 (Cumulative area) 

    Via: L1M1_PR
      Partial area ratio:    0.12
      Required ratio:    3.00 (Gate area) 
      Cumulative area ratio:    0.12
      Required ratio:    0.00 (Cumulative area) 

  Pin: ANTENNA_12/DIODE (sky130_fd_sc_hd__diode_2)
    Layer: met4
      Partial area ratio:   16.47
      Required ratio:    0.00 (Gate area) 
      Partial area ratio:   89.03
      Required ratio: 3317.36 (Side area) 
      Cumulative area ratio:  152.94
      Required ratio:    0.00 (Cumulative area) 
      Cumulative area ratio:  838.64
      Required ratio:    0.00 (Cumulative side area) 

    Layer: met3
      Partial area ratio:   31.50
      Required ratio:    0.00 (Gate area) 
      Partial area ratio:  169.87
      Required ratio: 2947.76 (Side area) 
      Cumulative area ratio:   33.32
      Required ratio:    0.00 (Cumulative area) 
      Cumulative area ratio:  179.85
      Required ratio:    0.00 (Cumulative side area) 

    Layer: met2
      Partial area ratio:    0.43
      Required ratio:    0.00 (Gate area) 
      Partial area ratio:    2.44
      Required ratio: 2773.88 (Side area) 
      Cumulative area ratio:    1.82
      Required ratio:    0.00 (Cumulative area) 
      Cumulative area ratio:    9.99
      Required ratio:    0.00 (Cumulative side area) 

    Layer: met1
      Partial area ratio:    1.39
      Required ratio:    0.00 (Gate area) 
      Partial area ratio:    7.54
      Required ratio: 2773.88 (Side area) 
      Cumulative area ratio:    1.39
      Required ratio:    0.00 (Cumulative area) 
      Cumulative area ratio:    7.54
      Required ratio:    0.00 (Cumulative side area) 

    Layer: li1
      Partial area ratio:    0.00
      Required ratio:    0.00 (Gate area) 
      Partial area ratio:    0.00
      Required ratio:  270.62 (Side area) 
      Cumulative area ratio:    0.00
      Required ratio:    0.00 (Cumulative area) 
      Cumulative area ratio:    0.00
      Required ratio:    0.00 (Cumulative side area) 

    Via: M3M4_PR
      Partial area ratio:    0.03
      Required ratio:    6.00 (Gate area) 
      Cumulative area ratio:    0.29
      Required ratio:    0.00 (Cumulative area) 

    Via: M2M3_PR
      Partial area ratio:    0.12
      Required ratio:    6.00 (Gate area) 
      Cumulative area ratio:    0.26
      Required ratio:    0.00 (Cumulative area) 

    Via: M1M2_PR
      Partial area ratio:    0.07
      Required ratio:    6.00 (Gate area) 
      Cumulative area ratio:    0.14
      Required ratio:    0.00 (Cumulative area) 

    Via: L1M1_PR
      Partial area ratio:    0.07
      Required ratio:    3.00 (Gate area) 
      Cumulative area ratio:    0.07
      Required ratio:    0.00 (Cumulative area) 

  Pin: _09500_/A (sky130_fd_sc_hd__clkbuf_4)
    Layer: met4
      Partial area ratio:   16.47
      Required ratio:    0.00 (Gate area) 
      Partial area ratio:   89.03
      Required ratio: 3317.36 (Side area) 
      Cumulative area ratio:  152.94
      Required ratio:    0.00 (Cumulative area) 
      Cumulative area ratio:  838.64
      Required ratio:    0.00 (Cumulative side area) 

    Layer: met3
      Partial area ratio:   31.50
      Required ratio:    0.00 (Gate area) 
      Partial area ratio:  169.87
      Required ratio: 2947.76 (Side area) 
      Cumulative area ratio:   33.32
      Required ratio:    0.00 (Cumulative area) 
      Cumulative area ratio:  179.85
      Required ratio:    0.00 (Cumulative side area) 

    Layer: met2
      Partial area ratio:    0.43
      Required ratio:    0.00 (Gate area) 
      Partial area ratio:    2.44
      Required ratio: 2773.88 (Side area) 
      Cumulative area ratio:    1.82
      Required ratio:    0.00 (Cumulative area) 
      Cumulative area ratio:    9.99
      Required ratio:    0.00 (Cumulative side area) 

    Layer: met1
      Partial area ratio:    1.39
      Required ratio:    0.00 (Gate area) 
      Partial area ratio:    7.54
      Required ratio: 2773.88 (Side area) 
      Cumulative area ratio:    1.39
      Required ratio:    0.00 (Cumulative area) 
      Cumulative area ratio:    7.54
      Required ratio:    0.00 (Cumulative side area) 

    Layer: li1
      Partial area ratio:    0.00
      Required ratio:    0.00 (Gate area) 
      Partial area ratio:    0.00
      Required ratio:   75.00 (Side area) 
      Cumulative area ratio:    0.00
      Required ratio:    0.00 (Cumulative area) 
      Cumulative area ratio:    0.00
      Required ratio:    0.00 (Cumulative side area) 

    Via: M3M4_PR
      Partial area ratio:    0.03
      Required ratio:    6.00 (Gate area) 
      Cumulative area ratio:    0.36
      Required ratio:    0.00 (Cumulative area) 

    Via: M2M3_PR
      Partial area ratio:    0.12
      Required ratio:    6.00 (Gate area) 
      Cumulative area ratio:    0.33
      Required ratio:    0.00 (Cumulative area) 

    Via: M1M2_PR
      Partial area ratio:    0.07
      Required ratio:    6.00 (Gate area) 
      Cumulative area ratio:    0.21
      Required ratio:    0.00 (Cumulative area) 

    Via: L1M1_PR
      Partial area ratio:    0.14
      Required ratio:    3.00 (Gate area) 
      Cumulative area ratio:    0.14
      Required ratio:    0.00 (Cumulative area) 

  Pin: ANTENNA_11/DIODE (sky130_fd_sc_hd__diode_2)
    Layer: met4
      Partial area ratio:   16.47
      Required ratio:    0.00 (Gate area) 
      Partial area ratio:   89.03
      Required ratio: 3317.36 (Side area) 
      Cumulative area ratio:  153.60
      Required ratio:    0.00 (Cumulative area) 
      Cumulative area ratio:  842.28
      Required ratio:    0.00 (Cumulative side area) 

    Layer: met3
      Partial area ratio:   31.50
      Required ratio:    0.00 (Gate area) 
      Partial area ratio:  169.87
      Required ratio: 2947.76 (Side area) 
      Cumulative area ratio:   33.99
      Required ratio:    0.00 (Cumulative area) 
      Cumulative area ratio:  183.50
      Required ratio:    0.00 (Cumulative side area) 

    Layer: met2
      Partial area ratio:    0.14
      Required ratio:    0.00 (Gate area) 
      Partial area ratio:    0.85
      Required ratio: 2773.88 (Side area) 
      Cumulative area ratio:    0.67
      Required ratio:    0.00 (Cumulative area) 
      Cumulative area ratio:    3.64
      Required ratio:    0.00 (Cumulative side area) 

    Layer: met1
      Partial area ratio:    0.53
      Required ratio:    0.00 (Gate area) 
      Partial area ratio:    2.79
      Required ratio: 2773.88 (Side area) 
      Cumulative area ratio:    0.53
      Required ratio:    0.00 (Cumulative area) 
      Cumulative area ratio:    2.79
      Required ratio:    0.00 (Cumulative side area) 

    Layer: li1
      Partial area ratio:    0.00
      Required ratio:    0.00 (Gate area) 
      Partial area ratio:    0.00
      Required ratio:  270.62 (Side area) 
      Cumulative area ratio:    0.00
      Required ratio:    0.00 (Cumulative area) 
      Cumulative area ratio:    0.00
      Required ratio:    0.00 (Cumulative side area) 

    Via: M3M4_PR
      Partial area ratio:    0.03
      Required ratio:    6.00 (Gate area) 
      Cumulative area ratio:    0.39
      Required ratio:    0.00 (Cumulative area) 

    Via: M2M3_PR
      Partial area ratio:    0.06
      Required ratio:    6.00 (Gate area) 
      Cumulative area ratio:    0.16
      Required ratio:    0.00 (Cumulative area) 

    Via: M1M2_PR
      Partial area ratio:    0.03
      Required ratio:    6.00 (Gate area) 
      Cumulative area ratio:    0.10
      Required ratio:    0.00 (Cumulative area) 

    Via: L1M1_PR
      Partial area ratio:    0.07
      Required ratio:    3.00 (Gate area) 
      Cumulative area ratio:    0.07
      Required ratio:    0.00 (Cumulative area) 

  Pin: _09241_/A (sky130_fd_sc_hd__clkbuf_4)
    Layer: met4
      Partial area ratio:   16.47
      Required ratio:    0.00 (Gate area) 
      Partial area ratio:   89.03
      Required ratio: 3317.36 (Side area) 
      Cumulative area ratio:  153.60
      Required ratio:    0.00 (Cumulative area) 
      Cumulative area ratio:  842.28
      Required ratio:    0.00 (Cumulative side area) 

    Layer: met3
      Partial area ratio:   31.50
      Required ratio:    0.00 (Gate area) 
      Partial area ratio:  169.87
      Required ratio: 2947.76 (Side area) 
      Cumulative area ratio:   33.99
      Required ratio:    0.00 (Cumulative area) 
      Cumulative area ratio:  183.50
      Required ratio:    0.00 (Cumulative side area) 

    Layer: met2
      Partial area ratio:    0.14
      Required ratio:    0.00 (Gate area) 
      Partial area ratio:    0.85
      Required ratio: 2773.88 (Side area) 
      Cumulative area ratio:    0.67
      Required ratio:    0.00 (Cumulative area) 
      Cumulative area ratio:    3.64
      Required ratio:    0.00 (Cumulative side area) 

    Layer: met1
      Partial area ratio:    0.53
      Required ratio:    0.00 (Gate area) 
      Partial area ratio:    2.79
      Required ratio: 2773.88 (Side area) 
      Cumulative area ratio:    0.53
      Required ratio:    0.00 (Cumulative area) 
      Cumulative area ratio:    2.79
      Required ratio:    0.00 (Cumulative side area) 

    Layer: li1
      Partial area ratio:    0.00
      Required ratio:    0.00 (Gate area) 
      Partial area ratio:    0.00
      Required ratio:   75.00 (Side area) 
      Cumulative area ratio:    0.00
      Required ratio:    0.00 (Cumulative area) 
      Cumulative area ratio:    0.00
      Required ratio:    0.00 (Cumulative side area) 

    Via: M3M4_PR
      Partial area ratio:    0.03
      Required ratio:    6.00 (Gate area) 
      Cumulative area ratio:    0.46
      Required ratio:    0.00 (Cumulative area) 

    Via: M2M3_PR
      Partial area ratio:    0.06
      Required ratio:    6.00 (Gate area) 
      Cumulative area ratio:    0.23
      Required ratio:    0.00 (Cumulative area) 

    Via: M1M2_PR
      Partial area ratio:    0.03
      Required ratio:    6.00 (Gate area) 
      Cumulative area ratio:    0.17
      Required ratio:    0.00 (Cumulative area) 

    Via: L1M1_PR
      Partial area ratio:    0.14
      Required ratio:    3.00 (Gate area) 
      Cumulative area ratio:    0.14
      Required ratio:    0.00 (Cumulative area) 

  Pin: _09961_/B1 (sky130_fd_sc_hd__a221o_1)
    Layer: met4
      Partial area ratio:   16.47
      Required ratio:    0.00 (Gate area) 
      Partial area ratio:   89.03
      Required ratio: 3317.36 (Side area) 
      Cumulative area ratio:   31.79
      Required ratio:    0.00 (Cumulative area) 
      Cumulative area ratio:  176.78
      Required ratio:    0.00 (Cumulative side area) 

    Layer: met3
      Partial area ratio:   12.51
      Required ratio:    0.00 (Gate area) 
      Partial area ratio:   72.53
      Required ratio:  400.00 (Side area) 
      Cumulative area ratio:   15.31
      Required ratio:    0.00 (Cumulative area) 
      Cumulative area ratio:   87.75
      Required ratio:    0.00 (Cumulative side area) 

    Layer: met2
      Partial area ratio:    2.81
      Required ratio:    0.00 (Gate area) 
      Partial area ratio:   15.22
      Required ratio:  400.00 (Side area) 
      Cumulative area ratio:    2.81
      Required ratio:    0.00 (Cumulative area) 
      Cumulative area ratio:   15.22
      Required ratio:    0.00 (Cumulative side area) 

    Layer: met1
      Partial area ratio:    0.00
      Required ratio:    0.00 (Gate area) 
      Partial area ratio:    0.00
      Required ratio:  400.00 (Side area) 
      Cumulative area ratio:    0.00
      Required ratio:    0.00 (Cumulative area) 
      Cumulative area ratio:    0.00
      Required ratio:    0.00 (Cumulative side area) 

    Layer: li1
      Partial area ratio:    0.00
      Required ratio:    0.00 (Gate area) 
      Partial area ratio:    0.00
      Required ratio:   75.00 (Side area) 
      Cumulative area ratio:    0.00
      Required ratio:    0.00 (Cumulative area) 
      Cumulative area ratio:    0.00
      Required ratio:    0.00 (Cumulative side area) 

    Via: M3M4_PR
      Partial area ratio:    0.32
      Required ratio:    6.00 (Gate area) 
      Cumulative area ratio:    0.85
      Required ratio:    0.00 (Cumulative area) 

    Via: M2M3_PR
      Partial area ratio:    0.32
      Required ratio:    6.00 (Gate area) 
      Cumulative area ratio:    0.53
      Required ratio:    0.00 (Cumulative area) 

    Via: M1M2_PR
      Partial area ratio:    0.09
      Required ratio:    6.00 (Gate area) 
      Cumulative area ratio:    0.21
      Required ratio:    0.00 (Cumulative area) 

    Via: L1M1_PR
      Partial area ratio:    0.12
      Required ratio:    3.00 (Gate area) 
      Cumulative area ratio:    0.12
      Required ratio:    0.00 (Cumulative area) 


Net: _05388_
  Pin: _15711_/A (sky130_fd_sc_hd__xnor2_2)
    Layer: met3
      Partial area ratio:    4.82
      Required ratio:    0.00 (Gate area) 
      Partial area ratio:   25.91
      Required ratio: 3115.20 (Side area) 
      Cumulative area ratio:    7.81
      Required ratio:    0.00 (Cumulative area) 
      Cumulative area ratio:   41.32
      Required ratio:    0.00 (Cumulative side area) 

    Layer: met2
      Partial area ratio:    2.90
      Required ratio:    0.00 (Gate area) 
      Partial area ratio:   14.89
      Required ratio:  400.00 (Side area) 
      Cumulative area ratio:    2.98
      Required ratio:    0.00 (Cumulative area) 
      Cumulative area ratio:   15.41
      Required ratio:    0.00 (Cumulative side area) 

    Layer: met1
      Partial area ratio:    0.08
      Required ratio:    0.00 (Gate area) 
      Partial area ratio:    0.52
      Required ratio:  400.00 (Side area) 
      Cumulative area ratio:    0.08
      Required ratio:    0.00 (Cumulative area) 
      Cumulative area ratio:    0.52
      Required ratio:    0.00 (Cumulative side area) 

    Layer: li1
      Partial area ratio:    0.00
      Required ratio:    0.00 (Gate area) 
      Partial area ratio:    0.00
      Required ratio:   75.00 (Side area) 
      Cumulative area ratio:    0.00
      Required ratio:    0.00 (Cumulative area) 
      Cumulative area ratio:    0.00
      Required ratio:    0.00 (Cumulative side area) 

    Via: M2M3_PR
      Partial area ratio:    0.02
      Required ratio:    6.00 (Gate area) 
      Cumulative area ratio:    0.07
      Required ratio:    0.00 (Cumulative area) 

    Via: M1M2_PR
      Partial area ratio:    0.02
      Required ratio:    6.00 (Gate area) 
      Cumulative area ratio:    0.05
      Required ratio:    0.00 (Cumulative area) 

    Via: L1M1_PR
      Partial area ratio:    0.03
      Required ratio:    3.00 (Gate area) 
      Cumulative area ratio:    0.03
      Required ratio:    0.00 (Cumulative area) 

  Pin: _10126_/A (sky130_fd_sc_hd__inv_2)
    Layer: met3
      Partial area ratio:    4.82
      Required ratio:    0.00 (Gate area) 
      Partial area ratio:   25.91
      Required ratio: 3115.20 (Side area) 
      Cumulative area ratio:   98.96
      Required ratio:    0.00 (Cumulative area) 
      Cumulative area ratio:  502.26
      Required ratio:    0.00 (Cumulative side area) 

    Layer: met2
      Partial area ratio:    2.90
      Required ratio:    0.00 (Gate area) 
      Partial area ratio:   14.89
      Required ratio:  400.00 (Side area) 
      Cumulative area ratio:   94.14
      Required ratio:    0.00 (Cumulative area) 
      Cumulative area ratio:  476.35
      Required ratio:    0.00 (Cumulative side area) 

    Layer: met1
      Partial area ratio:    1.91
      Required ratio:    0.00 (Gate area) 
      Partial area ratio:   10.13
      Required ratio:  400.00 (Side area) 
      Cumulative area ratio:    1.91
      Required ratio:    0.00 (Cumulative area) 
      Cumulative area ratio:   10.13
      Required ratio:    0.00 (Cumulative side area) 

    Layer: li1
      Partial area ratio:    0.00
      Required ratio:    0.00 (Gate area) 
      Partial area ratio:    0.00
      Required ratio:   75.00 (Side area) 
      Cumulative area ratio:    0.00
      Required ratio:    0.00 (Cumulative area) 
      Cumulative area ratio:    0.00
      Required ratio:    0.00 (Cumulative side area) 

    Via: M2M3_PR
      Partial area ratio:    0.02
      Required ratio:    6.00 (Gate area) 
      Cumulative area ratio:    0.52
      Required ratio:    0.00 (Cumulative area) 

    Via: M1M2_PR
      Partial area ratio:    0.09
      Required ratio:    6.00 (Gate area) 
      Cumulative area ratio:    0.15
      Required ratio:    0.00 (Cumulative area) 

    Via: L1M1_PR
      Partial area ratio:    0.06
      Required ratio:    3.00 (Gate area) 
      Cumulative area ratio:    0.06
      Required ratio:    0.00 (Cumulative area) 

  Pin: _11180_/A (sky130_fd_sc_hd__nor2_1)
    Layer: met3
      Partial area ratio:    4.82
      Required ratio:    0.00 (Gate area) 
      Partial area ratio:   25.91
      Required ratio: 3115.20 (Side area) 
      Cumulative area ratio:   99.37
      Required ratio:    0.00 (Cumulative area) 
      Cumulative area ratio:  504.57
      Required ratio:    0.00 (Cumulative side area) 

    Layer: met2
      Partial area ratio:    2.90
      Required ratio:    0.00 (Gate area) 
      Partial area ratio:   14.89
      Required ratio:  400.00 (Side area) 
      Cumulative area ratio:   94.55
      Required ratio:    0.00 (Cumulative area) 
      Cumulative area ratio:  478.65
      Required ratio:    0.00 (Cumulative side area) 

    Layer: met1
      Partial area ratio:    0.41
      Required ratio:    0.00 (Gate area) 
      Partial area ratio:    2.31
      Required ratio:  400.00 (Side area) 
      Cumulative area ratio:    0.41
      Required ratio:    0.00 (Cumulative area) 
      Cumulative area ratio:    2.31
      Required ratio:    0.00 (Cumulative side area) 

    Layer: li1
      Partial area ratio:    0.00
      Required ratio:    0.00 (Gate area) 
      Partial area ratio:    0.00
      Required ratio:   75.00 (Side area) 
      Cumulative area ratio:    0.00
      Required ratio:    0.00 (Cumulative area) 
      Cumulative area ratio:    0.00
      Required ratio:    0.00 (Cumulative side area) 

    Via: M2M3_PR
      Partial area ratio:    0.02
      Required ratio:    6.00 (Gate area) 
      Cumulative area ratio:    0.64
      Required ratio:    0.00 (Cumulative area) 

    Via: M1M2_PR
      Partial area ratio:    0.06
      Required ratio:    6.00 (Gate area) 
      Cumulative area ratio:    0.18
      Required ratio:    0.00 (Cumulative area) 

    Via: L1M1_PR
      Partial area ratio:    0.12
      Required ratio:    3.00 (Gate area) 
      Cumulative area ratio:    0.12
      Required ratio:    0.00 (Cumulative area) 

  Pin: _11181_/A (sky130_fd_sc_hd__and2_1)
    Layer: met3
      Partial area ratio:    4.82
      Required ratio:    0.00 (Gate area) 
      Partial area ratio:   25.91
      Required ratio: 3115.20 (Side area) 
      Cumulative area ratio:   99.37
      Required ratio:    0.00 (Cumulative area) 
      Cumulative area ratio:  504.57
      Required ratio:    0.00 (Cumulative side area) 

    Layer: met2
      Partial area ratio:    2.90
      Required ratio:    0.00 (Gate area) 
      Partial area ratio:   14.89
      Required ratio:  400.00 (Side area) 
      Cumulative area ratio:   94.55
      Required ratio:    0.00 (Cumulative area) 
      Cumulative area ratio:  478.65
      Required ratio:    0.00 (Cumulative side area) 

    Layer: met1
      Partial area ratio:    0.41
      Required ratio:    0.00 (Gate area) 
      Partial area ratio:    2.31
      Required ratio:  400.00 (Side area) 
      Cumulative area ratio:    0.41
      Required ratio:    0.00 (Cumulative area) 
      Cumulative area ratio:    2.31
      Required ratio:    0.00 (Cumulative side area) 

    Layer: li1
      Partial area ratio:    0.00
      Required ratio:    0.00 (Gate area) 
      Partial area ratio:    0.00
      Required ratio:   75.00 (Side area) 
      Cumulative area ratio:    0.00
      Required ratio:    0.00 (Cumulative area) 
      Cumulative area ratio:    0.00
      Required ratio:    0.00 (Cumulative side area) 

    Via: M2M3_PR
      Partial area ratio:    0.02
      Required ratio:    6.00 (Gate area) 
      Cumulative area ratio:    0.75
      Required ratio:    0.00 (Cumulative area) 

    Via: M1M2_PR
      Partial area ratio:    0.06
      Required ratio:    6.00 (Gate area) 
      Cumulative area ratio:    0.29
      Required ratio:    0.00 (Cumulative area) 

    Via: L1M1_PR
      Partial area ratio:    0.23
      Required ratio:    3.00 (Gate area) 
      Cumulative area ratio:    0.23
      Required ratio:    0.00 (Cumulative area) 

  Pin: _10427_/A2 (sky130_fd_sc_hd__a31o_1)
    Layer: met3
      Partial area ratio:    4.82
      Required ratio:    0.00 (Gate area) 
      Partial area ratio:   25.91
      Required ratio: 3115.20 (Side area) 
      Cumulative area ratio:   98.96
      Required ratio:    0.00 (Cumulative area) 
      Cumulative area ratio:  502.26
      Required ratio:    0.00 (Cumulative side area) 

    Layer: met2
      Partial area ratio:    2.90
      Required ratio:    0.00 (Gate area) 
      Partial area ratio:   14.89
      Required ratio:  400.00 (Side area) 
      Cumulative area ratio:   94.14
      Required ratio:    0.00 (Cumulative area) 
      Cumulative area ratio:  476.35
      Required ratio:    0.00 (Cumulative side area) 

    Layer: met1
      Partial area ratio:    0.00
      Required ratio:    0.00 (Gate area) 
      Partial area ratio:    0.00
      Required ratio:  400.00 (Side area) 
      Cumulative area ratio:    0.00
      Required ratio:    0.00 (Cumulative area) 
      Cumulative area ratio:    0.00
      Required ratio:    0.00 (Cumulative side area) 

    Layer: li1
      Partial area ratio:    0.00
      Required ratio:    0.00 (Gate area) 
      Partial area ratio:    0.00
      Required ratio:   75.00 (Side area) 
      Cumulative area ratio:    0.00
      Required ratio:    0.00 (Cumulative area) 
      Cumulative area ratio:    0.00
      Required ratio:    0.00 (Cumulative side area) 

    Via: M2M3_PR
      Partial area ratio:    0.02
      Required ratio:    6.00 (Gate area) 
      Cumulative area ratio:    0.67
      Required ratio:    0.00 (Cumulative area) 

    Via: M1M2_PR
      Partial area ratio:    0.09
      Required ratio:    6.00 (Gate area) 
      Cumulative area ratio:    0.21
      Required ratio:    0.00 (Cumulative area) 

    Via: L1M1_PR
      Partial area ratio:    0.12
      Required ratio:    3.00 (Gate area) 
      Cumulative area ratio:    0.12
      Required ratio:    0.00 (Cumulative area) 

  Pin: _10316_/A (sky130_fd_sc_hd__nand2_1)
    Layer: met3
      Partial area ratio:    4.82
      Required ratio:    0.00 (Gate area) 
      Partial area ratio:   25.91
      Required ratio: 3115.20 (Side area) 
      Cumulative area ratio:   98.96
      Required ratio:    0.00 (Cumulative area) 
      Cumulative area ratio:  502.26
      Required ratio:    0.00 (Cumulative side area) 

    Layer: met2
      Partial area ratio:    2.90
      Required ratio:    0.00 (Gate area) 
      Partial area ratio:   14.89
      Required ratio:  400.00 (Side area) 
      Cumulative area ratio:   94.14
      Required ratio:    0.00 (Cumulative area) 
      Cumulative area ratio:  476.35
      Required ratio:    0.00 (Cumulative side area) 

    Layer: met1
      Partial area ratio:    0.00
      Required ratio:    0.00 (Gate area) 
      Partial area ratio:    0.00
      Required ratio:  400.00 (Side area) 
      Cumulative area ratio:    0.00
      Required ratio:    0.00 (Cumulative area) 
      Cumulative area ratio:    0.00
      Required ratio:    0.00 (Cumulative side area) 

    Layer: li1
      Partial area ratio:    0.00
      Required ratio:    0.00 (Gate area) 
      Partial area ratio:    0.00
      Required ratio:   75.00 (Side area) 
      Cumulative area ratio:    0.00
      Required ratio:    0.00 (Cumulative area) 
      Cumulative area ratio:    0.00
      Required ratio:    0.00 (Cumulative side area) 

    Via: M2M3_PR
      Partial area ratio:    0.02
      Required ratio:    6.00 (Gate area) 
      Cumulative area ratio:    0.67
      Required ratio:    0.00 (Cumulative area) 

    Via: M1M2_PR
      Partial area ratio:    0.09
      Required ratio:    6.00 (Gate area) 
      Cumulative area ratio:    0.21
      Required ratio:    0.00 (Cumulative area) 

    Via: L1M1_PR
      Partial area ratio:    0.12
      Required ratio:    3.00 (Gate area) 
      Cumulative area ratio:    0.12
      Required ratio:    0.00 (Cumulative area) 

  Pin: _10417_/A0 (sky130_fd_sc_hd__mux2_1)
    Layer: met3
      Partial area ratio:    4.82
      Required ratio:    0.00 (Gate area) 
      Partial area ratio:   25.91
      Required ratio: 3115.20 (Side area) 
      Cumulative area ratio:   97.05
      Required ratio:    0.00 (Cumulative area) 
      Cumulative area ratio:  492.13
      Required ratio:    0.00 (Cumulative side area) 

    Layer: met2
      Partial area ratio:    2.90
      Required ratio:    0.00 (Gate area) 
      Partial area ratio:   14.89
      Required ratio:  400.00 (Side area) 
      Cumulative area ratio:   92.23
      Required ratio:    0.00 (Cumulative area) 
      Cumulative area ratio:  466.22
      Required ratio:    0.00 (Cumulative side area) 

    Layer: met1
      Partial area ratio:   89.33
      Required ratio:    0.00 (Gate area) 
      Partial area ratio:  451.33
      Required ratio:  400.00 (Side area) (VIOLATED)
      Cumulative area ratio:   89.33
      Required ratio:    0.00 (Cumulative area) 
      Cumulative area ratio:  451.33
      Required ratio:    0.00 (Cumulative side area) 

    Layer: li1
      Partial area ratio:    0.00
      Required ratio:    0.00 (Gate area) 
      Partial area ratio:    0.00
      Required ratio:   75.00 (Side area) 
      Cumulative area ratio:    0.00
      Required ratio:    0.00 (Cumulative area) 
      Cumulative area ratio:    0.00
      Required ratio:    0.00 (Cumulative side area) 

    Via: M2M3_PR
      Partial area ratio:    0.02
      Required ratio:    6.00 (Gate area) 
      Cumulative area ratio:    0.60
      Required ratio:    0.00 (Cumulative area) 

    Via: M1M2_PR
      Partial area ratio:    0.36
      Required ratio:    6.00 (Gate area) 
      Cumulative area ratio:    0.59
      Required ratio:    0.00 (Cumulative area) 

    Via: L1M1_PR
      Partial area ratio:    0.23
      Required ratio:    3.00 (Gate area) 
      Cumulative area ratio:    0.23
      Required ratio:    0.00 (Cumulative area) 


Net: _05823_
  Pin: _11237_/A1_N (sky130_fd_sc_hd__o2bb2a_1)
    Layer: met2
      Partial area ratio:    7.29
      Required ratio:    0.00 (Gate area) 
      Partial area ratio:   36.96
      Required ratio: 2956.40 (Side area) 
      Cumulative area ratio:   26.32
      Required ratio:    0.00 (Cumulative area) 
      Cumulative area ratio:  138.32
      Required ratio:    0.00 (Cumulative side area) 

    Layer: met1
      Partial area ratio:   17.04
      Required ratio:    0.00 (Gate area) 
      Partial area ratio:   90.67
      Required ratio:  400.00 (Side area) 
      Cumulative area ratio:   17.04
      Required ratio:    0.00 (Cumulative area) 
      Cumulative area ratio:   90.67
      Required ratio:    0.00 (Cumulative side area) 

    Layer: li1
      Partial area ratio:    0.00
      Required ratio:    0.00 (Gate area) 
      Partial area ratio:    0.00
      Required ratio:   75.00 (Side area) 
      Cumulative area ratio:    0.00
      Required ratio:    0.00 (Cumulative area) 
      Cumulative area ratio:    0.00
      Required ratio:    0.00 (Cumulative side area) 

    Layer: met3
      Partial area ratio:    5.43
      Required ratio:    0.00 (Gate area) 
      Partial area ratio:   30.16
      Required ratio: 2956.40 (Side area) 
      Cumulative area ratio:   31.74
      Required ratio:    0.00 (Cumulative area) 
      Cumulative area ratio:  168.48
      Required ratio:    0.00 (Cumulative side area) 

    Via: M2M3_PR
      Partial area ratio:    0.06
      Required ratio:    6.00 (Gate area) 
      Cumulative area ratio:    1.01
      Required ratio:    0.00 (Cumulative area) 

    Via: M1M2_PR
      Partial area ratio:    0.54
      Required ratio:    6.00 (Gate area) 
      Cumulative area ratio:    0.77
      Required ratio:    0.00 (Cumulative area) 

    Via: L1M1_PR
      Partial area ratio:    0.23
      Required ratio:    3.00 (Gate area) 
      Cumulative area ratio:    0.23
      Required ratio:    0.00 (Cumulative area) 

  Pin: _11236_/A1 (sky130_fd_sc_hd__a21oi_1)
    Layer: met2
      Partial area ratio:    7.29
      Required ratio:    0.00 (Gate area) 
      Partial area ratio:   36.96
      Required ratio: 2956.40 (Side area) 
      Cumulative area ratio:   26.32
      Required ratio:    0.00 (Cumulative area) 
      Cumulative area ratio:  138.32
      Required ratio:    0.00 (Cumulative side area) 

    Layer: met1
      Partial area ratio:    0.00
      Required ratio:    0.00 (Gate area) 
      Partial area ratio:    0.00
      Required ratio:  400.00 (Side area) 
      Cumulative area ratio:    0.00
      Required ratio:    0.00 (Cumulative area) 
      Cumulative area ratio:    0.00
      Required ratio:    0.00 (Cumulative side area) 

    Layer: li1
      Partial area ratio:    0.00
      Required ratio:    0.00 (Gate area) 
      Partial area ratio:    0.00
      Required ratio:   75.00 (Side area) 
      Cumulative area ratio:    0.00
      Required ratio:    0.00 (Cumulative area) 
      Cumulative area ratio:    0.00
      Required ratio:    0.00 (Cumulative side area) 

    Layer: met3
      Partial area ratio:    5.43
      Required ratio:    0.00 (Gate area) 
      Partial area ratio:   30.16
      Required ratio: 2956.40 (Side area) 
      Cumulative area ratio:   31.74
      Required ratio:    0.00 (Cumulative area) 
      Cumulative area ratio:  168.48
      Required ratio:    0.00 (Cumulative side area) 

    Via: M2M3_PR
      Partial area ratio:    0.06
      Required ratio:    6.00 (Gate area) 
      Cumulative area ratio:    0.98
      Required ratio:    0.00 (Cumulative area) 

    Via: M1M2_PR
      Partial area ratio:    0.09
      Required ratio:    6.00 (Gate area) 
      Cumulative area ratio:    0.21
      Required ratio:    0.00 (Cumulative area) 

    Via: L1M1_PR
      Partial area ratio:    0.12
      Required ratio:    3.00 (Gate area) 
      Cumulative area ratio:    0.12
      Required ratio:    0.00 (Cumulative area) 

  Pin: _11238_/A1 (sky130_fd_sc_hd__mux2_1)
    Layer: met3
      Partial area ratio:    5.43
      Required ratio:    0.00 (Gate area) 
      Partial area ratio:   30.16
      Required ratio: 2956.40 (Side area) 
      Cumulative area ratio:  176.70
      Required ratio:    0.00 (Cumulative area) 
      Cumulative area ratio:  898.57
      Required ratio:    0.00 (Cumulative side area) 

    Layer: met2
      Partial area ratio:   12.07
      Required ratio:    0.00 (Gate area) 
      Partial area ratio:   62.31
      Required ratio:  400.00 (Side area) 
      Cumulative area ratio:   19.58
      Required ratio:    0.00 (Cumulative area) 
      Cumulative area ratio:  102.97
      Required ratio:    0.00 (Cumulative side area) 

    Layer: met1
      Partial area ratio:    2.20
      Required ratio:    0.00 (Gate area) 
      Partial area ratio:   11.78
      Required ratio:  400.00 (Side area) 
      Cumulative area ratio:    2.20
      Required ratio:    0.00 (Cumulative area) 
      Cumulative area ratio:   11.78
      Required ratio:    0.00 (Cumulative side area) 

    Layer: li1
      Partial area ratio:    0.00
      Required ratio:    0.00 (Gate area) 
      Partial area ratio:    0.00
      Required ratio:   75.00 (Side area) 
      Cumulative area ratio:    0.00
      Required ratio:    0.00 (Cumulative area) 
      Cumulative area ratio:    0.00
      Required ratio:    0.00 (Cumulative side area) 

    Via: M2M3_PR
      Partial area ratio:    0.16
      Required ratio:    6.00 (Gate area) 
      Cumulative area ratio:    0.92
      Required ratio:    0.00 (Cumulative area) 

    Via: M1M2_PR
      Partial area ratio:    0.18
      Required ratio:    6.00 (Gate area) 
      Cumulative area ratio:    0.41
      Required ratio:    0.00 (Cumulative area) 

    Via: L1M1_PR
      Partial area ratio:    0.23
      Required ratio:    3.00 (Gate area) 
      Cumulative area ratio:    0.23
      Required ratio:    0.00 (Cumulative area) 

  Pin: _11253_/A0 (sky130_fd_sc_hd__mux2_1)
    Layer: met3
      Partial area ratio:    5.43
      Required ratio:    0.00 (Gate area) 
      Partial area ratio:   30.16
      Required ratio: 2956.40 (Side area) 
      Cumulative area ratio:  174.50
      Required ratio:    0.00 (Cumulative area) 
      Cumulative area ratio:  886.80
      Required ratio:    0.00 (Cumulative side area) 

    Layer: met2
      Partial area ratio:   12.07
      Required ratio:    0.00 (Gate area) 
      Partial area ratio:   62.31
      Required ratio:  400.00 (Side area) 
      Cumulative area ratio:   17.38
      Required ratio:    0.00 (Cumulative area) 
      Cumulative area ratio:   91.19
      Required ratio:    0.00 (Cumulative side area) 

    Layer: met1
      Partial area ratio:    5.31
      Required ratio:    0.00 (Gate area) 
      Partial area ratio:   28.89
      Required ratio:  400.00 (Side area) 
      Cumulative area ratio:    5.31
      Required ratio:    0.00 (Cumulative area) 
      Cumulative area ratio:   28.89
      Required ratio:    0.00 (Cumulative side area) 

    Layer: li1
      Partial area ratio:    0.00
      Required ratio:    0.00 (Gate area) 
      Partial area ratio:    0.00
      Required ratio:   75.00 (Side area) 
      Cumulative area ratio:    0.00
      Required ratio:    0.00 (Cumulative area) 
      Cumulative area ratio:    0.00
      Required ratio:    0.00 (Cumulative side area) 

    Via: M2M3_PR
      Partial area ratio:    0.16
      Required ratio:    6.00 (Gate area) 
      Cumulative area ratio:    0.75
      Required ratio:    0.00 (Cumulative area) 

    Via: M1M2_PR
      Partial area ratio:    0.36
      Required ratio:    6.00 (Gate area) 
      Cumulative area ratio:    0.59
      Required ratio:    0.00 (Cumulative area) 

    Via: L1M1_PR
      Partial area ratio:    0.23
      Required ratio:    3.00 (Gate area) 
      Cumulative area ratio:    0.23
      Required ratio:    0.00 (Cumulative area) 

  Pin: _10561_/A1 (sky130_fd_sc_hd__mux2_1)
    Layer: met3
      Partial area ratio:    5.43
      Required ratio:    0.00 (Gate area) 
      Partial area ratio:   30.16
      Required ratio: 2956.40 (Side area) 
      Cumulative area ratio:  162.39
      Required ratio:    0.00 (Cumulative area) 
      Cumulative area ratio:  825.10
      Required ratio:    0.00 (Cumulative side area) 

    Layer: met2
      Partial area ratio:    0.34
      Required ratio:    0.00 (Gate area) 
      Partial area ratio:    2.50
      Required ratio:  400.00 (Side area) 
      Cumulative area ratio:    5.28
      Required ratio:    0.00 (Cumulative area) 
      Cumulative area ratio:   29.50
      Required ratio:    0.00 (Cumulative side area) 

    Layer: met1
      Partial area ratio:    4.93
      Required ratio:    0.00 (Gate area) 
      Partial area ratio:   27.00
      Required ratio:  400.00 (Side area) 
      Cumulative area ratio:    4.93
      Required ratio:    0.00 (Cumulative area) 
      Cumulative area ratio:   27.00
      Required ratio:    0.00 (Cumulative side area) 

    Layer: li1
      Partial area ratio:    0.00
      Required ratio:    0.00 (Gate area) 
      Partial area ratio:    0.00
      Required ratio:   75.00 (Side area) 
      Cumulative area ratio:    0.00
      Required ratio:    0.00 (Cumulative area) 
      Cumulative area ratio:    0.00
      Required ratio:    0.00 (Cumulative side area) 

    Via: M2M3_PR
      Partial area ratio:    0.32
      Required ratio:    6.00 (Gate area) 
      Cumulative area ratio:    0.73
      Required ratio:    0.00 (Cumulative area) 

    Via: M1M2_PR
      Partial area ratio:    0.18
      Required ratio:    6.00 (Gate area) 
      Cumulative area ratio:    0.41
      Required ratio:    0.00 (Cumulative area) 

    Via: L1M1_PR
      Partial area ratio:    0.23
      Required ratio:    3.00 (Gate area) 
      Cumulative area ratio:    0.23
      Required ratio:    0.00 (Cumulative area) 

  Pin: _10631_/A0 (sky130_fd_sc_hd__mux2_1)
    Layer: met3
      Partial area ratio:    5.43
      Required ratio:    0.00 (Gate area) 
      Partial area ratio:   30.16
      Required ratio: 2956.40 (Side area) 
      Cumulative area ratio:  157.11
      Required ratio:    0.00 (Cumulative area) 
      Cumulative area ratio:  795.60
      Required ratio:    0.00 (Cumulative side area) 

    Layer: met2
      Partial area ratio:  140.13
      Required ratio:    0.00 (Gate area) 
      Partial area ratio:  706.11
      Required ratio:  400.00 (Side area) (VIOLATED)
      Cumulative area ratio:  151.69
      Required ratio:    0.00 (Cumulative area) 
      Cumulative area ratio:  765.44
      Required ratio:    0.00 (Cumulative side area) 

    Layer: met1
      Partial area ratio:   11.56
      Required ratio:    0.00 (Gate area) 
      Partial area ratio:   59.33
      Required ratio:  400.00 (Side area) 
      Cumulative area ratio:   11.56
      Required ratio:    0.00 (Cumulative area) 
      Cumulative area ratio:   59.33
      Required ratio:    0.00 (Cumulative side area) 

    Layer: li1
      Partial area ratio:    0.00
      Required ratio:    0.00 (Gate area) 
      Partial area ratio:    0.00
      Required ratio:   75.00 (Side area) 
      Cumulative area ratio:    0.00
      Required ratio:    0.00 (Cumulative area) 
      Cumulative area ratio:    0.00
      Required ratio:    0.00 (Cumulative side area) 

    Via: M2M3_PR
      Partial area ratio:    0.63
      Required ratio:    6.00 (Gate area) 
      Cumulative area ratio:    1.22
      Required ratio:    0.00 (Cumulative area) 

    Via: M1M2_PR
      Partial area ratio:    0.36
      Required ratio:    6.00 (Gate area) 
      Cumulative area ratio:    0.59
      Required ratio:    0.00 (Cumulative area) 

    Via: L1M1_PR
      Partial area ratio:    0.23
      Required ratio:    3.00 (Gate area) 
      Cumulative area ratio:    0.23
      Required ratio:    0.00 (Cumulative area) 

  Pin: _11235_/B (sky130_fd_sc_hd__xor2_1)
    Layer: met2
      Partial area ratio:    7.29
      Required ratio:    0.00 (Gate area) 
      Partial area ratio:   36.96
      Required ratio: 2956.40 (Side area) 
      Cumulative area ratio:    9.27
      Required ratio:    0.00 (Cumulative area) 
      Cumulative area ratio:   47.65
      Required ratio:    0.00 (Cumulative side area) 

    Layer: met3
      Partial area ratio:    5.43
      Required ratio:    0.00 (Gate area) 
      Partial area ratio:   30.16
      Required ratio: 2956.40 (Side area) 
      Cumulative area ratio:   14.70
      Required ratio:    0.00 (Cumulative area) 
      Cumulative area ratio:   77.81
      Required ratio:    0.00 (Cumulative side area) 

    Layer: met1
      Partial area ratio:    0.00
      Required ratio:    0.00 (Gate area) 
      Partial area ratio:    0.00
      Required ratio:  400.00 (Side area) 
      Cumulative area ratio:    0.00
      Required ratio:    0.00 (Cumulative area) 
      Cumulative area ratio:    0.00
      Required ratio:    0.00 (Cumulative side area) 

    Layer: li1
      Partial area ratio:    0.00
      Required ratio:    0.00 (Gate area) 
      Partial area ratio:    0.00
      Required ratio:   75.00 (Side area) 
      Cumulative area ratio:    0.00
      Required ratio:    0.00 (Cumulative area) 
      Cumulative area ratio:    0.00
      Required ratio:    0.00 (Cumulative side area) 

    Via: M2M3_PR
      Partial area ratio:    0.06
      Required ratio:    6.00 (Gate area) 
      Cumulative area ratio:    0.34
      Required ratio:    0.00 (Cumulative area) 

    Via: M1M2_PR
      Partial area ratio:    0.05
      Required ratio:    6.00 (Gate area) 
      Cumulative area ratio:    0.10
      Required ratio:    0.00 (Cumulative area) 

    Via: L1M1_PR
      Partial area ratio:    0.06
      Required ratio:    3.00 (Gate area) 
      Cumulative area ratio:    0.06
      Required ratio:    0.00 (Cumulative area) 

  Pin: _11391_/B1 (sky130_fd_sc_hd__o22a_1)
    Layer: met2
      Partial area ratio:    7.29
      Required ratio:    0.00 (Gate area) 
      Partial area ratio:   36.96
      Required ratio: 2956.40 (Side area) 
      Cumulative area ratio:    9.27
      Required ratio:    0.00 (Cumulative area) 
      Cumulative area ratio:   47.65
      Required ratio:    0.00 (Cumulative side area) 

    Layer: met1
      Partial area ratio:    1.98
      Required ratio:    0.00 (Gate area) 
      Partial area ratio:   10.69
      Required ratio:  400.00 (Side area) 
      Cumulative area ratio:    1.98
      Required ratio:    0.00 (Cumulative area) 
      Cumulative area ratio:   10.69
      Required ratio:    0.00 (Cumulative side area) 

    Layer: met3
      Partial area ratio:    5.43
      Required ratio:    0.00 (Gate area) 
      Partial area ratio:   30.16
      Required ratio: 2956.40 (Side area) 
      Cumulative area ratio:   14.70
      Required ratio:    0.00 (Cumulative area) 
      Cumulative area ratio:   77.81
      Required ratio:    0.00 (Cumulative side area) 

    Layer: li1
      Partial area ratio:    0.00
      Required ratio:    0.00 (Gate area) 
      Partial area ratio:    0.00
      Required ratio:   75.00 (Side area) 
      Cumulative area ratio:    0.00
      Required ratio:    0.00 (Cumulative area) 
      Cumulative area ratio:    0.00
      Required ratio:    0.00 (Cumulative side area) 

    Via: M2M3_PR
      Partial area ratio:    0.06
      Required ratio:    6.00 (Gate area) 
      Cumulative area ratio:    0.36
      Required ratio:    0.00 (Cumulative area) 

    Via: M1M2_PR
      Partial area ratio:    0.18
      Required ratio:    6.00 (Gate area) 
      Cumulative area ratio:    0.30
      Required ratio:    0.00 (Cumulative area) 

    Via: L1M1_PR
      Partial area ratio:    0.12
      Required ratio:    3.00 (Gate area) 
      Cumulative area ratio:    0.12
      Required ratio:    0.00 (Cumulative area) 

  Pin: _13217_/A1 (sky130_fd_sc_hd__o31a_1)
    Layer: met2
      Partial area ratio:    7.29
      Required ratio:    0.00 (Gate area) 
      Partial area ratio:   36.96
      Required ratio: 2956.40 (Side area) 
      Cumulative area ratio:    7.63
      Required ratio:    0.00 (Cumulative area) 
      Cumulative area ratio:   39.06
      Required ratio:    0.00 (Cumulative side area) 

    Layer: met3
      Partial area ratio:    5.43
      Required ratio:    0.00 (Gate area) 
      Partial area ratio:   30.16
      Required ratio: 2956.40 (Side area) 
      Cumulative area ratio:   13.06
      Required ratio:    0.00 (Cumulative area) 
      Cumulative area ratio:   69.21
      Required ratio:    0.00 (Cumulative side area) 

    Layer: met1
      Partial area ratio:    0.34
      Required ratio:    0.00 (Gate area) 
      Partial area ratio:    2.09
      Required ratio:  400.00 (Side area) 
      Cumulative area ratio:    0.34
      Required ratio:    0.00 (Cumulative area) 
      Cumulative area ratio:    2.09
      Required ratio:    0.00 (Cumulative side area) 

    Layer: li1
      Partial area ratio:    0.00
      Required ratio:    0.00 (Gate area) 
      Partial area ratio:    0.00
      Required ratio:   75.00 (Side area) 
      Cumulative area ratio:    0.00
      Required ratio:    0.00 (Cumulative area) 
      Cumulative area ratio:    0.00
      Required ratio:    0.00 (Cumulative side area) 

    Via: M2M3_PR
      Partial area ratio:    0.06
      Required ratio:    6.00 (Gate area) 
      Cumulative area ratio:    0.27
      Required ratio:    0.00 (Cumulative area) 

    Via: M1M2_PR
      Partial area ratio:    0.09
      Required ratio:    6.00 (Gate area) 
      Cumulative area ratio:    0.21
      Required ratio:    0.00 (Cumulative area) 

    Via: L1M1_PR
      Partial area ratio:    0.12
      Required ratio:    3.00 (Gate area) 
      Cumulative area ratio:    0.12
      Required ratio:    0.00 (Cumulative area) 

  Pin: _13223_/A (sky130_fd_sc_hd__xnor2_1)
    Layer: met2
      Partial area ratio:    0.66
      Required ratio:    0.00 (Gate area) 
      Partial area ratio:    3.52
      Required ratio:  400.00 (Side area) 
      Cumulative area ratio:    1.75
      Required ratio:    0.00 (Cumulative area) 
      Cumulative area ratio:    9.12
      Required ratio:    0.00 (Cumulative side area) 

    Layer: met1
      Partial area ratio:    1.08
      Required ratio:    0.00 (Gate area) 
      Partial area ratio:    5.60
      Required ratio:  400.00 (Side area) 
      Cumulative area ratio:    1.08
      Required ratio:    0.00 (Cumulative area) 
      Cumulative area ratio:    5.60
      Required ratio:    0.00 (Cumulative side area) 

    Layer: li1
      Partial area ratio:    0.00
      Required ratio:    0.00 (Gate area) 
      Partial area ratio:    0.00
      Required ratio:   75.00 (Side area) 
      Cumulative area ratio:    0.00
      Required ratio:    0.00 (Cumulative area) 
      Cumulative area ratio:    0.00
      Required ratio:    0.00 (Cumulative side area) 

    Via: M2M3_PR
      Partial area ratio:    0.08
      Required ratio:    6.00 (Gate area) 
      Cumulative area ratio:    0.18
      Required ratio:    0.00 (Cumulative area) 

    Via: M1M2_PR
      Partial area ratio:    0.05
      Required ratio:    6.00 (Gate area) 
      Cumulative area ratio:    0.10
      Required ratio:    0.00 (Cumulative area) 

    Via: L1M1_PR
      Partial area ratio:    0.06
      Required ratio:    3.00 (Gate area) 
      Cumulative area ratio:    0.06
      Required ratio:    0.00 (Cumulative area) 


Net: _06364_
  Pin: _11118_/A1 (sky130_fd_sc_hd__mux2_1)
    Layer: met3
      Partial area ratio:   31.71
      Required ratio:    0.00 (Gate area) 
      Partial area ratio:  176.84
      Required ratio: 2780.80 (Side area) 
      Cumulative area ratio:  180.69
      Required ratio:    0.00 (Cumulative area) 
      Cumulative area ratio:  933.39
      Required ratio:    0.00 (Cumulative side area) 

    Layer: met2
      Partial area ratio:  121.33
      Required ratio:    0.00 (Gate area) 
      Partial area ratio:  616.78
      Required ratio:  400.00 (Side area) (VIOLATED)
      Cumulative area ratio:  148.98
      Required ratio:    0.00 (Cumulative area) 
      Cumulative area ratio:  756.56
      Required ratio:    0.00 (Cumulative side area) 

    Layer: met1
      Partial area ratio:   27.64
      Required ratio:    0.00 (Gate area) 
      Partial area ratio:  139.78
      Required ratio:  400.00 (Side area) 
      Cumulative area ratio:   27.64
      Required ratio:    0.00 (Cumulative area) 
      Cumulative area ratio:  139.78
      Required ratio:    0.00 (Cumulative side area) 

    Layer: li1
      Partial area ratio:    0.00
      Required ratio:    0.00 (Gate area) 
      Partial area ratio:    0.00
      Required ratio:   75.00 (Side area) 
      Cumulative area ratio:    0.00
      Required ratio:    0.00 (Cumulative area) 
      Cumulative area ratio:    0.00
      Required ratio:    0.00 (Cumulative side area) 

    Via: M2M3_PR
      Partial area ratio:    0.63
      Required ratio:    6.00 (Gate area) 
      Cumulative area ratio:    1.04
      Required ratio:    0.00 (Cumulative area) 

    Via: M1M2_PR
      Partial area ratio:    0.18
      Required ratio:    6.00 (Gate area) 
      Cumulative area ratio:    0.41
      Required ratio:    0.00 (Cumulative area) 

    Via: L1M1_PR
      Partial area ratio:    0.23
      Required ratio:    3.00 (Gate area) 
      Cumulative area ratio:    0.23
      Required ratio:    0.00 (Cumulative area) 

  Pin: _15862_/A1 (sky130_fd_sc_hd__a221o_1)
    Layer: met3
      Partial area ratio:   31.71
      Required ratio:    0.00 (Gate area) 
      Partial area ratio:  176.84
      Required ratio: 2780.80 (Side area) 
      Cumulative area ratio:  154.74
      Required ratio:    0.00 (Cumulative area) 
      Cumulative area ratio:  803.26
      Required ratio:    0.00 (Cumulative side area) 

    Layer: met2
      Partial area ratio:    0.56
      Required ratio:    0.00 (Gate area) 
      Partial area ratio:    3.20
      Required ratio:  400.00 (Side area) 
      Cumulative area ratio:    1.69
      Required ratio:    0.00 (Cumulative area) 
      Cumulative area ratio:    9.64
      Required ratio:    0.00 (Cumulative side area) 

    Layer: met1
      Partial area ratio:    1.13
      Required ratio:    0.00 (Gate area) 
      Partial area ratio:    6.45
      Required ratio:  400.00 (Side area) 
      Cumulative area ratio:    1.13
      Required ratio:    0.00 (Cumulative area) 
      Cumulative area ratio:    6.45
      Required ratio:    0.00 (Cumulative side area) 

    Layer: li1
      Partial area ratio:    0.00
      Required ratio:    0.00 (Gate area) 
      Partial area ratio:    0.00
      Required ratio:   75.00 (Side area) 
      Cumulative area ratio:    0.00
      Required ratio:    0.00 (Cumulative area) 
      Cumulative area ratio:    0.00
      Required ratio:    0.00 (Cumulative side area) 

    Via: M2M3_PR
      Partial area ratio:    0.16
      Required ratio:    6.00 (Gate area) 
      Cumulative area ratio:    0.37
      Required ratio:    0.00 (Cumulative area) 

    Via: M1M2_PR
      Partial area ratio:    0.09
      Required ratio:    6.00 (Gate area) 
      Cumulative area ratio:    0.21
      Required ratio:    0.00 (Cumulative area) 

    Via: L1M1_PR
      Partial area ratio:    0.12
      Required ratio:    3.00 (Gate area) 
      Cumulative area ratio:    0.12
      Required ratio:    0.00 (Cumulative area) 


Net: _06745_
  Pin: _11758_/A (sky130_fd_sc_hd__clkbuf_4)
    Layer: met5
      Partial area ratio:   63.91
      Required ratio:    0.00 (Gate area) 
      Partial area ratio:   99.63
      Required ratio: 3317.36 (Side area) 
      Cumulative area ratio:  208.35
      Required ratio:    0.00 (Cumulative area) 
      Cumulative area ratio:  871.99
      Required ratio:    0.00 (Cumulative side area) 

    Layer: met4
      Partial area ratio:   19.97
      Required ratio:    0.00 (Gate area) 
      Partial area ratio:  108.56
      Required ratio:  400.00 (Side area) 
      Cumulative area ratio:  144.44
      Required ratio:    0.00 (Cumulative area) 
      Cumulative area ratio:  772.36
      Required ratio:    0.00 (Cumulative side area) 

    Layer: met3
      Partial area ratio:    1.39
      Required ratio:    0.00 (Gate area) 
      Partial area ratio:    9.69
      Required ratio:  400.00 (Side area) 
      Cumulative area ratio:   30.72
      Required ratio:    0.00 (Cumulative area) 
      Cumulative area ratio:  158.14
      Required ratio:    0.00 (Cumulative side area) 

    Layer: met2
      Partial area ratio:   28.62
      Required ratio:    0.00 (Gate area) 
      Partial area ratio:  144.50
      Required ratio:  400.00 (Side area) 
      Cumulative area ratio:   29.32
      Required ratio:    0.00 (Cumulative area) 
      Cumulative area ratio:  148.45
      Required ratio:    0.00 (Cumulative side area) 

    Layer: met1
      Partial area ratio:    0.70
      Required ratio:    0.00 (Gate area) 
      Partial area ratio:    3.94
      Required ratio:  400.00 (Side area) 
      Cumulative area ratio:    0.70
      Required ratio:    0.00 (Cumulative area) 
      Cumulative area ratio:    3.94
      Required ratio:    0.00 (Cumulative side area) 

    Layer: li1
      Partial area ratio:    0.00
      Required ratio:    0.00 (Gate area) 
      Partial area ratio:    0.00
      Required ratio:   75.00 (Side area) 
      Cumulative area ratio:    0.00
      Required ratio:    0.00 (Cumulative area) 
      Cumulative area ratio:    0.00
      Required ratio:    0.00 (Cumulative side area) 

    Via: M4M5_PR
      Partial area ratio:    0.90
      Required ratio:    6.00 (Gate area) 
      Cumulative area ratio:    2.49
      Required ratio:    0.00 (Cumulative area) 

    Via: M3M4_PR
      Partial area ratio:    0.19
      Required ratio:    6.00 (Gate area) 
      Cumulative area ratio:    0.62
      Required ratio:    0.00 (Cumulative area) 

    Via: M2M3_PR
      Partial area ratio:    0.19
      Required ratio:    6.00 (Gate area) 
      Cumulative area ratio:    0.43
      Required ratio:    0.00 (Cumulative area) 

    Via: M1M2_PR
      Partial area ratio:    0.11
      Required ratio:    6.00 (Gate area) 
      Cumulative area ratio:    0.24
      Required ratio:    0.00 (Cumulative area) 

    Via: L1M1_PR
      Partial area ratio:    0.14
      Required ratio:    3.00 (Gate area) 
      Cumulative area ratio:    0.14
      Required ratio:    0.00 (Cumulative area) 

  Pin: _11993_/A (sky130_fd_sc_hd__buf_4)
    Layer: met5
      Partial area ratio:   63.91
      Required ratio:    0.00 (Gate area) 
      Partial area ratio:   99.63
      Required ratio: 3317.36 (Side area) 
      Cumulative area ratio:  190.60
      Required ratio:    0.00 (Cumulative area) 
      Cumulative area ratio:  782.04
      Required ratio:    0.00 (Cumulative side area) 

    Layer: met4
      Partial area ratio:   19.97
      Required ratio:    0.00 (Gate area) 
      Partial area ratio:  108.56
      Required ratio:  400.00 (Side area) 
      Cumulative area ratio:  126.69
      Required ratio:    0.00 (Cumulative area) 
      Cumulative area ratio:  682.41
      Required ratio:    0.00 (Cumulative side area) 

    Layer: met3
      Partial area ratio:    0.64
      Required ratio:    0.00 (Gate area) 
      Partial area ratio:    5.37
      Required ratio:  400.00 (Side area) 
      Cumulative area ratio:   12.97
      Required ratio:    0.00 (Cumulative area) 
      Cumulative area ratio:   68.18
      Required ratio:    0.00 (Cumulative side area) 

    Layer: met2
      Partial area ratio:   12.33
      Required ratio:    0.00 (Gate area) 
      Partial area ratio:   62.82
      Required ratio:  400.00 (Side area) 
      Cumulative area ratio:   12.33
      Required ratio:    0.00 (Cumulative area) 
      Cumulative area ratio:   62.82
      Required ratio:    0.00 (Cumulative side area) 

    Layer: met1
      Partial area ratio:    0.00
      Required ratio:    0.00 (Gate area) 
      Partial area ratio:    0.00
      Required ratio:  400.00 (Side area) 
      Cumulative area ratio:    0.00
      Required ratio:    0.00 (Cumulative area) 
      Cumulative area ratio:    0.00
      Required ratio:    0.00 (Cumulative side area) 

    Layer: li1
      Partial area ratio:    0.00
      Required ratio:    0.00 (Gate area) 
      Partial area ratio:    0.00
      Required ratio:   75.00 (Side area) 
      Cumulative area ratio:    0.00
      Required ratio:    0.00 (Cumulative area) 
      Cumulative area ratio:    0.00
      Required ratio:    0.00 (Cumulative side area) 

    Via: M4M5_PR
      Partial area ratio:    0.90
      Required ratio:    6.00 (Gate area) 
      Cumulative area ratio:    2.40
      Required ratio:    0.00 (Cumulative area) 

    Via: M3M4_PR
      Partial area ratio:    0.16
      Required ratio:    6.00 (Gate area) 
      Cumulative area ratio:    0.53
      Required ratio:    0.00 (Cumulative area) 

    Via: M2M3_PR
      Partial area ratio:    0.16
      Required ratio:    6.00 (Gate area) 
      Cumulative area ratio:    0.37
      Required ratio:    0.00 (Cumulative area) 

    Via: M1M2_PR
      Partial area ratio:    0.09
      Required ratio:    6.00 (Gate area) 
      Cumulative area ratio:    0.21
      Required ratio:    0.00 (Cumulative area) 

    Via: L1M1_PR
      Partial area ratio:    0.12
      Required ratio:    3.00 (Gate area) 
      Cumulative area ratio:    0.12
      Required ratio:    0.00 (Cumulative area) 

  Pin: _12202_/A2 (sky130_fd_sc_hd__a22o_1)
    Layer: met5
      Partial area ratio:   63.91
      Required ratio:    0.00 (Gate area) 
      Partial area ratio:   99.63
      Required ratio: 3317.36 (Side area) 
      Cumulative area ratio:  179.55
      Required ratio:    0.00 (Cumulative area) 
      Cumulative area ratio:  724.21
      Required ratio:    0.00 (Cumulative side area) 

    Layer: met4
      Partial area ratio:   19.97
      Required ratio:    0.00 (Gate area) 
      Partial area ratio:  108.56
      Required ratio:  400.00 (Side area) 
      Cumulative area ratio:  115.64
      Required ratio:    0.00 (Cumulative area) 
      Cumulative area ratio:  624.58
      Required ratio:    0.00 (Cumulative side area) 

    Layer: met3
      Partial area ratio:   86.12
      Required ratio:    0.00 (Gate area) 
      Partial area ratio:  465.13
      Required ratio:  400.00 (Side area) (VIOLATED)
      Cumulative area ratio:   95.66
      Required ratio:    0.00 (Cumulative area) 
      Cumulative area ratio:  516.01
      Required ratio:    0.00 (Cumulative side area) 

    Layer: met2
      Partial area ratio:    7.63
      Required ratio:    0.00 (Gate area) 
      Partial area ratio:   40.53
      Required ratio:  400.00 (Side area) 
      Cumulative area ratio:    9.54
      Required ratio:    0.00 (Cumulative area) 
      Cumulative area ratio:   50.88
      Required ratio:    0.00 (Cumulative side area) 

    Layer: met1
      Partial area ratio:    1.91
      Required ratio:    0.00 (Gate area) 
      Partial area ratio:   10.35
      Required ratio:  400.00 (Side area) 
      Cumulative area ratio:    1.91
      Required ratio:    0.00 (Cumulative area) 
      Cumulative area ratio:   10.35
      Required ratio:    0.00 (Cumulative side area) 

    Layer: li1
      Partial area ratio:    0.00
      Required ratio:    0.00 (Gate area) 
      Partial area ratio:    0.00
      Required ratio:   75.00 (Side area) 
      Cumulative area ratio:    0.00
      Required ratio:    0.00 (Cumulative area) 
      Cumulative area ratio:    0.00
      Required ratio:    0.00 (Cumulative side area) 

    Via: M4M5_PR
      Partial area ratio:    0.90
      Required ratio:    6.00 (Gate area) 
      Cumulative area ratio:    2.08
      Required ratio:    0.00 (Cumulative area) 

    Via: M3M4_PR
      Partial area ratio:    0.48
      Required ratio:    6.00 (Gate area) 
      Cumulative area ratio:    1.18
      Required ratio:    0.00 (Cumulative area) 

    Via: M2M3_PR
      Partial area ratio:    0.48
      Required ratio:    6.00 (Gate area) 
      Cumulative area ratio:    0.69
      Required ratio:    0.00 (Cumulative area) 

    Via: M1M2_PR
      Partial area ratio:    0.09
      Required ratio:    6.00 (Gate area) 
      Cumulative area ratio:    0.21
      Required ratio:    0.00 (Cumulative area) 

    Via: L1M1_PR
      Partial area ratio:    0.12
      Required ratio:    3.00 (Gate area) 
      Cumulative area ratio:    0.12
      Required ratio:    0.00 (Cumulative area) 

  Pin: _12222_/A2 (sky130_fd_sc_hd__a22o_1)
    Layer: met5
      Partial area ratio:   63.91
      Required ratio:    0.00 (Gate area) 
      Partial area ratio:   99.63
      Required ratio: 3317.36 (Side area) 
      Cumulative area ratio:  132.56
      Required ratio:    0.00 (Cumulative area) 
      Cumulative area ratio:  468.84
      Required ratio:    0.00 (Cumulative side area) 

    Layer: met4
      Partial area ratio:   32.08
      Required ratio:    0.00 (Gate area) 
      Partial area ratio:  172.52
      Required ratio: 2947.76 (Side area) 
      Cumulative area ratio:   68.65
      Required ratio:    0.00 (Cumulative area) 
      Cumulative area ratio:  369.21
      Required ratio:    0.00 (Cumulative side area) 

    Layer: met3
      Partial area ratio:   35.46
      Required ratio:    0.00 (Gate area) 
      Partial area ratio:  190.54
      Required ratio: 2773.88 (Side area) 
      Cumulative area ratio:   36.58
      Required ratio:    0.00 (Cumulative area) 
      Cumulative area ratio:  196.68
      Required ratio:    0.00 (Cumulative side area) 

    Layer: met2
      Partial area ratio:    0.13
      Required ratio:    0.00 (Gate area) 
      Partial area ratio:    0.81
      Required ratio: 2773.88 (Side area) 
      Cumulative area ratio:    1.11
      Required ratio:    0.00 (Cumulative area) 
      Cumulative area ratio:    6.15
      Required ratio:    0.00 (Cumulative side area) 

    Layer: met1
      Partial area ratio:    0.98
      Required ratio:    0.00 (Gate area) 
      Partial area ratio:    5.34
      Required ratio: 2773.88 (Side area) 
      Cumulative area ratio:    0.98
      Required ratio:    0.00 (Cumulative area) 
      Cumulative area ratio:    5.34
      Required ratio:    0.00 (Cumulative side area) 

    Layer: li1
      Partial area ratio:    0.00
      Required ratio:    0.00 (Gate area) 
      Partial area ratio:    0.00
      Required ratio:   75.00 (Side area) 
      Cumulative area ratio:    0.00
      Required ratio:    0.00 (Cumulative area) 
      Cumulative area ratio:    0.00
      Required ratio:    0.00 (Cumulative side area) 

    Via: M4M5_PR
      Partial area ratio:    0.48
      Required ratio:    6.00 (Gate area) 
      Cumulative area ratio:    0.81
      Required ratio:    0.00 (Cumulative area) 

    Via: M3M4_PR
      Partial area ratio:    0.12
      Required ratio:    6.00 (Gate area) 
      Cumulative area ratio:    0.33
      Required ratio:    0.00 (Cumulative area) 

    Via: M2M3_PR
      Partial area ratio:    0.06
      Required ratio:    6.00 (Gate area) 
      Cumulative area ratio:    0.21
      Required ratio:    0.00 (Cumulative area) 

    Via: M1M2_PR
      Partial area ratio:    0.03
      Required ratio:    6.00 (Gate area) 
      Cumulative area ratio:    0.15
      Required ratio:    0.00 (Cumulative area) 

    Via: L1M1_PR
      Partial area ratio:    0.12
      Required ratio:    3.00 (Gate area) 
      Cumulative area ratio:    0.12
      Required ratio:    0.00 (Cumulative area) 

  Pin: ANTENNA_43/DIODE (sky130_fd_sc_hd__diode_2)
    Layer: met5
      Partial area ratio:   63.91
      Required ratio:    0.00 (Gate area) 
      Partial area ratio:   99.63
      Required ratio: 3317.36 (Side area) 
      Cumulative area ratio:  132.56
      Required ratio:    0.00 (Cumulative area) 
      Cumulative area ratio:  468.84
      Required ratio:    0.00 (Cumulative side area) 

    Layer: met4
      Partial area ratio:   32.08
      Required ratio:    0.00 (Gate area) 
      Partial area ratio:  172.52
      Required ratio: 2947.76 (Side area) 
      Cumulative area ratio:   68.65
      Required ratio:    0.00 (Cumulative area) 
      Cumulative area ratio:  369.21
      Required ratio:    0.00 (Cumulative side area) 

    Layer: met3
      Partial area ratio:   35.46
      Required ratio:    0.00 (Gate area) 
      Partial area ratio:  190.54
      Required ratio: 2773.88 (Side area) 
      Cumulative area ratio:   36.58
      Required ratio:    0.00 (Cumulative area) 
      Cumulative area ratio:  196.68
      Required ratio:    0.00 (Cumulative side area) 

    Layer: met2
      Partial area ratio:    0.13
      Required ratio:    0.00 (Gate area) 
      Partial area ratio:    0.81
      Required ratio: 2773.88 (Side area) 
      Cumulative area ratio:    1.11
      Required ratio:    0.00 (Cumulative area) 
      Cumulative area ratio:    6.15
      Required ratio:    0.00 (Cumulative side area) 

    Layer: met1
      Partial area ratio:    0.98
      Required ratio:    0.00 (Gate area) 
      Partial area ratio:    5.34
      Required ratio: 2773.88 (Side area) 
      Cumulative area ratio:    0.98
      Required ratio:    0.00 (Cumulative area) 
      Cumulative area ratio:    5.34
      Required ratio:    0.00 (Cumulative side area) 

    Layer: li1
      Partial area ratio:    0.00
      Required ratio:    0.00 (Gate area) 
      Partial area ratio:    0.00
      Required ratio:  270.62 (Side area) 
      Cumulative area ratio:    0.00
      Required ratio:    0.00 (Cumulative area) 
      Cumulative area ratio:    0.00
      Required ratio:    0.00 (Cumulative side area) 

    Via: M4M5_PR
      Partial area ratio:    0.48
      Required ratio:    6.00 (Gate area) 
      Cumulative area ratio:    0.76
      Required ratio:    0.00 (Cumulative area) 

    Via: M3M4_PR
      Partial area ratio:    0.12
      Required ratio:    6.00 (Gate area) 
      Cumulative area ratio:    0.28
      Required ratio:    0.00 (Cumulative area) 

    Via: M2M3_PR
      Partial area ratio:    0.06
      Required ratio:    6.00 (Gate area) 
      Cumulative area ratio:    0.16
      Required ratio:    0.00 (Cumulative area) 

    Via: M1M2_PR
      Partial area ratio:    0.03
      Required ratio:    6.00 (Gate area) 
      Cumulative area ratio:    0.10
      Required ratio:    0.00 (Cumulative area) 

    Via: L1M1_PR
      Partial area ratio:    0.07
      Required ratio:    3.00 (Gate area) 
      Cumulative area ratio:    0.07
      Required ratio:    0.00 (Cumulative area) 

  Pin: ANTENNA_42/DIODE (sky130_fd_sc_hd__diode_2)
    Layer: met5
      Partial area ratio:   63.91
      Required ratio:    0.00 (Gate area) 
      Partial area ratio:   99.63
      Required ratio: 3317.36 (Side area) 
      Cumulative area ratio:  132.91
      Required ratio:    0.00 (Cumulative area) 
      Cumulative area ratio:  471.34
      Required ratio:    0.00 (Cumulative side area) 

    Layer: met4
      Partial area ratio:   32.08
      Required ratio:    0.00 (Gate area) 
      Partial area ratio:  172.52
      Required ratio: 2947.76 (Side area) 
      Cumulative area ratio:   69.00
      Required ratio:    0.00 (Cumulative area) 
      Cumulative area ratio:  371.71
      Required ratio:    0.00 (Cumulative side area) 

    Layer: met3
      Partial area ratio:    0.25
      Required ratio:    0.00 (Gate area) 
      Partial area ratio:    2.05
      Required ratio: 2773.88 (Side area) 
      Cumulative area ratio:    1.46
      Required ratio:    0.00 (Cumulative area) 
      Cumulative area ratio:    8.65
      Required ratio:    0.00 (Cumulative side area) 

    Layer: met2
      Partial area ratio:    0.43
      Required ratio:    0.00 (Gate area) 
      Partial area ratio:    2.44
      Required ratio: 2773.88 (Side area) 
      Cumulative area ratio:    1.21
      Required ratio:    0.00 (Cumulative area) 
      Cumulative area ratio:    6.60
      Required ratio:    0.00 (Cumulative side area) 

    Layer: met1
      Partial area ratio:    0.79
      Required ratio:    0.00 (Gate area) 
      Partial area ratio:    4.15
      Required ratio: 2773.88 (Side area) 
      Cumulative area ratio:    0.79
      Required ratio:    0.00 (Cumulative area) 
      Cumulative area ratio:    4.15
      Required ratio:    0.00 (Cumulative side area) 

    Layer: li1
      Partial area ratio:    0.00
      Required ratio:    0.00 (Gate area) 
      Partial area ratio:    0.00
      Required ratio:  270.62 (Side area) 
      Cumulative area ratio:    0.00
      Required ratio:    0.00 (Cumulative area) 
      Cumulative area ratio:    0.00
      Required ratio:    0.00 (Cumulative side area) 

    Via: M4M5_PR
      Partial area ratio:    0.48
      Required ratio:    6.00 (Gate area) 
      Cumulative area ratio:    0.84
      Required ratio:    0.00 (Cumulative area) 

    Via: M3M4_PR
      Partial area ratio:    0.06
      Required ratio:    6.00 (Gate area) 
      Cumulative area ratio:    0.24
      Required ratio:    0.00 (Cumulative area) 

    Via: M2M3_PR
      Partial area ratio:    0.06
      Required ratio:    6.00 (Gate area) 
      Cumulative area ratio:    0.18
      Required ratio:    0.00 (Cumulative area) 

    Via: M1M2_PR
      Partial area ratio:    0.05
      Required ratio:    6.00 (Gate area) 
      Cumulative area ratio:    0.12
      Required ratio:    0.00 (Cumulative area) 

    Via: L1M1_PR
      Partial area ratio:    0.07
      Required ratio:    3.00 (Gate area) 
      Cumulative area ratio:    0.07
      Required ratio:    0.00 (Cumulative area) 

  Pin: _11515_/A (sky130_fd_sc_hd__clkbuf_4)
    Layer: met5
      Partial area ratio:   63.91
      Required ratio:    0.00 (Gate area) 
      Partial area ratio:   99.63
      Required ratio: 3317.36 (Side area) 
      Cumulative area ratio:  132.12
      Required ratio:    0.00 (Cumulative area) 
      Cumulative area ratio:  467.19
      Required ratio:    0.00 (Cumulative side area) 

    Layer: met4
      Partial area ratio:   32.08
      Required ratio:    0.00 (Gate area) 
      Partial area ratio:  172.52
      Required ratio: 2947.76 (Side area) 
      Cumulative area ratio:   68.21
      Required ratio:    0.00 (Cumulative area) 
      Cumulative area ratio:  367.55
      Required ratio:    0.00 (Cumulative side area) 

    Layer: met3
      Partial area ratio:    0.25
      Required ratio:    0.00 (Gate area) 
      Partial area ratio:    2.05
      Required ratio: 2773.88 (Side area) 
      Cumulative area ratio:    0.67
      Required ratio:    0.00 (Cumulative area) 
      Cumulative area ratio:    4.49
      Required ratio:    0.00 (Cumulative side area) 

    Layer: met2
      Partial area ratio:    0.43
      Required ratio:    0.00 (Gate area) 
      Partial area ratio:    2.44
      Required ratio: 2773.88 (Side area) 
      Cumulative area ratio:    0.43
      Required ratio:    0.00 (Cumulative area) 
      Cumulative area ratio:    2.44
      Required ratio:    0.00 (Cumulative side area) 

    Layer: met1
      Partial area ratio:    0.00
      Required ratio:    0.00 (Gate area) 
      Partial area ratio:    0.00
      Required ratio:  400.00 (Side area) 
      Cumulative area ratio:    0.00
      Required ratio:    0.00 (Cumulative area) 
      Cumulative area ratio:    0.00
      Required ratio:    0.00 (Cumulative side area) 

    Layer: li1
      Partial area ratio:    0.00
      Required ratio:    0.00 (Gate area) 
      Partial area ratio:    0.00
      Required ratio:   75.00 (Side area) 
      Cumulative area ratio:    0.00
      Required ratio:    0.00 (Cumulative area) 
      Cumulative area ratio:    0.00
      Required ratio:    0.00 (Cumulative side area) 

    Via: M4M5_PR
      Partial area ratio:    0.48
      Required ratio:    6.00 (Gate area) 
      Cumulative area ratio:    0.96
      Required ratio:    0.00 (Cumulative area) 

    Via: M3M4_PR
      Partial area ratio:    0.06
      Required ratio:    6.00 (Gate area) 
      Cumulative area ratio:    0.36
      Required ratio:    0.00 (Cumulative area) 

    Via: M2M3_PR
      Partial area ratio:    0.06
      Required ratio:    6.00 (Gate area) 
      Cumulative area ratio:    0.30
      Required ratio:    0.00 (Cumulative area) 

    Via: M1M2_PR
      Partial area ratio:    0.11
      Required ratio:    6.00 (Gate area) 
      Cumulative area ratio:    0.24
      Required ratio:    0.00 (Cumulative area) 

    Via: L1M1_PR
      Partial area ratio:    0.14
      Required ratio:    3.00 (Gate area) 
      Cumulative area ratio:    0.14
      Required ratio:    0.00 (Cumulative area) 


Net: _07677_
  Pin: _12996_/A (sky130_fd_sc_hd__or2_1)
    Layer: met2
      Partial area ratio:    2.10
      Required ratio:    0.00 (Gate area) 
      Partial area ratio:   10.79
      Required ratio: 2956.40 (Side area) 
      Cumulative area ratio:   81.70
      Required ratio:    0.00 (Cumulative area) 
      Cumulative area ratio:  416.57
      Required ratio:    0.00 (Cumulative side area) 

    Layer: met1
      Partial area ratio:   79.60
      Required ratio:    0.00 (Gate area) 
      Partial area ratio:  405.78
      Required ratio:  400.00 (Side area) (VIOLATED)
      Cumulative area ratio:   79.60
      Required ratio:    0.00 (Cumulative area) 
      Cumulative area ratio:  405.78
      Required ratio:    0.00 (Cumulative side area) 

    Layer: li1
      Partial area ratio:    0.00
      Required ratio:    0.00 (Gate area) 
      Partial area ratio:    0.00
      Required ratio:   75.00 (Side area) 
      Cumulative area ratio:    0.00
      Required ratio:    0.00 (Cumulative area) 
      Cumulative area ratio:    0.00
      Required ratio:    0.00 (Cumulative side area) 

    Via: M1M2_PR
      Partial area ratio:    0.36
      Required ratio:    6.00 (Gate area) 
      Cumulative area ratio:    0.59
      Required ratio:    0.00 (Cumulative area) 

    Via: L1M1_PR
      Partial area ratio:    0.23
      Required ratio:    3.00 (Gate area) 
      Cumulative area ratio:    0.23
      Required ratio:    0.00 (Cumulative area) 

  Pin: _13000_/A (sky130_fd_sc_hd__nand2_1)
    Layer: met2
      Partial area ratio:    2.10
      Required ratio:    0.00 (Gate area) 
      Partial area ratio:   10.79
      Required ratio: 2956.40 (Side area) 
      Cumulative area ratio:   82.83
      Required ratio:    0.00 (Cumulative area) 
      Cumulative area ratio:  423.02
      Required ratio:    0.00 (Cumulative side area) 

    Layer: met1
      Partial area ratio:    1.13
      Required ratio:    0.00 (Gate area) 
      Partial area ratio:    6.45
      Required ratio:  400.00 (Side area) 
      Cumulative area ratio:    1.13
      Required ratio:    0.00 (Cumulative area) 
      Cumulative area ratio:    6.45
      Required ratio:    0.00 (Cumulative side area) 

    Layer: li1
      Partial area ratio:    0.00
      Required ratio:    0.00 (Gate area) 
      Partial area ratio:    0.00
      Required ratio:   75.00 (Side area) 
      Cumulative area ratio:    0.00
      Required ratio:    0.00 (Cumulative area) 
      Cumulative area ratio:    0.00
      Required ratio:    0.00 (Cumulative side area) 

    Via: M1M2_PR
      Partial area ratio:    0.09
      Required ratio:    6.00 (Gate area) 
      Cumulative area ratio:    0.21
      Required ratio:    0.00 (Cumulative area) 

    Via: L1M1_PR
      Partial area ratio:    0.12
      Required ratio:    3.00 (Gate area) 
      Cumulative area ratio:    0.12
      Required ratio:    0.00 (Cumulative area) 

  Pin: _12479_/A (sky130_fd_sc_hd__buf_4)
    Layer: met2
      Partial area ratio:    2.10
      Required ratio:    0.00 (Gate area) 
      Partial area ratio:   10.79
      Required ratio: 2956.40 (Side area) 
      Cumulative area ratio:  100.11
      Required ratio:    0.00 (Cumulative area) 
      Cumulative area ratio:  510.58
      Required ratio:    0.00 (Cumulative side area) 

    Layer: met1
      Partial area ratio:   18.41
      Required ratio:    0.00 (Gate area) 
      Partial area ratio:   94.01
      Required ratio:  400.00 (Side area) 
      Cumulative area ratio:   18.41
      Required ratio:    0.00 (Cumulative area) 
      Cumulative area ratio:   94.01
      Required ratio:    0.00 (Cumulative side area) 

    Layer: li1
      Partial area ratio:    0.00
      Required ratio:    0.00 (Gate area) 
      Partial area ratio:    0.00
      Required ratio:   75.00 (Side area) 
      Cumulative area ratio:    0.00
      Required ratio:    0.00 (Cumulative area) 
      Cumulative area ratio:    0.00
      Required ratio:    0.00 (Cumulative side area) 

    Via: M1M2_PR
      Partial area ratio:    0.27
      Required ratio:    6.00 (Gate area) 
      Cumulative area ratio:    0.39
      Required ratio:    0.00 (Cumulative area) 

    Via: L1M1_PR
      Partial area ratio:    0.12
      Required ratio:    3.00 (Gate area) 
      Cumulative area ratio:    0.12
      Required ratio:    0.00 (Cumulative area) 

  Pin: _13239_/A (sky130_fd_sc_hd__buf_4)
    Layer: met2
      Partial area ratio:    2.10
      Required ratio:    0.00 (Gate area) 
      Partial area ratio:   10.79
      Required ratio: 2956.40 (Side area) 
      Cumulative area ratio:  100.45
      Required ratio:    0.00 (Cumulative area) 
      Cumulative area ratio:  512.67
      Required ratio:    0.00 (Cumulative side area) 

    Layer: met1
      Partial area ratio:    0.34
      Required ratio:    0.00 (Gate area) 
      Partial area ratio:    2.09
      Required ratio:  400.00 (Side area) 
      Cumulative area ratio:    0.34
      Required ratio:    0.00 (Cumulative area) 
      Cumulative area ratio:    2.09
      Required ratio:    0.00 (Cumulative side area) 

    Layer: li1
      Partial area ratio:    0.00
      Required ratio:    0.00 (Gate area) 
      Partial area ratio:    0.00
      Required ratio:   75.00 (Side area) 
      Cumulative area ratio:    0.00
      Required ratio:    0.00 (Cumulative area) 
      Cumulative area ratio:    0.00
      Required ratio:    0.00 (Cumulative side area) 

    Via: M1M2_PR
      Partial area ratio:    0.09
      Required ratio:    6.00 (Gate area) 
      Cumulative area ratio:    0.21
      Required ratio:    0.00 (Cumulative area) 

    Via: L1M1_PR
      Partial area ratio:    0.12
      Required ratio:    3.00 (Gate area) 
      Cumulative area ratio:    0.12
      Required ratio:    0.00 (Cumulative area) 

  Pin: _13290_/A (sky130_fd_sc_hd__buf_4)
    Layer: met2
      Partial area ratio:    2.10
      Required ratio:    0.00 (Gate area) 
      Partial area ratio:   10.79
      Required ratio: 2956.40 (Side area) 
      Cumulative area ratio:  100.11
      Required ratio:    0.00 (Cumulative area) 
      Cumulative area ratio:  510.58
      Required ratio:    0.00 (Cumulative side area) 

    Layer: met1
      Partial area ratio:    0.00
      Required ratio:    0.00 (Gate area) 
      Partial area ratio:    0.00
      Required ratio:  400.00 (Side area) 
      Cumulative area ratio:    0.00
      Required ratio:    0.00 (Cumulative area) 
      Cumulative area ratio:    0.00
      Required ratio:    0.00 (Cumulative side area) 

    Layer: li1
      Partial area ratio:    0.00
      Required ratio:    0.00 (Gate area) 
      Partial area ratio:    0.00
      Required ratio:   75.00 (Side area) 
      Cumulative area ratio:    0.00
      Required ratio:    0.00 (Cumulative area) 
      Cumulative area ratio:    0.00
      Required ratio:    0.00 (Cumulative side area) 

    Via: M1M2_PR
      Partial area ratio:    0.09
      Required ratio:    6.00 (Gate area) 
      Cumulative area ratio:    0.21
      Required ratio:    0.00 (Cumulative area) 

    Via: L1M1_PR
      Partial area ratio:    0.12
      Required ratio:    3.00 (Gate area) 
      Cumulative area ratio:    0.12
      Required ratio:    0.00 (Cumulative area) 

  Pin: _13014_/A (sky130_fd_sc_hd__buf_4)
    Layer: met2
      Partial area ratio:    2.10
      Required ratio:    0.00 (Gate area) 
      Partial area ratio:   10.79
      Required ratio: 2956.40 (Side area) 
      Cumulative area ratio:    8.72
      Required ratio:    0.00 (Cumulative area) 
      Cumulative area ratio:   45.47
      Required ratio:    0.00 (Cumulative side area) 

    Layer: met1
      Partial area ratio:    6.62
      Required ratio:    0.00 (Gate area) 
      Partial area ratio:   34.67
      Required ratio:  400.00 (Side area) 
      Cumulative area ratio:    6.62
      Required ratio:    0.00 (Cumulative area) 
      Cumulative area ratio:   34.67
      Required ratio:    0.00 (Cumulative side area) 

    Layer: li1
      Partial area ratio:    0.00
      Required ratio:    0.00 (Gate area) 
      Partial area ratio:    0.00
      Required ratio:   75.00 (Side area) 
      Cumulative area ratio:    0.00
      Required ratio:    0.00 (Cumulative area) 
      Cumulative area ratio:    0.00
      Required ratio:    0.00 (Cumulative side area) 

    Via: M1M2_PR
      Partial area ratio:    0.09
      Required ratio:    6.00 (Gate area) 
      Cumulative area ratio:    0.21
      Required ratio:    0.00 (Cumulative area) 

    Via: L1M1_PR
      Partial area ratio:    0.12
      Required ratio:    3.00 (Gate area) 
      Cumulative area ratio:    0.12
      Required ratio:    0.00 (Cumulative area) 

  Pin: _12482_/B (sky130_fd_sc_hd__nor2_8)
    Layer: met2
      Partial area ratio:    2.10
      Required ratio:    0.00 (Gate area) 
      Partial area ratio:   10.79
      Required ratio: 2956.40 (Side area) 
      Cumulative area ratio:    2.10
      Required ratio:    0.00 (Cumulative area) 
      Cumulative area ratio:   10.79
      Required ratio:    0.00 (Cumulative side area) 

    Layer: met1
      Partial area ratio:    0.00
      Required ratio:    0.00 (Gate area) 
      Partial area ratio:    0.00
      Required ratio:  400.00 (Side area) 
      Cumulative area ratio:    0.00
      Required ratio:    0.00 (Cumulative area) 
      Cumulative area ratio:    0.00
      Required ratio:    0.00 (Cumulative side area) 

    Layer: li1
      Partial area ratio:    0.00
      Required ratio:    0.00 (Gate area) 
      Partial area ratio:    0.00
      Required ratio:   75.00 (Side area) 
      Cumulative area ratio:    0.00
      Required ratio:    0.00 (Cumulative area) 
      Cumulative area ratio:    0.00
      Required ratio:    0.00 (Cumulative side area) 

    Via: M1M2_PR
      Partial area ratio:    0.01
      Required ratio:    6.00 (Gate area) 
      Cumulative area ratio:    0.03
      Required ratio:    0.00 (Cumulative area) 

    Via: L1M1_PR
      Partial area ratio:    0.01
      Required ratio:    3.00 (Gate area) 
      Cumulative area ratio:    0.01
      Required ratio:    0.00 (Cumulative area) 


Net: _08707_
  Pin: _14345_/A1 (sky130_fd_sc_hd__mux2_1)
    Layer: met2
      Partial area ratio:   10.58
      Required ratio:    0.00 (Gate area) 
      Partial area ratio:   54.31
      Required ratio: 2956.40 (Side area) 
      Cumulative area ratio:   44.83
      Required ratio:    0.00 (Cumulative area) 
      Cumulative area ratio:  229.42
      Required ratio:    0.00 (Cumulative side area) 

    Layer: met1
      Partial area ratio:   34.24
      Required ratio:    0.00 (Gate area) 
      Partial area ratio:  175.11
      Required ratio:  400.00 (Side area) 
      Cumulative area ratio:   34.24
      Required ratio:    0.00 (Cumulative area) 
      Cumulative area ratio:  175.11
      Required ratio:    0.00 (Cumulative side area) 

    Layer: li1
      Partial area ratio:    0.00
      Required ratio:    0.00 (Gate area) 
      Partial area ratio:    0.00
      Required ratio:   75.00 (Side area) 
      Cumulative area ratio:    0.00
      Required ratio:    0.00 (Cumulative area) 
      Cumulative area ratio:    0.00
      Required ratio:    0.00 (Cumulative side area) 

    Layer: met3
      Partial area ratio:    8.55
      Required ratio:    0.00 (Gate area) 
      Partial area ratio:   47.03
      Required ratio: 2956.40 (Side area) 
      Cumulative area ratio:   53.38
      Required ratio:    0.00 (Cumulative area) 
      Cumulative area ratio:  276.45
      Required ratio:    0.00 (Cumulative side area) 

    Via: M2M3_PR
      Partial area ratio:    0.06
      Required ratio:    6.00 (Gate area) 
      Cumulative area ratio:    0.65
      Required ratio:    0.00 (Cumulative area) 

    Via: M1M2_PR
      Partial area ratio:    0.36
      Required ratio:    6.00 (Gate area) 
      Cumulative area ratio:    0.59
      Required ratio:    0.00 (Cumulative area) 

    Via: L1M1_PR
      Partial area ratio:    0.23
      Required ratio:    3.00 (Gate area) 
      Cumulative area ratio:    0.23
      Required ratio:    0.00 (Cumulative area) 

  Pin: _13975_/A1 (sky130_fd_sc_hd__mux2_1)
    Layer: met2
      Partial area ratio:   10.58
      Required ratio:    0.00 (Gate area) 
      Partial area ratio:   54.31
      Required ratio: 2956.40 (Side area) 
      Cumulative area ratio:   79.29
      Required ratio:    0.00 (Cumulative area) 
      Cumulative area ratio:  408.76
      Required ratio:    0.00 (Cumulative side area) 

    Layer: met1
      Partial area ratio:   34.47
      Required ratio:    0.00 (Gate area) 
      Partial area ratio:  179.33
      Required ratio:  400.00 (Side area) 
      Cumulative area ratio:   34.47
      Required ratio:    0.00 (Cumulative area) 
      Cumulative area ratio:  179.33
      Required ratio:    0.00 (Cumulative side area) 

    Layer: li1
      Partial area ratio:    0.00
      Required ratio:    0.00 (Gate area) 
      Partial area ratio:    0.00
      Required ratio:   75.00 (Side area) 
      Cumulative area ratio:    0.00
      Required ratio:    0.00 (Cumulative area) 
      Cumulative area ratio:    0.00
      Required ratio:    0.00 (Cumulative side area) 

    Layer: met3
      Partial area ratio:    8.55
      Required ratio:    0.00 (Gate area) 
      Partial area ratio:   47.03
      Required ratio: 2956.40 (Side area) 
      Cumulative area ratio:   87.84
      Required ratio:    0.00 (Cumulative area) 
      Cumulative area ratio:  455.79
      Required ratio:    0.00 (Cumulative side area) 

    Via: M2M3_PR
      Partial area ratio:    0.06
      Required ratio:    6.00 (Gate area) 
      Cumulative area ratio:    1.19
      Required ratio:    0.00 (Cumulative area) 

    Via: M1M2_PR
      Partial area ratio:    0.54
      Required ratio:    6.00 (Gate area) 
      Cumulative area ratio:    0.77
      Required ratio:    0.00 (Cumulative area) 

    Via: L1M1_PR
      Partial area ratio:    0.23
      Required ratio:    3.00 (Gate area) 
      Cumulative area ratio:    0.23
      Required ratio:    0.00 (Cumulative area) 

  Pin: _14070_/A1 (sky130_fd_sc_hd__mux2_1)
    Layer: met2
      Partial area ratio:   10.58
      Required ratio:    0.00 (Gate area) 
      Partial area ratio:   54.31
      Required ratio: 2956.40 (Side area) 
      Cumulative area ratio:   80.47
      Required ratio:    0.00 (Cumulative area) 
      Cumulative area ratio:  415.42
      Required ratio:    0.00 (Cumulative side area) 

    Layer: met1
      Partial area ratio:    1.18
      Required ratio:    0.00 (Gate area) 
      Partial area ratio:    6.67
      Required ratio:  400.00 (Side area) 
      Cumulative area ratio:    1.18
      Required ratio:    0.00 (Cumulative area) 
      Cumulative area ratio:    6.67
      Required ratio:    0.00 (Cumulative side area) 

    Layer: li1
      Partial area ratio:    0.00
      Required ratio:    0.00 (Gate area) 
      Partial area ratio:    0.00
      Required ratio:   75.00 (Side area) 
      Cumulative area ratio:    0.00
      Required ratio:    0.00 (Cumulative area) 
      Cumulative area ratio:    0.00
      Required ratio:    0.00 (Cumulative side area) 

    Layer: met3
      Partial area ratio:    8.55
      Required ratio:    0.00 (Gate area) 
      Partial area ratio:   47.03
      Required ratio: 2956.40 (Side area) 
      Cumulative area ratio:   89.02
      Required ratio:    0.00 (Cumulative area) 
      Cumulative area ratio:  462.45
      Required ratio:    0.00 (Cumulative side area) 

    Via: M2M3_PR
      Partial area ratio:    0.06
      Required ratio:    6.00 (Gate area) 
      Cumulative area ratio:    1.36
      Required ratio:    0.00 (Cumulative area) 

    Via: M1M2_PR
      Partial area ratio:    0.18
      Required ratio:    6.00 (Gate area) 
      Cumulative area ratio:    0.41
      Required ratio:    0.00 (Cumulative area) 

    Via: L1M1_PR
      Partial area ratio:    0.23
      Required ratio:    3.00 (Gate area) 
      Cumulative area ratio:    0.23
      Required ratio:    0.00 (Cumulative area) 

  Pin: _14209_/A1 (sky130_fd_sc_hd__mux2_1)
    Layer: met3
      Partial area ratio:    8.55
      Required ratio:    0.00 (Gate area) 
      Partial area ratio:   47.03
      Required ratio: 2956.40 (Side area) 
      Cumulative area ratio:   44.26
      Required ratio:    0.00 (Cumulative area) 
      Cumulative area ratio:  229.06
      Required ratio:    0.00 (Cumulative side area) 

    Layer: met2
      Partial area ratio:   34.53
      Required ratio:    0.00 (Gate area) 
      Partial area ratio:  175.36
      Required ratio:  400.00 (Side area) 
      Cumulative area ratio:   35.71
      Required ratio:    0.00 (Cumulative area) 
      Cumulative area ratio:  182.03
      Required ratio:    0.00 (Cumulative side area) 

    Layer: met1
      Partial area ratio:    1.18
      Required ratio:    0.00 (Gate area) 
      Partial area ratio:    6.67
      Required ratio:  400.00 (Side area) 
      Cumulative area ratio:    1.18
      Required ratio:    0.00 (Cumulative area) 
      Cumulative area ratio:    6.67
      Required ratio:    0.00 (Cumulative side area) 

    Layer: li1
      Partial area ratio:    0.00
      Required ratio:    0.00 (Gate area) 
      Partial area ratio:    0.00
      Required ratio:   75.00 (Side area) 
      Cumulative area ratio:    0.00
      Required ratio:    0.00 (Cumulative area) 
      Cumulative area ratio:    0.00
      Required ratio:    0.00 (Cumulative side area) 

    Via: M2M3_PR
      Partial area ratio:    0.16
      Required ratio:    6.00 (Gate area) 
      Cumulative area ratio:    0.57
      Required ratio:    0.00 (Cumulative area) 

    Via: M1M2_PR
      Partial area ratio:    0.18
      Required ratio:    6.00 (Gate area) 
      Cumulative area ratio:    0.41
      Required ratio:    0.00 (Cumulative area) 

    Via: L1M1_PR
      Partial area ratio:    0.23
      Required ratio:    3.00 (Gate area) 
      Cumulative area ratio:    0.23
      Required ratio:    0.00 (Cumulative area) 

  Pin: _14552_/A1 (sky130_fd_sc_hd__mux2_1)
    Layer: met3
      Partial area ratio:    8.55
      Required ratio:    0.00 (Gate area) 
      Partial area ratio:   47.03
      Required ratio: 2956.40 (Side area) 
      Cumulative area ratio:   45.79
      Required ratio:    0.00 (Cumulative area) 
      Cumulative area ratio:  236.73
      Required ratio:    0.00 (Cumulative side area) 

    Layer: met2
      Partial area ratio:   34.53
      Required ratio:    0.00 (Gate area) 
      Partial area ratio:  175.36
      Required ratio:  400.00 (Side area) 
      Cumulative area ratio:   37.24
      Required ratio:    0.00 (Cumulative area) 
      Cumulative area ratio:  189.69
      Required ratio:    0.00 (Cumulative side area) 

    Layer: met1
      Partial area ratio:    2.71
      Required ratio:    0.00 (Gate area) 
      Partial area ratio:   14.33
      Required ratio:  400.00 (Side area) 
      Cumulative area ratio:    2.71
      Required ratio:    0.00 (Cumulative area) 
      Cumulative area ratio:   14.33
      Required ratio:    0.00 (Cumulative side area) 

    Layer: li1
      Partial area ratio:    0.00
      Required ratio:    0.00 (Gate area) 
      Partial area ratio:    0.00
      Required ratio:   75.00 (Side area) 
      Cumulative area ratio:    0.00
      Required ratio:    0.00 (Cumulative area) 
      Cumulative area ratio:    0.00
      Required ratio:    0.00 (Cumulative side area) 

    Via: M2M3_PR
      Partial area ratio:    0.16
      Required ratio:    6.00 (Gate area) 
      Cumulative area ratio:    0.57
      Required ratio:    0.00 (Cumulative area) 

    Via: M1M2_PR
      Partial area ratio:    0.18
      Required ratio:    6.00 (Gate area) 
      Cumulative area ratio:    0.41
      Required ratio:    0.00 (Cumulative area) 

    Via: L1M1_PR
      Partial area ratio:    0.23
      Required ratio:    3.00 (Gate area) 
      Cumulative area ratio:    0.23
      Required ratio:    0.00 (Cumulative area) 

  Pin: _14140_/A1 (sky130_fd_sc_hd__mux2_1)
    Layer: met3
      Partial area ratio:    8.55
      Required ratio:    0.00 (Gate area) 
      Partial area ratio:   47.03
      Required ratio: 2956.40 (Side area) 
      Cumulative area ratio:    8.90
      Required ratio:    0.00 (Cumulative area) 
      Cumulative area ratio:   49.53
      Required ratio:    0.00 (Cumulative side area) 

    Layer: met2
      Partial area ratio:    0.34
      Required ratio:    0.00 (Gate area) 
      Partial area ratio:    2.50
      Required ratio:  400.00 (Side area) 
      Cumulative area ratio:    0.34
      Required ratio:    0.00 (Cumulative area) 
      Cumulative area ratio:    2.50
      Required ratio:    0.00 (Cumulative side area) 

    Layer: met1
      Partial area ratio:    0.00
      Required ratio:    0.00 (Gate area) 
      Partial area ratio:    0.00
      Required ratio:  400.00 (Side area) 
      Cumulative area ratio:    0.00
      Required ratio:    0.00 (Cumulative area) 
      Cumulative area ratio:    0.00
      Required ratio:    0.00 (Cumulative side area) 

    Layer: li1
      Partial area ratio:    0.00
      Required ratio:    0.00 (Gate area) 
      Partial area ratio:    0.00
      Required ratio:   75.00 (Side area) 
      Cumulative area ratio:    0.00
      Required ratio:    0.00 (Cumulative area) 
      Cumulative area ratio:    0.00
      Required ratio:    0.00 (Cumulative side area) 

    Via: M2M3_PR
      Partial area ratio:    0.32
      Required ratio:    6.00 (Gate area) 
      Cumulative area ratio:    0.73
      Required ratio:    0.00 (Cumulative area) 

    Via: M1M2_PR
      Partial area ratio:    0.18
      Required ratio:    6.00 (Gate area) 
      Cumulative area ratio:    0.41
      Required ratio:    0.00 (Cumulative area) 

    Via: L1M1_PR
      Partial area ratio:    0.23
      Required ratio:    3.00 (Gate area) 
      Cumulative area ratio:    0.23
      Required ratio:    0.00 (Cumulative area) 

  Pin: _14620_/A1 (sky130_fd_sc_hd__mux2_1)
    Layer: met2
      Partial area ratio:   10.58
      Required ratio:    0.00 (Gate area) 
      Partial area ratio:   54.31
      Required ratio: 2956.40 (Side area) 
      Cumulative area ratio:   81.49
      Required ratio:    0.00 (Cumulative area) 
      Cumulative area ratio:  420.53
      Required ratio:    0.00 (Cumulative side area) 

    Layer: met3
      Partial area ratio:    8.55
      Required ratio:    0.00 (Gate area) 
      Partial area ratio:   47.03
      Required ratio: 2956.40 (Side area) 
      Cumulative area ratio:   90.04
      Required ratio:    0.00 (Cumulative area) 
      Cumulative area ratio:  467.57
      Required ratio:    0.00 (Cumulative side area) 

    Layer: met1
      Partial area ratio:    2.20
      Required ratio:    0.00 (Gate area) 
      Partial area ratio:   11.78
      Required ratio:  400.00 (Side area) 
      Cumulative area ratio:    2.20
      Required ratio:    0.00 (Cumulative area) 
      Cumulative area ratio:   11.78
      Required ratio:    0.00 (Cumulative side area) 

    Layer: li1
      Partial area ratio:    0.00
      Required ratio:    0.00 (Gate area) 
      Partial area ratio:    0.00
      Required ratio:   75.00 (Side area) 
      Cumulative area ratio:    0.00
      Required ratio:    0.00 (Cumulative area) 
      Cumulative area ratio:    0.00
      Required ratio:    0.00 (Cumulative side area) 

    Via: M2M3_PR
      Partial area ratio:    0.06
      Required ratio:    6.00 (Gate area) 
      Cumulative area ratio:    1.36
      Required ratio:    0.00 (Cumulative area) 

    Via: M1M2_PR
      Partial area ratio:    0.18
      Required ratio:    6.00 (Gate area) 
      Cumulative area ratio:    0.41
      Required ratio:    0.00 (Cumulative area) 

    Via: L1M1_PR
      Partial area ratio:    0.23
      Required ratio:    3.00 (Gate area) 
      Cumulative area ratio:    0.23
      Required ratio:    0.00 (Cumulative area) 

  Pin: _14277_/A1 (sky130_fd_sc_hd__mux2_1)
    Layer: met1
      Partial area ratio:   24.51
      Required ratio:    0.00 (Gate area) 
      Partial area ratio:  125.67
      Required ratio: 2956.40 (Side area) 
      Cumulative area ratio:   24.51
      Required ratio:    0.00 (Cumulative area) 
      Cumulative area ratio:  125.67
      Required ratio:    0.00 (Cumulative side area) 

    Layer: met2
      Partial area ratio:   10.58
      Required ratio:    0.00 (Gate area) 
      Partial area ratio:   54.31
      Required ratio: 2956.40 (Side area) 
      Cumulative area ratio:   35.09
      Required ratio:    0.00 (Cumulative area) 
      Cumulative area ratio:  179.98
      Required ratio:    0.00 (Cumulative side area) 

    Layer: met3
      Partial area ratio:    8.55
      Required ratio:    0.00 (Gate area) 
      Partial area ratio:   47.03
      Required ratio: 2956.40 (Side area) 
      Cumulative area ratio:   43.64
      Required ratio:    0.00 (Cumulative area) 
      Cumulative area ratio:  227.01
      Required ratio:    0.00 (Cumulative side area) 

    Layer: li1
      Partial area ratio:    0.00
      Required ratio:    0.00 (Gate area) 
      Partial area ratio:    0.00
      Required ratio:   75.00 (Side area) 
      Cumulative area ratio:    0.00
      Required ratio:    0.00 (Cumulative area) 
      Cumulative area ratio:    0.00
      Required ratio:    0.00 (Cumulative side area) 

    Layer: met4
      Partial area ratio:    3.80
      Required ratio:    0.00 (Gate area) 
      Partial area ratio:   20.62
      Required ratio: 2956.40 (Side area) 
      Cumulative area ratio:   28.31
      Required ratio:    0.00 (Cumulative area) 
      Cumulative area ratio:  146.29
      Required ratio:    0.00 (Cumulative side area) 

    Via: M1M2_PR
      Partial area ratio:    0.36
      Required ratio:    6.00 (Gate area) 
      Cumulative area ratio:    0.59
      Required ratio:    0.00 (Cumulative area) 

    Via: M2M3_PR
      Partial area ratio:    0.06
      Required ratio:    6.00 (Gate area) 
      Cumulative area ratio:    0.65
      Required ratio:    0.00 (Cumulative area) 

    Via: L1M1_PR
      Partial area ratio:    0.23
      Required ratio:    3.00 (Gate area) 
      Cumulative area ratio:    0.23
      Required ratio:    0.00 (Cumulative area) 

    Via: M2M3_PR
      Partial area ratio:    0.06
      Required ratio:    6.00 (Gate area) 
      Cumulative area ratio:    0.65
      Required ratio:    0.00 (Cumulative area) 

    Via: M3M4_PR
      Partial area ratio:    0.04
      Required ratio:    6.00 (Gate area) 
      Cumulative area ratio:    0.69
      Required ratio:    0.00 (Cumulative area) 

  Pin: _14414_/A1 (sky130_fd_sc_hd__mux2_1)
    Layer: met4
      Partial area ratio:    3.80
      Required ratio:    0.00 (Gate area) 
      Partial area ratio:   20.62
      Required ratio: 2956.40 (Side area) 
      Cumulative area ratio:  157.58
      Required ratio:    0.00 (Cumulative area) 
      Cumulative area ratio:  812.44
      Required ratio:    0.00 (Cumulative side area) 

    Layer: met3
      Partial area ratio:   33.85
      Required ratio:    0.00 (Gate area) 
      Partial area ratio:  184.32
      Required ratio:  400.00 (Side area) 
      Cumulative area ratio:  153.79
      Required ratio:    0.00 (Cumulative area) 
      Cumulative area ratio:  791.82
      Required ratio:    0.00 (Cumulative side area) 

    Layer: met2
      Partial area ratio:   12.21
      Required ratio:    0.00 (Gate area) 
      Partial area ratio:   62.61
      Required ratio:  400.00 (Side area) 
      Cumulative area ratio:   20.54
      Required ratio:    0.00 (Cumulative area) 
      Cumulative area ratio:  105.06
      Required ratio:    0.00 (Cumulative side area) 

    Layer: met1
      Partial area ratio:    8.33
      Required ratio:    0.00 (Gate area) 
      Partial area ratio:   42.44
      Required ratio:  400.00 (Side area) 
      Cumulative area ratio:    8.33
      Required ratio:    0.00 (Cumulative area) 
      Cumulative area ratio:   42.44
      Required ratio:    0.00 (Cumulative side area) 

    Layer: li1
      Partial area ratio:    0.00
      Required ratio:    0.00 (Gate area) 
      Partial area ratio:    0.00
      Required ratio:   75.00 (Side area) 
      Cumulative area ratio:    0.00
      Required ratio:    0.00 (Cumulative area) 
      Cumulative area ratio:    0.00
      Required ratio:    0.00 (Cumulative side area) 

    Via: M3M4_PR
      Partial area ratio:    0.16
      Required ratio:    6.00 (Gate area) 
      Cumulative area ratio:    1.88
      Required ratio:    0.00 (Cumulative area) 

    Via: M2M3_PR
      Partial area ratio:    0.32
      Required ratio:    6.00 (Gate area) 
      Cumulative area ratio:    0.73
      Required ratio:    0.00 (Cumulative area) 

    Via: M1M2_PR
      Partial area ratio:    0.18
      Required ratio:    6.00 (Gate area) 
      Cumulative area ratio:    0.41
      Required ratio:    0.00 (Cumulative area) 

    Via: L1M1_PR
      Partial area ratio:    0.23
      Required ratio:    3.00 (Gate area) 
      Cumulative area ratio:    0.23
      Required ratio:    0.00 (Cumulative area) 

  Pin: _14484_/A1 (sky130_fd_sc_hd__mux2_1)
    Layer: met4
      Partial area ratio:    3.80
      Required ratio:    0.00 (Gate area) 
      Partial area ratio:   20.62
      Required ratio: 2956.40 (Side area) 
      Cumulative area ratio:  137.04
      Required ratio:    0.00 (Cumulative area) 
      Cumulative area ratio:  707.38
      Required ratio:    0.00 (Cumulative side area) 

    Layer: met3
      Partial area ratio:   33.85
      Required ratio:    0.00 (Gate area) 
      Partial area ratio:  184.32
      Required ratio:  400.00 (Side area) 
      Cumulative area ratio:  133.25
      Required ratio:    0.00 (Cumulative area) 
      Cumulative area ratio:  686.76
      Required ratio:    0.00 (Cumulative side area) 

    Layer: met2
      Partial area ratio:   92.93
      Required ratio:    0.00 (Gate area) 
      Partial area ratio:  467.78
      Required ratio:  400.00 (Side area) (VIOLATED)
      Cumulative area ratio:   99.40
      Required ratio:    0.00 (Cumulative area) 
      Cumulative area ratio:  502.44
      Required ratio:    0.00 (Cumulative side area) 

    Layer: met1
      Partial area ratio:    6.47
      Required ratio:    0.00 (Gate area) 
      Partial area ratio:   34.67
      Required ratio:  400.00 (Side area) 
      Cumulative area ratio:    6.47
      Required ratio:    0.00 (Cumulative area) 
      Cumulative area ratio:   34.67
      Required ratio:    0.00 (Cumulative side area) 

    Layer: li1
      Partial area ratio:    0.00
      Required ratio:    0.00 (Gate area) 
      Partial area ratio:    0.00
      Required ratio:   75.00 (Side area) 
      Cumulative area ratio:    0.00
      Required ratio:    0.00 (Cumulative area) 
      Cumulative area ratio:    0.00
      Required ratio:    0.00 (Cumulative side area) 

    Via: M3M4_PR
      Partial area ratio:    0.16
      Required ratio:    6.00 (Gate area) 
      Cumulative area ratio:    1.38
      Required ratio:    0.00 (Cumulative area) 

    Via: M2M3_PR
      Partial area ratio:    0.63
      Required ratio:    6.00 (Gate area) 
      Cumulative area ratio:    1.22
      Required ratio:    0.00 (Cumulative area) 

    Via: M1M2_PR
      Partial area ratio:    0.36
      Required ratio:    6.00 (Gate area) 
      Cumulative area ratio:    0.59
      Required ratio:    0.00 (Cumulative area) 

    Via: L1M1_PR
      Partial area ratio:    0.23
      Required ratio:    3.00 (Gate area) 
      Cumulative area ratio:    0.23
      Required ratio:    0.00 (Cumulative area) 


Net: _08732_
  Pin: _14302_/A1 (sky130_fd_sc_hd__mux2_1)
    Layer: met2
      Partial area ratio:   15.36
      Required ratio:    0.00 (Gate area) 
      Partial area ratio:   78.84
      Required ratio: 2956.40 (Side area) 
      Cumulative area ratio:   20.65
      Required ratio:    0.00 (Cumulative area) 
      Cumulative area ratio:  106.84
      Required ratio:    0.00 (Cumulative side area) 

    Layer: met1
      Partial area ratio:    5.29
      Required ratio:    0.00 (Gate area) 
      Partial area ratio:   28.00
      Required ratio:  400.00 (Side area) 
      Cumulative area ratio:    5.29
      Required ratio:    0.00 (Cumulative area) 
      Cumulative area ratio:   28.00
      Required ratio:    0.00 (Cumulative side area) 

    Layer: li1
      Partial area ratio:    0.00
      Required ratio:    0.00 (Gate area) 
      Partial area ratio:    0.00
      Required ratio:   75.00 (Side area) 
      Cumulative area ratio:    0.00
      Required ratio:    0.00 (Cumulative area) 
      Cumulative area ratio:    0.00
      Required ratio:    0.00 (Cumulative side area) 

    Layer: met3
      Partial area ratio:   24.77
      Required ratio:    0.00 (Gate area) 
      Partial area ratio:  134.02
      Required ratio: 2956.40 (Side area) 
      Cumulative area ratio:   45.42
      Required ratio:    0.00 (Cumulative area) 
      Cumulative area ratio:  240.86
      Required ratio:    0.00 (Cumulative side area) 

    Via: M2M3_PR
      Partial area ratio:    0.04
      Required ratio:    6.00 (Gate area) 
      Cumulative area ratio:    0.45
      Required ratio:    0.00 (Cumulative area) 

    Via: M1M2_PR
      Partial area ratio:    0.18
      Required ratio:    6.00 (Gate area) 
      Cumulative area ratio:    0.41
      Required ratio:    0.00 (Cumulative area) 

    Via: L1M1_PR
      Partial area ratio:    0.23
      Required ratio:    3.00 (Gate area) 
      Cumulative area ratio:    0.23
      Required ratio:    0.00 (Cumulative area) 

  Pin: _14234_/A1 (sky130_fd_sc_hd__mux2_1)
    Layer: met3
      Partial area ratio:   24.77
      Required ratio:    0.00 (Gate area) 
      Partial area ratio:  134.02
      Required ratio: 2956.40 (Side area) 
      Cumulative area ratio:   46.93
      Required ratio:    0.00 (Cumulative area) 
      Cumulative area ratio:  247.52
      Required ratio:    0.00 (Cumulative side area) 

    Layer: met2
      Partial area ratio:   17.40
      Required ratio:    0.00 (Gate area) 
      Partial area ratio:   88.94
      Required ratio:  400.00 (Side area) 
      Cumulative area ratio:   22.16
      Required ratio:    0.00 (Cumulative area) 
      Cumulative area ratio:  113.50
      Required ratio:    0.00 (Cumulative side area) 

    Layer: met1
      Partial area ratio:    4.76
      Required ratio:    0.00 (Gate area) 
      Partial area ratio:   24.56
      Required ratio:  400.00 (Side area) 
      Cumulative area ratio:    4.76
      Required ratio:    0.00 (Cumulative area) 
      Cumulative area ratio:   24.56
      Required ratio:    0.00 (Cumulative side area) 

    Layer: li1
      Partial area ratio:    0.00
      Required ratio:    0.00 (Gate area) 
      Partial area ratio:    0.00
      Required ratio:   75.00 (Side area) 
      Cumulative area ratio:    0.00
      Required ratio:    0.00 (Cumulative area) 
      Cumulative area ratio:    0.00
      Required ratio:    0.00 (Cumulative side area) 

    Via: M2M3_PR
      Partial area ratio:    0.16
      Required ratio:    6.00 (Gate area) 
      Cumulative area ratio:    0.57
      Required ratio:    0.00 (Cumulative area) 

    Via: M1M2_PR
      Partial area ratio:    0.18
      Required ratio:    6.00 (Gate area) 
      Cumulative area ratio:    0.41
      Required ratio:    0.00 (Cumulative area) 

    Via: L1M1_PR
      Partial area ratio:    0.23
      Required ratio:    3.00 (Gate area) 
      Cumulative area ratio:    0.23
      Required ratio:    0.00 (Cumulative area) 

  Pin: _14509_/A1 (sky130_fd_sc_hd__mux2_1)
    Layer: met3
      Partial area ratio:   24.77
      Required ratio:    0.00 (Gate area) 
      Partial area ratio:  134.02
      Required ratio: 2956.40 (Side area) 
      Cumulative area ratio:   42.17
      Required ratio:    0.00 (Cumulative area) 
      Cumulative area ratio:  222.96
      Required ratio:    0.00 (Cumulative side area) 

    Layer: met2
      Partial area ratio:   17.40
      Required ratio:    0.00 (Gate area) 
      Partial area ratio:   88.94
      Required ratio:  400.00 (Side area) 
      Cumulative area ratio:   17.40
      Required ratio:    0.00 (Cumulative area) 
      Cumulative area ratio:   88.94
      Required ratio:    0.00 (Cumulative side area) 

    Layer: met1
      Partial area ratio:    0.00
      Required ratio:    0.00 (Gate area) 
      Partial area ratio:    0.00
      Required ratio:  400.00 (Side area) 
      Cumulative area ratio:    0.00
      Required ratio:    0.00 (Cumulative area) 
      Cumulative area ratio:    0.00
      Required ratio:    0.00 (Cumulative side area) 

    Layer: li1
      Partial area ratio:    0.00
      Required ratio:    0.00 (Gate area) 
      Partial area ratio:    0.00
      Required ratio:   75.00 (Side area) 
      Cumulative area ratio:    0.00
      Required ratio:    0.00 (Cumulative area) 
      Cumulative area ratio:    0.00
      Required ratio:    0.00 (Cumulative side area) 

    Via: M2M3_PR
      Partial area ratio:    0.16
      Required ratio:    6.00 (Gate area) 
      Cumulative area ratio:    0.57
      Required ratio:    0.00 (Cumulative area) 

    Via: M1M2_PR
      Partial area ratio:    0.18
      Required ratio:    6.00 (Gate area) 
      Cumulative area ratio:    0.41
      Required ratio:    0.00 (Cumulative area) 

    Via: L1M1_PR
      Partial area ratio:    0.23
      Required ratio:    3.00 (Gate area) 
      Cumulative area ratio:    0.23
      Required ratio:    0.00 (Cumulative area) 

  Pin: _14439_/A1 (sky130_fd_sc_hd__mux2_1)
    Layer: met2
      Partial area ratio:   15.36
      Required ratio:    0.00 (Gate area) 
      Partial area ratio:   78.84
      Required ratio: 2956.40 (Side area) 
      Cumulative area ratio:  142.03
      Required ratio:    0.00 (Cumulative area) 
      Cumulative area ratio:  721.51
      Required ratio:    0.00 (Cumulative side area) 

    Layer: met3
      Partial area ratio:   24.77
      Required ratio:    0.00 (Gate area) 
      Partial area ratio:  134.02
      Required ratio: 2956.40 (Side area) 
      Cumulative area ratio:  166.80
      Required ratio:    0.00 (Cumulative area) 
      Cumulative area ratio:  855.53
      Required ratio:    0.00 (Cumulative side area) 

    Layer: met1
      Partial area ratio:   17.02
      Required ratio:    0.00 (Gate area) 
      Partial area ratio:   85.89
      Required ratio:  400.00 (Side area) 
      Cumulative area ratio:   17.02
      Required ratio:    0.00 (Cumulative area) 
      Cumulative area ratio:   85.89
      Required ratio:    0.00 (Cumulative side area) 

    Layer: li1
      Partial area ratio:    0.00
      Required ratio:    0.00 (Gate area) 
      Partial area ratio:    0.00
      Required ratio:   75.00 (Side area) 
      Cumulative area ratio:    0.00
      Required ratio:    0.00 (Cumulative area) 
      Cumulative area ratio:    0.00
      Required ratio:    0.00 (Cumulative side area) 

    Via: M2M3_PR
      Partial area ratio:    0.04
      Required ratio:    6.00 (Gate area) 
      Cumulative area ratio:    1.34
      Required ratio:    0.00 (Cumulative area) 

    Via: M1M2_PR
      Partial area ratio:    0.18
      Required ratio:    6.00 (Gate area) 
      Cumulative area ratio:    0.41
      Required ratio:    0.00 (Cumulative area) 

    Via: L1M1_PR
      Partial area ratio:    0.23
      Required ratio:    3.00 (Gate area) 
      Cumulative area ratio:    0.23
      Required ratio:    0.00 (Cumulative area) 

  Pin: _14577_/A1 (sky130_fd_sc_hd__mux2_1)
    Layer: met2
      Partial area ratio:   15.36
      Required ratio:    0.00 (Gate area) 
      Partial area ratio:   78.84
      Required ratio: 2956.40 (Side area) 
      Cumulative area ratio:  125.00
      Required ratio:    0.00 (Cumulative area) 
      Cumulative area ratio:  635.62
      Required ratio:    0.00 (Cumulative side area) 

    Layer: met3
      Partial area ratio:   24.77
      Required ratio:    0.00 (Gate area) 
      Partial area ratio:  134.02
      Required ratio: 2956.40 (Side area) 
      Cumulative area ratio:  149.78
      Required ratio:    0.00 (Cumulative area) 
      Cumulative area ratio:  769.64
      Required ratio:    0.00 (Cumulative side area) 

    Layer: met1
      Partial area ratio:  107.96
      Required ratio:    0.00 (Gate area) 
      Partial area ratio:  547.56
      Required ratio:  400.00 (Side area) (VIOLATED)
      Cumulative area ratio:  107.96
      Required ratio:    0.00 (Cumulative area) 
      Cumulative area ratio:  547.56
      Required ratio:    0.00 (Cumulative side area) 

    Layer: li1
      Partial area ratio:    0.00
      Required ratio:    0.00 (Gate area) 
      Partial area ratio:    0.00
      Required ratio:   75.00 (Side area) 
      Cumulative area ratio:    0.00
      Required ratio:    0.00 (Cumulative area) 
      Cumulative area ratio:    0.00
      Required ratio:    0.00 (Cumulative side area) 

    Via: M2M3_PR
      Partial area ratio:    0.04
      Required ratio:    6.00 (Gate area) 
      Cumulative area ratio:    1.16
      Required ratio:    0.00 (Cumulative area) 

    Via: M1M2_PR
      Partial area ratio:    0.54
      Required ratio:    6.00 (Gate area) 
      Cumulative area ratio:    0.77
      Required ratio:    0.00 (Cumulative area) 

    Via: L1M1_PR
      Partial area ratio:    0.23
      Required ratio:    3.00 (Gate area) 
      Cumulative area ratio:    0.23
      Required ratio:    0.00 (Cumulative area) 

  Pin: _14165_/A1 (sky130_fd_sc_hd__mux2_1)
    Layer: met2
      Partial area ratio:   15.36
      Required ratio:    0.00 (Gate area) 
      Partial area ratio:   78.84
      Required ratio: 2956.40 (Side area) 
      Cumulative area ratio:  133.34
      Required ratio:    0.00 (Cumulative area) 
      Cumulative area ratio:  678.06
      Required ratio:    0.00 (Cumulative side area) 

    Layer: met3
      Partial area ratio:   24.77
      Required ratio:    0.00 (Gate area) 
      Partial area ratio:  134.02
      Required ratio: 2956.40 (Side area) 
      Cumulative area ratio:  158.11
      Required ratio:    0.00 (Cumulative area) 
      Cumulative area ratio:  812.08
      Required ratio:    0.00 (Cumulative side area) 

    Layer: met1
      Partial area ratio:    8.33
      Required ratio:    0.00 (Gate area) 
      Partial area ratio:   42.44
      Required ratio:  400.00 (Side area) 
      Cumulative area ratio:    8.33
      Required ratio:    0.00 (Cumulative area) 
      Cumulative area ratio:   42.44
      Required ratio:    0.00 (Cumulative side area) 

    Layer: li1
      Partial area ratio:    0.00
      Required ratio:    0.00 (Gate area) 
      Partial area ratio:    0.00
      Required ratio:   75.00 (Side area) 
      Cumulative area ratio:    0.00
      Required ratio:    0.00 (Cumulative area) 
      Cumulative area ratio:    0.00
      Required ratio:    0.00 (Cumulative side area) 

    Via: M2M3_PR
      Partial area ratio:    0.04
      Required ratio:    6.00 (Gate area) 
      Cumulative area ratio:    1.34
      Required ratio:    0.00 (Cumulative area) 

    Via: M1M2_PR
      Partial area ratio:    0.18
      Required ratio:    6.00 (Gate area) 
      Cumulative area ratio:    0.41
      Required ratio:    0.00 (Cumulative area) 

    Via: L1M1_PR
      Partial area ratio:    0.23
      Required ratio:    3.00 (Gate area) 
      Cumulative area ratio:    0.23
      Required ratio:    0.00 (Cumulative area) 

  Pin: _14095_/A1 (sky130_fd_sc_hd__mux2_1)
    Layer: met2
      Partial area ratio:   15.36
      Required ratio:    0.00 (Gate area) 
      Partial area ratio:   78.84
      Required ratio: 2956.40 (Side area) 
      Cumulative area ratio:  127.20
      Required ratio:    0.00 (Cumulative area) 
      Cumulative area ratio:  647.40
      Required ratio:    0.00 (Cumulative side area) 

    Layer: met3
      Partial area ratio:   24.77
      Required ratio:    0.00 (Gate area) 
      Partial area ratio:  134.02
      Required ratio: 2956.40 (Side area) 
      Cumulative area ratio:  151.98
      Required ratio:    0.00 (Cumulative area) 
      Cumulative area ratio:  781.41
      Required ratio:    0.00 (Cumulative side area) 

    Layer: met1
      Partial area ratio:    2.20
      Required ratio:    0.00 (Gate area) 
      Partial area ratio:   11.78
      Required ratio:  400.00 (Side area) 
      Cumulative area ratio:    2.20
      Required ratio:    0.00 (Cumulative area) 
      Cumulative area ratio:   11.78
      Required ratio:    0.00 (Cumulative side area) 

    Layer: li1
      Partial area ratio:    0.00
      Required ratio:    0.00 (Gate area) 
      Partial area ratio:    0.00
      Required ratio:   75.00 (Side area) 
      Cumulative area ratio:    0.00
      Required ratio:    0.00 (Cumulative area) 
      Cumulative area ratio:    0.00
      Required ratio:    0.00 (Cumulative side area) 

    Via: M2M3_PR
      Partial area ratio:    0.04
      Required ratio:    6.00 (Gate area) 
      Cumulative area ratio:    1.34
      Required ratio:    0.00 (Cumulative area) 

    Via: M1M2_PR
      Partial area ratio:    0.18
      Required ratio:    6.00 (Gate area) 
      Cumulative area ratio:    0.41
      Required ratio:    0.00 (Cumulative area) 

    Via: L1M1_PR
      Partial area ratio:    0.23
      Required ratio:    3.00 (Gate area) 
      Cumulative area ratio:    0.23
      Required ratio:    0.00 (Cumulative area) 

  Pin: _14370_/A1 (sky130_fd_sc_hd__mux2_1)
    Layer: met2
      Partial area ratio:   15.36
      Required ratio:    0.00 (Gate area) 
      Partial area ratio:   78.84
      Required ratio: 2956.40 (Side area) 
      Cumulative area ratio:   17.05
      Required ratio:    0.00 (Cumulative area) 
      Cumulative area ratio:   88.06
      Required ratio:    0.00 (Cumulative side area) 

    Layer: met3
      Partial area ratio:   24.77
      Required ratio:    0.00 (Gate area) 
      Partial area ratio:  134.02
      Required ratio: 2956.40 (Side area) 
      Cumulative area ratio:   41.82
      Required ratio:    0.00 (Cumulative area) 
      Cumulative area ratio:  222.08
      Required ratio:    0.00 (Cumulative side area) 

    Layer: met1
      Partial area ratio:    0.00
      Required ratio:    0.00 (Gate area) 
      Partial area ratio:    0.00
      Required ratio:  400.00 (Side area) 
      Cumulative area ratio:    0.00
      Required ratio:    0.00 (Cumulative area) 
      Cumulative area ratio:    0.00
      Required ratio:    0.00 (Cumulative side area) 

    Layer: li1
      Partial area ratio:    0.00
      Required ratio:    0.00 (Gate area) 
      Partial area ratio:    0.00
      Required ratio:   75.00 (Side area) 
      Cumulative area ratio:    0.00
      Required ratio:    0.00 (Cumulative area) 
      Cumulative area ratio:    0.00
      Required ratio:    0.00 (Cumulative side area) 

    Via: M2M3_PR
      Partial area ratio:    0.04
      Required ratio:    6.00 (Gate area) 
      Cumulative area ratio:    0.80
      Required ratio:    0.00 (Cumulative area) 

    Via: M1M2_PR
      Partial area ratio:    0.18
      Required ratio:    6.00 (Gate area) 
      Cumulative area ratio:    0.41
      Required ratio:    0.00 (Cumulative area) 

    Via: L1M1_PR
      Partial area ratio:    0.23
      Required ratio:    3.00 (Gate area) 
      Cumulative area ratio:    0.23
      Required ratio:    0.00 (Cumulative area) 

  Pin: _14012_/A1 (sky130_fd_sc_hd__mux2_1)
    Layer: met2
      Partial area ratio:   15.36
      Required ratio:    0.00 (Gate area) 
      Partial area ratio:   78.84
      Required ratio: 2956.40 (Side area) 
      Cumulative area ratio:   17.05
      Required ratio:    0.00 (Cumulative area) 
      Cumulative area ratio:   88.06
      Required ratio:    0.00 (Cumulative side area) 

    Layer: met3
      Partial area ratio:   24.77
      Required ratio:    0.00 (Gate area) 
      Partial area ratio:  134.02
      Required ratio: 2956.40 (Side area) 
      Cumulative area ratio:   41.82
      Required ratio:    0.00 (Cumulative area) 
      Cumulative area ratio:  222.08
      Required ratio:    0.00 (Cumulative side area) 

    Layer: met1
      Partial area ratio:    0.00
      Required ratio:    0.00 (Gate area) 
      Partial area ratio:    0.00
      Required ratio:  400.00 (Side area) 
      Cumulative area ratio:    0.00
      Required ratio:    0.00 (Cumulative area) 
      Cumulative area ratio:    0.00
      Required ratio:    0.00 (Cumulative side area) 

    Layer: li1
      Partial area ratio:    0.00
      Required ratio:    0.00 (Gate area) 
      Partial area ratio:    0.00
      Required ratio:   75.00 (Side area) 
      Cumulative area ratio:    0.00
      Required ratio:    0.00 (Cumulative area) 
      Cumulative area ratio:    0.00
      Required ratio:    0.00 (Cumulative side area) 

    Via: M2M3_PR
      Partial area ratio:    0.04
      Required ratio:    6.00 (Gate area) 
      Cumulative area ratio:    0.80
      Required ratio:    0.00 (Cumulative area) 

    Via: M1M2_PR
      Partial area ratio:    0.18
      Required ratio:    6.00 (Gate area) 
      Cumulative area ratio:    0.41
      Required ratio:    0.00 (Cumulative area) 

    Via: L1M1_PR
      Partial area ratio:    0.23
      Required ratio:    3.00 (Gate area) 
      Cumulative area ratio:    0.23
      Required ratio:    0.00 (Cumulative area) 

  Pin: _14645_/A1 (sky130_fd_sc_hd__mux2_1)
    Layer: met2
      Partial area ratio:   15.36
      Required ratio:    0.00 (Gate area) 
      Partial area ratio:   78.84
      Required ratio: 2956.40 (Side area) 
      Cumulative area ratio:   17.05
      Required ratio:    0.00 (Cumulative area) 
      Cumulative area ratio:   88.06
      Required ratio:    0.00 (Cumulative side area) 

    Layer: met3
      Partial area ratio:   24.77
      Required ratio:    0.00 (Gate area) 
      Partial area ratio:  134.02
      Required ratio: 2956.40 (Side area) 
      Cumulative area ratio:   41.82
      Required ratio:    0.00 (Cumulative area) 
      Cumulative area ratio:  222.08
      Required ratio:    0.00 (Cumulative side area) 

    Layer: met1
      Partial area ratio:    1.69
      Required ratio:    0.00 (Gate area) 
      Partial area ratio:    9.22
      Required ratio:  400.00 (Side area) 
      Cumulative area ratio:    1.69
      Required ratio:    0.00 (Cumulative area) 
      Cumulative area ratio:    9.22
      Required ratio:    0.00 (Cumulative side area) 

    Layer: li1
      Partial area ratio:    0.00
      Required ratio:    0.00 (Gate area) 
      Partial area ratio:    0.00
      Required ratio:   75.00 (Side area) 
      Cumulative area ratio:    0.00
      Required ratio:    0.00 (Cumulative area) 
      Cumulative area ratio:    0.00
      Required ratio:    0.00 (Cumulative side area) 

    Via: M2M3_PR
      Partial area ratio:    0.04
      Required ratio:    6.00 (Gate area) 
      Cumulative area ratio:    0.63
      Required ratio:    0.00 (Cumulative area) 

    Via: M1M2_PR
      Partial area ratio:    0.36
      Required ratio:    6.00 (Gate area) 
      Cumulative area ratio:    0.59
      Required ratio:    0.00 (Cumulative area) 

    Via: L1M1_PR
      Partial area ratio:    0.23
      Required ratio:    3.00 (Gate area) 
      Cumulative area ratio:    0.23
      Required ratio:    0.00 (Cumulative area) 


Net: _08734_
  Pin: _14236_/A1 (sky130_fd_sc_hd__mux2_1)
    Layer: met2
      Partial area ratio:   15.16
      Required ratio:    0.00 (Gate area) 
      Partial area ratio:   77.27
      Required ratio: 2956.40 (Side area) 
      Cumulative area ratio:  158.42
      Required ratio:    0.00 (Cumulative area) 
      Cumulative area ratio:  806.04
      Required ratio:    0.00 (Cumulative side area) 

    Layer: met1
      Partial area ratio:    2.71
      Required ratio:    0.00 (Gate area) 
      Partial area ratio:   14.33
      Required ratio:  400.00 (Side area) 
      Cumulative area ratio:    2.71
      Required ratio:    0.00 (Cumulative area) 
      Cumulative area ratio:   14.33
      Required ratio:    0.00 (Cumulative side area) 

    Layer: li1
      Partial area ratio:    0.00
      Required ratio:    0.00 (Gate area) 
      Partial area ratio:    0.00
      Required ratio:   75.00 (Side area) 
      Cumulative area ratio:    0.00
      Required ratio:    0.00 (Cumulative area) 
      Cumulative area ratio:    0.00
      Required ratio:    0.00 (Cumulative side area) 

    Via: M1M2_PR
      Partial area ratio:    0.18
      Required ratio:    6.00 (Gate area) 
      Cumulative area ratio:    0.41
      Required ratio:    0.00 (Cumulative area) 

    Via: L1M1_PR
      Partial area ratio:    0.23
      Required ratio:    3.00 (Gate area) 
      Cumulative area ratio:    0.23
      Required ratio:    0.00 (Cumulative area) 

  Pin: _14511_/A1 (sky130_fd_sc_hd__mux2_1)
    Layer: met2
      Partial area ratio:   15.16
      Required ratio:    0.00 (Gate area) 
      Partial area ratio:   77.27
      Required ratio: 2956.40 (Side area) 
      Cumulative area ratio:  155.71
      Required ratio:    0.00 (Cumulative area) 
      Cumulative area ratio:  791.71
      Required ratio:    0.00 (Cumulative side area) 

    Layer: met1
      Partial area ratio:    0.00
      Required ratio:    0.00 (Gate area) 
      Partial area ratio:    0.00
      Required ratio:  400.00 (Side area) 
      Cumulative area ratio:    0.00
      Required ratio:    0.00 (Cumulative area) 
      Cumulative area ratio:    0.00
      Required ratio:    0.00 (Cumulative side area) 

    Layer: li1
      Partial area ratio:    0.00
      Required ratio:    0.00 (Gate area) 
      Partial area ratio:    0.00
      Required ratio:   75.00 (Side area) 
      Cumulative area ratio:    0.00
      Required ratio:    0.00 (Cumulative area) 
      Cumulative area ratio:    0.00
      Required ratio:    0.00 (Cumulative side area) 

    Via: M1M2_PR
      Partial area ratio:    0.18
      Required ratio:    6.00 (Gate area) 
      Cumulative area ratio:    0.41
      Required ratio:    0.00 (Cumulative area) 

    Via: L1M1_PR
      Partial area ratio:    0.23
      Required ratio:    3.00 (Gate area) 
      Cumulative area ratio:    0.23
      Required ratio:    0.00 (Cumulative area) 

  Pin: _14372_/A1 (sky130_fd_sc_hd__mux2_1)
    Layer: met2
      Partial area ratio:   15.16
      Required ratio:    0.00 (Gate area) 
      Partial area ratio:   77.27
      Required ratio: 2956.40 (Side area) 
      Cumulative area ratio:  155.71
      Required ratio:    0.00 (Cumulative area) 
      Cumulative area ratio:  791.71
      Required ratio:    0.00 (Cumulative side area) 

    Layer: met1
      Partial area ratio:    0.00
      Required ratio:    0.00 (Gate area) 
      Partial area ratio:    0.00
      Required ratio:  400.00 (Side area) 
      Cumulative area ratio:    0.00
      Required ratio:    0.00 (Cumulative area) 
      Cumulative area ratio:    0.00
      Required ratio:    0.00 (Cumulative side area) 

    Layer: li1
      Partial area ratio:    0.00
      Required ratio:    0.00 (Gate area) 
      Partial area ratio:    0.00
      Required ratio:   75.00 (Side area) 
      Cumulative area ratio:    0.00
      Required ratio:    0.00 (Cumulative area) 
      Cumulative area ratio:    0.00
      Required ratio:    0.00 (Cumulative side area) 

    Via: M1M2_PR
      Partial area ratio:    0.18
      Required ratio:    6.00 (Gate area) 
      Cumulative area ratio:    0.41
      Required ratio:    0.00 (Cumulative area) 

    Via: L1M1_PR
      Partial area ratio:    0.23
      Required ratio:    3.00 (Gate area) 
      Cumulative area ratio:    0.23
      Required ratio:    0.00 (Cumulative area) 

  Pin: _14647_/A1 (sky130_fd_sc_hd__mux2_1)
    Layer: met2
      Partial area ratio:   15.16
      Required ratio:    0.00 (Gate area) 
      Partial area ratio:   77.27
      Required ratio: 2956.40 (Side area) 
      Cumulative area ratio:  155.71
      Required ratio:    0.00 (Cumulative area) 
      Cumulative area ratio:  791.71
      Required ratio:    0.00 (Cumulative side area) 

    Layer: met1
      Partial area ratio:  119.56
      Required ratio:    0.00 (Gate area) 
      Partial area ratio:  604.00
      Required ratio:  400.00 (Side area) (VIOLATED)
      Cumulative area ratio:  119.56
      Required ratio:    0.00 (Cumulative area) 
      Cumulative area ratio:  604.00
      Required ratio:    0.00 (Cumulative side area) 

    Layer: li1
      Partial area ratio:    0.00
      Required ratio:    0.00 (Gate area) 
      Partial area ratio:    0.00
      Required ratio:   75.00 (Side area) 
      Cumulative area ratio:    0.00
      Required ratio:    0.00 (Cumulative area) 
      Cumulative area ratio:    0.00
      Required ratio:    0.00 (Cumulative side area) 

    Via: M1M2_PR
      Partial area ratio:    0.71
      Required ratio:    6.00 (Gate area) 
      Cumulative area ratio:    0.94
      Required ratio:    0.00 (Cumulative area) 

    Via: L1M1_PR
      Partial area ratio:    0.23
      Required ratio:    3.00 (Gate area) 
      Cumulative area ratio:    0.23
      Required ratio:    0.00 (Cumulative area) 

  Pin: _14097_/A1 (sky130_fd_sc_hd__mux2_1)
    Layer: met2
      Partial area ratio:   15.16
      Required ratio:    0.00 (Gate area) 
      Partial area ratio:   77.27
      Required ratio: 2956.40 (Side area) 
      Cumulative area ratio:  180.40
      Required ratio:    0.00 (Cumulative area) 
      Cumulative area ratio:  919.82
      Required ratio:    0.00 (Cumulative side area) 

    Layer: met1
      Partial area ratio:   20.40
      Required ratio:    0.00 (Gate area) 
      Partial area ratio:  104.33
      Required ratio:  400.00 (Side area) 
      Cumulative area ratio:   20.40
      Required ratio:    0.00 (Cumulative area) 
      Cumulative area ratio:  104.33
      Required ratio:    0.00 (Cumulative side area) 

    Layer: li1
      Partial area ratio:    0.00
      Required ratio:    0.00 (Gate area) 
      Partial area ratio:    0.00
      Required ratio:   75.00 (Side area) 
      Cumulative area ratio:    0.00
      Required ratio:    0.00 (Cumulative area) 
      Cumulative area ratio:    0.00
      Required ratio:    0.00 (Cumulative side area) 

    Via: M1M2_PR
      Partial area ratio:    0.54
      Required ratio:    6.00 (Gate area) 
      Cumulative area ratio:    0.77
      Required ratio:    0.00 (Cumulative area) 

    Via: L1M1_PR
      Partial area ratio:    0.23
      Required ratio:    3.00 (Gate area) 
      Cumulative area ratio:    0.23
      Required ratio:    0.00 (Cumulative area) 

  Pin: _14579_/A1 (sky130_fd_sc_hd__mux2_1)
    Layer: met2
      Partial area ratio:   15.16
      Required ratio:    0.00 (Gate area) 
      Partial area ratio:   77.27
      Required ratio: 2956.40 (Side area) 
      Cumulative area ratio:  234.96
      Required ratio:    0.00 (Cumulative area) 
      Cumulative area ratio: 1197.27
      Required ratio:    0.00 (Cumulative side area) 

    Layer: met1
      Partial area ratio:   54.56
      Required ratio:    0.00 (Gate area) 
      Partial area ratio:  277.44
      Required ratio:  400.00 (Side area) 
      Cumulative area ratio:   54.56
      Required ratio:    0.00 (Cumulative area) 
      Cumulative area ratio:  277.44
      Required ratio:    0.00 (Cumulative side area) 

    Layer: li1
      Partial area ratio:    0.00
      Required ratio:    0.00 (Gate area) 
      Partial area ratio:    0.00
      Required ratio:   75.00 (Side area) 
      Cumulative area ratio:    0.00
      Required ratio:    0.00 (Cumulative area) 
      Cumulative area ratio:    0.00
      Required ratio:    0.00 (Cumulative side area) 

    Via: M1M2_PR
      Partial area ratio:    0.36
      Required ratio:    6.00 (Gate area) 
      Cumulative area ratio:    0.59
      Required ratio:    0.00 (Cumulative area) 

    Via: L1M1_PR
      Partial area ratio:    0.23
      Required ratio:    3.00 (Gate area) 
      Cumulative area ratio:    0.23
      Required ratio:    0.00 (Cumulative area) 

  Pin: _14441_/A1 (sky130_fd_sc_hd__mux2_1)
    Layer: met2
      Partial area ratio:   15.16
      Required ratio:    0.00 (Gate area) 
      Partial area ratio:   77.27
      Required ratio: 2956.40 (Side area) 
      Cumulative area ratio:  234.96
      Required ratio:    0.00 (Cumulative area) 
      Cumulative area ratio: 1197.27
      Required ratio:    0.00 (Cumulative side area) 

    Layer: met1
      Partial area ratio:    0.00
      Required ratio:    0.00 (Gate area) 
      Partial area ratio:    0.00
      Required ratio:  400.00 (Side area) 
      Cumulative area ratio:    0.00
      Required ratio:    0.00 (Cumulative area) 
      Cumulative area ratio:    0.00
      Required ratio:    0.00 (Cumulative side area) 

    Layer: li1
      Partial area ratio:    0.00
      Required ratio:    0.00 (Gate area) 
      Partial area ratio:    0.00
      Required ratio:   75.00 (Side area) 
      Cumulative area ratio:    0.00
      Required ratio:    0.00 (Cumulative area) 
      Cumulative area ratio:    0.00
      Required ratio:    0.00 (Cumulative side area) 

    Via: M1M2_PR
      Partial area ratio:    0.18
      Required ratio:    6.00 (Gate area) 
      Cumulative area ratio:    0.41
      Required ratio:    0.00 (Cumulative area) 

    Via: L1M1_PR
      Partial area ratio:    0.23
      Required ratio:    3.00 (Gate area) 
      Cumulative area ratio:    0.23
      Required ratio:    0.00 (Cumulative area) 

  Pin: _14167_/A1 (sky130_fd_sc_hd__mux2_1)
    Layer: met2
      Partial area ratio:   15.16
      Required ratio:    0.00 (Gate area) 
      Partial area ratio:   77.27
      Required ratio: 2956.40 (Side area) 
      Cumulative area ratio:  180.40
      Required ratio:    0.00 (Cumulative area) 
      Cumulative area ratio:  919.82
      Required ratio:    0.00 (Cumulative side area) 

    Layer: met1
      Partial area ratio:    0.00
      Required ratio:    0.00 (Gate area) 
      Partial area ratio:    0.00
      Required ratio:  400.00 (Side area) 
      Cumulative area ratio:    0.00
      Required ratio:    0.00 (Cumulative area) 
      Cumulative area ratio:    0.00
      Required ratio:    0.00 (Cumulative side area) 

    Layer: li1
      Partial area ratio:    0.00
      Required ratio:    0.00 (Gate area) 
      Partial area ratio:    0.00
      Required ratio:   75.00 (Side area) 
      Cumulative area ratio:    0.00
      Required ratio:    0.00 (Cumulative area) 
      Cumulative area ratio:    0.00
      Required ratio:    0.00 (Cumulative side area) 

    Via: M1M2_PR
      Partial area ratio:    0.18
      Required ratio:    6.00 (Gate area) 
      Cumulative area ratio:    0.41
      Required ratio:    0.00 (Cumulative area) 

    Via: L1M1_PR
      Partial area ratio:    0.23
      Required ratio:    3.00 (Gate area) 
      Cumulative area ratio:    0.23
      Required ratio:    0.00 (Cumulative area) 

  Pin: _14015_/A1 (sky130_fd_sc_hd__mux2_1)
    Layer: met2
      Partial area ratio:   15.16
      Required ratio:    0.00 (Gate area) 
      Partial area ratio:   77.27
      Required ratio: 2956.40 (Side area) 
      Cumulative area ratio:  160.00
      Required ratio:    0.00 (Cumulative area) 
      Cumulative area ratio:  815.49
      Required ratio:    0.00 (Cumulative side area) 

    Layer: met1
      Partial area ratio:    4.29
      Required ratio:    0.00 (Gate area) 
      Partial area ratio:   23.78
      Required ratio:  400.00 (Side area) 
      Cumulative area ratio:    4.29
      Required ratio:    0.00 (Cumulative area) 
      Cumulative area ratio:   23.78
      Required ratio:    0.00 (Cumulative side area) 

    Layer: li1
      Partial area ratio:    0.00
      Required ratio:    0.00 (Gate area) 
      Partial area ratio:    0.00
      Required ratio:   75.00 (Side area) 
      Cumulative area ratio:    0.00
      Required ratio:    0.00 (Cumulative area) 
      Cumulative area ratio:    0.00
      Required ratio:    0.00 (Cumulative side area) 

    Via: M1M2_PR
      Partial area ratio:    0.36
      Required ratio:    6.00 (Gate area) 
      Cumulative area ratio:    0.59
      Required ratio:    0.00 (Cumulative area) 

    Via: L1M1_PR
      Partial area ratio:    0.23
      Required ratio:    3.00 (Gate area) 
      Cumulative area ratio:    0.23
      Required ratio:    0.00 (Cumulative area) 

  Pin: _14304_/A1 (sky130_fd_sc_hd__mux2_1)
    Layer: met2
      Partial area ratio:   15.16
      Required ratio:    0.00 (Gate area) 
      Partial area ratio:   77.27
      Required ratio: 2956.40 (Side area) 
      Cumulative area ratio:   36.16
      Required ratio:    0.00 (Cumulative area) 
      Cumulative area ratio:  187.71
      Required ratio:    0.00 (Cumulative side area) 

    Layer: met1
      Partial area ratio:   21.00
      Required ratio:    0.00 (Gate area) 
      Partial area ratio:  110.44
      Required ratio:  400.00 (Side area) 
      Cumulative area ratio:   21.00
      Required ratio:    0.00 (Cumulative area) 
      Cumulative area ratio:  110.44
      Required ratio:    0.00 (Cumulative side area) 

    Layer: li1
      Partial area ratio:    0.00
      Required ratio:    0.00 (Gate area) 
      Partial area ratio:    0.00
      Required ratio:   75.00 (Side area) 
      Cumulative area ratio:    0.00
      Required ratio:    0.00 (Cumulative area) 
      Cumulative area ratio:    0.00
      Required ratio:    0.00 (Cumulative side area) 

    Via: M1M2_PR
      Partial area ratio:    0.36
      Required ratio:    6.00 (Gate area) 
      Cumulative area ratio:    0.59
      Required ratio:    0.00 (Cumulative area) 

    Via: L1M1_PR
      Partial area ratio:    0.23
      Required ratio:    3.00 (Gate area) 
      Cumulative area ratio:    0.23
      Required ratio:    0.00 (Cumulative area) 


Net: _08741_
  Pin: _14518_/A1 (sky130_fd_sc_hd__mux2_1)
    Layer: met2
      Partial area ratio:   20.41
      Required ratio:    0.00 (Gate area) 
      Partial area ratio:  103.29
      Required ratio: 2918.08 (Side area) 
      Cumulative area ratio:  111.19
      Required ratio:    0.00 (Cumulative area) 
      Cumulative area ratio:  566.51
      Required ratio:    0.00 (Cumulative side area) 

    Layer: met1
      Partial area ratio:   90.78
      Required ratio:    0.00 (Gate area) 
      Partial area ratio:  463.22
      Required ratio:  400.00 (Side area) (VIOLATED)
      Cumulative area ratio:   90.78
      Required ratio:    0.00 (Cumulative area) 
      Cumulative area ratio:  463.22
      Required ratio:    0.00 (Cumulative side area) 

    Layer: li1
      Partial area ratio:    0.00
      Required ratio:    0.00 (Gate area) 
      Partial area ratio:    0.00
      Required ratio:   75.00 (Side area) 
      Cumulative area ratio:    0.00
      Required ratio:    0.00 (Cumulative area) 
      Cumulative area ratio:    0.00
      Required ratio:    0.00 (Cumulative side area) 

    Layer: met3
      Partial area ratio:    4.12
      Required ratio:    0.00 (Gate area) 
      Partial area ratio:   22.37
      Required ratio: 2918.08 (Side area) 
      Cumulative area ratio:  115.31
      Required ratio:    0.00 (Cumulative area) 
      Cumulative area ratio:  588.88
      Required ratio:    0.00 (Cumulative side area) 

    Via: M2M3_PR
      Partial area ratio:    0.05
      Required ratio:    6.00 (Gate area) 
      Cumulative area ratio:    0.99
      Required ratio:    0.00 (Cumulative area) 

    Via: M1M2_PR
      Partial area ratio:    0.71
      Required ratio:    6.00 (Gate area) 
      Cumulative area ratio:    0.94
      Required ratio:    0.00 (Cumulative area) 

    Via: L1M1_PR
      Partial area ratio:    0.23
      Required ratio:    3.00 (Gate area) 
      Cumulative area ratio:    0.23
      Required ratio:    0.00 (Cumulative area) 

  Pin: _14448_/A1 (sky130_fd_sc_hd__mux2_1)
    Layer: met2
      Partial area ratio:   20.41
      Required ratio:    0.00 (Gate area) 
      Partial area ratio:  103.29
      Required ratio: 2918.08 (Side area) 
      Cumulative area ratio:  118.17
      Required ratio:    0.00 (Cumulative area) 
      Cumulative area ratio:  603.73
      Required ratio:    0.00 (Cumulative side area) 

    Layer: met1
      Partial area ratio:    6.98
      Required ratio:    0.00 (Gate area) 
      Partial area ratio:   37.22
      Required ratio:  400.00 (Side area) 
      Cumulative area ratio:    6.98
      Required ratio:    0.00 (Cumulative area) 
      Cumulative area ratio:   37.22
      Required ratio:    0.00 (Cumulative side area) 

    Layer: li1
      Partial area ratio:    0.00
      Required ratio:    0.00 (Gate area) 
      Partial area ratio:    0.00
      Required ratio:   75.00 (Side area) 
      Cumulative area ratio:    0.00
      Required ratio:    0.00 (Cumulative area) 
      Cumulative area ratio:    0.00
      Required ratio:    0.00 (Cumulative side area) 

    Layer: met3
      Partial area ratio:    4.12
      Required ratio:    0.00 (Gate area) 
      Partial area ratio:   22.37
      Required ratio: 2918.08 (Side area) 
      Cumulative area ratio:  122.29
      Required ratio:    0.00 (Cumulative area) 
      Cumulative area ratio:  626.10
      Required ratio:    0.00 (Cumulative side area) 

    Via: M2M3_PR
      Partial area ratio:    0.05
      Required ratio:    6.00 (Gate area) 
      Cumulative area ratio:    1.17
      Required ratio:    0.00 (Cumulative area) 

    Via: M1M2_PR
      Partial area ratio:    0.18
      Required ratio:    6.00 (Gate area) 
      Cumulative area ratio:    0.41
      Required ratio:    0.00 (Cumulative area) 

    Via: L1M1_PR
      Partial area ratio:    0.23
      Required ratio:    3.00 (Gate area) 
      Cumulative area ratio:    0.23
      Required ratio:    0.00 (Cumulative area) 

  Pin: _14586_/A1 (sky130_fd_sc_hd__mux2_1)
    Layer: met2
      Partial area ratio:   20.41
      Required ratio:    0.00 (Gate area) 
      Partial area ratio:  103.29
      Required ratio: 2918.08 (Side area) 
      Cumulative area ratio:  119.01
      Required ratio:    0.00 (Cumulative area) 
      Cumulative area ratio:  606.40
      Required ratio:    0.00 (Cumulative side area) 

    Layer: met1
      Partial area ratio:    7.82
      Required ratio:    0.00 (Gate area) 
      Partial area ratio:   39.89
      Required ratio:  400.00 (Side area) 
      Cumulative area ratio:    7.82
      Required ratio:    0.00 (Cumulative area) 
      Cumulative area ratio:   39.89
      Required ratio:    0.00 (Cumulative side area) 

    Layer: li1
      Partial area ratio:    0.00
      Required ratio:    0.00 (Gate area) 
      Partial area ratio:    0.00
      Required ratio:   75.00 (Side area) 
      Cumulative area ratio:    0.00
      Required ratio:    0.00 (Cumulative area) 
      Cumulative area ratio:    0.00
      Required ratio:    0.00 (Cumulative side area) 

    Layer: met3
      Partial area ratio:    4.12
      Required ratio:    0.00 (Gate area) 
      Partial area ratio:   22.37
      Required ratio: 2918.08 (Side area) 
      Cumulative area ratio:  123.14
      Required ratio:    0.00 (Cumulative area) 
      Cumulative area ratio:  628.77
      Required ratio:    0.00 (Cumulative side area) 

    Via: M2M3_PR
      Partial area ratio:    0.05
      Required ratio:    6.00 (Gate area) 
      Cumulative area ratio:    1.17
      Required ratio:    0.00 (Cumulative area) 

    Via: M1M2_PR
      Partial area ratio:    0.18
      Required ratio:    6.00 (Gate area) 
      Cumulative area ratio:    0.41
      Required ratio:    0.00 (Cumulative area) 

    Via: L1M1_PR
      Partial area ratio:    0.23
      Required ratio:    3.00 (Gate area) 
      Cumulative area ratio:    0.23
      Required ratio:    0.00 (Cumulative area) 

  Pin: _14243_/A1 (sky130_fd_sc_hd__mux2_1)
    Layer: met2
      Partial area ratio:   20.41
      Required ratio:    0.00 (Gate area) 
      Partial area ratio:  103.29
      Required ratio: 2918.08 (Side area) 
      Cumulative area ratio:  120.57
      Required ratio:    0.00 (Cumulative area) 
      Cumulative area ratio:  614.95
      Required ratio:    0.00 (Cumulative side area) 

    Layer: met1
      Partial area ratio:    9.38
      Required ratio:    0.00 (Gate area) 
      Partial area ratio:   48.44
      Required ratio:  400.00 (Side area) 
      Cumulative area ratio:    9.38
      Required ratio:    0.00 (Cumulative area) 
      Cumulative area ratio:   48.44
      Required ratio:    0.00 (Cumulative side area) 

    Layer: li1
      Partial area ratio:    0.00
      Required ratio:    0.00 (Gate area) 
      Partial area ratio:    0.00
      Required ratio:   75.00 (Side area) 
      Cumulative area ratio:    0.00
      Required ratio:    0.00 (Cumulative area) 
      Cumulative area ratio:    0.00
      Required ratio:    0.00 (Cumulative side area) 

    Layer: met3
      Partial area ratio:    4.12
      Required ratio:    0.00 (Gate area) 
      Partial area ratio:   22.37
      Required ratio: 2918.08 (Side area) 
      Cumulative area ratio:  124.69
      Required ratio:    0.00 (Cumulative area) 
      Cumulative area ratio:  637.33
      Required ratio:    0.00 (Cumulative side area) 

    Via: M2M3_PR
      Partial area ratio:    0.05
      Required ratio:    6.00 (Gate area) 
      Cumulative area ratio:    1.17
      Required ratio:    0.00 (Cumulative area) 

    Via: M1M2_PR
      Partial area ratio:    0.18
      Required ratio:    6.00 (Gate area) 
      Cumulative area ratio:    0.41
      Required ratio:    0.00 (Cumulative area) 

    Via: L1M1_PR
      Partial area ratio:    0.23
      Required ratio:    3.00 (Gate area) 
      Cumulative area ratio:    0.23
      Required ratio:    0.00 (Cumulative area) 

  Pin: _14379_/A1 (sky130_fd_sc_hd__mux2_1)
    Layer: met2
      Partial area ratio:   20.41
      Required ratio:    0.00 (Gate area) 
      Partial area ratio:  103.29
      Required ratio: 2918.08 (Side area) 
      Cumulative area ratio:  117.15
      Required ratio:    0.00 (Cumulative area) 
      Cumulative area ratio:  598.62
      Required ratio:    0.00 (Cumulative side area) 

    Layer: met1
      Partial area ratio:    5.96
      Required ratio:    0.00 (Gate area) 
      Partial area ratio:   32.11
      Required ratio:  400.00 (Side area) 
      Cumulative area ratio:    5.96
      Required ratio:    0.00 (Cumulative area) 
      Cumulative area ratio:   32.11
      Required ratio:    0.00 (Cumulative side area) 

    Layer: li1
      Partial area ratio:    0.00
      Required ratio:    0.00 (Gate area) 
      Partial area ratio:    0.00
      Required ratio:   75.00 (Side area) 
      Cumulative area ratio:    0.00
      Required ratio:    0.00 (Cumulative area) 
      Cumulative area ratio:    0.00
      Required ratio:    0.00 (Cumulative side area) 

    Layer: met3
      Partial area ratio:    4.12
      Required ratio:    0.00 (Gate area) 
      Partial area ratio:   22.37
      Required ratio: 2918.08 (Side area) 
      Cumulative area ratio:  121.27
      Required ratio:    0.00 (Cumulative area) 
      Cumulative area ratio:  620.99
      Required ratio:    0.00 (Cumulative side area) 

    Via: M2M3_PR
      Partial area ratio:    0.05
      Required ratio:    6.00 (Gate area) 
      Cumulative area ratio:    1.35
      Required ratio:    0.00 (Cumulative area) 

    Via: M1M2_PR
      Partial area ratio:    0.36
      Required ratio:    6.00 (Gate area) 
      Cumulative area ratio:    0.59
      Required ratio:    0.00 (Cumulative area) 

    Via: L1M1_PR
      Partial area ratio:    0.23
      Required ratio:    3.00 (Gate area) 
      Cumulative area ratio:    0.23
      Required ratio:    0.00 (Cumulative area) 

  Pin: _14025_/A1 (sky130_fd_sc_hd__mux2_1)
    Layer: met3
      Partial area ratio:    4.12
      Required ratio:    0.00 (Gate area) 
      Partial area ratio:   22.37
      Required ratio: 2918.08 (Side area) 
      Cumulative area ratio:   16.63
      Required ratio:    0.00 (Cumulative area) 
      Cumulative area ratio:   86.47
      Required ratio:    0.00 (Cumulative side area) 

    Layer: met2
      Partial area ratio:    9.29
      Required ratio:    0.00 (Gate area) 
      Partial area ratio:   47.20
      Required ratio:  400.00 (Side area) 
      Cumulative area ratio:   12.51
      Required ratio:    0.00 (Cumulative area) 
      Cumulative area ratio:   64.09
      Required ratio:    0.00 (Cumulative side area) 

    Layer: met1
      Partial area ratio:    3.22
      Required ratio:    0.00 (Gate area) 
      Partial area ratio:   16.89
      Required ratio:  400.00 (Side area) 
      Cumulative area ratio:    3.22
      Required ratio:    0.00 (Cumulative area) 
      Cumulative area ratio:   16.89
      Required ratio:    0.00 (Cumulative side area) 

    Layer: li1
      Partial area ratio:    0.00
      Required ratio:    0.00 (Gate area) 
      Partial area ratio:    0.00
      Required ratio:   75.00 (Side area) 
      Cumulative area ratio:    0.00
      Required ratio:    0.00 (Cumulative area) 
      Cumulative area ratio:    0.00
      Required ratio:    0.00 (Cumulative side area) 

    Via: M2M3_PR
      Partial area ratio:    0.11
      Required ratio:    6.00 (Gate area) 
      Cumulative area ratio:    0.51
      Required ratio:    0.00 (Cumulative area) 

    Via: M1M2_PR
      Partial area ratio:    0.18
      Required ratio:    6.00 (Gate area) 
      Cumulative area ratio:    0.41
      Required ratio:    0.00 (Cumulative area) 

    Via: L1M1_PR
      Partial area ratio:    0.23
      Required ratio:    3.00 (Gate area) 
      Cumulative area ratio:    0.23
      Required ratio:    0.00 (Cumulative area) 

  Pin: _14174_/A1 (sky130_fd_sc_hd__mux2_1)
    Layer: met3
      Partial area ratio:    4.12
      Required ratio:    0.00 (Gate area) 
      Partial area ratio:   22.37
      Required ratio: 2918.08 (Side area) 
      Cumulative area ratio:   18.19
      Required ratio:    0.00 (Cumulative area) 
      Cumulative area ratio:   95.02
      Required ratio:    0.00 (Cumulative side area) 

    Layer: met2
      Partial area ratio:    9.29
      Required ratio:    0.00 (Gate area) 
      Partial area ratio:   47.20
      Required ratio:  400.00 (Side area) 
      Cumulative area ratio:   14.06
      Required ratio:    0.00 (Cumulative area) 
      Cumulative area ratio:   72.65
      Required ratio:    0.00 (Cumulative side area) 

    Layer: met1
      Partial area ratio:    4.78
      Required ratio:    0.00 (Gate area) 
      Partial area ratio:   25.44
      Required ratio:  400.00 (Side area) 
      Cumulative area ratio:    4.78
      Required ratio:    0.00 (Cumulative area) 
      Cumulative area ratio:   25.44
      Required ratio:    0.00 (Cumulative side area) 

    Layer: li1
      Partial area ratio:    0.00
      Required ratio:    0.00 (Gate area) 
      Partial area ratio:    0.00
      Required ratio:   75.00 (Side area) 
      Cumulative area ratio:    0.00
      Required ratio:    0.00 (Cumulative area) 
      Cumulative area ratio:    0.00
      Required ratio:    0.00 (Cumulative side area) 

    Via: M2M3_PR
      Partial area ratio:    0.11
      Required ratio:    6.00 (Gate area) 
      Cumulative area ratio:    0.51
      Required ratio:    0.00 (Cumulative area) 

    Via: M1M2_PR
      Partial area ratio:    0.18
      Required ratio:    6.00 (Gate area) 
      Cumulative area ratio:    0.41
      Required ratio:    0.00 (Cumulative area) 

    Via: L1M1_PR
      Partial area ratio:    0.23
      Required ratio:    3.00 (Gate area) 
      Cumulative area ratio:    0.23
      Required ratio:    0.00 (Cumulative area) 

  Pin: _14104_/A1 (sky130_fd_sc_hd__mux2_1)
    Layer: met3
      Partial area ratio:    4.12
      Required ratio:    0.00 (Gate area) 
      Partial area ratio:   22.37
      Required ratio: 2918.08 (Side area) 
      Cumulative area ratio:   15.61
      Required ratio:    0.00 (Cumulative area) 
      Cumulative area ratio:   81.36
      Required ratio:    0.00 (Cumulative side area) 

    Layer: met2
      Partial area ratio:    9.29
      Required ratio:    0.00 (Gate area) 
      Partial area ratio:   47.20
      Required ratio:  400.00 (Side area) 
      Cumulative area ratio:   11.49
      Required ratio:    0.00 (Cumulative area) 
      Cumulative area ratio:   58.98
      Required ratio:    0.00 (Cumulative side area) 

    Layer: met1
      Partial area ratio:    2.20
      Required ratio:    0.00 (Gate area) 
      Partial area ratio:   11.78
      Required ratio:  400.00 (Side area) 
      Cumulative area ratio:    2.20
      Required ratio:    0.00 (Cumulative area) 
      Cumulative area ratio:   11.78
      Required ratio:    0.00 (Cumulative side area) 

    Layer: li1
      Partial area ratio:    0.00
      Required ratio:    0.00 (Gate area) 
      Partial area ratio:    0.00
      Required ratio:   75.00 (Side area) 
      Cumulative area ratio:    0.00
      Required ratio:    0.00 (Cumulative area) 
      Cumulative area ratio:    0.00
      Required ratio:    0.00 (Cumulative side area) 

    Via: M2M3_PR
      Partial area ratio:    0.11
      Required ratio:    6.00 (Gate area) 
      Cumulative area ratio:    0.51
      Required ratio:    0.00 (Cumulative area) 

    Via: M1M2_PR
      Partial area ratio:    0.18
      Required ratio:    6.00 (Gate area) 
      Cumulative area ratio:    0.41
      Required ratio:    0.00 (Cumulative area) 

    Via: L1M1_PR
      Partial area ratio:    0.23
      Required ratio:    3.00 (Gate area) 
      Cumulative area ratio:    0.23
      Required ratio:    0.00 (Cumulative area) 

  Pin: _14654_/A1 (sky130_fd_sc_hd__mux2_1)
    Layer: met2
      Partial area ratio:   20.41
      Required ratio:    0.00 (Gate area) 
      Partial area ratio:  103.29
      Required ratio: 2918.08 (Side area) 
      Cumulative area ratio:  123.43
      Required ratio:    0.00 (Cumulative area) 
      Cumulative area ratio:  630.84
      Required ratio:    0.00 (Cumulative side area) 

    Layer: met3
      Partial area ratio:    4.12
      Required ratio:    0.00 (Gate area) 
      Partial area ratio:   22.37
      Required ratio: 2918.08 (Side area) 
      Cumulative area ratio:  127.56
      Required ratio:    0.00 (Cumulative area) 
      Cumulative area ratio:  653.22
      Required ratio:    0.00 (Cumulative side area) 

    Layer: met1
      Partial area ratio:    6.29
      Required ratio:    0.00 (Gate area) 
      Partial area ratio:   32.22
      Required ratio:  400.00 (Side area) 
      Cumulative area ratio:    6.29
      Required ratio:    0.00 (Cumulative area) 
      Cumulative area ratio:   32.22
      Required ratio:    0.00 (Cumulative side area) 

    Layer: li1
      Partial area ratio:    0.00
      Required ratio:    0.00 (Gate area) 
      Partial area ratio:    0.00
      Required ratio:   75.00 (Side area) 
      Cumulative area ratio:    0.00
      Required ratio:    0.00 (Cumulative area) 
      Cumulative area ratio:    0.00
      Required ratio:    0.00 (Cumulative side area) 

    Via: M2M3_PR
      Partial area ratio:    0.05
      Required ratio:    6.00 (Gate area) 
      Cumulative area ratio:    1.52
      Required ratio:    0.00 (Cumulative area) 

    Via: M1M2_PR
      Partial area ratio:    0.18
      Required ratio:    6.00 (Gate area) 
      Cumulative area ratio:    0.41
      Required ratio:    0.00 (Cumulative area) 

    Via: L1M1_PR
      Partial area ratio:    0.23
      Required ratio:    3.00 (Gate area) 
      Cumulative area ratio:    0.23
      Required ratio:    0.00 (Cumulative area) 

  Pin: _14311_/A1 (sky130_fd_sc_hd__mux2_1)
    Layer: met1
      Partial area ratio:   20.31
      Required ratio:    0.00 (Gate area) 
      Partial area ratio:  105.44
      Required ratio: 2918.08 (Side area) 
      Cumulative area ratio:   20.31
      Required ratio:    0.00 (Cumulative area) 
      Cumulative area ratio:  105.44
      Required ratio:    0.00 (Cumulative side area) 

    Layer: met2
      Partial area ratio:   20.41
      Required ratio:    0.00 (Gate area) 
      Partial area ratio:  103.29
      Required ratio: 2918.08 (Side area) 
      Cumulative area ratio:   40.72
      Required ratio:    0.00 (Cumulative area) 
      Cumulative area ratio:  208.73
      Required ratio:    0.00 (Cumulative side area) 

    Layer: met3
      Partial area ratio:    4.12
      Required ratio:    0.00 (Gate area) 
      Partial area ratio:   22.37
      Required ratio: 2918.08 (Side area) 
      Cumulative area ratio:   44.85
      Required ratio:    0.00 (Cumulative area) 
      Cumulative area ratio:  231.10
      Required ratio:    0.00 (Cumulative side area) 

    Layer: li1
      Partial area ratio:    0.00
      Required ratio:    0.00 (Gate area) 
      Partial area ratio:    0.00
      Required ratio:   75.00 (Side area) 
      Cumulative area ratio:    0.00
      Required ratio:    0.00 (Cumulative area) 
      Cumulative area ratio:    0.00
      Required ratio:    0.00 (Cumulative side area) 

    Via: M1M2_PR
      Partial area ratio:    0.18
      Required ratio:    6.00 (Gate area) 
      Cumulative area ratio:    0.41
      Required ratio:    0.00 (Cumulative area) 

    Via: M2M3_PR
      Partial area ratio:    0.05
      Required ratio:    6.00 (Gate area) 
      Cumulative area ratio:    0.45
      Required ratio:    0.00 (Cumulative area) 

    Via: L1M1_PR
      Partial area ratio:    0.23
      Required ratio:    3.00 (Gate area) 
      Cumulative area ratio:    0.23
      Required ratio:    0.00 (Cumulative area) 


Net: _08749_
  Pin: _14037_/A1 (sky130_fd_sc_hd__mux2_1)
    Layer: met2
      Partial area ratio:   16.46
      Required ratio:    0.00 (Gate area) 
      Partial area ratio:   83.76
      Required ratio: 2918.08 (Side area) 
      Cumulative area ratio:   21.06
      Required ratio:    0.00 (Cumulative area) 
      Cumulative area ratio:  110.64
      Required ratio:    0.00 (Cumulative side area) 

    Layer: met1
      Partial area ratio:    3.42
      Required ratio:    0.00 (Gate area) 
      Partial area ratio:   20.22
      Required ratio:  400.00 (Side area) 
      Cumulative area ratio:    3.42
      Required ratio:    0.00 (Cumulative area) 
      Cumulative area ratio:   20.22
      Required ratio:    0.00 (Cumulative side area) 

    Layer: li1
      Partial area ratio:    0.00
      Required ratio:    0.00 (Gate area) 
      Partial area ratio:    0.00
      Required ratio:   75.00 (Side area) 
      Cumulative area ratio:    0.00
      Required ratio:    0.00 (Cumulative area) 
      Cumulative area ratio:    0.00
      Required ratio:    0.00 (Cumulative side area) 

    Via: M1M2_PR
      Partial area ratio:    0.18
      Required ratio:    6.00 (Gate area) 
      Cumulative area ratio:    0.41
      Required ratio:    0.00 (Cumulative area) 

    Via: L1M1_PR
      Partial area ratio:    0.23
      Required ratio:    3.00 (Gate area) 
      Cumulative area ratio:    0.23
      Required ratio:    0.00 (Cumulative area) 

  Pin: _14526_/A1 (sky130_fd_sc_hd__mux2_1)
    Layer: met2
      Partial area ratio:   16.46
      Required ratio:    0.00 (Gate area) 
      Partial area ratio:   83.76
      Required ratio: 2918.08 (Side area) 
      Cumulative area ratio:  116.61
      Required ratio:    0.00 (Cumulative area) 
      Cumulative area ratio:  595.42
      Required ratio:    0.00 (Cumulative side area) 

    Layer: met1
      Partial area ratio:    0.67
      Required ratio:    0.00 (Gate area) 
      Partial area ratio:    4.11
      Required ratio:  400.00 (Side area) 
      Cumulative area ratio:    0.67
      Required ratio:    0.00 (Cumulative area) 
      Cumulative area ratio:    4.11
      Required ratio:    0.00 (Cumulative side area) 

    Layer: li1
      Partial area ratio:    0.00
      Required ratio:    0.00 (Gate area) 
      Partial area ratio:    0.00
      Required ratio:   75.00 (Side area) 
      Cumulative area ratio:    0.00
      Required ratio:    0.00 (Cumulative area) 
      Cumulative area ratio:    0.00
      Required ratio:    0.00 (Cumulative side area) 

    Via: M1M2_PR
      Partial area ratio:    0.18
      Required ratio:    6.00 (Gate area) 
      Cumulative area ratio:    0.41
      Required ratio:    0.00 (Cumulative area) 

    Via: L1M1_PR
      Partial area ratio:    0.23
      Required ratio:    3.00 (Gate area) 
      Cumulative area ratio:    0.23
      Required ratio:    0.00 (Cumulative area) 

  Pin: _14456_/A1 (sky130_fd_sc_hd__mux2_1)
    Layer: met2
      Partial area ratio:   16.46
      Required ratio:    0.00 (Gate area) 
      Partial area ratio:   83.76
      Required ratio: 2918.08 (Side area) 
      Cumulative area ratio:  119.70
      Required ratio:    0.00 (Cumulative area) 
      Cumulative area ratio:  611.64
      Required ratio:    0.00 (Cumulative side area) 

    Layer: met1
      Partial area ratio:    3.76
      Required ratio:    0.00 (Gate area) 
      Partial area ratio:   20.33
      Required ratio:  400.00 (Side area) 
      Cumulative area ratio:    3.76
      Required ratio:    0.00 (Cumulative area) 
      Cumulative area ratio:   20.33
      Required ratio:    0.00 (Cumulative side area) 

    Layer: li1
      Partial area ratio:    0.00
      Required ratio:    0.00 (Gate area) 
      Partial area ratio:    0.00
      Required ratio:   75.00 (Side area) 
      Cumulative area ratio:    0.00
      Required ratio:    0.00 (Cumulative area) 
      Cumulative area ratio:    0.00
      Required ratio:    0.00 (Cumulative side area) 

    Via: M1M2_PR
      Partial area ratio:    0.18
      Required ratio:    6.00 (Gate area) 
      Cumulative area ratio:    0.41
      Required ratio:    0.00 (Cumulative area) 

    Via: L1M1_PR
      Partial area ratio:    0.23
      Required ratio:    3.00 (Gate area) 
      Cumulative area ratio:    0.23
      Required ratio:    0.00 (Cumulative area) 

  Pin: _14251_/A1 (sky130_fd_sc_hd__mux2_1)
    Layer: met2
      Partial area ratio:   16.46
      Required ratio:    0.00 (Gate area) 
      Partial area ratio:   83.76
      Required ratio: 2918.08 (Side area) 
      Cumulative area ratio:  116.61
      Required ratio:    0.00 (Cumulative area) 
      Cumulative area ratio:  595.42
      Required ratio:    0.00 (Cumulative side area) 

    Layer: met1
      Partial area ratio:    0.67
      Required ratio:    0.00 (Gate area) 
      Partial area ratio:    4.11
      Required ratio:  400.00 (Side area) 
      Cumulative area ratio:    0.67
      Required ratio:    0.00 (Cumulative area) 
      Cumulative area ratio:    4.11
      Required ratio:    0.00 (Cumulative side area) 

    Layer: li1
      Partial area ratio:    0.00
      Required ratio:    0.00 (Gate area) 
      Partial area ratio:    0.00
      Required ratio:   75.00 (Side area) 
      Cumulative area ratio:    0.00
      Required ratio:    0.00 (Cumulative area) 
      Cumulative area ratio:    0.00
      Required ratio:    0.00 (Cumulative side area) 

    Via: M1M2_PR
      Partial area ratio:    0.18
      Required ratio:    6.00 (Gate area) 
      Cumulative area ratio:    0.41
      Required ratio:    0.00 (Cumulative area) 

    Via: L1M1_PR
      Partial area ratio:    0.23
      Required ratio:    3.00 (Gate area) 
      Cumulative area ratio:    0.23
      Required ratio:    0.00 (Cumulative area) 

  Pin: _14594_/A1 (sky130_fd_sc_hd__mux2_1)
    Layer: met2
      Partial area ratio:   16.46
      Required ratio:    0.00 (Gate area) 
      Partial area ratio:   83.76
      Required ratio: 2918.08 (Side area) 
      Cumulative area ratio:  115.94
      Required ratio:    0.00 (Cumulative area) 
      Cumulative area ratio:  591.31
      Required ratio:    0.00 (Cumulative side area) 

    Layer: met1
      Partial area ratio:    4.91
      Required ratio:    0.00 (Gate area) 
      Partial area ratio:   26.11
      Required ratio:  400.00 (Side area) 
      Cumulative area ratio:    4.91
      Required ratio:    0.00 (Cumulative area) 
      Cumulative area ratio:   26.11
      Required ratio:    0.00 (Cumulative side area) 

    Layer: li1
      Partial area ratio:    0.00
      Required ratio:    0.00 (Gate area) 
      Partial area ratio:    0.00
      Required ratio:   75.00 (Side area) 
      Cumulative area ratio:    0.00
      Required ratio:    0.00 (Cumulative area) 
      Cumulative area ratio:    0.00
      Required ratio:    0.00 (Cumulative side area) 

    Via: M1M2_PR
      Partial area ratio:    0.36
      Required ratio:    6.00 (Gate area) 
      Cumulative area ratio:    0.59
      Required ratio:    0.00 (Cumulative area) 

    Via: L1M1_PR
      Partial area ratio:    0.23
      Required ratio:    3.00 (Gate area) 
      Cumulative area ratio:    0.23
      Required ratio:    0.00 (Cumulative area) 

  Pin: _14662_/A1 (sky130_fd_sc_hd__mux2_1)
    Layer: met2
      Partial area ratio:   16.46
      Required ratio:    0.00 (Gate area) 
      Partial area ratio:   83.76
      Required ratio: 2918.08 (Side area) 
      Cumulative area ratio:  111.03
      Required ratio:    0.00 (Cumulative area) 
      Cumulative area ratio:  565.20
      Required ratio:    0.00 (Cumulative side area) 

    Layer: met1
      Partial area ratio:   93.40
      Required ratio:    0.00 (Gate area) 
      Partial area ratio:  474.78
      Required ratio:  400.00 (Side area) (VIOLATED)
      Cumulative area ratio:   93.40
      Required ratio:    0.00 (Cumulative area) 
      Cumulative area ratio:  474.78
      Required ratio:    0.00 (Cumulative side area) 

    Layer: li1
      Partial area ratio:    0.00
      Required ratio:    0.00 (Gate area) 
      Partial area ratio:    0.00
      Required ratio:   75.00 (Side area) 
      Cumulative area ratio:    0.00
      Required ratio:    0.00 (Cumulative area) 
      Cumulative area ratio:    0.00
      Required ratio:    0.00 (Cumulative side area) 

    Via: M1M2_PR
      Partial area ratio:    0.54
      Required ratio:    6.00 (Gate area) 
      Cumulative area ratio:    0.77
      Required ratio:    0.00 (Cumulative area) 

    Via: L1M1_PR
      Partial area ratio:    0.23
      Required ratio:    3.00 (Gate area) 
      Cumulative area ratio:    0.23
      Required ratio:    0.00 (Cumulative area) 

  Pin: _14112_/A1 (sky130_fd_sc_hd__mux2_1)
    Layer: met2
      Partial area ratio:   16.46
      Required ratio:    0.00 (Gate area) 
      Partial area ratio:   83.76
      Required ratio: 2918.08 (Side area) 
      Cumulative area ratio:  111.03
      Required ratio:    0.00 (Cumulative area) 
      Cumulative area ratio:  565.20
      Required ratio:    0.00 (Cumulative side area) 

    Layer: met1
      Partial area ratio:    0.00
      Required ratio:    0.00 (Gate area) 
      Partial area ratio:    0.00
      Required ratio:  400.00 (Side area) 
      Cumulative area ratio:    0.00
      Required ratio:    0.00 (Cumulative area) 
      Cumulative area ratio:    0.00
      Required ratio:    0.00 (Cumulative side area) 

    Layer: li1
      Partial area ratio:    0.00
      Required ratio:    0.00 (Gate area) 
      Partial area ratio:    0.00
      Required ratio:   75.00 (Side area) 
      Cumulative area ratio:    0.00
      Required ratio:    0.00 (Cumulative area) 
      Cumulative area ratio:    0.00
      Required ratio:    0.00 (Cumulative side area) 

    Via: M1M2_PR
      Partial area ratio:    0.18
      Required ratio:    6.00 (Gate area) 
      Cumulative area ratio:    0.41
      Required ratio:    0.00 (Cumulative area) 

    Via: L1M1_PR
      Partial area ratio:    0.23
      Required ratio:    3.00 (Gate area) 
      Cumulative area ratio:    0.23
      Required ratio:    0.00 (Cumulative area) 

  Pin: _14182_/A1 (sky130_fd_sc_hd__mux2_1)
    Layer: met2
      Partial area ratio:   16.46
      Required ratio:    0.00 (Gate area) 
      Partial area ratio:   83.76
      Required ratio: 2918.08 (Side area) 
      Cumulative area ratio:  112.72
      Required ratio:    0.00 (Cumulative area) 
      Cumulative area ratio:  574.42
      Required ratio:    0.00 (Cumulative side area) 

    Layer: met1
      Partial area ratio:    1.69
      Required ratio:    0.00 (Gate area) 
      Partial area ratio:    9.22
      Required ratio:  400.00 (Side area) 
      Cumulative area ratio:    1.69
      Required ratio:    0.00 (Cumulative area) 
      Cumulative area ratio:    9.22
      Required ratio:    0.00 (Cumulative side area) 

    Layer: li1
      Partial area ratio:    0.00
      Required ratio:    0.00 (Gate area) 
      Partial area ratio:    0.00
      Required ratio:   75.00 (Side area) 
      Cumulative area ratio:    0.00
      Required ratio:    0.00 (Cumulative area) 
      Cumulative area ratio:    0.00
      Required ratio:    0.00 (Cumulative side area) 

    Via: M1M2_PR
      Partial area ratio:    0.18
      Required ratio:    6.00 (Gate area) 
      Cumulative area ratio:    0.41
      Required ratio:    0.00 (Cumulative area) 

    Via: L1M1_PR
      Partial area ratio:    0.23
      Required ratio:    3.00 (Gate area) 
      Cumulative area ratio:    0.23
      Required ratio:    0.00 (Cumulative area) 

  Pin: _14387_/A1 (sky130_fd_sc_hd__mux2_1)
    Layer: met2
      Partial area ratio:   16.46
      Required ratio:    0.00 (Gate area) 
      Partial area ratio:   83.76
      Required ratio: 2918.08 (Side area) 
      Cumulative area ratio:   17.63
      Required ratio:    0.00 (Cumulative area) 
      Cumulative area ratio:   90.42
      Required ratio:    0.00 (Cumulative side area) 

    Layer: met1
      Partial area ratio:    1.18
      Required ratio:    0.00 (Gate area) 
      Partial area ratio:    6.67
      Required ratio:  400.00 (Side area) 
      Cumulative area ratio:    1.18
      Required ratio:    0.00 (Cumulative area) 
      Cumulative area ratio:    6.67
      Required ratio:    0.00 (Cumulative side area) 

    Layer: li1
      Partial area ratio:    0.00
      Required ratio:    0.00 (Gate area) 
      Partial area ratio:    0.00
      Required ratio:   75.00 (Side area) 
      Cumulative area ratio:    0.00
      Required ratio:    0.00 (Cumulative area) 
      Cumulative area ratio:    0.00
      Required ratio:    0.00 (Cumulative side area) 

    Via: M1M2_PR
      Partial area ratio:    0.36
      Required ratio:    6.00 (Gate area) 
      Cumulative area ratio:    0.59
      Required ratio:    0.00 (Cumulative area) 

    Via: L1M1_PR
      Partial area ratio:    0.23
      Required ratio:    3.00 (Gate area) 
      Cumulative area ratio:    0.23
      Required ratio:    0.00 (Cumulative area) 

  Pin: _14319_/A1 (sky130_fd_sc_hd__mux2_1)
    Layer: met2
      Partial area ratio:   16.46
      Required ratio:    0.00 (Gate area) 
      Partial area ratio:   83.76
      Required ratio: 2918.08 (Side area) 
      Cumulative area ratio:   17.66
      Required ratio:    0.00 (Cumulative area) 
      Cumulative area ratio:   91.31
      Required ratio:    0.00 (Cumulative side area) 

    Layer: met1
      Partial area ratio:    1.20
      Required ratio:    0.00 (Gate area) 
      Partial area ratio:    7.56
      Required ratio:  400.00 (Side area) 
      Cumulative area ratio:    1.20
      Required ratio:    0.00 (Cumulative area) 
      Cumulative area ratio:    7.56
      Required ratio:    0.00 (Cumulative side area) 

    Layer: li1
      Partial area ratio:    0.00
      Required ratio:    0.00 (Gate area) 
      Partial area ratio:    0.00
      Required ratio:   75.00 (Side area) 
      Cumulative area ratio:    0.00
      Required ratio:    0.00 (Cumulative area) 
      Cumulative area ratio:    0.00
      Required ratio:    0.00 (Cumulative side area) 

    Via: M1M2_PR
      Partial area ratio:    0.18
      Required ratio:    6.00 (Gate area) 
      Cumulative area ratio:    0.41
      Required ratio:    0.00 (Cumulative area) 

    Via: L1M1_PR
      Partial area ratio:    0.23
      Required ratio:    3.00 (Gate area) 
      Cumulative area ratio:    0.23
      Required ratio:    0.00 (Cumulative area) 


Net: blkProj14999_7.blkProj14991_42.blk3979_4.accum\[41\]
  Pin: _12928_/A (sky130_fd_sc_hd__xnor2_1)
    Layer: met2
      Partial area ratio:    1.42
      Required ratio:    0.00 (Gate area) 
      Partial area ratio:    7.50
      Required ratio: 2956.40 (Side area) 
      Cumulative area ratio:   96.03
      Required ratio:    0.00 (Cumulative area) 
      Cumulative area ratio:  485.60
      Required ratio:    0.00 (Cumulative side area) 

    Layer: met1
      Partial area ratio:    1.05
      Required ratio:    0.00 (Gate area) 
      Partial area ratio:    5.66
      Required ratio:  400.00 (Side area) 
      Cumulative area ratio:    1.05
      Required ratio:    0.00 (Cumulative area) 
      Cumulative area ratio:    5.66
      Required ratio:    0.00 (Cumulative side area) 

    Layer: li1
      Partial area ratio:    0.00
      Required ratio:    0.00 (Gate area) 
      Partial area ratio:    0.00
      Required ratio:   75.00 (Side area) 
      Cumulative area ratio:    0.00
      Required ratio:    0.00 (Cumulative area) 
      Cumulative area ratio:    0.00
      Required ratio:    0.00 (Cumulative side area) 

    Via: M1M2_PR
      Partial area ratio:    0.05
      Required ratio:    6.00 (Gate area) 
      Cumulative area ratio:    0.10
      Required ratio:    0.00 (Cumulative area) 

    Via: L1M1_PR
      Partial area ratio:    0.06
      Required ratio:    3.00 (Gate area) 
      Cumulative area ratio:    0.06
      Required ratio:    0.00 (Cumulative area) 

  Pin: _12920_/A1 (sky130_fd_sc_hd__o21ai_1)
    Layer: met2
      Partial area ratio:    1.42
      Required ratio:    0.00 (Gate area) 
      Partial area ratio:    7.50
      Required ratio: 2956.40 (Side area) 
      Cumulative area ratio:   94.98
      Required ratio:    0.00 (Cumulative area) 
      Cumulative area ratio:  479.95
      Required ratio:    0.00 (Cumulative side area) 

    Layer: met1
      Partial area ratio:    0.00
      Required ratio:    0.00 (Gate area) 
      Partial area ratio:    0.00
      Required ratio:  400.00 (Side area) 
      Cumulative area ratio:    0.00
      Required ratio:    0.00 (Cumulative area) 
      Cumulative area ratio:    0.00
      Required ratio:    0.00 (Cumulative side area) 

    Layer: li1
      Partial area ratio:    0.00
      Required ratio:    0.00 (Gate area) 
      Partial area ratio:    0.00
      Required ratio:   75.00 (Side area) 
      Cumulative area ratio:    0.00
      Required ratio:    0.00 (Cumulative area) 
      Cumulative area ratio:    0.00
      Required ratio:    0.00 (Cumulative side area) 

    Via: M1M2_PR
      Partial area ratio:    0.09
      Required ratio:    6.00 (Gate area) 
      Cumulative area ratio:    0.21
      Required ratio:    0.00 (Cumulative area) 

    Via: L1M1_PR
      Partial area ratio:    0.12
      Required ratio:    3.00 (Gate area) 
      Cumulative area ratio:    0.12
      Required ratio:    0.00 (Cumulative area) 

  Pin: _12913_/A2 (sky130_fd_sc_hd__o31a_1)
    Layer: met2
      Partial area ratio:    1.42
      Required ratio:    0.00 (Gate area) 
      Partial area ratio:    7.50
      Required ratio: 2956.40 (Side area) 
      Cumulative area ratio:   94.98
      Required ratio:    0.00 (Cumulative area) 
      Cumulative area ratio:  479.95
      Required ratio:    0.00 (Cumulative side area) 

    Layer: met1
      Partial area ratio:    0.00
      Required ratio:    0.00 (Gate area) 
      Partial area ratio:    0.00
      Required ratio:  400.00 (Side area) 
      Cumulative area ratio:    0.00
      Required ratio:    0.00 (Cumulative area) 
      Cumulative area ratio:    0.00
      Required ratio:    0.00 (Cumulative side area) 

    Layer: li1
      Partial area ratio:    0.00
      Required ratio:    0.00 (Gate area) 
      Partial area ratio:    0.00
      Required ratio:   75.00 (Side area) 
      Cumulative area ratio:    0.00
      Required ratio:    0.00 (Cumulative area) 
      Cumulative area ratio:    0.00
      Required ratio:    0.00 (Cumulative side area) 

    Via: M1M2_PR
      Partial area ratio:    0.09
      Required ratio:    6.00 (Gate area) 
      Cumulative area ratio:    0.21
      Required ratio:    0.00 (Cumulative area) 

    Via: L1M1_PR
      Partial area ratio:    0.12
      Required ratio:    3.00 (Gate area) 
      Cumulative area ratio:    0.12
      Required ratio:    0.00 (Cumulative area) 

  Pin: _12742_/C (sky130_fd_sc_hd__or4_2)
    Layer: met2
      Partial area ratio:    1.42
      Required ratio:    0.00 (Gate area) 
      Partial area ratio:    7.50
      Required ratio: 2956.40 (Side area) 
      Cumulative area ratio:   94.98
      Required ratio:    0.00 (Cumulative area) 
      Cumulative area ratio:  479.95
      Required ratio:    0.00 (Cumulative side area) 

    Layer: met1
      Partial area ratio:   93.56
      Required ratio:    0.00 (Gate area) 
      Partial area ratio:  472.44
      Required ratio:  400.00 (Side area) (VIOLATED)
      Cumulative area ratio:   93.56
      Required ratio:    0.00 (Cumulative area) 
      Cumulative area ratio:  472.44
      Required ratio:    0.00 (Cumulative side area) 

    Layer: li1
      Partial area ratio:    0.00
      Required ratio:    0.00 (Gate area) 
      Partial area ratio:    0.00
      Required ratio:   75.00 (Side area) 
      Cumulative area ratio:    0.00
      Required ratio:    0.00 (Cumulative area) 
      Cumulative area ratio:    0.00
      Required ratio:    0.00 (Cumulative side area) 

    Via: M1M2_PR
      Partial area ratio:    0.36
      Required ratio:    6.00 (Gate area) 
      Cumulative area ratio:    0.59
      Required ratio:    0.00 (Cumulative area) 

    Via: L1M1_PR
      Partial area ratio:    0.23
      Required ratio:    3.00 (Gate area) 
      Cumulative area ratio:    0.23
      Required ratio:    0.00 (Cumulative area) 

  Pin: _12576_/B2 (sky130_fd_sc_hd__a32o_1)
    Layer: met2
      Partial area ratio:    1.42
      Required ratio:    0.00 (Gate area) 
      Partial area ratio:    7.50
      Required ratio: 2956.40 (Side area) 
      Cumulative area ratio:    6.26
      Required ratio:    0.00 (Cumulative area) 
      Cumulative area ratio:   32.51
      Required ratio:    0.00 (Cumulative side area) 

    Layer: met1
      Partial area ratio:    4.84
      Required ratio:    0.00 (Gate area) 
      Partial area ratio:   25.00
      Required ratio:  400.00 (Side area) 
      Cumulative area ratio:    4.84
      Required ratio:    0.00 (Cumulative area) 
      Cumulative area ratio:   25.00
      Required ratio:    0.00 (Cumulative side area) 

    Layer: li1
      Partial area ratio:    0.00
      Required ratio:    0.00 (Gate area) 
      Partial area ratio:    0.00
      Required ratio:   75.00 (Side area) 
      Cumulative area ratio:    0.00
      Required ratio:    0.00 (Cumulative area) 
      Cumulative area ratio:    0.00
      Required ratio:    0.00 (Cumulative side area) 

    Via: M1M2_PR
      Partial area ratio:    0.18
      Required ratio:    6.00 (Gate area) 
      Cumulative area ratio:    0.30
      Required ratio:    0.00 (Cumulative area) 

    Via: L1M1_PR
      Partial area ratio:    0.12
      Required ratio:    3.00 (Gate area) 
      Cumulative area ratio:    0.12
      Required ratio:    0.00 (Cumulative area) 

  Pin: _12391_/A (sky130_fd_sc_hd__or2_1)
    Layer: met2
      Partial area ratio:    1.42
      Required ratio:    0.00 (Gate area) 
      Partial area ratio:    7.50
      Required ratio: 2956.40 (Side area) 
      Cumulative area ratio:   16.43
      Required ratio:    0.00 (Cumulative area) 
      Cumulative area ratio:   86.13
      Required ratio:    0.00 (Cumulative side area) 

    Layer: met1
      Partial area ratio:    0.00
      Required ratio:    0.00 (Gate area) 
      Partial area ratio:    0.00
      Required ratio:  400.00 (Side area) 
      Cumulative area ratio:    0.00
      Required ratio:    0.00 (Cumulative area) 
      Cumulative area ratio:    0.00
      Required ratio:    0.00 (Cumulative side area) 

    Layer: li1
      Partial area ratio:    0.00
      Required ratio:    0.00 (Gate area) 
      Partial area ratio:    0.00
      Required ratio:   75.00 (Side area) 
      Cumulative area ratio:    0.00
      Required ratio:    0.00 (Cumulative area) 
      Cumulative area ratio:    0.00
      Required ratio:    0.00 (Cumulative side area) 

    Via: M1M2_PR
      Partial area ratio:    0.18
      Required ratio:    6.00 (Gate area) 
      Cumulative area ratio:    0.41
      Required ratio:    0.00 (Cumulative area) 

    Via: L1M1_PR
      Partial area ratio:    0.23
      Required ratio:    3.00 (Gate area) 
      Cumulative area ratio:    0.23
      Required ratio:    0.00 (Cumulative area) 

  Pin: _12390_/A (sky130_fd_sc_hd__nand2_1)
    Layer: met2
      Partial area ratio:    1.42
      Required ratio:    0.00 (Gate area) 
      Partial area ratio:    7.50
      Required ratio: 2956.40 (Side area) 
      Cumulative area ratio:   16.43
      Required ratio:    0.00 (Cumulative area) 
      Cumulative area ratio:   86.13
      Required ratio:    0.00 (Cumulative side area) 

    Layer: met1
      Partial area ratio:   10.17
      Required ratio:    0.00 (Gate area) 
      Partial area ratio:   53.62
      Required ratio:  400.00 (Side area) 
      Cumulative area ratio:   10.17
      Required ratio:    0.00 (Cumulative area) 
      Cumulative area ratio:   53.62
      Required ratio:    0.00 (Cumulative side area) 

    Layer: li1
      Partial area ratio:    0.00
      Required ratio:    0.00 (Gate area) 
      Partial area ratio:    0.00
      Required ratio:   75.00 (Side area) 
      Cumulative area ratio:    0.00
      Required ratio:    0.00 (Cumulative area) 
      Cumulative area ratio:    0.00
      Required ratio:    0.00 (Cumulative side area) 

    Via: M1M2_PR
      Partial area ratio:    0.18
      Required ratio:    6.00 (Gate area) 
      Cumulative area ratio:    0.30
      Required ratio:    0.00 (Cumulative area) 

    Via: L1M1_PR
      Partial area ratio:    0.12
      Required ratio:    3.00 (Gate area) 
      Cumulative area ratio:    0.12
      Required ratio:    0.00 (Cumulative area) 


Net: net39
  Pin: _11134_/A0 (sky130_fd_sc_hd__mux2_1)
    Layer: met4
      Partial area ratio:   19.87
      Required ratio:    0.00 (Gate area) 
      Partial area ratio:  107.07
      Required ratio: 2956.40 (Side area) 
      Cumulative area ratio:  102.99
      Required ratio:    0.00 (Cumulative area) 
      Cumulative area ratio:  554.85
      Required ratio:    0.00 (Cumulative side area) 

    Layer: met3
      Partial area ratio:   76.60
      Required ratio:    0.00 (Gate area) 
      Partial area ratio:  412.15
      Required ratio:  400.00 (Side area) (VIOLATED)
      Cumulative area ratio:   83.12
      Required ratio:    0.00 (Cumulative area) 
      Cumulative area ratio:  447.78
      Required ratio:    0.00 (Cumulative side area) 

    Layer: met2
      Partial area ratio:    3.40
      Required ratio:    0.00 (Gate area) 
      Partial area ratio:   18.03
      Required ratio:  400.00 (Side area) 
      Cumulative area ratio:    3.40
      Required ratio:    0.00 (Cumulative area) 
      Cumulative area ratio:   18.03
      Required ratio:    0.00 (Cumulative side area) 

    Layer: met1
      Partial area ratio:    0.00
      Required ratio:    0.00 (Gate area) 
      Partial area ratio:    0.00
      Required ratio:  400.00 (Side area) 
      Cumulative area ratio:    0.00
      Required ratio:    0.00 (Cumulative area) 
      Cumulative area ratio:    0.00
      Required ratio:    0.00 (Cumulative side area) 

    Layer: li1
      Partial area ratio:    0.00
      Required ratio:    0.00 (Gate area) 
      Partial area ratio:    0.00
      Required ratio:   75.00 (Side area) 
      Cumulative area ratio:    0.00
      Required ratio:    0.00 (Cumulative area) 
      Cumulative area ratio:    0.00
      Required ratio:    0.00 (Cumulative side area) 

    Via: M3M4_PR
      Partial area ratio:    0.08
      Required ratio:    6.00 (Gate area) 
      Cumulative area ratio:    0.88
      Required ratio:    0.00 (Cumulative area) 

    Via: M2M3_PR
      Partial area ratio:    0.21
      Required ratio:    6.00 (Gate area) 
      Cumulative area ratio:    0.62
      Required ratio:    0.00 (Cumulative area) 

    Via: M1M2_PR
      Partial area ratio:    0.18
      Required ratio:    6.00 (Gate area) 
      Cumulative area ratio:    0.41
      Required ratio:    0.00 (Cumulative area) 

    Via: L1M1_PR
      Partial area ratio:    0.23
      Required ratio:    3.00 (Gate area) 
      Cumulative area ratio:    0.23
      Required ratio:    0.00 (Cumulative area) 

  Pin: _09132_/A1 (sky130_fd_sc_hd__mux2_2)
    Layer: met4
      Partial area ratio:   19.87
      Required ratio:    0.00 (Gate area) 
      Partial area ratio:  107.07
      Required ratio: 2956.40 (Side area) 
      Cumulative area ratio:  103.26
      Required ratio:    0.00 (Cumulative area) 
      Cumulative area ratio:  556.83
      Required ratio:    0.00 (Cumulative side area) 

    Layer: met3
      Partial area ratio:   76.60
      Required ratio:    0.00 (Gate area) 
      Partial area ratio:  412.15
      Required ratio:  400.00 (Side area) (VIOLATED)
      Cumulative area ratio:   83.39
      Required ratio:    0.00 (Cumulative area) 
      Cumulative area ratio:  449.76
      Required ratio:    0.00 (Cumulative side area) 

    Layer: met2
      Partial area ratio:    0.27
      Required ratio:    0.00 (Gate area) 
      Partial area ratio:    1.98
      Required ratio:  400.00 (Side area) 
      Cumulative area ratio:    0.27
      Required ratio:    0.00 (Cumulative area) 
      Cumulative area ratio:    1.98
      Required ratio:    0.00 (Cumulative side area) 

    Layer: met1
      Partial area ratio:    0.00
      Required ratio:    0.00 (Gate area) 
      Partial area ratio:    0.00
      Required ratio:  400.00 (Side area) 
      Cumulative area ratio:    0.00
      Required ratio:    0.00 (Cumulative area) 
      Cumulative area ratio:    0.00
      Required ratio:    0.00 (Cumulative side area) 

    Layer: li1
      Partial area ratio:    0.00
      Required ratio:    0.00 (Gate area) 
      Partial area ratio:    0.00
      Required ratio:   75.00 (Side area) 
      Cumulative area ratio:    0.00
      Required ratio:    0.00 (Cumulative area) 
      Cumulative area ratio:    0.00
      Required ratio:    0.00 (Cumulative side area) 

    Via: M3M4_PR
      Partial area ratio:    0.08
      Required ratio:    6.00 (Gate area) 
      Cumulative area ratio:    1.05
      Required ratio:    0.00 (Cumulative area) 

    Via: M2M3_PR
      Partial area ratio:    0.25
      Required ratio:    6.00 (Gate area) 
      Cumulative area ratio:    0.57
      Required ratio:    0.00 (Cumulative area) 

    Via: M1M2_PR
      Partial area ratio:    0.14
      Required ratio:    6.00 (Gate area) 
      Cumulative area ratio:    0.32
      Required ratio:    0.00 (Cumulative area) 

    Via: L1M1_PR
      Partial area ratio:    0.18
      Required ratio:    3.00 (Gate area) 
      Cumulative area ratio:    0.18
      Required ratio:    0.00 (Cumulative area) 

  Pin: _10303_/A1 (sky130_fd_sc_hd__a22o_1)
    Layer: met4
      Partial area ratio:   19.87
      Required ratio:    0.00 (Gate area) 
      Partial area ratio:  107.07
      Required ratio: 2956.40 (Side area) 
      Cumulative area ratio:  102.99
      Required ratio:    0.00 (Cumulative area) 
      Cumulative area ratio:  554.85
      Required ratio:    0.00 (Cumulative side area) 

    Layer: met3
      Partial area ratio:   76.60
      Required ratio:    0.00 (Gate area) 
      Partial area ratio:  412.15
      Required ratio:  400.00 (Side area) (VIOLATED)
      Cumulative area ratio:   83.12
      Required ratio:    0.00 (Cumulative area) 
      Cumulative area ratio:  447.78
      Required ratio:    0.00 (Cumulative side area) 

    Layer: met2
      Partial area ratio:    3.40
      Required ratio:    0.00 (Gate area) 
      Partial area ratio:   18.03
      Required ratio:  400.00 (Side area) 
      Cumulative area ratio:    6.52
      Required ratio:    0.00 (Cumulative area) 
      Cumulative area ratio:   35.62
      Required ratio:    0.00 (Cumulative side area) 

    Layer: met1
      Partial area ratio:    3.12
      Required ratio:    0.00 (Gate area) 
      Partial area ratio:   17.59
      Required ratio:  400.00 (Side area) 
      Cumulative area ratio:    3.12
      Required ratio:    0.00 (Cumulative area) 
      Cumulative area ratio:   17.59
      Required ratio:    0.00 (Cumulative side area) 

    Layer: li1
      Partial area ratio:    0.00
      Required ratio:    0.00 (Gate area) 
      Partial area ratio:    0.00
      Required ratio:   75.00 (Side area) 
      Cumulative area ratio:    0.00
      Required ratio:    0.00 (Cumulative area) 
      Cumulative area ratio:    0.00
      Required ratio:    0.00 (Cumulative side area) 

    Via: M3M4_PR
      Partial area ratio:    0.08
      Required ratio:    6.00 (Gate area) 
      Cumulative area ratio:    0.59
      Required ratio:    0.00 (Cumulative area) 

    Via: M2M3_PR
      Partial area ratio:    0.21
      Required ratio:    6.00 (Gate area) 
      Cumulative area ratio:    0.51
      Required ratio:    0.00 (Cumulative area) 

    Via: M1M2_PR
      Partial area ratio:    0.18
      Required ratio:    6.00 (Gate area) 
      Cumulative area ratio:    0.30
      Required ratio:    0.00 (Cumulative area) 

    Via: L1M1_PR
      Partial area ratio:    0.12
      Required ratio:    3.00 (Gate area) 
      Cumulative area ratio:    0.12
      Required ratio:    0.00 (Cumulative area) 

  Pin: output39/A (sky130_fd_sc_hd__clkbuf_4)
    Layer: met4
      Partial area ratio:   19.87
      Required ratio:    0.00 (Gate area) 
      Partial area ratio:  107.07
      Required ratio: 2956.40 (Side area) 
      Cumulative area ratio:  193.66
      Required ratio:    0.00 (Cumulative area) 
      Cumulative area ratio: 1042.81
      Required ratio:    0.00 (Cumulative side area) 

    Layer: met3
      Partial area ratio:  172.15
      Required ratio:    0.00 (Gate area) 
      Partial area ratio:  926.63
      Required ratio:  400.00 (Side area) (VIOLATED)
      Cumulative area ratio:  173.79
      Required ratio:    0.00 (Cumulative area) 
      Cumulative area ratio:  935.73
      Required ratio:    0.00 (Cumulative side area) 

    Layer: met2
      Partial area ratio:    1.64
      Required ratio:    0.00 (Gate area) 
      Partial area ratio:    9.10
      Required ratio:  400.00 (Side area) 
      Cumulative area ratio:    1.64
      Required ratio:    0.00 (Cumulative area) 
      Cumulative area ratio:    9.10
      Required ratio:    0.00 (Cumulative side area) 

    Layer: met1
      Partial area ratio:    0.00
      Required ratio:    0.00 (Gate area) 
      Partial area ratio:    0.00
      Required ratio:  400.00 (Side area) 
      Cumulative area ratio:    0.00
      Required ratio:    0.00 (Cumulative area) 
      Cumulative area ratio:    0.00
      Required ratio:    0.00 (Cumulative side area) 

    Layer: li1
      Partial area ratio:    0.00
      Required ratio:    0.00 (Gate area) 
      Partial area ratio:    0.00
      Required ratio:   75.00 (Side area) 
      Cumulative area ratio:    0.00
      Required ratio:    0.00 (Cumulative area) 
      Cumulative area ratio:    0.00
      Required ratio:    0.00 (Cumulative side area) 

    Via: M3M4_PR
      Partial area ratio:    0.12
      Required ratio:    6.00 (Gate area) 
      Cumulative area ratio:    0.55
      Required ratio:    0.00 (Cumulative area) 

    Via: M2M3_PR
      Partial area ratio:    0.19
      Required ratio:    6.00 (Gate area) 
      Cumulative area ratio:    0.43
      Required ratio:    0.00 (Cumulative area) 

    Via: M1M2_PR
      Partial area ratio:    0.11
      Required ratio:    6.00 (Gate area) 
      Cumulative area ratio:    0.24
      Required ratio:    0.00 (Cumulative area) 

    Via: L1M1_PR
      Partial area ratio:    0.14
      Required ratio:    3.00 (Gate area) 
      Cumulative area ratio:    0.14
      Required ratio:    0.00 (Cumulative area) 

  Pin: _17711_/C (sky130_fd_sc_hd__or4_1)
    Layer: met4
      Partial area ratio:   19.87
      Required ratio:    0.00 (Gate area) 
      Partial area ratio:  107.07
      Required ratio: 2956.40 (Side area) 
      Cumulative area ratio:  193.03
      Required ratio:    0.00 (Cumulative area) 
      Cumulative area ratio: 1040.31
      Required ratio:    0.00 (Cumulative side area) 

    Layer: met3
      Partial area ratio:  172.15
      Required ratio:    0.00 (Gate area) 
      Partial area ratio:  926.63
      Required ratio:  400.00 (Side area) (VIOLATED)
      Cumulative area ratio:  173.16
      Required ratio:    0.00 (Cumulative area) 
      Cumulative area ratio:  933.24
      Required ratio:    0.00 (Cumulative side area) 

    Layer: met2
      Partial area ratio:    0.34
      Required ratio:    0.00 (Gate area) 
      Partial area ratio:    2.50
      Required ratio:  400.00 (Side area) 
      Cumulative area ratio:    1.01
      Required ratio:    0.00 (Cumulative area) 
      Cumulative area ratio:    6.61
      Required ratio:    0.00 (Cumulative side area) 

    Layer: met1
      Partial area ratio:    0.67
      Required ratio:    0.00 (Gate area) 
      Partial area ratio:    4.11
      Required ratio:  400.00 (Side area) 
      Cumulative area ratio:    0.67
      Required ratio:    0.00 (Cumulative area) 
      Cumulative area ratio:    4.11
      Required ratio:    0.00 (Cumulative side area) 

    Layer: li1
      Partial area ratio:    0.00
      Required ratio:    0.00 (Gate area) 
      Partial area ratio:    0.00
      Required ratio:   75.00 (Side area) 
      Cumulative area ratio:    0.00
      Required ratio:    0.00 (Cumulative area) 
      Cumulative area ratio:    0.00
      Required ratio:    0.00 (Cumulative side area) 

    Via: M3M4_PR
      Partial area ratio:    0.12
      Required ratio:    6.00 (Gate area) 
      Cumulative area ratio:    0.84
      Required ratio:    0.00 (Cumulative area) 

    Via: M2M3_PR
      Partial area ratio:    0.32
      Required ratio:    6.00 (Gate area) 
      Cumulative area ratio:    0.73
      Required ratio:    0.00 (Cumulative area) 

    Via: M1M2_PR
      Partial area ratio:    0.18
      Required ratio:    6.00 (Gate area) 
      Cumulative area ratio:    0.41
      Required ratio:    0.00 (Cumulative area) 

    Via: L1M1_PR
      Partial area ratio:    0.23
      Required ratio:    3.00 (Gate area) 
      Cumulative area ratio:    0.23
      Required ratio:    0.00 (Cumulative area) 


Net: net65
  Pin: _09154_/A1 (sky130_fd_sc_hd__mux2_2)
    Layer: met3
      Partial area ratio:   30.61
      Required ratio:    0.00 (Gate area) 
      Partial area ratio:  164.40
      Required ratio: 2956.40 (Side area) 
      Cumulative area ratio:  110.18
      Required ratio:    0.00 (Cumulative area) 
      Cumulative area ratio:  568.25
      Required ratio:    0.00 (Cumulative side area) 

    Layer: met2
      Partial area ratio:   12.72
      Required ratio:    0.00 (Gate area) 
      Partial area ratio:   65.84
      Required ratio:  400.00 (Side area) 
      Cumulative area ratio:   79.58
      Required ratio:    0.00 (Cumulative area) 
      Cumulative area ratio:  403.85
      Required ratio:    0.00 (Cumulative side area) 

    Layer: met1
      Partial area ratio:   39.41
      Required ratio:    0.00 (Gate area) 
      Partial area ratio:  197.67
      Required ratio:  400.00 (Side area) 
      Cumulative area ratio:   39.41
      Required ratio:    0.00 (Cumulative area) 
      Cumulative area ratio:  197.67
      Required ratio:    0.00 (Cumulative side area) 

    Layer: li1
      Partial area ratio:    0.00
      Required ratio:    0.00 (Gate area) 
      Partial area ratio:    0.00
      Required ratio:   75.00 (Side area) 
      Cumulative area ratio:    0.00
      Required ratio:    0.00 (Cumulative area) 
      Cumulative area ratio:    0.00
      Required ratio:    0.00 (Cumulative side area) 

    Via: M2M3_PR
      Partial area ratio:    0.06
      Required ratio:    6.00 (Gate area) 
      Cumulative area ratio:    0.74
      Required ratio:    0.00 (Cumulative area) 

    Via: M1M2_PR
      Partial area ratio:    0.14
      Required ratio:    6.00 (Gate area) 
      Cumulative area ratio:    0.32
      Required ratio:    0.00 (Cumulative area) 

    Via: L1M1_PR
      Partial area ratio:    0.18
      Required ratio:    3.00 (Gate area) 
      Cumulative area ratio:    0.18
      Required ratio:    0.00 (Cumulative area) 

  Pin: _17709_/B (sky130_fd_sc_hd__or4_1)
    Layer: met3
      Partial area ratio:   30.61
      Required ratio:    0.00 (Gate area) 
      Partial area ratio:  164.40
      Required ratio: 2956.40 (Side area) 
      Cumulative area ratio:   70.77
      Required ratio:    0.00 (Cumulative area) 
      Cumulative area ratio:  370.58
      Required ratio:    0.00 (Cumulative side area) 

    Layer: met2
      Partial area ratio:   12.72
      Required ratio:    0.00 (Gate area) 
      Partial area ratio:   65.84
      Required ratio:  400.00 (Side area) 
      Cumulative area ratio:   40.17
      Required ratio:    0.00 (Cumulative area) 
      Cumulative area ratio:  206.18
      Required ratio:    0.00 (Cumulative side area) 

    Layer: met1
      Partial area ratio:   27.44
      Required ratio:    0.00 (Gate area) 
      Partial area ratio:  140.33
      Required ratio:  400.00 (Side area) 
      Cumulative area ratio:   27.44
      Required ratio:    0.00 (Cumulative area) 
      Cumulative area ratio:  140.33
      Required ratio:    0.00 (Cumulative side area) 

    Layer: li1
      Partial area ratio:    0.00
      Required ratio:    0.00 (Gate area) 
      Partial area ratio:    0.00
      Required ratio:   75.00 (Side area) 
      Cumulative area ratio:    0.00
      Required ratio:    0.00 (Cumulative area) 
      Cumulative area ratio:    0.00
      Required ratio:    0.00 (Cumulative side area) 

    Via: M2M3_PR
      Partial area ratio:    0.06
      Required ratio:    6.00 (Gate area) 
      Cumulative area ratio:    0.65
      Required ratio:    0.00 (Cumulative area) 

    Via: M1M2_PR
      Partial area ratio:    0.36
      Required ratio:    6.00 (Gate area) 
      Cumulative area ratio:    0.59
      Required ratio:    0.00 (Cumulative area) 

    Via: L1M1_PR
      Partial area ratio:    0.23
      Required ratio:    3.00 (Gate area) 
      Cumulative area ratio:    0.23
      Required ratio:    0.00 (Cumulative area) 

  Pin: _10401_/A1 (sky130_fd_sc_hd__a22o_1)
    Layer: met3
      Partial area ratio:   30.61
      Required ratio:    0.00 (Gate area) 
      Partial area ratio:  164.40
      Required ratio: 2956.40 (Side area) 
      Cumulative area ratio:   43.33
      Required ratio:    0.00 (Cumulative area) 
      Cumulative area ratio:  230.25
      Required ratio:    0.00 (Cumulative side area) 

    Layer: met2
      Partial area ratio:   12.72
      Required ratio:    0.00 (Gate area) 
      Partial area ratio:   65.84
      Required ratio:  400.00 (Side area) 
      Cumulative area ratio:   12.72
      Required ratio:    0.00 (Cumulative area) 
      Cumulative area ratio:   65.84
      Required ratio:    0.00 (Cumulative side area) 

    Layer: met1
      Partial area ratio:    0.00
      Required ratio:    0.00 (Gate area) 
      Partial area ratio:    0.00
      Required ratio:  400.00 (Side area) 
      Cumulative area ratio:    0.00
      Required ratio:    0.00 (Cumulative area) 
      Cumulative area ratio:    0.00
      Required ratio:    0.00 (Cumulative side area) 

    Layer: li1
      Partial area ratio:    0.00
      Required ratio:    0.00 (Gate area) 
      Partial area ratio:    0.00
      Required ratio:   75.00 (Side area) 
      Cumulative area ratio:    0.00
      Required ratio:    0.00 (Cumulative area) 
      Cumulative area ratio:    0.00
      Required ratio:    0.00 (Cumulative side area) 

    Via: M2M3_PR
      Partial area ratio:    0.06
      Required ratio:    6.00 (Gate area) 
      Cumulative area ratio:    0.27
      Required ratio:    0.00 (Cumulative area) 

    Via: M1M2_PR
      Partial area ratio:    0.09
      Required ratio:    6.00 (Gate area) 
      Cumulative area ratio:    0.21
      Required ratio:    0.00 (Cumulative area) 

    Via: L1M1_PR
      Partial area ratio:    0.12
      Required ratio:    3.00 (Gate area) 
      Cumulative area ratio:    0.12
      Required ratio:    0.00 (Cumulative area) 

  Pin: _11231_/A0 (sky130_fd_sc_hd__mux2_1)
    Layer: met3
      Partial area ratio:   30.61
      Required ratio:    0.00 (Gate area) 
      Partial area ratio:  164.40
      Required ratio: 2956.40 (Side area) 
      Cumulative area ratio:   49.62
      Required ratio:    0.00 (Cumulative area) 
      Cumulative area ratio:  262.47
      Required ratio:    0.00 (Cumulative side area) 

    Layer: met2
      Partial area ratio:   12.72
      Required ratio:    0.00 (Gate area) 
      Partial area ratio:   65.84
      Required ratio:  400.00 (Side area) 
      Cumulative area ratio:   19.01
      Required ratio:    0.00 (Cumulative area) 
      Cumulative area ratio:   98.07
      Required ratio:    0.00 (Cumulative side area) 

    Layer: met1
      Partial area ratio:    6.29
      Required ratio:    0.00 (Gate area) 
      Partial area ratio:   32.22
      Required ratio:  400.00 (Side area) 
      Cumulative area ratio:    6.29
      Required ratio:    0.00 (Cumulative area) 
      Cumulative area ratio:   32.22
      Required ratio:    0.00 (Cumulative side area) 

    Layer: li1
      Partial area ratio:    0.00
      Required ratio:    0.00 (Gate area) 
      Partial area ratio:    0.00
      Required ratio:   75.00 (Side area) 
      Cumulative area ratio:    0.00
      Required ratio:    0.00 (Cumulative area) 
      Cumulative area ratio:    0.00
      Required ratio:    0.00 (Cumulative side area) 

    Via: M2M3_PR
      Partial area ratio:    0.06
      Required ratio:    6.00 (Gate area) 
      Cumulative area ratio:    0.47
      Required ratio:    0.00 (Cumulative area) 

    Via: M1M2_PR
      Partial area ratio:    0.18
      Required ratio:    6.00 (Gate area) 
      Cumulative area ratio:    0.41
      Required ratio:    0.00 (Cumulative area) 

    Via: L1M1_PR
      Partial area ratio:    0.23
      Required ratio:    3.00 (Gate area) 
      Cumulative area ratio:    0.23
      Required ratio:    0.00 (Cumulative area) 

  Pin: output65/A (sky130_fd_sc_hd__buf_2)
    Layer: met2
      Partial area ratio:  115.48
      Required ratio:    0.00 (Gate area) 
      Partial area ratio:  579.24
      Required ratio:  400.00 (Side area) (VIOLATED)
      Cumulative area ratio:  117.63
      Required ratio:    0.00 (Cumulative area) 
      Cumulative area ratio:  590.60
      Required ratio:    0.00 (Cumulative side area) 

    Layer: met1
      Partial area ratio:    2.15
      Required ratio:    0.00 (Gate area) 
      Partial area ratio:   11.36
      Required ratio:  400.00 (Side area) 
      Cumulative area ratio:    2.15
      Required ratio:    0.00 (Cumulative area) 
      Cumulative area ratio:   11.36
      Required ratio:    0.00 (Cumulative side area) 

    Layer: li1
      Partial area ratio:    0.00
      Required ratio:    0.00 (Gate area) 
      Partial area ratio:    0.00
      Required ratio:   75.00 (Side area) 
      Cumulative area ratio:    0.00
      Required ratio:    0.00 (Cumulative area) 
      Cumulative area ratio:    0.00
      Required ratio:    0.00 (Cumulative side area) 

    Via: M2M3_PR
      Partial area ratio:    0.25
      Required ratio:    6.00 (Gate area) 
      Cumulative area ratio:    0.57
      Required ratio:    0.00 (Cumulative area) 

    Via: M1M2_PR
      Partial area ratio:    0.14
      Required ratio:    6.00 (Gate area) 
      Cumulative area ratio:    0.32
      Required ratio:    0.00 (Cumulative area) 

    Via: L1M1_PR
      Partial area ratio:    0.18
      Required ratio:    3.00 (Gate area) 
      Cumulative area ratio:    0.18
      Required ratio:    0.00 (Cumulative area) 


Net: net77
  Pin: _11419_/B1 (sky130_fd_sc_hd__a32o_1)
    Layer: met4
      Partial area ratio:   16.32
      Required ratio:    0.00 (Gate area) 
      Partial area ratio:   89.62
      Required ratio: 2753.36 (Side area) 
      Cumulative area ratio:   25.35
      Required ratio:    0.00 (Cumulative area) 
      Cumulative area ratio:  140.29
      Required ratio:    0.00 (Cumulative side area) 

    Layer: met3
      Partial area ratio:    8.45
      Required ratio:    0.00 (Gate area) 
      Partial area ratio:   47.00
      Required ratio:  400.00 (Side area) 
      Cumulative area ratio:    9.03
      Required ratio:    0.00 (Cumulative area) 
      Cumulative area ratio:   50.67
      Required ratio:    0.00 (Cumulative side area) 

    Layer: met2
      Partial area ratio:    0.37
      Required ratio:    0.00 (Gate area) 
      Partial area ratio:    2.23
      Required ratio:  400.00 (Side area) 
      Cumulative area ratio:    0.58
      Required ratio:    0.00 (Cumulative area) 
      Cumulative area ratio:    3.68
      Required ratio:    0.00 (Cumulative side area) 

    Layer: met1
      Partial area ratio:    0.21
      Required ratio:    0.00 (Gate area) 
      Partial area ratio:    1.44
      Required ratio:  400.00 (Side area) 
      Cumulative area ratio:    0.21
      Required ratio:    0.00 (Cumulative area) 
      Cumulative area ratio:    1.44
      Required ratio:    0.00 (Cumulative side area) 

    Layer: li1
      Partial area ratio:    0.00
      Required ratio:    0.00 (Gate area) 
      Partial area ratio:    0.00
      Required ratio:   75.00 (Side area) 
      Cumulative area ratio:    0.00
      Required ratio:    0.00 (Cumulative area) 
      Cumulative area ratio:    0.00
      Required ratio:    0.00 (Cumulative side area) 

    Via: M3M4_PR
      Partial area ratio:    0.16
      Required ratio:    6.00 (Gate area) 
      Cumulative area ratio:    0.53
      Required ratio:    0.00 (Cumulative area) 

    Via: M2M3_PR
      Partial area ratio:    0.16
      Required ratio:    6.00 (Gate area) 
      Cumulative area ratio:    0.37
      Required ratio:    0.00 (Cumulative area) 

    Via: M1M2_PR
      Partial area ratio:    0.09
      Required ratio:    6.00 (Gate area) 
      Cumulative area ratio:    0.21
      Required ratio:    0.00 (Cumulative area) 

    Via: L1M1_PR
      Partial area ratio:    0.12
      Required ratio:    3.00 (Gate area) 
      Cumulative area ratio:    0.12
      Required ratio:    0.00 (Cumulative area) 

  Pin: _13039_/A1 (sky130_fd_sc_hd__mux2_1)
    Layer: met4
      Partial area ratio:   16.32
      Required ratio:    0.00 (Gate area) 
      Partial area ratio:   89.62
      Required ratio: 2753.36 (Side area) 
      Cumulative area ratio:  148.70
      Required ratio:    0.00 (Cumulative area) 
      Cumulative area ratio:  762.59
      Required ratio:    0.00 (Cumulative side area) 

    Layer: met3
      Partial area ratio:    7.83
      Required ratio:    0.00 (Gate area) 
      Partial area ratio:   45.59
      Required ratio:  400.00 (Side area) 
      Cumulative area ratio:  132.38
      Required ratio:    0.00 (Cumulative area) 
      Cumulative area ratio:  672.98
      Required ratio:    0.00 (Cumulative side area) 

    Layer: met2
      Partial area ratio:  124.54
      Required ratio:    0.00 (Gate area) 
      Partial area ratio:  627.39
      Required ratio:  400.00 (Side area) (VIOLATED)
      Cumulative area ratio:  124.54
      Required ratio:    0.00 (Cumulative area) 
      Cumulative area ratio:  627.39
      Required ratio:    0.00 (Cumulative side area) 

    Layer: met1
      Partial area ratio:    0.00
      Required ratio:    0.00 (Gate area) 
      Partial area ratio:    0.00
      Required ratio:  400.00 (Side area) 
      Cumulative area ratio:    0.00
      Required ratio:    0.00 (Cumulative area) 
      Cumulative area ratio:    0.00
      Required ratio:    0.00 (Cumulative side area) 

    Layer: li1
      Partial area ratio:    0.00
      Required ratio:    0.00 (Gate area) 
      Partial area ratio:    0.00
      Required ratio:   75.00 (Side area) 
      Cumulative area ratio:    0.00
      Required ratio:    0.00 (Cumulative area) 
      Cumulative area ratio:    0.00
      Required ratio:    0.00 (Cumulative side area) 

    Via: M3M4_PR
      Partial area ratio:    0.32
      Required ratio:    6.00 (Gate area) 
      Cumulative area ratio:    1.04
      Required ratio:    0.00 (Cumulative area) 

    Via: M2M3_PR
      Partial area ratio:    0.32
      Required ratio:    6.00 (Gate area) 
      Cumulative area ratio:    0.73
      Required ratio:    0.00 (Cumulative area) 

    Via: M1M2_PR
      Partial area ratio:    0.18
      Required ratio:    6.00 (Gate area) 
      Cumulative area ratio:    0.41
      Required ratio:    0.00 (Cumulative area) 

    Via: L1M1_PR
      Partial area ratio:    0.23
      Required ratio:    3.00 (Gate area) 
      Cumulative area ratio:    0.23
      Required ratio:    0.00 (Cumulative area) 


[INFO ANT-0002] Found 21 net violations.
[INFO ANT-0001] Found 25 pin violations.
